symbol,timestamp,open,high,low,close,volume,vwap,trade_count
AAPL,2026-02-02T09:00:00Z,258,258,255.82,257.59,6633,257.526,205
AAPL,2026-02-02T09:01:00Z,257.8,257.92,257.8,257.92,3807,257.901,42
AAPL,2026-02-02T09:02:00Z,258,258.08,258,258.07,1874,258.048,74
AAPL,2026-02-02T09:03:00Z,258.05,258.1,258,258.04,3046,258.085,63
AAPL,2026-02-02T09:04:00Z,258.07,258.2,258.05,258.05,6019,258.182,62
AAPL,2026-02-02T09:05:00Z,258,258,257.82,257.82,1888,257.982,61
AAPL,2026-02-02T09:06:00Z,258.02,258.02,258,258,986,258.012,44
AAPL,2026-02-02T09:07:00Z,258.02,258.02,258,258,1680,258.01,49
AAPL,2026-02-02T09:08:00Z,258.15,258.15,258.15,258.15,385,258.15,9
AAPL,2026-02-02T09:09:00Z,258.02,258.02,258.02,258.02,251,258.02,16
AAPL,2026-02-02T09:11:00Z,258.05,258.05,258.05,258.05,322,258.05,24
AAPL,2026-02-02T09:12:00Z,258.44,258.45,258.35,258.35,1135,258.415,65
AAPL,2026-02-02T09:13:00Z,258.35,258.35,258.34,258.34,715,258.345,24
AAPL,2026-02-02T09:14:00Z,258.12,258.12,258.11,258.11,511,258.115,24
AAPL,2026-02-02T09:17:00Z,258.32,258.42,258.27,258.42,4157,258.385,106
AAPL,2026-02-02T09:18:00Z,258.39,258.4,258.39,258.4,1548,258.399,26
AAPL,2026-02-02T09:19:00Z,258.4,258.42,258.4,258.42,904,258.407,23
AAPL,2026-02-02T09:20:00Z,258.3,258.3,258.3,258.3,324,258.3,15
AAPL,2026-02-02T09:21:00Z,258.38,258.44,258.38,258.44,984,258.41,43
AAPL,2026-02-02T09:22:00Z,258.5,258.79,258.5,258.79,6988,258.526,144
AAPL,2026-02-02T09:23:00Z,258.59,258.59,258.59,258.59,1541,258.59,72
AAPL,2026-02-02T09:25:00Z,258.52,258.52,258.36,258.36,533,258.465,19
AAPL,2026-02-02T09:26:00Z,258.32,258.5,258.31,258.5,2410,258.401,45
AAPL,2026-02-02T09:28:00Z,258.39,258.39,258.36,258.36,753,258.377,29
AAPL,2026-02-02T09:30:00Z,258.44,258.49,258.44,258.48,898,258.472,25
AAPL,2026-02-02T09:32:00Z,258.45,258.45,258.45,258.45,525,258.45,8
AAPL,2026-02-02T09:33:00Z,258.48,258.7,258.48,258.7,2209,258.633,87
AAPL,2026-02-02T09:36:00Z,258.6,258.87,258.6,258.87,2552,258.84,56
AAPL,2026-02-02T09:37:00Z,258.7,258.7,258.61,258.62,1243,258.643,27
AAPL,2026-02-02T09:38:00Z,258.7,258.7,258.7,258.7,279,258.7,8
AAPL,2026-02-02T09:39:00Z,258.66,258.68,258.66,258.68,1470,258.678,28
AAPL,2026-02-02T09:42:00Z,258.61,258.61,258.57,258.57,578,258.59,21
AAPL,2026-02-02T09:45:00Z,258.68,258.7,258.68,258.7,3262,258.696,62
AAPL,2026-02-02T09:46:00Z,258.56,258.56,258.56,258.56,670,258.56,21
AAPL,2026-02-02T09:47:00Z,258.49,258.49,258.41,258.41,417,258.45,13
AAPL,2026-02-02T09:49:00Z,258.62,258.63,258.62,258.63,1458,258.628,63
AAPL,2026-02-02T09:53:00Z,258.5,258.53,258.5,258.53,997,258.518,15
AAPL,2026-02-02T09:56:00Z,258.46,258.53,258.4,258.4,3212,258.467,69
AAPL,2026-02-02T09:58:00Z,258.5,258.5,258.5,258.5,343,258.5,10
AAPL,2026-02-02T09:59:00Z,258.45,258.5,258.45,258.5,1254,258.482,36
AAPL,2026-02-02T10:01:00Z,258.52,258.52,258.42,258.42,1250,258.47,28
AAPL,2026-02-02T10:04:00Z,258.48,258.6,258.48,258.6,2549,258.576,34
AAPL,2026-02-02T10:05:00Z,258.54,258.6,258.54,258.6,1556,258.583,31
AAPL,2026-02-02T10:08:00Z,258.43,258.43,258.43,258.43,432,258.43,10
AAPL,2026-02-02T10:15:00Z,258.41,258.41,258.41,258.41,361,258.41,26
AAPL,2026-02-02T10:20:00Z,258.44,258.44,258.44,258.44,516,258.44,17
AAPL,2026-02-02T10:21:00Z,258.54,258.54,258.54,258.54,466,258.54,32
AAPL,2026-02-02T10:22:00Z,258.41,258.41,258.35,258.35,1093,258.38,34
AAPL,2026-02-02T10:23:00Z,258.32,258.32,258.28,258.28,436,258.307,23
AAPL,2026-02-02T10:24:00Z,258.25,258.25,258.19,258.19,1633,258.222,32
AAPL,2026-02-02T10:30:00Z,258.32,258.42,258.32,258.42,1022,258.349,36
AAPL,2026-02-02T10:32:00Z,258.45,258.47,258.45,258.47,302,258.46,10
AAPL,2026-02-02T10:34:00Z,258.4,258.4,258.4,258.4,103,258.4,4
AAPL,2026-02-02T10:36:00Z,258.16,258.16,258.15,258.15,681,258.153,32
AAPL,2026-02-02T10:37:00Z,258.15,258.15,258.11,258.11,1432,258.126,25
AAPL,2026-02-02T10:39:00Z,258.14,258.14,258.14,258.14,241,258.14,13
AAPL,2026-02-02T10:40:00Z,258.22,258.22,258.22,258.22,327,258.22,11
AAPL,2026-02-02T10:41:00Z,258.16,258.16,258.16,258.16,205,258.16,11
AAPL,2026-02-02T10:46:00Z,258.01,258.01,258.01,258.01,271,258.01,14
AAPL,2026-02-02T10:47:00Z,258.01,258.01,258,258,1929,258.002,41
AAPL,2026-02-02T10:48:00Z,257.95,257.95,257.95,257.95,1606,257.95,28
AAPL,2026-02-02T10:49:00Z,257.88,257.88,257.88,257.88,492,257.88,21
AAPL,2026-02-02T10:50:00Z,257.97,257.97,257.97,257.97,426,257.97,13
AAPL,2026-02-02T10:51:00Z,257.98,258.06,257.98,258.06,1753,258.016,31
AAPL,2026-02-02T10:54:00Z,258.12,258.34,258.12,258.34,1107,258.174,42
AAPL,2026-02-02T10:56:00Z,258.14,258.14,258.14,258.14,398,258.14,17
AAPL,2026-02-02T10:57:00Z,258.14,258.14,258.14,258.14,218,258.14,9
AAPL,2026-02-02T11:03:00Z,258.11,258.2,258.1,258.12,3139,258.169,70
AAPL,2026-02-02T11:08:00Z,258.19,258.5,258.19,258.35,4093,258.407,109
AAPL,2026-02-02T11:11:00Z,258.37,258.51,258.37,258.51,2359,258.431,69
AAPL,2026-02-02T11:13:00Z,258.55,258.6,258.55,258.58,2171,258.582,57
AAPL,2026-02-02T11:14:00Z,258.6,258.6,258.6,258.6,456,258.6,23
AAPL,2026-02-02T11:15:00Z,258.63,258.63,258.63,258.63,360,258.63,11
AAPL,2026-02-02T11:16:00Z,258.56,258.56,258.56,258.56,349,258.56,9
AAPL,2026-02-02T11:23:00Z,258.57,258.57,258.57,258.57,331,258.57,8
AAPL,2026-02-02T11:27:00Z,258.67,258.7,258.67,258.68,1980,258.695,46
AAPL,2026-02-02T11:28:00Z,258.69,258.7,258.69,258.7,817,258.694,24
AAPL,2026-02-02T11:29:00Z,258.8,258.9,258.79,258.85,4535,258.828,134
AAPL,2026-02-02T11:30:00Z,258.89,258.89,258.89,258.89,519,258.89,28
AAPL,2026-02-02T11:31:00Z,258.7,258.75,258.4,258.75,8789,258.425,117
AAPL,2026-02-02T11:32:00Z,258.54,258.54,258.35,258.35,4415,258.423,41
AAPL,2026-02-02T11:33:00Z,258.38,258.38,258.37,258.37,368,258.375,29
AAPL,2026-02-02T11:34:00Z,258.26,258.33,258.23,258.26,1520,258.285,26
AAPL,2026-02-02T11:36:00Z,258.38,258.38,258.37,258.37,367,258.375,19
AAPL,2026-02-02T11:37:00Z,258.36,258.75,258.36,258.43,2189,258.571,37
AAPL,2026-02-02T11:40:00Z,258.46,258.7,258.46,258.7,3060,258.502,59
AAPL,2026-02-02T11:41:00Z,258.75,258.75,258.75,258.75,418,258.75,17
AAPL,2026-02-02T11:42:00Z,258.8,258.86,258.63,258.71,4051,258.761,90
AAPL,2026-02-02T11:43:00Z,258.71,258.83,258.71,258.83,1734,258.772,30
AAPL,2026-02-02T11:44:00Z,258.74,258.98,258.74,258.82,5656,258.817,90
AAPL,2026-02-02T11:47:00Z,258.95,259.1,258.92,259.1,7914,258.993,174
AAPL,2026-02-02T11:48:00Z,259.1,259.1,259,259,1132,259.075,33
AAPL,2026-02-02T11:53:00Z,258.93,259,258.83,258.83,4338,258.938,70
AAPL,2026-02-02T11:54:00Z,258.85,258.85,258.85,258.85,900,258.85,36
AAPL,2026-02-02T11:55:00Z,258.96,258.96,258.85,258.9,2069,258.901,45
AAPL,2026-02-02T11:58:00Z,258.8,258.81,258.8,258.8,627,258.802,15
AAPL,2026-02-02T11:59:00Z,258.81,258.81,258.81,258.81,396,258.81,21
AAPL,2026-02-02T12:00:00Z,258.9,258.9,258.8,258.88,3779,258.855,245
AAPL,2026-02-02T12:01:00Z,258.9,258.9,258.8,258.81,2000,258.824,46
AAPL,2026-02-02T12:02:00Z,258.81,258.9,258.81,258.85,2663,258.857,55
AAPL,2026-02-02T12:03:00Z,258.88,258.91,258.87,258.91,1041,258.884,23
AAPL,2026-02-02T12:04:00Z,258.96,259.02,258.94,259,13864,258.994,204
AAPL,2026-02-02T12:05:00Z,258.91,258.91,258.91,258.91,764,258.91,33
AAPL,2026-02-02T12:06:00Z,258.84,258.84,258.84,258.84,106,258.84,5
AAPL,2026-02-02T12:07:00Z,258.78,258.78,258.57,258.58,7225,258.608,68
AAPL,2026-02-02T12:08:00Z,258.55,258.55,258.55,258.55,272,258.55,23
AAPL,2026-02-02T12:09:00Z,258.54,258.55,258.47,258.47,1972,258.532,73
AAPL,2026-02-02T12:10:00Z,258.4,258.41,258.3,258.3,2821,258.396,53
AAPL,2026-02-02T12:11:00Z,258.39,258.53,258.39,258.53,765,258.46,28
AAPL,2026-02-02T12:12:00Z,258.38,258.4,258.38,258.4,752,258.397,28
AAPL,2026-02-02T12:13:00Z,258.4,258.41,258.35,258.41,4998,258.371,106
AAPL,2026-02-02T12:14:00Z,258.45,258.48,258.4,258.42,2008,258.437,43
AAPL,2026-02-02T12:15:00Z,258.43,258.45,258.43,258.45,868,258.44,29
AAPL,2026-02-02T12:16:00Z,258.34,258.36,258.34,258.34,1530,258.345,19
AAPL,2026-02-02T12:17:00Z,258.34,258.56,258.34,258.52,2826,258.43,67
AAPL,2026-02-02T12:18:00Z,258.5,258.5,258.5,258.5,474,258.5,9
AAPL,2026-02-02T12:19:00Z,258.51,258.69,258.51,258.69,830,258.594,40
AAPL,2026-02-02T12:20:00Z,258.55,258.55,258.5,258.53,3889,258.512,102
AAPL,2026-02-02T12:21:00Z,258.54,258.54,258.31,258.48,6252,258.447,99
AAPL,2026-02-02T12:23:00Z,258.43,258.43,258.28,258.28,3846,258.35,114
AAPL,2026-02-02T12:24:00Z,258.2,258.2,258.14,258.16,3748,258.155,91
AAPL,2026-02-02T12:25:00Z,258.19,258.22,258.16,258.2,4378,258.19,67
AAPL,2026-02-02T12:26:00Z,258.14,258.14,258.09,258.12,2792,258.125,48
AAPL,2026-02-02T12:27:00Z,258.13,258.16,258.09,258.12,2529,258.136,50
AAPL,2026-02-02T12:28:00Z,258.18,258.18,258.05,258.05,7327,258.115,93
AAPL,2026-02-02T12:29:00Z,258.1,258.13,258.06,258.06,2064,258.102,55
AAPL,2026-02-02T12:30:00Z,258.1,258.1,258,258,14233,258.05,218
AAPL,2026-02-02T12:31:00Z,258,258.02,257.93,258,1917,257.995,52
AAPL,2026-02-02T12:32:00Z,258.07,258.07,258,258,1084,258.03,35
AAPL,2026-02-02T12:33:00Z,258.03,258.16,258.03,258.11,3908,258.097,130
AAPL,2026-02-02T12:34:00Z,258.15,258.19,257.89,258.04,2090,258.082,63
AAPL,2026-02-02T12:35:00Z,257.94,257.96,257.94,257.96,918,257.948,56
AAPL,2026-02-02T12:36:00Z,257.91,257.91,257.89,257.89,753,257.903,29
AAPL,2026-02-02T12:37:00Z,257.78,257.78,257.78,257.78,1572,257.78,76
AAPL,2026-02-02T12:39:00Z,257.75,257.75,257.68,257.68,2156,257.723,57
AAPL,2026-02-02T12:40:00Z,257.65,257.67,257.62,257.62,1107,257.647,100
AAPL,2026-02-02T12:41:00Z,257.67,257.68,257.54,257.55,2102,257.61,79
AAPL,2026-02-02T12:42:00Z,257.58,257.58,257.57,257.57,628,257.573,24
AAPL,2026-02-02T12:43:00Z,257.5,257.61,257.45,257.45,4740,257.528,113
AAPL,2026-02-02T12:44:00Z,257.58,257.58,257.43,257.58,1609,257.531,64
AAPL,2026-02-02T12:45:00Z,257.43,257.71,257.43,257.63,2433,257.612,54
AAPL,2026-02-02T12:46:00Z,257.67,257.67,257.5,257.65,5756,257.525,47
AAPL,2026-02-02T12:47:00Z,257.59,257.7,257.59,257.68,11305,257.648,49
AAPL,2026-02-02T12:48:00Z,257.69,257.74,257.6,257.6,2090,257.675,37
AAPL,2026-02-02T12:49:00Z,257.59,257.6,257.5,257.51,1510,257.571,29
AAPL,2026-02-02T12:50:00Z,257.49,257.57,257.43,257.43,2225,257.488,49
AAPL,2026-02-02T12:51:00Z,257.4,257.45,257.4,257.45,882,257.426,27
AAPL,2026-02-02T12:52:00Z,257.44,257.5,257.44,257.5,1247,257.462,25
AAPL,2026-02-02T12:53:00Z,257.47,257.47,257.17,257.17,2863,257.364,92
AAPL,2026-02-02T12:55:00Z,257.24,257.24,257.2,257.21,2429,257.208,40
AAPL,2026-02-02T12:56:00Z,257.3,257.3,257.11,257.17,4256,257.183,88
AAPL,2026-02-02T12:57:00Z,257.17,257.17,257.11,257.11,4513,257.165,66
AAPL,2026-02-02T12:58:00Z,257.01,257.03,257,257,1915,257.005,69
AAPL,2026-02-02T12:59:00Z,257.04,257.04,256.75,256.75,6683,256.945,157
AAPL,2026-02-02T13:00:00Z,258.26,260.128,256.65,256.65,177295,258.092,3815
AAPL,2026-02-02T13:01:00Z,256.81,257.26,255.61,256.82,21364,256.67,890
AAPL,2026-02-02T13:02:00Z,258,258.18,255,258,118505,256.176,4732
AAPL,2026-02-02T13:03:00Z,256.7,256.77,256.42,256.47,7023,256.655,212
AAPL,2026-02-02T13:04:00Z,256.48,256.74,256.48,256.733,12942,256.563,83
AAPL,2026-02-02T13:05:00Z,256.74,257.17,256.74,256.74,19358,256.781,472
AAPL,2026-02-02T13:06:00Z,256.868,256.868,256.64,256.64,2700,256.703,71
AAPL,2026-02-02T13:07:00Z,256.62,256.9,256.62,256.9,5772,256.769,85
AAPL,2026-02-02T13:08:00Z,256.83,256.84,256.7,256.84,2978,256.795,71
AAPL,2026-02-02T13:09:00Z,256.93,257,256.84,256.9,3976,256.932,53
AAPL,2026-02-02T13:10:00Z,256.8,256.86,256.69,256.86,3516,256.771,71
AAPL,2026-02-02T13:11:00Z,256.878,256.878,255.34,256.62,8311,256.58,347
AAPL,2026-02-02T13:12:00Z,256.73,256.8,255.86,256.8,4230,256.681,124
AAPL,2026-02-02T13:13:00Z,256.8,256.88,255.91,255.91,2382,256.695,114
AAPL,2026-02-02T13:14:00Z,256.9,257,256.9,257,4032,256.928,110
AAPL,2026-02-02T13:15:00Z,257.04,257.2,257.04,257.19,3309,257.18,73
AAPL,2026-02-02T13:16:00Z,257.19,257.19,256.8,257.049,1537,257.086,41
AAPL,2026-02-02T13:17:00Z,257.08,257.08,257,257.01,943,257.03,51
AAPL,2026-02-02T13:18:00Z,256.97,257.05,256.89,256.89,2876,256.937,92
AAPL,2026-02-02T13:19:00Z,256.97,257.1,256.94,257.07,3028,257.06,58
AAPL,2026-02-02T13:20:00Z,257.19,257.19,257.08,257.08,1562,257.18,28
AAPL,2026-02-02T13:21:00Z,257.07,257.17,257.07,257.17,779,257.097,23
AAPL,2026-02-02T13:22:00Z,257.17,257.34,257.17,257.34,3015,257.222,72
AAPL,2026-02-02T13:23:00Z,257.34,257.34,257.22,257.264,1062,257.292,42
AAPL,2026-02-02T13:24:00Z,257.257,257.34,257.25,257.25,3416,257.284,74
AAPL,2026-02-02T13:25:00Z,257.24,257.25,257.24,257.25,1196,257.246,51
AAPL,2026-02-02T13:26:00Z,257.25,257.5,257.25,257.31,6914,257.397,135
AAPL,2026-02-02T13:27:00Z,257.47,257.47,257.47,257.47,423,257.47,31
AAPL,2026-02-02T13:28:00Z,257.25,257.3,257.08,257.2,4460,257.165,86
AAPL,2026-02-02T13:29:00Z,257.25,257.25,257.25,257.25,443,257.25,26
AAPL,2026-02-02T13:30:00Z,257.18,257.18,257.09,257.09,1051,257.136,30
AAPL,2026-02-02T13:31:00Z,257.19,257.25,257,257,6127,257.087,172
AAPL,2026-02-02T13:32:00Z,257.04,257.09,257,257,4525,257.01,83
AAPL,2026-02-02T13:33:00Z,257,257,256.83,256.83,923,256.957,47
AAPL,2026-02-02T13:34:00Z,256.95,256.95,256.87,256.889,871,256.922,34
AAPL,2026-02-02T13:35:00Z,256.95,257,256.74,256.75,4840,256.81,145
AAPL,2026-02-02T13:36:00Z,256.7,256.71,256.6,256.71,6094,256.64,156
AAPL,2026-02-02T13:37:00Z,256.75,256.75,256.75,256.75,1481,256.75,42
AAPL,2026-02-02T13:39:00Z,256.839,256.839,256.839,256.839,834,256.839,40
AAPL,2026-02-02T13:41:00Z,257.099,257.18,257.099,257.18,1186,257.162,60
AAPL,2026-02-02T13:42:00Z,257.1,257.12,257.1,257.12,477,257.113,27
AAPL,2026-02-02T13:43:00Z,257.04,257.25,257.01,257.25,2215,257.066,37
AAPL,2026-02-02T13:44:00Z,257.28,257.28,257.17,257.18,3055,257.224,81
AAPL,2026-02-02T13:45:00Z,257.2,257.23,257.2,257.23,1421,257.221,71
AAPL,2026-02-02T13:46:00Z,257.28,257.3,257.2,257.2,2419,257.255,63
AAPL,2026-02-02T13:47:00Z,257.25,257.25,257.16,257.2,2023,257.204,42
AAPL,2026-02-02T13:48:00Z,257.273,257.3,257.27,257.27,1126,257.279,57
AAPL,2026-02-02T13:50:00Z,257.25,257.44,257.25,257.44,2195,257.398,71
AAPL,2026-02-02T13:51:00Z,257.3,257.3,257.21,257.27,572,257.26,35
AAPL,2026-02-02T13:52:00Z,257.3,257.35,257.26,257.35,1048,257.279,39
AAPL,2026-02-02T13:53:00Z,257.3,257.3,257.27,257.27,1393,257.287,61
AAPL,2026-02-02T13:54:00Z,257.41,257.41,257.41,257.41,561,257.41,49
AAPL,2026-02-02T13:55:00Z,257.4,257.5,257.4,257.5,8853,257.495,133
AAPL,2026-02-02T13:56:00Z,257.55,257.55,257.46,257.46,1233,257.526,30
AAPL,2026-02-02T13:57:00Z,257.54,257.6,257.54,257.6,2307,257.557,57
AAPL,2026-02-02T13:58:00Z,257.58,257.6,257.5,257.5,4579,257.592,38
AAPL,2026-02-02T13:59:00Z,257.46,257.52,257.45,257.52,1449,257.469,55
AAPL,2026-02-02T14:00:00Z,257.45,257.55,257.36,257.406,3466,257.409,84
AAPL,2026-02-02T14:01:00Z,257.4,257.48,257.39,257.39,1141,257.417,37
AAPL,2026-02-02T14:02:00Z,257.37,257.37,257.34,257.34,1627,257.35,91
AAPL,2026-02-02T14:03:00Z,257.273,257.32,257.23,257.23,1001,257.274,50
AAPL,2026-02-02T14:04:00Z,257.23,257.25,257.23,257.23,1860,257.242,66
AAPL,2026-02-02T14:05:00Z,257.21,257.29,257.21,257.29,5000,257.275,535
AAPL,2026-02-02T14:06:00Z,257.35,257.51,257.35,257.37,1632,257.382,51
AAPL,2026-02-02T14:07:00Z,257.476,257.476,257.31,257.31,1855,257.387,62
AAPL,2026-02-02T14:08:00Z,257.4,257.4,257.4,257.4,324,257.4,34
AAPL,2026-02-02T14:09:00Z,257.437,257.437,257.38,257.38,299,257.408,17
AAPL,2026-02-02T14:10:00Z,257.32,257.58,257.32,257.525,8404,257.451,209
AAPL,2026-02-02T14:11:00Z,257.56,257.56,257.54,257.54,538,257.549,29
AAPL,2026-02-02T14:12:00Z,257.59,257.6,257.55,257.6,2246,257.589,78
AAPL,2026-02-02T14:13:00Z,257.56,257.62,257.48,257.62,2600,257.577,77
AAPL,2026-02-02T14:14:00Z,257.59,257.6,257.55,257.599,2513,257.594,61
AAPL,2026-02-02T14:15:00Z,257.47,257.5,257.47,257.49,1826,257.489,68
AAPL,2026-02-02T14:16:00Z,257.47,257.52,257.47,257.512,2132,257.495,53
AAPL,2026-02-02T14:17:00Z,257.69,257.69,257.51,257.51,2935,257.587,83
AAPL,2026-02-02T14:18:00Z,257.55,257.56,257.52,257.52,1320,257.547,57
AAPL,2026-02-02T14:19:00Z,257.52,257.52,257.48,257.48,1579,257.489,74
AAPL,2026-02-02T14:20:00Z,257.48,257.48,257.268,257.37,4397,257.421,95
AAPL,2026-02-02T14:21:00Z,257.377,257.377,257.27,257.3,2509,257.309,89
AAPL,2026-02-02T14:22:00Z,257.3,257.3,257.18,257.2,7901,257.21,127
AAPL,2026-02-02T14:23:00Z,257.15,257.22,257.01,257.09,7614,257.109,145
AAPL,2026-02-02T14:24:00Z,257.169,257.5,257.1,257.22,7128,257.212,114
AAPL,2026-02-02T14:25:00Z,257.22,257.37,257,257.37,12608,257.074,235
AAPL,2026-02-02T14:26:00Z,257.35,257.47,257.18,257.47,3535,257.326,90
AAPL,2026-02-02T14:27:00Z,257.47,258.77,257.46,258.76,23844,258.159,575
AAPL,2026-02-02T14:28:00Z,259.98,260.11,258.68,259.73,117357,259.571,1633
AAPL,2026-02-02T14:29:00Z,259.82,260.02,259.59,260.02,60744,259.827,561
AAPL,2026-02-02T14:30:00Z,260.02,261.59,259.61,261.556,1.80051e+06,260.21,35507
AAPL,2026-02-02T14:31:00Z,261.51,263.45,260.7,263.337,841187,262.447,10439
AAPL,2026-02-02T14:32:00Z,263.355,263.97,262.55,263.89,536117,263.208,7405
AAPL,2026-02-02T14:33:00Z,263.945,263.945,262.06,262.46,509230,262.955,7179
AAPL,2026-02-02T14:34:00Z,262.47,263,262.46,262.79,243169,262.713,4694
AAPL,2026-02-02T14:35:00Z,262.7,262.77,260.824,261.014,395017,261.874,6250
AAPL,2026-02-02T14:36:00Z,260.975,262.34,260.73,261.635,338641,261.651,5779
AAPL,2026-02-02T14:37:00Z,261.62,261.91,260.25,260.32,261285,261.049,4660
AAPL,2026-02-02T14:38:00Z,260.34,260.41,259.83,260.05,470299,260.055,6573
AAPL,2026-02-02T14:39:00Z,260.007,260.01,259.29,259.345,230500,259.688,4408
AAPL,2026-02-02T14:40:00Z,259.37,260.58,259.205,260.442,256702,259.84,3870
AAPL,2026-02-02T14:41:00Z,260.39,260.62,259.74,260,191251,260.186,3693
AAPL,2026-02-02T14:42:00Z,260,260.61,259.89,260.42,247032,260.286,3555
AAPL,2026-02-02T14:43:00Z,260.454,260.99,260.39,260.84,189163,260.792,2887
AAPL,2026-02-02T14:44:00Z,260.845,261.18,260.55,261.158,175168,260.888,3072
AAPL,2026-02-02T14:45:00Z,261.17,261.61,261.07,261.17,272118,261.342,4012
AAPL,2026-02-02T14:46:00Z,261.14,262.05,260.92,262.005,263440,261.501,3536
AAPL,2026-02-02T14:47:00Z,262.01,262.01,261.51,261.68,137155,261.778,2366
AAPL,2026-02-02T14:48:00Z,261.72,262.55,261.72,262.45,159409,262.202,3034
AAPL,2026-02-02T14:49:00Z,262.46,262.85,262.27,262.81,205876,262.529,3335
AAPL,2026-02-02T14:50:00Z,262.79,263.58,262.79,263.43,277162,263.213,4239
AAPL,2026-02-02T14:51:00Z,263.37,263.77,263.33,263.68,345937,263.57,4336
AAPL,2026-02-02T14:52:00Z,263.53,263.57,262.845,263.48,230837,263.272,3424
AAPL,2026-02-02T14:53:00Z,263.48,263.58,263.26,263.58,187268,263.437,3028
AAPL,2026-02-02T14:54:00Z,263.57,263.6,262.66,263.29,253927,263.181,4030
AAPL,2026-02-02T14:55:00Z,263.325,263.52,263.24,263.52,156641,263.392,3208
AAPL,2026-02-02T14:56:00Z,263.52,263.75,263.18,263.35,258698,263.505,3717
AAPL,2026-02-02T14:57:00Z,263.388,263.93,263.28,263.76,238998,263.716,3789
AAPL,2026-02-02T14:58:00Z,263.79,263.79,263.22,263.32,235484,263.403,3491
AAPL,2026-02-02T14:59:00Z,263.335,263.606,263.08,263.2,224855,263.379,3656
AAPL,2026-02-02T15:00:00Z,263.29,263.68,263.16,263.65,196489,263.415,3587
AAPL,2026-02-02T15:01:00Z,263.605,263.91,263.58,263.74,258088,263.756,3438
AAPL,2026-02-02T15:02:00Z,263.71,263.97,263.63,263.905,249922,263.857,3880
AAPL,2026-02-02T15:03:00Z,263.89,264.11,263.45,263.52,288649,263.888,5072
AAPL,2026-02-02T15:04:00Z,263.49,263.7,263.24,263.69,154872,263.479,3038
AAPL,2026-02-02T15:05:00Z,263.68,263.94,263.49,263.861,166523,263.691,3323
AAPL,2026-02-02T15:06:00Z,263.9,263.935,263.64,263.75,218211,263.79,3172
AAPL,2026-02-02T15:07:00Z,263.77,263.95,263.32,263.91,200987,263.633,3629
AAPL,2026-02-02T15:08:00Z,263.89,264.11,263.82,264.09,385046,263.97,9264
AAPL,2026-02-02T15:09:00Z,264.09,264.22,263.84,264,181191,264.077,3682
AAPL,2026-02-02T15:10:00Z,263.995,264.05,263.71,263.92,166316,263.894,3216
AAPL,2026-02-02T15:11:00Z,263.91,264.05,263.8,263.873,167837,263.937,3089
AAPL,2026-02-02T15:12:00Z,263.895,264.43,263.7,264.4,347690,264.128,4344
AAPL,2026-02-02T15:13:00Z,264.382,264.6,264.23,264.54,350787,264.417,4581
AAPL,2026-02-02T15:14:00Z,264.57,264.681,264.32,264.655,199695,264.509,3849
AAPL,2026-02-02T15:15:00Z,264.63,265.21,264.61,264.7,619096,264.967,8211
AAPL,2026-02-02T15:16:00Z,264.71,264.775,264.08,264.23,195645,264.372,3588
AAPL,2026-02-02T15:17:00Z,264.25,265.1,264.25,265.08,227581,264.663,4035
AAPL,2026-02-02T15:18:00Z,265.07,265.16,264.56,264.6,195925,264.842,3515
AAPL,2026-02-02T15:19:00Z,264.57,264.58,264.32,264.49,99105,264.46,2740
AAPL,2026-02-02T15:20:00Z,264.505,265.13,264.49,264.65,159249,264.742,3784
AAPL,2026-02-02T15:21:00Z,264.65,264.91,264.61,264.66,128758,264.726,2796
AAPL,2026-02-02T15:22:00Z,264.65,264.72,264.5,264.635,144205,264.617,2939
AAPL,2026-02-02T15:23:00Z,264.61,264.72,264.36,264.47,154708,264.554,3058
AAPL,2026-02-02T15:24:00Z,264.42,264.6,264.27,264.55,97666,264.434,2677
AAPL,2026-02-02T15:25:00Z,264.56,264.8,264.5,264.66,142151,264.674,3012
AAPL,2026-02-02T15:26:00Z,264.67,265.06,264.65,265.01,153082,264.864,3078
AAPL,2026-02-02T15:27:00Z,265.025,265.09,264.7,265.03,190473,264.874,3384
AAPL,2026-02-02T15:28:00Z,265.035,265.25,264.87,265.105,175339,265.114,3198
AAPL,2026-02-02T15:29:00Z,265.105,265.17,264.935,265.04,110519,265.048,2882
AAPL,2026-02-02T15:30:00Z,265.035,265.25,264.96,264.96,138892,265.108,2963
AAPL,2026-02-02T15:31:00Z,264.965,265.23,264.965,265.19,118447,265.091,2729
AAPL,2026-02-02T15:32:00Z,265.23,265.37,265.08,265.255,232884,265.235,3313
AAPL,2026-02-02T15:33:00Z,265.255,265.28,264.96,265.04,122531,265.085,2429
AAPL,2026-02-02T15:34:00Z,265.04,265.06,264.71,264.78,119573,264.815,2770
AAPL,2026-02-02T15:35:00Z,264.77,264.99,264.7,264.84,95415,264.817,2437
AAPL,2026-02-02T15:36:00Z,264.841,264.91,264.69,264.83,76873,264.796,2169
AAPL,2026-02-02T15:37:00Z,264.835,265.1,264.811,265.085,109916,264.945,2464
AAPL,2026-02-02T15:38:00Z,265.1,265.15,264.84,265.04,129020,265.027,2791
AAPL,2026-02-02T15:39:00Z,265.01,265.03,264.57,264.68,128042,264.754,2654
AAPL,2026-02-02T15:40:00Z,264.68,264.68,264.32,264.38,113218,264.442,2616
AAPL,2026-02-02T15:41:00Z,264.36,264.4,263.83,263.87,118021,264.137,2839
AAPL,2026-02-02T15:42:00Z,263.88,263.94,263.6,263.67,116947,263.733,2344
AAPL,2026-02-02T15:43:00Z,263.65,263.98,263.595,263.655,152873,263.726,2845
AAPL,2026-02-02T15:44:00Z,263.64,263.95,263.64,263.95,101970,263.787,2453
AAPL,2026-02-02T15:45:00Z,263.92,263.97,263.58,263.6,73250,263.709,2148
AAPL,2026-02-02T15:46:00Z,263.59,263.71,263.38,263.38,73901,263.542,2088
AAPL,2026-02-02T15:47:00Z,263.39,263.43,263.18,263.31,84133,263.294,2293
AAPL,2026-02-02T15:48:00Z,263.3,263.4,263.15,263.4,69425,263.255,2006
AAPL,2026-02-02T15:49:00Z,263.4,263.51,263.29,263.36,88841,263.414,2247
AAPL,2026-02-02T15:50:00Z,263.36,263.44,263.235,263.4,80680,263.326,2220
AAPL,2026-02-02T15:51:00Z,263.41,263.62,263.345,263.435,130148,263.48,2554
AAPL,2026-02-02T15:52:00Z,263.435,263.51,263.31,263.33,95205,263.39,2043
AAPL,2026-02-02T15:53:00Z,263.345,263.53,263.33,263.41,67847,263.431,1864
AAPL,2026-02-02T15:54:00Z,263.42,263.63,263.39,263.41,76860,263.515,1952
AAPL,2026-02-02T15:55:00Z,263.405,263.43,263.02,263.025,131184,263.206,2166
AAPL,2026-02-02T15:56:00Z,263.01,263.04,262.67,262.895,111739,262.837,2846
AAPL,2026-02-02T15:57:00Z,262.85,262.993,262.76,262.865,105381,262.887,2072
AAPL,2026-02-02T15:58:00Z,262.85,262.925,262.31,262.35,139134,262.581,2723
AAPL,2026-02-02T15:59:00Z,262.37,262.78,262.305,262.74,148191,262.5,3012
AAPL,2026-02-02T16:00:00Z,262.7,262.92,262.64,262.74,121396,262.778,2824
AAPL,2026-02-02T16:01:00Z,262.73,263.1,262.585,263.08,86210,262.836,2303
AAPL,2026-02-02T16:02:00Z,263.075,263.075,262.83,262.86,75891,262.933,2551
AAPL,2026-02-02T16:03:00Z,262.84,262.975,262.63,262.73,101322,262.769,2401
AAPL,2026-02-02T16:04:00Z,262.735,262.81,262.51,262.719,74949,262.663,2205
AAPL,2026-02-02T16:05:00Z,262.72,263.03,262.72,262.92,74561,262.876,2171
AAPL,2026-02-02T16:06:00Z,262.92,263.26,262.8,263.26,85239,262.983,2346
AAPL,2026-02-02T16:07:00Z,263.24,263.36,263.06,263.26,78907,263.218,2299
AAPL,2026-02-02T16:08:00Z,263.255,263.36,263.18,263.34,69128,263.285,2055
AAPL,2026-02-02T16:09:00Z,263.36,263.399,263.16,263.28,84167,263.319,2236
AAPL,2026-02-02T16:10:00Z,263.29,263.33,262.91,263.13,87988,263.103,2440
AAPL,2026-02-02T16:11:00Z,263.114,263.29,263,263.03,58285,263.157,2033
AAPL,2026-02-02T16:12:00Z,263.01,263.215,262.92,263.2,55681,263.034,1919
AAPL,2026-02-02T16:13:00Z,263.2,263.31,263.01,263.285,614233,263.159,2612
AAPL,2026-02-02T16:14:00Z,263.285,263.42,263.14,263.245,62598,263.304,1954
AAPL,2026-02-02T16:15:00Z,263.24,263.36,263.13,263.285,67065,263.241,1946
AAPL,2026-02-02T16:16:00Z,263.3,263.39,263.245,263.36,92167,263.31,2162
AAPL,2026-02-02T16:17:00Z,263.36,263.54,263.32,263.485,63872,263.453,1980
AAPL,2026-02-02T16:18:00Z,263.485,263.79,263.47,263.73,90603,263.626,2268
AAPL,2026-02-02T16:19:00Z,263.74,263.85,263.65,263.76,72409,263.738,1958
AAPL,2026-02-02T16:20:00Z,263.77,264.14,263.77,264.14,98665,263.953,2453
AAPL,2026-02-02T16:21:00Z,264.12,264.2,263.92,264.15,96098,264.11,2326
AAPL,2026-02-02T16:22:00Z,264.13,264.31,264.038,264.195,97193,264.176,2353
AAPL,2026-02-02T16:23:00Z,264.185,264.33,264.13,264.31,67070,264.192,2129
AAPL,2026-02-02T16:24:00Z,264.31,264.535,264.28,264.4,99448,264.405,2390
AAPL,2026-02-02T16:25:00Z,264.39,264.44,264.28,264.37,54093,264.334,2030
AAPL,2026-02-02T16:26:00Z,264.39,264.563,264.31,264.45,87151,264.416,2185
AAPL,2026-02-02T16:27:00Z,264.428,264.428,264.09,264.18,69945,264.228,1994
AAPL,2026-02-02T16:28:00Z,264.168,264.385,264.168,264.31,58146,264.272,2092
AAPL,2026-02-02T16:29:00Z,264.33,264.415,264.14,264.292,107225,264.268,2553
AAPL,2026-02-02T16:30:00Z,264.31,264.33,264.21,264.325,59489,264.263,1954
AAPL,2026-02-02T16:31:00Z,264.332,264.57,264.3,264.462,98417,264.454,2293
AAPL,2026-02-02T16:32:00Z,264.495,264.59,264.42,264.52,65349,264.506,1794
AAPL,2026-02-02T16:33:00Z,264.5,264.5,264.25,264.34,59465,264.37,2040
AAPL,2026-02-02T16:34:00Z,264.34,264.61,264.32,264.6,67281,264.485,1851
AAPL,2026-02-02T16:35:00Z,264.611,264.68,264.48,264.59,67983,264.592,1972
AAPL,2026-02-02T16:36:00Z,264.57,264.64,264.51,264.62,69410,264.561,1912
AAPL,2026-02-02T16:37:00Z,264.595,264.65,264.52,264.59,50459,264.576,1728
AAPL,2026-02-02T16:38:00Z,264.57,264.73,264.55,264.65,71734,264.617,1986
AAPL,2026-02-02T16:39:00Z,264.644,264.65,264.56,264.61,50421,264.604,1748
AAPL,2026-02-02T16:40:00Z,264.585,264.73,264.37,264.375,48047,264.553,1883
AAPL,2026-02-02T16:41:00Z,264.34,264.493,264.228,264.43,48673,264.349,1742
AAPL,2026-02-02T16:42:00Z,264.4,264.42,264.22,264.38,46656,264.326,1902
AAPL,2026-02-02T16:43:00Z,264.35,264.58,264.35,264.57,53335,264.494,1774
AAPL,2026-02-02T16:44:00Z,264.57,264.71,264.5,264.695,56396,264.602,1853
AAPL,2026-02-02T16:45:00Z,264.707,264.707,264.46,264.49,51348,264.584,1841
AAPL,2026-02-02T16:46:00Z,264.48,264.5,264.304,264.415,32309,264.381,1544
AAPL,2026-02-02T16:47:00Z,264.39,264.398,264.06,264.1,73695,264.241,1992
AAPL,2026-02-02T16:48:00Z,264.135,264.32,264.025,264.28,51421,264.141,1855
AAPL,2026-02-02T16:49:00Z,264.275,264.39,264.27,264.35,57347,264.319,1696
AAPL,2026-02-02T16:50:00Z,264.345,264.38,264.16,264.259,55484,264.268,1873
AAPL,2026-02-02T16:51:00Z,264.27,264.4,264.26,264.4,58257,264.339,1713
AAPL,2026-02-02T16:52:00Z,264.38,264.399,264.1,264.125,42326,264.263,1712
AAPL,2026-02-02T16:53:00Z,264.11,264.19,264.09,264.19,30783,264.148,1635
AAPL,2026-02-02T16:54:00Z,264.16,264.206,264.035,264.037,57378,264.134,1701
AAPL,2026-02-02T16:55:00Z,264.065,264.13,264.02,264.108,47024,264.082,1715
AAPL,2026-02-02T16:56:00Z,264.1,264.12,263.89,264.03,84181,263.969,2187
AAPL,2026-02-02T16:57:00Z,264.05,264.29,263.99,264.29,34974,264.141,1694
AAPL,2026-02-02T16:58:00Z,264.31,264.57,264.26,264.49,98859,264.429,2433
AAPL,2026-02-02T16:59:00Z,264.48,264.69,264.44,264.465,104658,264.544,2048
AAPL,2026-02-02T17:00:00Z,264.45,264.79,264.33,264.747,88754,264.555,2233
AAPL,2026-02-02T17:01:00Z,264.75,264.789,264.62,264.69,53442,264.716,1979
AAPL,2026-02-02T17:02:00Z,264.68,264.71,264.576,264.65,53414,264.643,1803
AAPL,2026-02-02T17:03:00Z,264.645,264.69,264.59,264.68,32914,264.64,1566
AAPL,2026-02-02T17:04:00Z,264.68,264.7,264.587,264.64,50746,264.643,1671
AAPL,2026-02-02T17:05:00Z,264.635,264.665,264.51,264.54,42445,264.578,1735
AAPL,2026-02-02T17:06:00Z,264.55,264.555,264.43,264.446,45181,264.502,1778
AAPL,2026-02-02T17:07:00Z,264.44,264.66,264.37,264.61,52624,264.5,1641
AAPL,2026-02-02T17:08:00Z,264.6,264.63,264.5,264.54,49024,264.575,1682
AAPL,2026-02-02T17:09:00Z,264.53,264.69,264.53,264.661,37338,264.623,1599
AAPL,2026-02-02T17:10:00Z,264.66,264.74,264.48,264.67,114098,264.592,2512
AAPL,2026-02-02T17:11:00Z,264.69,264.85,264.66,264.8,104107,264.747,2155
AAPL,2026-02-02T17:12:00Z,264.805,264.805,264.55,264.56,72158,264.7,1992
AAPL,2026-02-02T17:13:00Z,264.548,264.595,264.53,264.54,45293,264.554,1554
AAPL,2026-02-02T17:14:00Z,264.53,264.53,264.33,264.39,57007,264.408,1837
AAPL,2026-02-02T17:15:00Z,264.38,264.51,264.3,264.3,45030,264.447,1710
AAPL,2026-02-02T17:16:00Z,264.3,264.4,264.29,264.38,43630,264.356,1638
AAPL,2026-02-02T17:17:00Z,264.375,264.39,264.25,264.27,34786,264.302,1456
AAPL,2026-02-02T17:18:00Z,264.27,264.33,264.225,264.25,46534,264.29,1674
AAPL,2026-02-02T17:19:00Z,264.25,264.29,263.97,264.08,62360,264.119,1873
AAPL,2026-02-02T17:20:00Z,264.076,264.1,263.84,263.85,49080,263.982,1820
AAPL,2026-02-02T17:21:00Z,263.85,264,263.81,263.99,62469,263.862,1857
AAPL,2026-02-02T17:22:00Z,264.02,264.12,263.99,264.095,52668,264.051,1763
AAPL,2026-02-02T17:23:00Z,264.09,264.24,264.08,264.22,83798,264.155,1565
AAPL,2026-02-02T17:24:00Z,264.23,264.3,264.14,264.28,58474,264.215,903
AAPL,2026-02-02T17:25:00Z,264.28,264.37,264.22,264.305,106276,264.302,1322
AAPL,2026-02-02T17:26:00Z,264.31,264.37,264.17,264.23,56260,264.265,947
AAPL,2026-02-02T17:27:00Z,264.25,264.38,264.24,264.26,45105,264.312,926
AAPL,2026-02-02T17:28:00Z,264.26,264.289,264.16,264.16,42125,264.218,834
AAPL,2026-02-02T17:29:00Z,264.17,264.235,264.08,264.18,52311,264.158,794
AAPL,2026-02-02T17:30:00Z,264.19,264.19,264.01,264.1,52691,264.09,1031
AAPL,2026-02-02T17:31:00Z,264.08,264.19,264.07,264.17,36585,264.127,890
AAPL,2026-02-02T17:32:00Z,264.19,264.33,264.17,264.263,47718,264.261,966
AAPL,2026-02-02T17:33:00Z,264.25,264.37,264.195,264.33,39546,264.302,975
AAPL,2026-02-02T17:34:00Z,264.32,264.33,264.27,264.3,34571,264.305,803
AAPL,2026-02-02T17:35:00Z,264.29,264.433,264.26,264.3,61013,264.36,1207
AAPL,2026-02-02T17:36:00Z,264.31,264.32,263.915,264.025,52545,264.112,1270
AAPL,2026-02-02T17:37:00Z,263.992,264.07,263.92,264.065,37658,263.992,916
AAPL,2026-02-02T17:38:00Z,264.1,264.1,263.885,264,86194,263.998,910
AAPL,2026-02-02T17:39:00Z,263.98,264.13,263.94,263.97,48329,264.022,1041
AAPL,2026-02-02T17:40:00Z,263.96,264,263.83,263.86,31850,263.933,837
AAPL,2026-02-02T17:41:00Z,263.83,263.915,263.8,263.885,44832,263.852,910
AAPL,2026-02-02T17:42:00Z,263.91,263.92,263.78,263.8,59877,263.83,1058
AAPL,2026-02-02T17:43:00Z,263.795,263.96,263.78,263.96,53240,263.861,876
AAPL,2026-02-02T17:44:00Z,263.95,264.05,263.93,263.93,49040,263.991,1037
AAPL,2026-02-02T17:45:00Z,263.93,263.98,263.86,263.87,35370,263.926,808
AAPL,2026-02-02T17:46:00Z,263.887,263.96,263.85,263.96,26692,263.898,785
AAPL,2026-02-02T17:47:00Z,263.955,263.99,263.92,263.938,28671,263.954,739
AAPL,2026-02-02T17:48:00Z,263.94,263.95,263.9,263.92,37782,263.933,712
AAPL,2026-02-02T17:49:00Z,263.93,264,263.915,263.975,63964,263.951,1080
AAPL,2026-02-02T17:50:00Z,263.975,264.08,263.97,264.025,50541,264.026,929
AAPL,2026-02-02T17:51:00Z,264.025,264.04,263.925,263.965,33311,263.979,834
AAPL,2026-02-02T17:52:00Z,263.94,264.06,263.93,264.04,32992,264.026,825
AAPL,2026-02-02T17:53:00Z,264.05,264.23,264.042,264.23,46512,264.177,842
AAPL,2026-02-02T17:54:00Z,264.23,264.3,264.22,264.235,50202,264.249,840
AAPL,2026-02-02T17:55:00Z,264.23,264.38,264.22,264.33,49054,264.304,941
AAPL,2026-02-02T17:56:00Z,264.32,264.43,264.31,264.34,39236,264.356,878
AAPL,2026-02-02T17:57:00Z,264.33,264.42,264.33,264.36,34226,264.371,808
AAPL,2026-02-02T17:58:00Z,264.355,264.38,264.275,264.295,30022,264.333,794
AAPL,2026-02-02T17:59:00Z,264.29,264.32,264.16,264.174,47099,264.233,1075
AAPL,2026-02-02T18:00:00Z,264.19,264.38,264.19,264.35,29588,264.29,803
AAPL,2026-02-02T18:01:00Z,264.37,264.72,264.37,264.7,85364,264.609,1449
AAPL,2026-02-02T18:02:00Z,264.7,264.79,264.67,264.7,56987,264.732,1195
AAPL,2026-02-02T18:03:00Z,264.689,264.94,264.689,264.92,78766,264.872,1266
AAPL,2026-02-02T18:04:00Z,264.93,265.15,264.88,265.12,219800,265.005,3570
AAPL,2026-02-02T18:05:00Z,265.115,265.14,264.91,265.09,80446,265.041,1370
AAPL,2026-02-02T18:06:00Z,265.07,265.17,265.07,265.115,68903,265.125,1238
AAPL,2026-02-02T18:07:00Z,265.11,265.24,265.11,265.2,83169,265.202,1464
AAPL,2026-02-02T18:08:00Z,265.185,265.3,265.17,265.209,79603,265.233,1310
AAPL,2026-02-02T18:09:00Z,265.215,265.31,265.17,265.22,75294,265.243,1171
AAPL,2026-02-02T18:10:00Z,265.25,265.27,265.115,265.16,41036,265.204,1098
AAPL,2026-02-02T18:11:00Z,265.17,265.27,265.104,265.16,54328,265.19,1091
AAPL,2026-02-02T18:12:00Z,265.17,265.23,265.06,265.08,54036,265.156,1060
AAPL,2026-02-02T18:13:00Z,265.075,265.18,264.96,264.96,81802,265.057,1390
AAPL,2026-02-02T18:14:00Z,264.97,264.97,264.79,264.79,59149,264.872,1189
AAPL,2026-02-02T18:15:00Z,264.78,264.82,264.69,264.79,50201,264.758,925
AAPL,2026-02-02T18:16:00Z,264.767,264.86,264.75,264.84,42366,264.798,936
AAPL,2026-02-02T18:17:00Z,264.832,264.94,264.82,264.9,42320,264.877,675
AAPL,2026-02-02T18:18:00Z,264.91,264.93,264.73,264.782,63254,264.822,1013
AAPL,2026-02-02T18:19:00Z,264.771,264.83,264.74,264.82,53702,264.775,935
AAPL,2026-02-02T18:20:00Z,264.81,264.81,264.62,264.66,52344,264.713,1002
AAPL,2026-02-02T18:21:00Z,264.655,264.835,264.61,264.734,53830,264.744,1082
AAPL,2026-02-02T18:22:00Z,264.746,264.78,264.67,264.78,48995,264.727,933
AAPL,2026-02-02T18:23:00Z,264.752,264.94,264.74,264.939,58891,264.823,917
AAPL,2026-02-02T18:24:00Z,264.94,264.97,264.908,264.94,68559,264.936,1025
AAPL,2026-02-02T18:25:00Z,264.95,265.01,264.86,264.945,46762,264.948,905
AAPL,2026-02-02T18:26:00Z,264.942,265.075,264.9,265.05,165559,264.996,982
AAPL,2026-02-02T18:27:00Z,265.07,265.19,265.04,265.15,71107,265.114,1030
AAPL,2026-02-02T18:28:00Z,265.16,265.19,265.11,265.19,45985,265.156,891
AAPL,2026-02-02T18:29:00Z,265.18,265.27,265.13,265.16,89502,265.204,1121
AAPL,2026-02-02T18:30:00Z,265.145,265.21,265.01,265.205,50517,265.098,1039
AAPL,2026-02-02T18:31:00Z,265.205,265.27,265.08,265.16,63695,265.196,1207
AAPL,2026-02-02T18:32:00Z,265.17,265.21,265.14,265.165,54334,265.183,1118
AAPL,2026-02-02T18:33:00Z,265.16,265.27,265.16,265.225,45003,265.227,1012
AAPL,2026-02-02T18:34:00Z,265.235,265.27,265.2,265.23,57123,265.23,1096
AAPL,2026-02-02T18:35:00Z,265.22,265.46,265.22,265.445,235485,265.351,2043
AAPL,2026-02-02T18:36:00Z,265.451,265.7,265.34,265.46,230073,265.53,2601
AAPL,2026-02-02T18:37:00Z,265.47,265.53,265.29,265.36,43813,265.394,986
AAPL,2026-02-02T18:38:00Z,265.34,265.49,265.32,265.46,52021,265.391,1093
AAPL,2026-02-02T18:39:00Z,265.46,265.49,265.37,265.43,57875,265.418,1002
AAPL,2026-02-02T18:40:00Z,265.42,265.48,265.39,265.4,60298,265.435,945
AAPL,2026-02-02T18:41:00Z,265.4,265.46,265.36,265.45,39621,265.405,810
AAPL,2026-02-02T18:42:00Z,265.45,265.5,265.42,265.485,54981,265.47,915
AAPL,2026-02-02T18:43:00Z,265.48,265.54,265.34,265.535,62444,265.437,927
AAPL,2026-02-02T18:44:00Z,265.525,265.53,265.39,265.39,41657,265.483,769
AAPL,2026-02-02T18:45:00Z,265.38,265.46,265.34,265.45,55044,265.382,818
AAPL,2026-02-02T18:46:00Z,265.445,265.525,265.43,265.475,39542,265.478,754
AAPL,2026-02-02T18:47:00Z,265.46,265.51,265.41,265.42,37838,265.451,676
AAPL,2026-02-02T18:48:00Z,265.41,265.5,265.4,265.492,36627,265.466,680
AAPL,2026-02-02T18:49:00Z,265.49,265.55,265.47,265.54,44438,265.516,727
AAPL,2026-02-02T18:50:00Z,265.54,265.55,265.36,265.405,40068,265.448,868
AAPL,2026-02-02T18:51:00Z,265.4,265.45,265.37,265.39,29353,265.399,675
AAPL,2026-02-02T18:52:00Z,265.39,265.66,265.39,265.565,189701,265.541,1147
AAPL,2026-02-02T18:53:00Z,265.56,265.69,265.54,265.66,61577,265.635,918
AAPL,2026-02-02T18:54:00Z,265.665,265.805,265.655,265.805,204911,265.703,1362
AAPL,2026-02-02T18:55:00Z,265.81,265.83,265.73,265.81,56760,265.79,985
AAPL,2026-02-02T18:56:00Z,265.805,266.18,265.805,266.08,303658,266.025,3705
AAPL,2026-02-02T18:57:00Z,266.065,266.495,266.015,266.491,135846,266.283,1749
AAPL,2026-02-02T18:58:00Z,266.485,266.7,266.43,266.671,298675,266.571,2689
AAPL,2026-02-02T18:59:00Z,266.685,266.735,266.64,266.705,255196,266.691,2286
AAPL,2026-02-02T19:00:00Z,266.7,266.76,266.54,266.76,263674,266.65,1944
AAPL,2026-02-02T19:01:00Z,266.762,266.88,266.66,266.87,182000,266.744,1924
AAPL,2026-02-02T19:02:00Z,266.84,266.875,266.62,266.675,172146,266.764,2004
AAPL,2026-02-02T19:03:00Z,266.67,267.08,266.67,267.015,174924,266.877,2656
AAPL,2026-02-02T19:04:00Z,267.035,267.095,266.98,267.01,142027,267.03,1872
AAPL,2026-02-02T19:05:00Z,267.01,267.13,266.97,267.11,75217,267.031,1357
AAPL,2026-02-02T19:06:00Z,267.102,267.13,266.99,267.04,95810,267.071,1216
AAPL,2026-02-02T19:07:00Z,267.01,267.072,266.92,266.925,108515,266.983,1358
AAPL,2026-02-02T19:08:00Z,266.925,267.12,266.89,267.105,99598,267.026,1312
AAPL,2026-02-02T19:09:00Z,267.1,267.135,266.97,266.985,118295,267.055,1193
AAPL,2026-02-02T19:10:00Z,266.98,267.12,266.93,267.07,102060,267.006,1343
AAPL,2026-02-02T19:11:00Z,267.07,267.075,266.98,267.03,44141,267.015,861
AAPL,2026-02-02T19:12:00Z,267.04,267.05,266.95,266.99,101373,266.987,1182
AAPL,2026-02-02T19:13:00Z,266.99,267.075,266.96,267.069,77892,266.993,1034
AAPL,2026-02-02T19:14:00Z,267.058,267.13,267,267.12,90984,267.078,1442
AAPL,2026-02-02T19:15:00Z,267.1,267.217,267.06,267.205,189780,267.118,1979
AAPL,2026-02-02T19:16:00Z,267.205,267.27,267.14,267.15,81936,267.208,1199
AAPL,2026-02-02T19:17:00Z,267.155,267.16,266.83,266.985,193058,267.031,1848
AAPL,2026-02-02T19:18:00Z,266.985,267.11,266.96,267.085,72877,267.021,1022
AAPL,2026-02-02T19:19:00Z,267.085,267.13,266.94,266.96,74925,267.019,1042
AAPL,2026-02-02T19:20:00Z,266.95,266.96,266.78,266.831,103602,266.869,1273
AAPL,2026-02-02T19:21:00Z,266.845,267.02,266.76,267.01,73169,266.926,1162
AAPL,2026-02-02T19:22:00Z,267.02,267.03,266.93,267,65972,266.972,989
AAPL,2026-02-02T19:23:00Z,267.02,267.22,267.01,267.2,150663,267.152,1231
AAPL,2026-02-02T19:24:00Z,267.18,267.28,267.08,267.2,91413,267.204,1131
AAPL,2026-02-02T19:25:00Z,267.22,267.28,267.165,267.19,71843,267.225,1073
AAPL,2026-02-02T19:26:00Z,267.175,267.29,267.16,267.28,59933,267.209,863
AAPL,2026-02-02T19:27:00Z,267.27,267.35,267.246,267.27,80052,267.304,1008
AAPL,2026-02-02T19:28:00Z,267.28,267.28,267.14,267.22,52598,267.218,889
AAPL,2026-02-02T19:29:00Z,267.21,267.21,267.06,267.18,143130,267.127,1814
AAPL,2026-02-02T19:30:00Z,267.125,267.44,267.125,267.36,137380,267.343,1737
AAPL,2026-02-02T19:31:00Z,267.345,267.43,267.14,267.15,118983,267.336,1397
AAPL,2026-02-02T19:32:00Z,267.145,267.4,267.05,267.32,104180,267.191,1392
AAPL,2026-02-02T19:33:00Z,267.34,267.34,266.94,267.04,115820,267.12,1413
AAPL,2026-02-02T19:34:00Z,267.02,267.21,266.91,267.1,182858,266.994,2284
AAPL,2026-02-02T19:35:00Z,267.08,267.21,267.05,267.14,58269,267.13,1094
AAPL,2026-02-02T19:36:00Z,267.15,267.25,267.12,267.13,52477,267.181,973
AAPL,2026-02-02T19:37:00Z,267.15,267.18,267.08,267.08,91113,267.143,808
AAPL,2026-02-02T19:38:00Z,267.1,267.11,266.95,267.07,86068,267.012,1008
AAPL,2026-02-02T19:39:00Z,267.075,267.075,266.9,266.94,105488,266.959,1367
AAPL,2026-02-02T19:40:00Z,266.94,267,266.92,267,94488,266.965,1299
AAPL,2026-02-02T19:41:00Z,266.98,267.04,266.93,266.95,51236,266.979,916
AAPL,2026-02-02T19:42:00Z,266.96,267.01,266.82,266.98,168054,266.943,1830
AAPL,2026-02-02T19:43:00Z,266.98,267.17,266.968,267.17,103806,267.07,1045
AAPL,2026-02-02T19:44:00Z,267.178,267.35,267.14,267.285,89352,267.231,1290
AAPL,2026-02-02T19:45:00Z,267.3,267.4,267.23,267.328,85731,267.336,1318
AAPL,2026-02-02T19:46:00Z,267.33,267.53,267.322,267.44,182194,267.46,1925
AAPL,2026-02-02T19:47:00Z,267.42,267.48,267.36,267.425,85986,267.423,1161
AAPL,2026-02-02T19:48:00Z,267.41,267.57,267.37,267.54,105329,267.501,1390
AAPL,2026-02-02T19:49:00Z,267.52,267.8,267.52,267.74,136326,267.682,1759
AAPL,2026-02-02T19:50:00Z,267.745,267.81,267.621,267.665,70043,267.706,1194
AAPL,2026-02-02T19:51:00Z,267.67,267.735,267.46,267.57,141817,267.572,1557
AAPL,2026-02-02T19:52:00Z,267.59,267.755,267.58,267.75,66415,267.686,1023
AAPL,2026-02-02T19:53:00Z,267.721,267.88,267.721,267.81,74356,267.787,1182
AAPL,2026-02-02T19:54:00Z,267.86,268.11,267.832,268,214743,267.99,3331
AAPL,2026-02-02T19:55:00Z,268,268.16,267.93,268.115,142384,268.023,1746
AAPL,2026-02-02T19:56:00Z,268.115,268.13,267.97,268.08,83237,268.031,1332
AAPL,2026-02-02T19:57:00Z,268.085,268.16,267.95,268.08,134915,268.058,1331
AAPL,2026-02-02T19:58:00Z,268.07,268.28,268.05,268.05,126591,268.158,1719
AAPL,2026-02-02T19:59:00Z,268.03,268.19,267.93,268,245005,268.036,3112
AAPL,2026-02-02T20:00:00Z,268.03,268.38,267.851,268.24,252037,268.098,3536
AAPL,2026-02-02T20:01:00Z,268.22,268.28,268.035,268.104,91494,268.139,1342
AAPL,2026-02-02T20:02:00Z,268.12,268.85,268.06,268.825,342400,268.529,3585
AAPL,2026-02-02T20:03:00Z,268.82,268.94,268.67,268.86,277788,268.815,2718
AAPL,2026-02-02T20:04:00Z,268.86,268.94,268.79,268.85,201510,268.862,2273
AAPL,2026-02-02T20:05:00Z,268.842,269.21,268.83,269.18,237218,269.015,3274
AAPL,2026-02-02T20:06:00Z,269.22,269.385,269.19,269.37,175962,269.271,2161
AAPL,2026-02-02T20:07:00Z,269.36,269.55,269.34,269.48,253539,269.454,2661
AAPL,2026-02-02T20:08:00Z,269.5,269.57,269.13,269.515,364478,269.414,3231
AAPL,2026-02-02T20:09:00Z,269.53,269.53,269.02,269.13,181389,269.256,2105
AAPL,2026-02-02T20:10:00Z,269.16,269.34,268.72,268.755,191794,268.945,2284
AAPL,2026-02-02T20:11:00Z,268.75,269,268.68,268.78,157381,268.812,2130
AAPL,2026-02-02T20:12:00Z,268.79,268.83,268.46,268.57,164570,268.606,2083
AAPL,2026-02-02T20:13:00Z,268.551,268.81,268.54,268.67,75682,268.701,1245
AAPL,2026-02-02T20:14:00Z,268.67,268.779,268.53,268.55,143184,268.628,1425
AAPL,2026-02-02T20:15:00Z,268.55,268.62,268.43,268.49,177451,268.498,1491
AAPL,2026-02-02T20:16:00Z,268.49,268.62,268.476,268.51,727828,268.54,1321
AAPL,2026-02-02T20:17:00Z,268.5,268.54,268.31,268.533,90636,268.441,1395
AAPL,2026-02-02T20:18:00Z,268.53,268.63,268.37,268.41,86220,268.498,1410
AAPL,2026-02-02T20:19:00Z,268.41,268.585,268.37,268.459,70636,268.463,1211
AAPL,2026-02-02T20:20:00Z,268.49,268.98,268.34,268.96,957049,268.671,1979
AAPL,2026-02-02T20:21:00Z,268.94,268.98,268.73,268.76,156590,268.853,1868
AAPL,2026-02-02T20:22:00Z,268.76,268.959,268.75,268.84,94008,268.856,1403
AAPL,2026-02-02T20:23:00Z,268.815,268.88,268.737,268.75,92054,268.799,1417
AAPL,2026-02-02T20:24:00Z,268.74,268.99,268.65,268.985,109253,268.832,1605
AAPL,2026-02-02T20:25:00Z,268.98,268.99,268.7,268.87,94972,268.826,1353
AAPL,2026-02-02T20:26:00Z,268.86,268.97,268.76,268.94,186123,268.878,1415
AAPL,2026-02-02T20:27:00Z,268.955,269.14,268.83,269.09,198666,268.981,2365
AAPL,2026-02-02T20:28:00Z,269.09,269.4,269.09,269.335,176652,269.28,2487
AAPL,2026-02-02T20:29:00Z,269.325,269.337,268.97,268.98,184650,269.138,2259
AAPL,2026-02-02T20:30:00Z,268.975,268.975,268.84,268.93,184155,268.908,2353
AAPL,2026-02-02T20:31:00Z,268.94,269.08,268.92,268.955,109005,268.996,1778
AAPL,2026-02-02T20:32:00Z,268.945,269.04,268.875,269.01,103266,268.97,1551
AAPL,2026-02-02T20:33:00Z,269.02,269.35,269,269.34,156809,269.211,1887
AAPL,2026-02-02T20:34:00Z,269.35,269.42,269.24,269.25,136057,269.323,1746
AAPL,2026-02-02T20:35:00Z,269.25,269.34,269.18,269.235,161045,269.265,1885
AAPL,2026-02-02T20:36:00Z,269.24,269.35,269.06,269.19,139365,269.21,1733
AAPL,2026-02-02T20:37:00Z,269.2,269.31,268.97,269.01,179058,269.18,2221
AAPL,2026-02-02T20:38:00Z,269.02,269.42,268.945,269.41,156923,269.179,1883
AAPL,2026-02-02T20:39:00Z,269.42,269.45,269.23,269.25,178176,269.385,1775
AAPL,2026-02-02T20:40:00Z,269.24,269.55,269.18,269.51,223454,269.421,2491
AAPL,2026-02-02T20:41:00Z,269.515,269.69,269.475,269.565,182343,269.585,2129
AAPL,2026-02-02T20:42:00Z,269.565,269.7,269.49,269.685,135442,269.606,2039
AAPL,2026-02-02T20:43:00Z,269.685,269.72,269.44,269.595,138523,269.567,1965
AAPL,2026-02-02T20:44:00Z,269.62,269.63,269.31,269.45,182231,269.449,2262
AAPL,2026-02-02T20:45:00Z,269.425,269.845,269.4,269.72,350335,269.661,3530
AAPL,2026-02-02T20:46:00Z,269.7,269.95,269.7,269.933,267177,269.875,2930
AAPL,2026-02-02T20:47:00Z,269.93,269.95,269.71,269.78,284656,269.834,2667
AAPL,2026-02-02T20:48:00Z,269.79,269.85,269.675,269.79,178806,269.78,2147
AAPL,2026-02-02T20:49:00Z,269.785,270,269.75,269.875,248640,269.908,2988
AAPL,2026-02-02T20:50:00Z,269.87,270.16,269.57,270.04,724594,269.968,8776
AAPL,2026-02-02T20:51:00Z,270.03,270.16,269.94,270.09,233483,270.048,3320
AAPL,2026-02-02T20:52:00Z,270.09,270.49,270.08,270.215,406422,270.313,5067
AAPL,2026-02-02T20:53:00Z,270.23,270.38,269.78,270.11,377366,270.133,5080
AAPL,2026-02-02T20:54:00Z,270.13,270.2,269.74,270,361850,270.027,5192
AAPL,2026-02-02T20:55:00Z,269.98,270.09,269.89,270.05,437030,269.971,5835
AAPL,2026-02-02T20:56:00Z,270.03,270.11,269.93,270.02,415865,270.011,5323
AAPL,2026-02-02T20:57:00Z,270.015,270.23,270,270.159,462178,270.101,5805
AAPL,2026-02-02T20:58:00Z,270.155,270.195,270.06,270.17,393216,270.142,5669
AAPL,2026-02-02T20:59:00Z,270.17,270.2,269.87,269.99,984061,269.99,11007
AAPL,2026-02-02T21:00:00Z,269.95,270.01,269.89,269.97,1.16985e+07,270.01,333
AAPL,2026-02-02T21:01:00Z,269.9,270.2,269.9,270.039,39113,270.018,277
AAPL,2026-02-02T21:02:00Z,270.14,270.14,269.89,269.89,661539,270.004,203
AAPL,2026-02-02T21:03:00Z,269.95,269.95,269.765,269.767,1.06476e+06,269.936,136
AAPL,2026-02-02T21:04:00Z,269.89,269.93,269.71,269.73,3.78728e+06,269.817,180
AAPL,2026-02-02T21:05:00Z,269.89,270.01,269.807,269.807,27973,269.939,144
AAPL,2026-02-02T21:06:00Z,269.784,269.9,269.77,269.817,5985,269.802,78
AAPL,2026-02-02T21:07:00Z,269.81,269.81,269.73,269.76,380671,269.77,137
AAPL,2026-02-02T21:08:00Z,269.77,269.8,269.64,269.64,7261,269.702,186
AAPL,2026-02-02T21:09:00Z,269.67,269.8,269.64,269.8,5010,269.756,120
AAPL,2026-02-02T21:10:00Z,269.8,269.81,269.76,269.769,3452,269.801,109
AAPL,2026-02-02T21:11:00Z,269.769,269.78,269.75,269.76,3788,269.761,111
AAPL,2026-02-02T21:12:00Z,269.76,269.78,269.75,269.78,4551,269.771,72
AAPL,2026-02-02T21:13:00Z,269.75,269.79,269.72,269.79,3260,269.769,104
AAPL,2026-02-02T21:14:00Z,269.721,269.955,269.56,269.7,8605,269.614,120
AAPL,2026-02-02T21:15:00Z,269.6,269.6,269.6,269.6,1009,269.6,55
AAPL,2026-02-02T21:16:00Z,269.59,269.59,269.51,269.51,6226,269.56,110
AAPL,2026-02-02T21:17:00Z,269.45,269.45,269.2,269.36,3106,269.378,119
AAPL,2026-02-02T21:18:00Z,269.32,269.321,269.2,269.32,4056,269.279,121
AAPL,2026-02-02T21:19:00Z,269.21,269.3,269.21,269.28,2100,269.252,75
AAPL,2026-02-02T21:20:00Z,269.17,269.27,269.17,269.17,21399,269.19,82
AAPL,2026-02-02T21:21:00Z,269.17,269.21,269.17,269.21,1195,269.181,69
AAPL,2026-02-02T21:22:00Z,269.27,269.56,269.22,269.56,6508,269.332,170
AAPL,2026-02-02T21:23:00Z,269.55,269.55,269.34,269.34,2691,269.421,100
AAPL,2026-02-02T21:24:00Z,269.3,269.38,269.3,269.33,1975,269.322,49
AAPL,2026-02-02T21:25:00Z,269.33,269.35,269.23,269.23,1870,269.294,76
AAPL,2026-02-02T21:26:00Z,269.16,269.42,269.16,269.381,6629,269.256,132
AAPL,2026-02-02T21:27:00Z,269.4,269.44,269.37,269.42,7784,269.393,100
AAPL,2026-02-02T21:28:00Z,269.41,269.49,269.41,269.47,2856,269.461,66
AAPL,2026-02-02T21:29:00Z,269.44,269.45,269.41,269.45,58002,269.427,62
AAPL,2026-02-02T21:30:00Z,269.45,269.55,269.41,269.5,3964,269.49,92
AAPL,2026-02-02T21:31:00Z,269.51,269.75,269.51,269.75,3320,269.611,164
AAPL,2026-02-02T21:32:00Z,269.43,269.55,269.43,269.55,427,269.49,33
AAPL,2026-02-02T21:33:00Z,269.43,269.5,269.41,269.42,2346,269.446,49
AAPL,2026-02-02T21:34:00Z,269.42,269.42,269.41,269.42,2688,269.419,71
AAPL,2026-02-02T21:35:00Z,269.42,269.42,269.31,269.33,4419,269.399,87
AAPL,2026-02-02T21:36:00Z,269.338,269.4,269.33,269.39,3002,269.38,64
AAPL,2026-02-02T21:37:00Z,269.37,269.41,269.37,269.41,2680,269.386,73
AAPL,2026-02-02T21:38:00Z,269.4,269.41,269.4,269.41,2118,269.402,85
AAPL,2026-02-02T21:39:00Z,269.4,269.4,269.39,269.4,5768,269.396,101
AAPL,2026-02-02T21:40:00Z,269.4,269.41,269.4,269.41,1915,269.405,73
AAPL,2026-02-02T21:41:00Z,269.41,269.41,269.39,269.39,4305,269.399,97
AAPL,2026-02-02T21:42:00Z,269.33,269.33,269.13,269.13,7811,269.276,129
AAPL,2026-02-02T21:43:00Z,269.1,269.14,269.1,269.11,6407,269.113,67
AAPL,2026-02-02T21:44:00Z,269.139,269.14,269.1,269.1,2924,269.11,70
AAPL,2026-02-02T21:45:00Z,269.1,269.14,268.91,269.05,15757,269.069,155
AAPL,2026-02-02T21:46:00Z,269.05,269.14,269.04,269.05,4063,269.052,67
AAPL,2026-02-02T21:47:00Z,270.01,270.01,268.95,269,142414,270.003,72
AAPL,2026-02-02T21:48:00Z,268.99,269.14,268.99,269,2694,269.038,95
AAPL,2026-02-02T21:50:00Z,268.99,269,268.99,269,972,268.991,54
AAPL,2026-02-02T21:51:00Z,268.95,268.95,268.95,268.95,657,268.95,53
AAPL,2026-02-02T21:52:00Z,269,269,269,269,977,269,53
AAPL,2026-02-02T21:53:00Z,269,269,268.97,268.97,2315,268.979,62
AAPL,2026-02-02T21:54:00Z,269,269,269,269,660,269,42
AAPL,2026-02-02T21:55:00Z,268.97,268.97,268.92,268.962,4214,268.965,86
AAPL,2026-02-02T21:56:00Z,268.93,268.93,268.92,268.921,1068,268.925,44
AAPL,2026-02-02T21:57:00Z,268.9,268.92,268.9,268.92,1209,268.909,79
AAPL,2026-02-02T21:58:00Z,268.87,268.918,268.87,268.918,2802,268.883,64
AAPL,2026-02-02T21:59:00Z,268.84,268.86,268.77,268.86,1868,268.827,86
AAPL,2026-02-02T22:00:00Z,268.91,269.01,268.84,269.01,4564,268.941,122
AAPL,2026-02-02T22:01:00Z,269.08,269.14,269,269.14,7432,269.069,113
AAPL,2026-02-02T22:02:00Z,269,269,269,269,405,269,30
AAPL,2026-02-02T22:03:00Z,269,269,269,269,334,269,34
AAPL,2026-02-02T22:04:00Z,268.9,268.989,268.9,268.989,828,268.929,42
AAPL,2026-02-02T22:05:00Z,268.9,268.9,268.9,268.9,837,268.9,38
AAPL,2026-02-02T22:06:00Z,268.9,268.9,268.9,268.9,867,268.9,47
AAPL,2026-02-02T22:08:00Z,268.92,268.94,268.909,268.909,1418,268.931,42
AAPL,2026-02-02T22:09:00Z,268.91,268.91,268.9,268.9,1146,268.904,33
AAPL,2026-02-02T22:10:00Z,268.9,268.9,268.88,268.899,4234,268.899,39
AAPL,2026-02-02T22:11:00Z,268.87,268.87,268.87,268.87,1502,268.87,38
AAPL,2026-02-02T22:12:00Z,268.759,268.8,268.751,268.8,1218,268.769,47
AAPL,2026-02-02T22:13:00Z,268.759,268.792,268.759,268.77,987,268.778,51
AAPL,2026-02-02T22:14:00Z,268.8,268.87,268.75,268.75,3828,268.811,93
AAPL,2026-02-02T22:15:00Z,268.851,268.851,268.851,268.851,396,268.851,39
AAPL,2026-02-02T22:16:00Z,268.83,268.83,268.83,268.83,562,268.83,54
AAPL,2026-02-02T22:17:00Z,268.8,268.8,268.8,268.8,252,268.8,29
AAPL,2026-02-02T22:18:00Z,268.8,268.87,268.8,268.87,1029,268.832,43
AAPL,2026-02-02T22:19:00Z,268.802,268.83,268.802,268.83,2929,268.829,35
AAPL,2026-02-02T22:20:00Z,268.87,268.87,268.87,268.87,405,268.87,40
AAPL,2026-02-02T22:21:00Z,268.87,268.87,268.81,268.87,2412,268.865,45
AAPL,2026-02-02T22:22:00Z,268.83,268.83,268.83,268.83,249,268.83,27
AAPL,2026-02-02T22:23:00Z,268.834,268.834,268.8,268.8,696,268.827,23
AAPL,2026-02-02T22:24:00Z,268.839,268.839,268.839,268.839,466,268.839,36
AAPL,2026-02-02T22:25:00Z,268.8,268.8,268.8,268.8,745,268.8,27
AAPL,2026-02-02T22:26:00Z,268.82,268.82,268.82,268.82,569,268.82,40
AAPL,2026-02-02T22:27:00Z,268.81,268.84,268.81,268.84,2699,268.828,66
AAPL,2026-02-02T22:28:00Z,268.82,268.87,268.82,268.87,887,268.859,39
AAPL,2026-02-02T22:31:00Z,268.83,268.83,268.82,268.82,1272,268.822,42
AAPL,2026-02-02T22:32:00Z,268.82,268.82,268.79,268.8,2658,268.816,50
AAPL,2026-02-02T22:33:00Z,268.75,268.76,268.6,268.6,5918,268.699,95
AAPL,2026-02-02T22:34:00Z,268.6,268.66,268.52,268.66,5756,268.61,68
AAPL,2026-02-02T22:36:00Z,268.66,268.66,268.64,268.64,2245,268.659,23
AAPL,2026-02-02T22:37:00Z,268.67,268.67,268.66,268.66,2164,268.661,41
AAPL,2026-02-02T22:38:00Z,268.68,268.7,268.61,268.7,981,268.658,32
AAPL,2026-02-02T22:39:00Z,268.62,268.62,268.62,268.62,661,268.62,29
AAPL,2026-02-02T22:40:00Z,268.6,268.6,268.6,268.6,1202,268.6,41
AAPL,2026-02-02T22:41:00Z,268.6,268.6,268,268,11134,268.141,163
AAPL,2026-02-02T22:42:00Z,268.11,268.11,268,268,838,268.072,28
AAPL,2026-02-02T22:43:00Z,268.5,268.5,268.14,268.14,781,268.343,36
AAPL,2026-02-02T22:44:00Z,268.3,268.45,268.3,268.45,1512,268.411,55
AAPL,2026-02-02T22:45:00Z,268.45,268.6,268.41,268.41,1255,268.491,38
AAPL,2026-02-02T22:46:00Z,268.5,268.57,268.5,268.57,653,268.529,38
AAPL,2026-02-02T22:47:00Z,268.501,268.61,268.501,268.61,1712,268.525,32
AAPL,2026-02-02T22:48:00Z,268.55,268.6,268.3,268.31,4055,268.521,72
AAPL,2026-02-02T22:49:00Z,268.3,268.3,268.3,268.3,3217,268.3,21
AAPL,2026-02-02T22:50:00Z,268.186,268.6,268.186,268.6,614,268.41,24
AAPL,2026-02-02T22:51:00Z,268.25,268.25,268.25,268.25,334,268.25,25
AAPL,2026-02-02T22:52:00Z,268.43,268.47,268.42,268.47,1328,268.452,46
AAPL,2026-02-02T22:53:00Z,268.46,268.46,268.36,268.36,320,268.41,25
AAPL,2026-02-02T22:54:00Z,268.4,268.4,268.31,268.331,1439,268.348,35
AAPL,2026-02-02T22:55:00Z,268.3,268.6,268.3,268.6,3466,268.452,72
AAPL,2026-02-02T22:57:00Z,268.6,268.6,268.584,268.584,1454,268.599,23
AAPL,2026-02-02T22:58:00Z,268.55,268.58,268.55,268.58,835,268.56,29
AAPL,2026-02-02T22:59:00Z,268.436,268.436,268.43,268.43,625,268.434,38
AAPL,2026-02-02T23:00:00Z,268.41,268.471,268.31,268.31,1002,268.384,35
AAPL,2026-02-02T23:01:00Z,268.36,268.36,268.21,268.21,2634,268.325,80
AAPL,2026-02-02T23:02:00Z,268.252,268.26,268.25,268.25,1976,268.251,54
AAPL,2026-02-02T23:04:00Z,268.45,268.52,268.45,268.52,1030,268.49,42
AAPL,2026-02-02T23:05:00Z,268.47,268.5,268.25,268.5,2856,268.28,30
AAPL,2026-02-02T23:06:00Z,268.32,268.32,268.32,268.32,372,268.32,26
AAPL,2026-02-02T23:07:00Z,268.25,268.25,268.25,268.25,953,268.25,26
AAPL,2026-02-02T23:08:00Z,268.39,268.81,268.38,268.81,4192,268.568,140
AAPL,2026-02-02T23:09:00Z,268.71,268.71,268.71,268.71,956,268.71,28
AAPL,2026-02-02T23:11:00Z,268.83,268.83,268.82,268.82,533,268.825,35
AAPL,2026-02-02T23:12:00Z,268.79,268.79,268.76,268.76,546,268.78,22
AAPL,2026-02-02T23:13:00Z,268.71,268.71,268.46,268.46,2279,268.613,26
AAPL,2026-02-02T23:15:00Z,268.54,268.54,268.493,268.493,1218,268.516,36
AAPL,2026-02-02T23:16:00Z,268.7,268.85,268.7,268.85,606,268.775,45
AAPL,2026-02-02T23:17:00Z,268.84,268.84,268.84,268.84,337,268.84,29
AAPL,2026-02-02T23:18:00Z,268.7,268.7,268.43,268.43,669,268.594,20
AAPL,2026-02-02T23:20:00Z,268.7,268.7,268.7,268.7,318,268.7,18
AAPL,2026-02-02T23:21:00Z,268.69,268.69,268.69,268.69,441,268.69,36
AAPL,2026-02-02T23:22:00Z,268.519,268.69,268.519,268.69,479,268.576,24
AAPL,2026-02-02T23:23:00Z,268.48,268.48,268.48,268.48,399,268.48,17
AAPL,2026-02-02T23:24:00Z,268.68,268.68,268.68,268.68,864,268.68,29
AAPL,2026-02-02T23:27:00Z,268.62,268.63,268.62,268.63,400,268.625,12
AAPL,2026-02-02T23:28:00Z,268.8,268.8,268.62,268.622,1001,268.672,36
AAPL,2026-02-02T23:29:00Z,268.63,268.63,268.62,268.62,813,268.625,43
AAPL,2026-02-02T23:30:00Z,268.63,268.63,268.63,268.63,549,268.63,26
AAPL,2026-02-02T23:31:00Z,268.8,268.8,268.8,268.8,341,268.8,24
AAPL,2026-02-02T23:32:00Z,268.79,268.82,268.79,268.81,1368,268.807,39
AAPL,2026-02-02T23:33:00Z,268.8,268.8,268.8,268.8,1383,268.8,20
AAPL,2026-02-02T23:34:00Z,268.79,268.8,268.77,268.79,2537,268.796,43
AAPL,2026-02-02T23:35:00Z,268.83,268.83,268.72,268.792,1299,268.812,25
AAPL,2026-02-02T23:36:00Z,268.8,268.83,268.79,268.8,4428,268.804,52
AAPL,2026-02-02T23:37:00Z,268.84,268.89,268.84,268.89,739,268.855,33
AAPL,2026-02-02T23:38:00Z,268.9,268.95,268.9,268.9,2129,268.914,65
AAPL,2026-02-02T23:41:00Z,268.89,268.95,268.89,268.89,9873,268.931,45
AAPL,2026-02-02T23:43:00Z,268.8,268.8,268.8,268.8,296,268.8,14
AAPL,2026-02-02T23:44:00Z,268.76,268.79,268.76,268.79,1160,268.777,24
AAPL,2026-02-02T23:47:00Z,268.75,268.75,268.75,268.75,3118,268.75,14
AAPL,2026-02-02T23:52:00Z,268.78,268.79,268.76,268.76,1455,268.764,23
AAPL,2026-02-02T23:53:00Z,268.77,268.77,268.77,268.77,396,268.77,29
AAPL,2026-02-02T23:54:00Z,268.78,268.78,268.78,268.78,347,268.78,23
AAPL,2026-02-02T23:55:00Z,268.75,268.75,268.75,268.75,1218,268.75,54
AAPL,2026-02-02T23:57:00Z,268.52,268.52,268.52,268.52,295,268.52,12
AAPL,2026-02-02T23:59:00Z,268.54,268.54,268.54,268.54,1167,268.54,22
AAPL,2026-02-03T00:00:00Z,268.54,268.599,268.54,268.54,1178,268.559,31
AAPL,2026-02-03T00:01:00Z,268.54,268.54,268.54,268.54,835,268.54,20
AAPL,2026-02-03T00:03:00Z,268.56,268.56,268.56,268.56,273,268.56,18
AAPL,2026-02-03T00:04:00Z,268.56,268.67,268.54,268.67,1670,268.572,39
AAPL,2026-02-03T00:05:00Z,268.54,268.54,268.54,268.54,633,268.54,17
AAPL,2026-02-03T00:06:00Z,268.57,268.57,268.57,268.57,678,268.57,33
AAPL,2026-02-03T00:07:00Z,268.62,268.627,268.55,268.55,2031,268.603,30
AAPL,2026-02-03T00:08:00Z,268.55,268.569,268.54,268.569,3885,268.545,46
AAPL,2026-02-03T00:09:00Z,268.608,268.608,268.608,268.608,402,268.608,19
AAPL,2026-02-03T00:10:00Z,268.61,268.61,268.54,268.54,1288,268.549,43
AAPL,2026-02-03T00:12:00Z,268.54,268.68,268.33,268.53,4621,268.455,112
AAPL,2026-02-03T00:13:00Z,268.51,268.53,268.51,268.53,461,268.52,15
AAPL,2026-02-03T00:14:00Z,268.5,268.54,268.3,268.3,988,268.428,25
AAPL,2026-02-03T00:15:00Z,268.435,268.45,268.435,268.45,480,268.443,16
AAPL,2026-02-03T00:16:00Z,268.45,268.54,268.45,268.54,1007,268.488,23
AAPL,2026-02-03T00:17:00Z,268.524,268.524,268.5,268.5,518,268.512,21
AAPL,2026-02-03T00:18:00Z,268.52,268.52,268.52,268.52,319,268.52,22
AAPL,2026-02-03T00:19:00Z,268.54,268.54,268.45,268.45,836,268.527,15
AAPL,2026-02-03T00:20:00Z,268.52,268.53,268.51,268.51,631,268.523,20
AAPL,2026-02-03T00:21:00Z,268.51,268.51,268.44,268.44,1224,268.464,36
AAPL,2026-02-03T00:22:00Z,268.53,268.53,268.53,268.53,381,268.53,42
AAPL,2026-02-03T00:23:00Z,268.602,268.7,268.55,268.7,2202,268.662,45
AAPL,2026-02-03T00:24:00Z,268.69,268.9,268.69,268.89,1235,268.841,60
AAPL,2026-02-03T00:26:00Z,268.97,268.97,268.97,268.97,944,268.97,53
AAPL,2026-02-03T00:28:00Z,268.94,268.95,268.94,268.95,1103,268.942,62
AAPL,2026-02-03T00:30:00Z,268.94,268.94,268.9,268.94,867,268.911,15
AAPL,2026-02-03T00:31:00Z,268.93,268.93,268.93,268.93,232,268.93,15
AAPL,2026-02-03T00:32:00Z,268.88,268.88,268.88,268.88,524,268.88,23
AAPL,2026-02-03T00:37:00Z,268.97,268.97,268.97,268.97,545,268.97,31
AAPL,2026-02-03T00:39:00Z,268.96,268.96,268.96,268.96,458,268.96,23
AAPL,2026-02-03T00:41:00Z,268.85,268.9,268.45,268.46,2758,268.742,68
AAPL,2026-02-03T00:42:00Z,268.45,268.45,268.3,268.34,3830,268.378,37
AAPL,2026-02-03T00:43:00Z,268.4,268.42,268.35,268.42,1702,268.37,41
AAPL,2026-02-03T00:46:00Z,268.53,268.53,268.53,268.53,362,268.53,22
AAPL,2026-02-03T00:47:00Z,268.5,268.5,268.49,268.5,917,268.498,23
AAPL,2026-02-03T00:48:00Z,268.55,268.55,268.55,268.55,492,268.55,16
AAPL,2026-02-03T00:49:00Z,268.76,268.76,268.76,268.76,700,268.76,21
AAPL,2026-02-03T00:50:00Z,268.61,268.61,268.61,268.61,364,268.61,19
AAPL,2026-02-03T00:52:00Z,268.777,268.777,268.6,268.6,808,268.724,20
AAPL,2026-02-03T00:54:00Z,268.546,268.546,268.546,268.546,220,268.546,12
AAPL,2026-02-03T00:56:00Z,268.64,268.7,268.62,268.7,1586,268.668,27
AAPL,2026-02-03T00:58:00Z,268.784,268.784,268.784,268.784,618,268.784,13
AAPL,2026-02-03T00:59:00Z,268.79,268.8,268.77,268.77,1411,268.785,30
AAPL,2026-02-03T09:00:00Z,268.77,268.77,267.9,267.92,4068,268.093,179
AAPL,2026-02-03T09:01:00Z,267.82,267.98,267.77,267.82,2671,267.828,56
AAPL,2026-02-03T09:02:00Z,267.86,267.86,267.7,267.74,3321,267.772,69
AAPL,2026-02-03T09:03:00Z,267.7,267.8,267.63,267.63,8549,267.709,72
AAPL,2026-02-03T09:04:00Z,267.61,267.75,267.61,267.7,2410,267.671,90
AAPL,2026-02-03T09:05:00Z,267.62,267.87,267.62,267.87,1776,267.779,43
AAPL,2026-02-03T09:06:00Z,267.87,267.87,267.87,267.87,864,267.87,34
AAPL,2026-02-03T09:09:00Z,267.71,267.71,267.71,267.71,623,267.71,30
AAPL,2026-02-03T09:10:00Z,267.7,267.7,267.7,267.7,1253,267.7,47
AAPL,2026-02-03T09:13:00Z,267.62,267.64,267.62,267.64,1398,267.632,53
AAPL,2026-02-03T09:15:00Z,267.79,267.81,267.79,267.81,574,267.801,36
AAPL,2026-02-03T09:16:00Z,267.79,267.79,267.79,267.79,378,267.79,18
AAPL,2026-02-03T09:22:00Z,267.5,267.5,267.5,267.5,930,267.5,56
AAPL,2026-02-03T09:23:00Z,267.51,267.52,267.5,267.5,2209,267.503,76
AAPL,2026-02-03T09:26:00Z,267.4,267.46,267.4,267.46,826,267.44,23
AAPL,2026-02-03T09:32:00Z,267.79,267.8,267.62,267.62,1119,267.76,41
AAPL,2026-02-03T09:34:00Z,267.8,267.92,267.73,267.73,1624,267.872,30
AAPL,2026-02-03T09:35:00Z,267.67,267.67,267.67,267.67,644,267.67,28
AAPL,2026-02-03T09:38:00Z,267.59,267.61,267.59,267.59,1118,267.596,34
AAPL,2026-02-03T09:40:00Z,267.65,267.65,267.65,267.65,190,267.65,16
AAPL,2026-02-03T09:41:00Z,267.62,267.74,267.62,267.74,1112,267.723,30
AAPL,2026-02-03T09:43:00Z,267.8,267.8,267.8,267.8,509,267.8,18
AAPL,2026-02-03T09:45:00Z,267.8,267.81,267.8,267.8,1388,267.802,33
AAPL,2026-02-03T09:46:00Z,267.8,267.8,267.8,267.8,1081,267.8,31
AAPL,2026-02-03T09:50:00Z,267.95,267.98,267.95,267.97,1955,267.963,47
AAPL,2026-02-03T09:51:00Z,267.91,267.91,267.91,267.91,204,267.91,16
AAPL,2026-02-03T09:54:00Z,267.84,267.95,267.84,267.95,1549,267.901,65
AAPL,2026-02-03T09:55:00Z,267.8,267.8,267.78,267.78,852,267.792,26
AAPL,2026-02-03T09:58:00Z,267.8,267.8,267.8,267.8,265,267.8,15
AAPL,2026-02-03T09:59:00Z,267.75,267.75,267.75,267.75,621,267.75,25
AAPL,2026-02-03T10:02:00Z,267.81,267.82,267.78,267.8,1548,267.81,34
AAPL,2026-02-03T10:06:00Z,267.82,267.82,267.82,267.82,184,267.82,9
AAPL,2026-02-03T10:07:00Z,267.83,267.92,267.83,267.92,603,267.864,16
AAPL,2026-02-03T10:10:00Z,267.76,267.76,267.76,267.76,483,267.76,19
AAPL,2026-02-03T10:11:00Z,267.76,267.79,267.76,267.79,388,267.773,17
AAPL,2026-02-03T10:14:00Z,267.87,267.88,267.87,267.88,531,267.876,36
AAPL,2026-02-03T10:17:00Z,267.78,267.78,267.78,267.78,307,267.78,5
AAPL,2026-02-03T10:18:00Z,267.85,267.9,267.85,267.9,1018,267.88,40
AAPL,2026-02-03T10:19:00Z,267.94,267.98,267.93,267.93,2029,267.961,51
AAPL,2026-02-03T10:23:00Z,267.88,268.03,267.88,268.02,2008,267.99,77
AAPL,2026-02-03T10:24:00Z,268.01,268.01,268,268,712,268.004,12
AAPL,2026-02-03T10:25:00Z,267.98,267.98,267.98,267.98,148,267.98,11
AAPL,2026-02-03T10:26:00Z,267.99,268.02,267.99,268.02,427,268.002,15
AAPL,2026-02-03T10:27:00Z,268,268.06,268,268,700,268.029,18
AAPL,2026-02-03T10:28:00Z,268.11,268.11,268.1,268.1,431,268.105,20
AAPL,2026-02-03T10:32:00Z,268,268,268,268,1000,268,25
AAPL,2026-02-03T10:34:00Z,268,268.02,268,268,2653,268.002,40
AAPL,2026-02-03T10:35:00Z,267.94,268.07,267.94,268.07,1479,268.015,36
AAPL,2026-02-03T10:36:00Z,267.85,267.85,267.85,267.85,402,267.85,21
AAPL,2026-02-03T10:38:00Z,267.86,267.9,267.86,267.9,1166,267.894,28
AAPL,2026-02-03T10:39:00Z,267.89,267.9,267.89,267.9,883,267.894,23
AAPL,2026-02-03T10:40:00Z,267.91,267.92,267.91,267.92,674,267.915,27
AAPL,2026-02-03T10:42:00Z,267.83,267.83,267.83,267.83,131,267.83,9
AAPL,2026-02-03T10:43:00Z,267.89,267.89,267.82,267.82,606,267.84,16
AAPL,2026-02-03T10:45:00Z,267.79,267.79,267.79,267.79,369,267.79,15
AAPL,2026-02-03T10:46:00Z,267.77,267.77,267.77,267.77,276,267.77,11
AAPL,2026-02-03T10:49:00Z,267.88,267.88,267.88,267.88,419,267.88,37
AAPL,2026-02-03T10:50:00Z,267.92,268,267.92,268,1199,267.959,46
AAPL,2026-02-03T10:51:00Z,267.9,267.9,267.82,267.82,2609,267.823,15
AAPL,2026-02-03T10:56:00Z,267.82,267.82,267.82,267.82,587,267.82,23
AAPL,2026-02-03T11:00:00Z,267.74,267.74,267.74,267.74,293,267.74,23
AAPL,2026-02-03T11:01:00Z,267.73,267.73,267.73,267.73,903,267.73,54
AAPL,2026-02-03T11:04:00Z,267.79,267.86,267.67,267.67,2504,267.839,45
AAPL,2026-02-03T11:09:00Z,267.69,267.74,267.69,267.7,931,267.723,43
AAPL,2026-02-03T11:11:00Z,267.7,267.7,267.7,267.7,241,267.7,13
AAPL,2026-02-03T11:13:00Z,267.8,267.8,267.78,267.78,523,267.794,15
AAPL,2026-02-03T11:17:00Z,267.79,267.79,267.79,267.79,420,267.79,24
AAPL,2026-02-03T11:18:00Z,267.62,267.62,267.62,267.62,461,267.62,29
AAPL,2026-02-03T11:20:00Z,267.84,267.84,267.81,267.81,488,267.826,19
AAPL,2026-02-03T11:21:00Z,267.83,267.83,267.83,267.83,403,267.83,15
AAPL,2026-02-03T11:26:00Z,267.75,267.75,267.75,267.75,673,267.75,35
AAPL,2026-02-03T11:28:00Z,267.63,267.76,267.63,267.76,1039,267.683,22
AAPL,2026-02-03T11:30:00Z,267.73,267.75,267.73,267.75,415,267.74,16
AAPL,2026-02-03T11:31:00Z,267.69,267.69,267.63,267.63,652,267.665,36
AAPL,2026-02-03T11:33:00Z,267.6,267.6,267.6,267.6,647,267.6,34
AAPL,2026-02-03T11:34:00Z,267.5,267.51,267.5,267.51,488,267.505,45
AAPL,2026-02-03T11:35:00Z,267.51,267.51,267.27,267.27,3328,267.347,96
AAPL,2026-02-03T11:37:00Z,267.38,267.38,267.38,267.38,518,267.38,9
AAPL,2026-02-03T11:38:00Z,267.35,267.35,267.35,267.35,691,267.35,80
AAPL,2026-02-03T11:40:00Z,267.36,267.36,267.36,267.36,271,267.36,14
AAPL,2026-02-03T11:42:00Z,267.51,267.51,267.51,267.51,212,267.51,5
AAPL,2026-02-03T11:47:00Z,267.49,267.49,267.49,267.49,209,267.49,14
AAPL,2026-02-03T11:48:00Z,267.44,267.44,267.26,267.39,2420,267.351,94
AAPL,2026-02-03T11:49:00Z,267.51,267.53,267.4,267.52,2303,267.496,60
AAPL,2026-02-03T11:51:00Z,267.42,267.43,267.42,267.43,325,267.425,12
AAPL,2026-02-03T11:53:00Z,267.6,267.6,267.51,267.51,1134,267.554,40
AAPL,2026-02-03T11:54:00Z,267.58,267.58,267.41,267.43,1422,267.495,45
AAPL,2026-02-03T11:55:00Z,267.67,267.78,267.67,267.78,1028,267.75,39
AAPL,2026-02-03T11:56:00Z,267.78,267.79,267.7,267.7,1011,267.775,38
AAPL,2026-02-03T11:58:00Z,267.61,267.61,267.61,267.61,335,267.61,15
AAPL,2026-02-03T11:59:00Z,267.62,267.62,267.62,267.62,172,267.62,7
AAPL,2026-02-03T12:00:00Z,267.84,268.03,267.8,268,5593,267.943,312
AAPL,2026-02-03T12:01:00Z,268.03,268.03,267.81,267.81,1032,267.89,36
AAPL,2026-02-03T12:04:00Z,267.92,267.92,267.92,267.92,1197,267.92,7
AAPL,2026-02-03T12:05:00Z,267.95,268,267.95,268,801,267.989,23
AAPL,2026-02-03T12:06:00Z,268.1,268.1,268.09,268.1,828,268.098,27
AAPL,2026-02-03T12:07:00Z,268.14,268.14,268.03,268.03,2770,268.084,39
AAPL,2026-02-03T12:08:00Z,268.1,268.14,268.1,268.14,705,268.128,23
AAPL,2026-02-03T12:09:00Z,268.07,268.07,267.99,267.99,1210,268.045,40
AAPL,2026-02-03T12:10:00Z,267.9,267.9,267.9,267.9,267,267.9,16
AAPL,2026-02-03T12:11:00Z,267.86,267.86,267.86,267.86,377,267.86,21
AAPL,2026-02-03T12:13:00Z,267.98,268.21,267.98,268.21,2072,268.089,115
AAPL,2026-02-03T12:14:00Z,268.13,268.13,268.13,268.13,268,268.13,10
AAPL,2026-02-03T12:15:00Z,268.14,268.14,268.12,268.12,1289,268.134,54
AAPL,2026-02-03T12:16:00Z,268.13,268.13,268.06,268.09,885,268.1,25
AAPL,2026-02-03T12:17:00Z,268.06,268.07,268.06,268.07,389,268.066,10
AAPL,2026-02-03T12:18:00Z,268.06,268.1,268.06,268.1,629,268.081,39
AAPL,2026-02-03T12:19:00Z,268.07,268.26,268.05,268.26,2182,268.158,62
AAPL,2026-02-03T12:20:00Z,268.26,268.27,268.21,268.27,2498,268.247,54
AAPL,2026-02-03T12:21:00Z,268.29,268.35,268.28,268.35,954,268.304,41
AAPL,2026-02-03T12:22:00Z,268.36,268.36,268.25,268.25,1243,268.324,31
AAPL,2026-02-03T12:23:00Z,268.13,268.13,267.95,267.95,2041,268.029,57
AAPL,2026-02-03T12:24:00Z,268,268,268,268,899,268,19
AAPL,2026-02-03T12:26:00Z,268.18,268.18,268.18,268.18,555,268.18,18
AAPL,2026-02-03T12:28:00Z,268.18,268.23,268.16,268.23,1000,268.183,25
AAPL,2026-02-03T12:29:00Z,268.24,268.25,268.24,268.25,1166,268.243,26
AAPL,2026-02-03T12:30:00Z,268.25,268.36,268.25,268.36,1467,268.273,57
AAPL,2026-02-03T12:31:00Z,268.33,268.33,268.33,268.33,466,268.33,29
AAPL,2026-02-03T12:32:00Z,268.31,268.33,268.3,268.3,1666,268.312,34
AAPL,2026-02-03T12:33:00Z,268.39,268.39,268.31,268.31,1241,268.362,32
AAPL,2026-02-03T12:35:00Z,268.32,268.32,268.23,268.23,2724,268.291,43
AAPL,2026-02-03T12:36:00Z,268.23,268.23,268.04,268.04,1236,268.126,33
AAPL,2026-02-03T12:37:00Z,268.2,268.2,268.18,268.18,687,268.193,14
AAPL,2026-02-03T12:39:00Z,268.16,268.16,268.15,268.15,589,268.155,20
AAPL,2026-02-03T12:40:00Z,268.17,268.2,268.17,268.2,2228,268.196,50
AAPL,2026-02-03T12:41:00Z,268.24,268.24,268.18,268.18,471,268.207,23
AAPL,2026-02-03T12:42:00Z,268.22,268.24,268.22,268.22,1153,268.231,25
AAPL,2026-02-03T12:45:00Z,268.25,268.28,268.25,268.28,1481,268.261,41
AAPL,2026-02-03T12:46:00Z,268.36,268.36,268.27,268.27,464,268.302,21
AAPL,2026-02-03T12:47:00Z,268.25,268.27,268.25,268.27,995,268.253,18
AAPL,2026-02-03T12:48:00Z,268.31,268.31,268.29,268.29,632,268.3,18
AAPL,2026-02-03T12:49:00Z,268.25,268.39,268.25,268.39,2393,268.306,86
AAPL,2026-02-03T12:50:00Z,268.35,268.39,268.32,268.34,1566,268.355,41
AAPL,2026-02-03T12:51:00Z,268.31,268.31,268.31,268.31,425,268.31,26
AAPL,2026-02-03T12:52:00Z,268.34,268.34,268.3,268.3,674,268.312,14
AAPL,2026-02-03T12:53:00Z,268.32,268.32,268.32,268.32,404,268.32,24
AAPL,2026-02-03T12:55:00Z,268.33,268.39,268.33,268.39,3318,268.386,90
AAPL,2026-02-03T12:56:00Z,268.37,268.37,268.36,268.36,718,268.367,17
AAPL,2026-02-03T12:57:00Z,268.35,268.35,268.35,268.35,692,268.35,21
AAPL,2026-02-03T12:58:00Z,268.44,268.5,268.44,268.5,2402,268.474,107
AAPL,2026-02-03T12:59:00Z,268.48,268.48,268.46,268.46,9740,268.461,29
AAPL,2026-02-03T13:00:00Z,268,268.57,267.33,268.57,72639,268.122,2921
AAPL,2026-02-03T13:01:00Z,268.28,268.56,267.89,267.89,54581,268.186,3142
AAPL,2026-02-03T13:02:00Z,267.88,268.48,267.88,268.48,3603,268.297,282
AAPL,2026-02-03T13:03:00Z,268.43,268.45,268.43,268.45,879,268.445,34
AAPL,2026-02-03T13:04:00Z,268.42,268.49,268.4,268.49,1639,268.44,51
AAPL,2026-02-03T13:05:00Z,268.49,268.53,268.49,268.53,1646,268.512,38
AAPL,2026-02-03T13:06:00Z,268.57,268.6,268.03,268.6,5733,268.54,215
AAPL,2026-02-03T13:07:00Z,268.565,268.65,268.565,268.65,2047,268.607,51
AAPL,2026-02-03T13:08:00Z,268.6,268.75,268.6,268.7,2812,268.682,176
AAPL,2026-02-03T13:09:00Z,268.66,268.7,268.55,268.586,4213,268.61,95
AAPL,2026-02-03T13:10:00Z,268.698,268.698,268.65,268.65,2830,268.692,72
AAPL,2026-02-03T13:11:00Z,268.7,268.7,268.67,268.67,893,268.681,46
AAPL,2026-02-03T13:12:00Z,268.69,268.69,268.67,268.68,2011,268.684,69
AAPL,2026-02-03T13:13:00Z,268.66,268.78,268.66,268.747,11424,268.72,145
AAPL,2026-02-03T13:14:00Z,268.74,268.79,268.692,268.75,3267,268.741,99
AAPL,2026-02-03T13:15:00Z,268.75,268.799,268.7,268.701,3646,268.745,64
AAPL,2026-02-03T13:16:00Z,268.8,268.87,268.67,268.75,2597,268.764,101
AAPL,2026-02-03T13:17:00Z,268.79,268.88,268.71,268.71,6383,268.836,77
AAPL,2026-02-03T13:19:00Z,268.8,268.87,268.74,268.75,5183,268.783,53
AAPL,2026-02-03T13:20:00Z,268.843,268.86,268.72,268.79,3870,268.815,74
AAPL,2026-02-03T13:21:00Z,268.82,268.82,268.72,268.72,1219,268.738,47
AAPL,2026-02-03T13:22:00Z,268.72,268.72,268.72,268.72,980,268.72,41
AAPL,2026-02-03T13:23:00Z,268.67,268.75,268.67,268.68,4535,268.72,129
AAPL,2026-02-03T13:24:00Z,268.5,268.5,268.41,268.48,1908,268.44,115
AAPL,2026-02-03T13:25:00Z,268.5,268.56,268.48,268.56,4723,268.525,63
AAPL,2026-02-03T13:26:00Z,268.54,268.78,268.54,268.78,4283,268.609,87
AAPL,2026-02-03T13:27:00Z,268.633,268.633,268.633,268.633,420,268.633,20
AAPL,2026-02-03T13:28:00Z,268.73,268.79,268.69,268.7,1930,268.724,48
AAPL,2026-02-03T13:30:00Z,268.76,268.76,268.7,268.7,1086,268.721,41
AAPL,2026-02-03T13:31:00Z,268.627,268.65,268.627,268.65,1046,268.638,63
AAPL,2026-02-03T13:32:00Z,268.68,268.74,268.63,268.654,1757,268.66,49
AAPL,2026-02-03T13:33:00Z,268.63,268.63,268.63,268.63,925,268.63,62
AAPL,2026-02-03T13:34:00Z,268.53,268.57,268.53,268.57,734,268.55,52
AAPL,2026-02-03T13:35:00Z,268.4,268.56,268.4,268.56,594,268.489,45
AAPL,2026-02-03T13:36:00Z,268.45,268.49,268.4,268.4,3159,268.423,84
AAPL,2026-02-03T13:37:00Z,268.35,268.41,268.35,268.41,2454,268.367,69
AAPL,2026-02-03T13:38:00Z,268.47,268.49,268.4,268.4,1899,268.413,45
AAPL,2026-02-03T13:39:00Z,268.36,268.36,268.34,268.34,1575,268.344,55
AAPL,2026-02-03T13:40:00Z,268.33,268.33,268.27,268.32,1446,268.302,71
AAPL,2026-02-03T13:41:00Z,268.38,268.38,268.27,268.33,2034,268.296,69
AAPL,2026-02-03T13:42:00Z,268.37,268.48,268.25,268.35,3433,268.392,77
AAPL,2026-02-03T13:43:00Z,268.32,268.32,268.31,268.31,735,268.317,48
AAPL,2026-02-03T13:44:00Z,268.32,268.44,268.32,268.44,930,268.405,61
AAPL,2026-02-03T13:45:00Z,268.43,268.44,268.41,268.42,2474,268.428,79
AAPL,2026-02-03T13:46:00Z,268.35,268.35,268.34,268.34,1142,268.345,55
AAPL,2026-02-03T13:47:00Z,268.43,268.5,268.43,268.5,1683,268.488,28
AAPL,2026-02-03T13:48:00Z,268.4,268.6,268.3,268.6,3100,268.369,64
AAPL,2026-02-03T13:49:00Z,268.54,268.6,268.54,268.6,1489,268.581,103
AAPL,2026-02-03T13:50:00Z,268.6,268.6,268.346,268.52,1077,268.507,37
AAPL,2026-02-03T13:51:00Z,268.5,268.5,268.3,268.5,3522,268.431,101
AAPL,2026-02-03T13:52:00Z,268.45,268.52,268.45,268.52,1664,268.456,47
AAPL,2026-02-03T13:53:00Z,268.48,268.5,268.32,268.5,2144,268.405,66
AAPL,2026-02-03T13:54:00Z,268.5,268.51,268.5,268.51,1313,268.508,51
AAPL,2026-02-03T13:55:00Z,268.342,268.59,268.32,268.59,3512,268.461,86
AAPL,2026-02-03T13:56:00Z,268.59,268.6,268.5,268.5,5227,268.592,77
AAPL,2026-02-03T13:57:00Z,268.46,268.46,268.362,268.362,1401,268.437,47
AAPL,2026-02-03T13:58:00Z,268.44,268.46,268.347,268.357,2930,268.399,89
AAPL,2026-02-03T13:59:00Z,268.52,268.52,268.403,268.5,4279,268.412,64
AAPL,2026-02-03T14:00:00Z,268.552,268.552,268.4,268.46,4787,268.428,45
AAPL,2026-02-03T14:01:00Z,268.45,268.58,268.45,268.58,4312,268.506,68
AAPL,2026-02-03T14:02:00Z,268.5,268.53,268.45,268.45,1912,268.503,51
AAPL,2026-02-03T14:03:00Z,268.52,268.52,268.5,268.5,1227,268.509,34
AAPL,2026-02-03T14:04:00Z,268.5,268.5,268.45,268.45,2556,268.461,82
AAPL,2026-02-03T14:05:00Z,268.37,268.383,268.35,268.35,2534,268.369,75
AAPL,2026-02-03T14:06:00Z,268.35,268.35,268.12,268.12,8607,268.196,243
AAPL,2026-02-03T14:07:00Z,268.12,268.197,268.12,268.19,1845,268.157,52
AAPL,2026-02-03T14:08:00Z,268.19,268.19,268.17,268.17,656,268.182,49
AAPL,2026-02-03T14:09:00Z,268.15,268.15,268.01,268.095,8234,268.077,174
AAPL,2026-02-03T14:10:00Z,268.11,268.15,268.095,268.14,2267,268.13,51
AAPL,2026-02-03T14:11:00Z,268.07,268.11,268.04,268.11,3826,268.062,96
AAPL,2026-02-03T14:12:00Z,268.1,268.3,268.1,268.3,4749,268.18,135
AAPL,2026-02-03T14:13:00Z,268.3,268.3,268.21,268.23,2077,268.244,53
AAPL,2026-02-03T14:14:00Z,268.24,268.49,268.22,268.49,7587,268.389,204
AAPL,2026-02-03T14:15:00Z,268.48,268.48,268.42,268.42,1726,268.435,71
AAPL,2026-02-03T14:16:00Z,268.42,268.42,268.06,268.06,21973,268.385,100
AAPL,2026-02-03T14:17:00Z,268.34,268.49,268.25,268.49,5153,268.393,110
AAPL,2026-02-03T14:18:00Z,268.29,268.45,268.29,268.32,857,268.346,64
AAPL,2026-02-03T14:19:00Z,268.39,268.39,268.22,268.22,5013,268.253,50
AAPL,2026-02-03T14:20:00Z,268.44,268.46,268.147,268.147,2234,268.33,60
AAPL,2026-02-03T14:21:00Z,268.25,268.4,268.2,268.34,10574,268.376,89
AAPL,2026-02-03T14:22:00Z,268.3,268.345,268.3,268.345,762,268.328,47
AAPL,2026-02-03T14:23:00Z,268.29,268.35,268.134,268.31,2132,268.302,56
AAPL,2026-02-03T14:24:00Z,268.25,268.3,268.04,268.04,4389,268.252,101
AAPL,2026-02-03T14:25:00Z,268.28,268.35,268,268.19,13019,268.16,219
AAPL,2026-02-03T14:26:00Z,268.258,268.3,268.03,268.19,3497,268.139,69
AAPL,2026-02-03T14:27:00Z,268.04,268.79,268.04,268.74,14774,268.521,419
AAPL,2026-02-03T14:28:00Z,268.88,269.19,268.8,268.8,22332,268.909,406
AAPL,2026-02-03T14:29:00Z,268.81,269.25,268.8,269.25,13258,269.011,191
AAPL,2026-02-03T14:30:00Z,269.2,269.98,269.07,269.905,1.12958e+06,269.566,18301
AAPL,2026-02-03T14:31:00Z,269.905,270.33,268.68,268.71,566188,269.636,7727
AAPL,2026-02-03T14:32:00Z,268.71,270.12,268.51,269.819,338430,269.415,4491
AAPL,2026-02-03T14:33:00Z,269.84,270.23,269.15,269.21,149396,269.661,3222
AAPL,2026-02-03T14:34:00Z,269.1,269.62,268.9,269.47,146034,269.324,2980
AAPL,2026-02-03T14:35:00Z,269.465,269.68,268.83,269.32,227871,269.311,4087
AAPL,2026-02-03T14:36:00Z,269.38,269.65,268.316,268.37,207740,268.835,3577
AAPL,2026-02-03T14:37:00Z,268.37,268.76,268.128,268.74,175470,268.377,3183
AAPL,2026-02-03T14:38:00Z,268.685,268.78,268.18,268.388,149285,268.469,2655
AAPL,2026-02-03T14:39:00Z,268.44,269,268.357,268.62,134106,268.746,2395
AAPL,2026-02-03T14:40:00Z,268.58,269.06,268.46,268.46,146802,268.808,2586
AAPL,2026-02-03T14:41:00Z,268.505,268.54,268.12,268.478,103032,268.342,2308
AAPL,2026-02-03T14:42:00Z,268.51,268.95,268.36,268.465,164060,268.558,2650
AAPL,2026-02-03T14:43:00Z,268.43,268.445,267.68,268,222919,267.919,5119
AAPL,2026-02-03T14:44:00Z,267.95,268.3,267.82,268.21,110753,268.075,2895
AAPL,2026-02-03T14:45:00Z,268.23,268.635,268.14,268.565,100844,268.323,2743
AAPL,2026-02-03T14:46:00Z,268.57,268.755,268.19,268.69,138600,268.588,3160
AAPL,2026-02-03T14:47:00Z,268.685,269.27,268.675,269.2,185234,269.062,4008
AAPL,2026-02-03T14:48:00Z,269.22,269.79,269.1,269.77,169124,269.389,3346
AAPL,2026-02-03T14:49:00Z,269.79,269.86,269.43,269.765,171111,269.696,3321
AAPL,2026-02-03T14:50:00Z,269.74,270.095,269.39,269.98,159930,269.81,3932
AAPL,2026-02-03T14:51:00Z,269.995,270.23,269.82,270.168,232332,270.05,3723
AAPL,2026-02-03T14:52:00Z,270.2,270.7,269.95,270.42,256631,270.375,4542
AAPL,2026-02-03T14:53:00Z,270.452,270.78,270.26,270.78,177720,270.602,3138
AAPL,2026-02-03T14:54:00Z,270.745,270.97,270.601,270.918,252647,270.821,4116
AAPL,2026-02-03T14:55:00Z,270.93,271.39,270.93,271.364,332386,271.104,5694
AAPL,2026-02-03T14:56:00Z,271.38,271.58,271.21,271.285,334593,271.404,5247
AAPL,2026-02-03T14:57:00Z,271.26,271.42,270.37,270.65,308896,270.786,4611
AAPL,2026-02-03T14:58:00Z,270.635,270.74,270.33,270.59,223002,270.532,4184
AAPL,2026-02-03T14:59:00Z,270.58,270.63,270.25,270.361,196036,270.44,3846
AAPL,2026-02-03T15:00:00Z,270.385,270.68,269.76,269.9,281515,270.21,4757
AAPL,2026-02-03T15:01:00Z,269.9,270.425,269.71,270.11,168493,270.033,3778
AAPL,2026-02-03T15:02:00Z,270.115,270.4,269.965,269.98,140342,270.12,3283
AAPL,2026-02-03T15:03:00Z,269.99,270.11,269.33,269.82,368235,269.751,3850
AAPL,2026-02-03T15:04:00Z,269.8,269.96,269.54,269.67,179645,269.718,3510
AAPL,2026-02-03T15:05:00Z,269.64,269.85,269.25,269.275,169844,269.585,3710
AAPL,2026-02-03T15:06:00Z,269.29,269.3,269.05,269.215,136761,269.17,2842
AAPL,2026-02-03T15:07:00Z,269.25,269.48,269.05,269.43,92476,269.256,2518
AAPL,2026-02-03T15:08:00Z,269.415,269.94,269.385,269.723,160239,269.689,3396
AAPL,2026-02-03T15:09:00Z,269.71,269.72,269.46,269.55,114834,269.579,4443
AAPL,2026-02-03T15:10:00Z,269.51,269.73,269.25,269.3,102887,269.539,2358
AAPL,2026-02-03T15:11:00Z,269.325,269.63,269.14,269.27,83588,269.352,2340
AAPL,2026-02-03T15:12:00Z,269.265,269.39,268.94,269.183,107700,269.138,2512
AAPL,2026-02-03T15:13:00Z,269.16,269.27,268.76,268.84,126630,268.98,2516
AAPL,2026-02-03T15:14:00Z,268.82,268.95,268.7,268.95,93403,268.84,2236
AAPL,2026-02-03T15:15:00Z,268.95,269.315,268.95,269.23,85235,269.211,2317
AAPL,2026-02-03T15:16:00Z,269.24,269.4,268.955,268.96,131453,269.206,2482
AAPL,2026-02-03T15:17:00Z,268.97,268.98,268.42,268.569,130780,268.641,2560
AAPL,2026-02-03T15:18:00Z,268.55,268.688,268.381,268.48,159730,268.524,2891
AAPL,2026-02-03T15:19:00Z,268.45,268.85,268.44,268.63,202486,268.614,3050
AAPL,2026-02-03T15:20:00Z,268.68,269.33,268.62,269.19,131561,269.062,2531
AAPL,2026-02-03T15:21:00Z,269.24,269.36,268.89,268.953,155322,269.14,3019
AAPL,2026-02-03T15:22:00Z,268.96,268.99,268.66,268.85,87886,268.83,2287
AAPL,2026-02-03T15:23:00Z,268.81,268.99,268.52,268.73,87531,268.795,2227
AAPL,2026-02-03T15:24:00Z,268.73,268.806,268.45,268.65,91378,268.607,2159
AAPL,2026-02-03T15:25:00Z,268.64,269.17,268.6,269.145,338763,268.898,2387
AAPL,2026-02-03T15:26:00Z,269.145,269.51,269.09,269.345,159912,269.315,2846
AAPL,2026-02-03T15:27:00Z,269.335,269.66,269.3,269.58,202285,269.508,2933
AAPL,2026-02-03T15:28:00Z,269.65,269.98,269.6,269.98,129246,269.759,2540
AAPL,2026-02-03T15:29:00Z,270,270.01,269.8,269.885,203258,269.912,3404
AAPL,2026-02-03T15:30:00Z,269.85,269.97,269.475,269.63,160009,269.708,2965
AAPL,2026-02-03T15:31:00Z,269.64,269.835,269.55,269.56,74064,269.674,2077
AAPL,2026-02-03T15:32:00Z,269.59,269.71,269.44,269.6,111853,269.568,2465
AAPL,2026-02-03T15:33:00Z,269.58,269.6,268.87,268.92,143467,269.273,2609
AAPL,2026-02-03T15:34:00Z,268.87,268.94,268.36,268.39,134781,268.593,2742
AAPL,2026-02-03T15:35:00Z,268.375,268.61,268.13,268.2,91342,268.393,2314
AAPL,2026-02-03T15:36:00Z,268.22,268.34,268.07,268.08,133958,268.207,2373
AAPL,2026-02-03T15:37:00Z,268.095,268.24,267.94,268.11,603662,268.097,2672
AAPL,2026-02-03T15:38:00Z,268.13,268.45,268.125,268.215,74557,268.272,2121
AAPL,2026-02-03T15:39:00Z,268.2,268.219,268.05,268.14,97089,268.099,2043
AAPL,2026-02-03T15:40:00Z,268.11,268.22,267.835,267.9,117705,268.028,2305
AAPL,2026-02-03T15:41:00Z,267.86,267.94,267.66,267.72,129688,267.807,2656
AAPL,2026-02-03T15:42:00Z,267.73,268.12,267.61,268.08,122444,267.867,2154
AAPL,2026-02-03T15:43:00Z,268.08,268.27,268.05,268.24,89843,268.204,2293
AAPL,2026-02-03T15:44:00Z,268.25,268.52,268.235,268.41,142582,268.417,2652
AAPL,2026-02-03T15:45:00Z,268.42,268.607,268.29,268.528,83717,268.413,2386
AAPL,2026-02-03T15:46:00Z,268.527,268.85,268.527,268.77,102830,268.692,2375
AAPL,2026-02-03T15:47:00Z,268.81,269.05,268.76,268.935,119393,268.925,2656
AAPL,2026-02-03T15:48:00Z,268.92,269.12,268.91,269.12,98381,269.013,2270
AAPL,2026-02-03T15:49:00Z,269.105,269.13,268.805,268.84,90471,268.974,2312
AAPL,2026-02-03T15:50:00Z,268.84,268.98,268.74,268.92,74150,268.846,2067
AAPL,2026-02-03T15:51:00Z,268.93,269.08,268.82,268.97,142041,268.996,2358
AAPL,2026-02-03T15:52:00Z,268.92,269,268.7,268.71,121945,268.858,2687
AAPL,2026-02-03T15:53:00Z,268.73,269.04,268.67,268.88,71435,268.874,2105
AAPL,2026-02-03T15:54:00Z,268.88,269.35,268.87,269.33,194381,269.097,2673
AAPL,2026-02-03T15:55:00Z,269.32,269.85,269.31,269.8,180666,269.646,2822
AAPL,2026-02-03T15:56:00Z,269.81,270.2,269.68,270.13,207175,269.948,3319
AAPL,2026-02-03T15:57:00Z,270.12,270.27,269.99,270.255,129322,270.124,2627
AAPL,2026-02-03T15:58:00Z,270.26,270.53,270.239,270.53,166893,270.38,2855
AAPL,2026-02-03T15:59:00Z,270.53,271.14,270.53,271.07,274383,270.795,3934
AAPL,2026-02-03T16:00:00Z,271.08,271.23,270.88,270.92,223369,271.068,3453
AAPL,2026-02-03T16:01:00Z,270.91,271.285,270.89,271.13,184102,271.097,3186
AAPL,2026-02-03T16:02:00Z,271.13,271.165,270.891,270.99,134898,271.037,2724
AAPL,2026-02-03T16:03:00Z,270.95,271,270.78,270.85,124196,270.898,2794
AAPL,2026-02-03T16:04:00Z,270.85,271.14,270.45,270.48,188163,270.857,3243
AAPL,2026-02-03T16:05:00Z,270.49,270.97,270.44,270.92,100083,270.675,2525
AAPL,2026-02-03T16:06:00Z,270.89,270.9,270.41,270.53,94292,270.631,2322
AAPL,2026-02-03T16:07:00Z,270.525,270.67,270.28,270.418,91322,270.447,2333
AAPL,2026-02-03T16:08:00Z,270.4,270.86,270.36,270.69,74418,270.652,2139
AAPL,2026-02-03T16:09:00Z,270.62,270.67,270.08,270.105,77595,270.31,2181
AAPL,2026-02-03T16:10:00Z,270.11,270.27,269.97,270.21,104992,270.086,2137
AAPL,2026-02-03T16:11:00Z,270.22,270.64,270.205,270.575,160305,270.527,2809
AAPL,2026-02-03T16:12:00Z,270.59,270.63,270.49,270.53,110013,270.553,2076
AAPL,2026-02-03T16:13:00Z,270.58,270.635,270.351,270.46,166159,270.513,2145
AAPL,2026-02-03T16:14:00Z,270.475,270.62,270.07,270.085,152074,270.367,2278
AAPL,2026-02-03T16:15:00Z,270.085,270.32,269.98,270.255,118962,270.121,2311
AAPL,2026-02-03T16:16:00Z,270.23,270.51,270.2,270.425,44508,270.372,1744
AAPL,2026-02-03T16:17:00Z,270.41,270.48,269.84,269.99,298668,270.079,3483
AAPL,2026-02-03T16:18:00Z,270.01,270.05,269.79,269.82,248347,269.962,3989
AAPL,2026-02-03T16:19:00Z,269.84,270.41,269.84,270.39,132625,269.987,2503
AAPL,2026-02-03T16:20:00Z,270.345,270.59,269.945,270.027,184520,270.23,3648
AAPL,2026-02-03T16:21:00Z,270.01,270.03,269.82,269.915,48184,269.932,1695
AAPL,2026-02-03T16:22:00Z,269.93,270.07,269.59,269.59,88916,269.941,2340
AAPL,2026-02-03T16:23:00Z,269.54,269.6,269.252,269.39,85174,269.419,2072
AAPL,2026-02-03T16:24:00Z,269.405,269.48,269.265,269.44,76137,269.384,1967
AAPL,2026-02-03T16:25:00Z,269.47,269.48,269,269.24,138876,269.193,2846
AAPL,2026-02-03T16:26:00Z,269.26,269.36,269,269.03,59297,269.191,1988
AAPL,2026-02-03T16:27:00Z,269.01,269.2,268.97,269.19,57554,269.114,1895
AAPL,2026-02-03T16:28:00Z,269.2,269.2,268.943,269,31885,269.109,1638
AAPL,2026-02-03T16:29:00Z,268.96,269.015,268.77,268.895,59890,268.873,1802
AAPL,2026-02-03T16:30:00Z,268.9,269.02,268.84,268.89,86895,268.942,1802
AAPL,2026-02-03T16:31:00Z,268.905,269.05,268.56,268.7,68987,268.833,1820
AAPL,2026-02-03T16:32:00Z,268.685,268.77,268.6,268.77,53137,268.701,1775
AAPL,2026-02-03T16:33:00Z,268.77,269.01,268.55,268.99,56295,268.735,1981
AAPL,2026-02-03T16:34:00Z,269.01,269.61,269,269.55,104942,269.34,2444
AAPL,2026-02-03T16:35:00Z,269.565,269.94,269.51,269.76,104704,269.716,2101
AAPL,2026-02-03T16:36:00Z,269.76,269.8,269.63,269.685,108072,269.715,2402
AAPL,2026-02-03T16:37:00Z,269.685,269.75,269.452,269.74,76283,269.681,1722
AAPL,2026-02-03T16:38:00Z,269.728,269.92,269.65,269.9,130121,269.787,2091
AAPL,2026-02-03T16:39:00Z,269.87,270.25,269.84,270.225,142034,270.011,2735
AAPL,2026-02-03T16:40:00Z,270.21,270.5,270.16,270.455,174876,270.326,2854
AAPL,2026-02-03T16:41:00Z,270.445,270.47,270.03,270.3,414954,270.086,2502
AAPL,2026-02-03T16:42:00Z,270.3,270.32,269.812,269.919,107165,270.1,2587
AAPL,2026-02-03T16:43:00Z,269.925,269.99,269.78,269.9,61640,269.881,1796
AAPL,2026-02-03T16:44:00Z,269.89,269.89,269.72,269.735,136140,269.787,2567
AAPL,2026-02-03T16:45:00Z,269.76,269.89,269.66,269.85,49686,269.797,1830
AAPL,2026-02-03T16:46:00Z,269.81,269.95,269.595,269.655,69445,269.733,2185
AAPL,2026-02-03T16:47:00Z,269.65,269.98,269.61,269.96,56560,269.721,1739
AAPL,2026-02-03T16:48:00Z,269.96,269.97,269.64,269.64,84254,269.755,2107
AAPL,2026-02-03T16:49:00Z,269.645,269.89,269.6,269.65,296961,269.751,1651
AAPL,2026-02-03T16:50:00Z,269.62,269.63,269.195,269.21,64213,269.398,2010
AAPL,2026-02-03T16:51:00Z,269.21,269.305,269.075,269.145,55167,269.186,1735
AAPL,2026-02-03T16:52:00Z,269.15,269.38,269.13,269.35,61218,269.28,1768
AAPL,2026-02-03T16:53:00Z,269.38,269.53,269.185,269.278,61601,269.36,1792
AAPL,2026-02-03T16:54:00Z,269.26,269.33,268.87,268.87,90952,269.079,2134
AAPL,2026-02-03T16:55:00Z,268.85,269.01,268.82,268.865,65641,268.925,1773
AAPL,2026-02-03T16:56:00Z,268.86,268.99,268.8,268.975,37548,268.889,1508
AAPL,2026-02-03T16:57:00Z,268.985,269,268.84,268.96,44201,268.932,1589
AAPL,2026-02-03T16:58:00Z,268.97,268.98,268.78,268.87,44845,268.873,1559
AAPL,2026-02-03T16:59:00Z,268.9,269,268.84,268.955,51775,268.929,1788
AAPL,2026-02-03T17:00:00Z,268.94,269.05,268.85,268.94,93026,268.955,2471
AAPL,2026-02-03T17:01:00Z,268.97,269.03,268.96,268.985,74670,268.989,1817
AAPL,2026-02-03T17:02:00Z,268.99,269.01,268.95,268.97,52835,268.986,1030
AAPL,2026-02-03T17:03:00Z,268.96,269.235,268.932,269.105,89405,269.114,1192
AAPL,2026-02-03T17:04:00Z,269.1,269.349,269.05,269.28,95378,269.195,1218
AAPL,2026-02-03T17:05:00Z,269.24,269.286,269.075,269.17,36889,269.131,864
AAPL,2026-02-03T17:06:00Z,269.175,269.6,269.165,269.6,50962,269.377,1049
AAPL,2026-02-03T17:07:00Z,269.605,269.78,269,269.28,194782,269.259,2034
AAPL,2026-02-03T17:08:00Z,269.278,269.58,269.15,269.58,66624,269.276,1388
AAPL,2026-02-03T17:09:00Z,269.61,269.61,269.31,269.583,82436,269.441,1561
AAPL,2026-02-03T17:10:00Z,269.58,269.725,269.46,269.725,55413,269.588,1106
AAPL,2026-02-03T17:11:00Z,269.74,269.74,269.42,269.485,904631,269.572,1638
AAPL,2026-02-03T17:12:00Z,269.5,269.5,268.64,268.68,128991,269.117,2398
AAPL,2026-02-03T17:13:00Z,268.704,268.97,268.66,268.91,84903,268.856,1402
AAPL,2026-02-03T17:14:00Z,268.99,269.025,268.78,268.92,87470,268.92,1633
AAPL,2026-02-03T17:15:00Z,268.9,269,268.78,268.89,62356,268.93,1279
AAPL,2026-02-03T17:16:00Z,268.87,269.21,268.84,268.98,97176,268.986,1675
AAPL,2026-02-03T17:17:00Z,268.99,269.25,268.96,269.145,56010,269.095,1231
AAPL,2026-02-03T17:18:00Z,269.14,269.34,269.11,269.31,62981,269.245,1292
AAPL,2026-02-03T17:19:00Z,269.29,269.29,268.67,268.7,167726,268.96,2715
AAPL,2026-02-03T17:20:00Z,268.65,268.65,268.31,268.32,191972,268.433,1560
AAPL,2026-02-03T17:21:00Z,268.32,268.69,268.29,268.6,95175,268.434,1648
AAPL,2026-02-03T17:22:00Z,268.58,268.65,268.36,268.545,104862,268.513,1797
AAPL,2026-02-03T17:23:00Z,268.53,268.82,268.53,268.68,72066,268.722,1446
AAPL,2026-02-03T17:24:00Z,268.71,268.8,268.67,268.685,42421,268.726,1004
AAPL,2026-02-03T17:25:00Z,268.71,268.95,268.69,268.905,79054,268.806,1231
AAPL,2026-02-03T17:26:00Z,268.9,268.91,268.775,268.81,68305,268.83,1109
AAPL,2026-02-03T17:27:00Z,268.81,268.92,268.645,268.755,79437,268.742,1240
AAPL,2026-02-03T17:28:00Z,268.78,268.84,268.7,268.81,47479,268.759,965
AAPL,2026-02-03T17:29:00Z,268.81,269.04,268.805,268.9,402205,268.923,1480
AAPL,2026-02-03T17:30:00Z,268.89,268.99,268.83,268.95,125475,268.919,1830
AAPL,2026-02-03T17:31:00Z,268.96,269.38,268.93,269.25,98884,269.231,1575
AAPL,2026-02-03T17:32:00Z,269.285,269.31,268.74,268.81,165548,269.033,2000
AAPL,2026-02-03T17:33:00Z,268.8,268.91,268.78,268.885,65078,268.848,1321
AAPL,2026-02-03T17:34:00Z,268.87,268.94,268.8,268.85,71056,268.879,1296
AAPL,2026-02-03T17:35:00Z,268.87,269.15,268.8,269.12,88817,268.915,1337
AAPL,2026-02-03T17:36:00Z,269.069,269.31,268.824,268.915,131782,269.069,2095
AAPL,2026-02-03T17:37:00Z,268.91,269.01,268.87,268.96,84300,268.954,1298
AAPL,2026-02-03T17:38:00Z,268.97,269.4,268.8,269.17,271411,269.026,3292
AAPL,2026-02-03T17:39:00Z,269.175,269.455,269.06,269.416,149796,269.31,2068
AAPL,2026-02-03T17:40:00Z,269.435,269.435,269.14,269.194,120555,269.285,1642
AAPL,2026-02-03T17:41:00Z,269.22,269.25,268.98,269.11,102723,269.104,1423
AAPL,2026-02-03T17:42:00Z,269.11,269.5,269.11,269.303,69994,269.408,1177
AAPL,2026-02-03T17:43:00Z,269.33,269.39,269.01,269.08,120177,269.149,1818
AAPL,2026-02-03T17:44:00Z,269.11,269.55,269.1,269.44,131675,269.376,1931
AAPL,2026-02-03T17:45:00Z,269.41,269.53,269.01,269.5,149029,269.292,1680
AAPL,2026-02-03T17:46:00Z,269.45,269.52,269.22,269.332,93000,269.364,1281
AAPL,2026-02-03T17:47:00Z,269.35,269.5,269.24,269.26,92687,269.381,1299
AAPL,2026-02-03T17:48:00Z,269.32,269.5,269.27,269.435,66035,269.357,1081
AAPL,2026-02-03T17:49:00Z,269.46,269.52,269.23,269.4,65636,269.359,1071
AAPL,2026-02-03T17:50:00Z,269.4,269.75,269.35,269.697,155997,269.516,1434
AAPL,2026-02-03T17:51:00Z,269.75,270,269.75,269.84,84391,269.9,1483
AAPL,2026-02-03T17:52:00Z,269.868,269.922,269.61,269.67,66370,269.771,1020
AAPL,2026-02-03T17:53:00Z,269.695,269.695,269.453,269.453,97706,269.562,1440
AAPL,2026-02-03T17:54:00Z,269.49,269.625,269.48,269.61,48076,269.561,932
AAPL,2026-02-03T17:55:00Z,269.62,269.86,269.62,269.62,58929,269.72,1037
AAPL,2026-02-03T17:56:00Z,269.625,269.89,269.54,269.89,74176,269.712,1039
AAPL,2026-02-03T17:57:00Z,269.89,269.89,269.67,269.67,57572,269.801,884
AAPL,2026-02-03T17:58:00Z,269.67,269.81,269.65,269.73,37451,269.734,788
AAPL,2026-02-03T17:59:00Z,269.72,269.79,269.58,269.63,65435,269.677,1096
AAPL,2026-02-03T18:00:00Z,269.68,269.96,269.68,269.94,87157,269.852,1317
AAPL,2026-02-03T18:01:00Z,269.93,270.1,269.84,269.855,143169,269.987,2001
AAPL,2026-02-03T18:02:00Z,269.855,269.955,269.84,269.935,69595,269.899,1037
AAPL,2026-02-03T18:03:00Z,269.935,270,269.865,269.955,39435,269.942,992
AAPL,2026-02-03T18:04:00Z,269.955,270,269.87,269.97,57463,269.957,922
AAPL,2026-02-03T18:05:00Z,269.965,270.02,269.63,269.8,95217,269.809,1394
AAPL,2026-02-03T18:06:00Z,269.78,269.97,269.77,269.93,46024,269.866,929
AAPL,2026-02-03T18:07:00Z,269.945,270.39,269.94,270.3,89281,270.147,1596
AAPL,2026-02-03T18:08:00Z,270.305,270.36,270.14,270.32,114065,270.291,1221
AAPL,2026-02-03T18:09:00Z,270.335,270.35,269.88,269.93,47735,270.108,918
AAPL,2026-02-03T18:10:00Z,269.91,269.931,269.77,269.81,31812,269.846,697
AAPL,2026-02-03T18:11:00Z,269.78,269.98,269.78,269.89,39318,269.882,788
AAPL,2026-02-03T18:12:00Z,269.885,269.96,269.7,269.74,43400,269.86,775
AAPL,2026-02-03T18:13:00Z,269.69,269.755,269.54,269.545,78693,269.642,1401
AAPL,2026-02-03T18:14:00Z,269.55,269.61,269.32,269.385,82154,269.418,1256
AAPL,2026-02-03T18:15:00Z,269.35,269.52,269.35,269.4,79463,269.451,1192
AAPL,2026-02-03T18:16:00Z,269.42,269.52,269.34,269.48,46980,269.429,955
AAPL,2026-02-03T18:17:00Z,269.5,269.601,269.43,269.585,71020,269.498,1111
AAPL,2026-02-03T18:18:00Z,269.605,269.9,269.585,269.861,59685,269.754,1106
AAPL,2026-02-03T18:19:00Z,269.893,269.92,269.75,269.85,94616,269.832,1407
AAPL,2026-02-03T18:20:00Z,269.84,269.88,269.62,269.66,129150,269.745,1435
AAPL,2026-02-03T18:21:00Z,269.65,269.96,269.64,269.94,59179,269.823,1129
AAPL,2026-02-03T18:22:00Z,269.92,269.99,269.76,269.785,59985,269.85,1008
AAPL,2026-02-03T18:23:00Z,269.77,269.81,269.6,269.685,68626,269.738,977
AAPL,2026-02-03T18:24:00Z,269.66,269.72,269.51,269.645,57240,269.606,834
AAPL,2026-02-03T18:25:00Z,269.64,269.69,269.43,269.45,40330,269.547,862
AAPL,2026-02-03T18:26:00Z,269.445,269.57,269.305,269.305,50823,269.437,877
AAPL,2026-02-03T18:27:00Z,269.28,269.36,269.04,269.13,67671,269.231,931
AAPL,2026-02-03T18:28:00Z,269.13,269.21,268.93,269.17,108739,269.099,1406
AAPL,2026-02-03T18:29:00Z,269.18,269.38,269.09,269.34,116121,269.235,1488
AAPL,2026-02-03T18:30:00Z,269.335,269.48,269.16,269.18,109139,269.344,1576
AAPL,2026-02-03T18:31:00Z,269.17,269.32,269.125,269.32,52486,269.215,909
AAPL,2026-02-03T18:32:00Z,269.315,269.59,269.3,269.41,85891,269.45,1302
AAPL,2026-02-03T18:33:00Z,269.405,269.43,269.21,269.37,62228,269.36,1021
AAPL,2026-02-03T18:34:00Z,269.365,269.5,269.11,269.19,80737,269.347,1086
AAPL,2026-02-03T18:35:00Z,269.18,269.27,269.11,269.24,39893,269.187,884
AAPL,2026-02-03T18:36:00Z,269.27,269.27,268.88,268.89,68152,269.119,968
AAPL,2026-02-03T18:37:00Z,268.88,269.15,268.85,269.015,76074,269.021,1065
AAPL,2026-02-03T18:38:00Z,269.04,269.3,269,269.242,60340,269.164,988
AAPL,2026-02-03T18:39:00Z,269.22,269.66,269.12,269.65,178525,269.265,2423
AAPL,2026-02-03T18:40:00Z,269.635,269.69,269.335,269.36,102239,269.546,1314
AAPL,2026-02-03T18:41:00Z,269.34,269.59,269.33,269.57,44907,269.447,763
AAPL,2026-02-03T18:42:00Z,269.585,269.61,269.245,269.315,152713,269.382,2179
AAPL,2026-02-03T18:43:00Z,269.33,269.53,269.32,269.5,90931,269.394,1394
AAPL,2026-02-03T18:44:00Z,269.5,269.57,269.25,269.525,134862,269.411,1747
AAPL,2026-02-03T18:45:00Z,269.525,269.62,269.37,269.545,112586,269.531,1664
AAPL,2026-02-03T18:46:00Z,269.56,269.66,269.551,269.64,50558,269.613,919
AAPL,2026-02-03T18:47:00Z,269.64,269.92,269.64,269.87,40924,269.795,846
AAPL,2026-02-03T18:48:00Z,269.885,269.93,269.76,269.91,49348,269.837,832
AAPL,2026-02-03T18:49:00Z,269.93,270.27,269.91,270.23,199539,270.093,2260
AAPL,2026-02-03T18:50:00Z,270.227,270.33,270.14,270.2,79778,270.231,1235
AAPL,2026-02-03T18:51:00Z,270.21,270.22,269.95,270.025,89421,270.06,1328
AAPL,2026-02-03T18:52:00Z,270.02,270.15,270,270.12,49709,270.069,1001
AAPL,2026-02-03T18:53:00Z,270.14,270.345,270.12,270.275,93935,270.256,1348
AAPL,2026-02-03T18:54:00Z,270.275,270.34,270.22,270.33,100052,270.277,1154
AAPL,2026-02-03T18:55:00Z,270.33,270.54,270.31,270.535,110288,270.414,1687
AAPL,2026-02-03T18:56:00Z,270.55,270.57,270.28,270.305,82819,270.408,1318
AAPL,2026-02-03T18:57:00Z,270.305,270.305,270.03,270.1,77330,270.14,1115
AAPL,2026-02-03T18:58:00Z,270.12,270.315,270.12,270.3,46647,270.223,938
AAPL,2026-02-03T18:59:00Z,270.3,270.34,270.15,270.25,115620,270.247,1802
AAPL,2026-02-03T19:00:00Z,270.26,270.44,270.15,270.44,113544,270.266,2027
AAPL,2026-02-03T19:01:00Z,270.431,270.49,270.27,270.49,112660,270.4,1757
AAPL,2026-02-03T19:02:00Z,270.45,270.48,270.18,270.2,93483,270.346,1260
AAPL,2026-02-03T19:03:00Z,270.2,270.25,270.055,270.165,98836,270.152,1474
AAPL,2026-02-03T19:04:00Z,270.18,270.285,270.14,270.227,70964,270.226,1161
AAPL,2026-02-03T19:05:00Z,270.2,270.29,270.02,270.24,68105,270.126,1182
AAPL,2026-02-03T19:06:00Z,270.23,270.29,270.105,270.23,58641,270.201,939
AAPL,2026-02-03T19:07:00Z,270.24,270.28,270.07,270.135,128902,270.175,1569
AAPL,2026-02-03T19:08:00Z,270.135,270.14,269.93,269.96,82277,269.991,1526
AAPL,2026-02-03T19:09:00Z,269.97,270.18,269.92,270.09,105905,270.068,1659
AAPL,2026-02-03T19:10:00Z,270.07,270.38,270.01,270.23,163434,270.221,1792
AAPL,2026-02-03T19:11:00Z,270.25,270.62,270.2,270.589,97159,270.396,1516
AAPL,2026-02-03T19:12:00Z,270.6,270.94,270.5,270.94,254933,270.769,3770
AAPL,2026-02-03T19:13:00Z,270.919,270.955,270.682,270.81,237346,270.828,2702
AAPL,2026-02-03T19:14:00Z,270.825,270.98,270.5,270.84,211194,270.767,1950
AAPL,2026-02-03T19:15:00Z,270.82,270.89,270.64,270.707,81719,270.798,1330
AAPL,2026-02-03T19:16:00Z,270.69,270.83,270.61,270.74,72272,270.744,1208
AAPL,2026-02-03T19:17:00Z,270.74,270.9,270.72,270.845,107992,270.79,1402
AAPL,2026-02-03T19:18:00Z,270.83,271.13,270.83,271.121,220857,270.987,2463
AAPL,2026-02-03T19:19:00Z,271.12,271.37,271.12,271.315,166198,271.266,1839
AAPL,2026-02-03T19:20:00Z,271.315,271.489,271.28,271.3,120867,271.412,1421
AAPL,2026-02-03T19:21:00Z,271.31,271.77,271.297,271.74,147332,271.563,2281
AAPL,2026-02-03T19:22:00Z,271.75,271.8,271.64,271.655,165070,271.699,1714
AAPL,2026-02-03T19:23:00Z,271.65,271.875,271.6,271.76,200630,271.725,1751
AAPL,2026-02-03T19:24:00Z,271.735,271.8,271.27,271.36,97753,271.507,1338
AAPL,2026-02-03T19:25:00Z,271.36,271.59,271.215,271.264,95724,271.378,1480
AAPL,2026-02-03T19:26:00Z,271.28,271.51,271.26,271.49,148927,271.371,1440
AAPL,2026-02-03T19:27:00Z,271.51,271.52,271.355,271.405,76106,271.424,1078
AAPL,2026-02-03T19:28:00Z,271.415,271.415,271.225,271.275,53420,271.309,1041
AAPL,2026-02-03T19:29:00Z,271.29,271.48,271.26,271.48,94386,271.363,1457
AAPL,2026-02-03T19:30:00Z,271.47,271.62,271.37,271.52,96758,271.506,1964
AAPL,2026-02-03T19:31:00Z,271.529,271.57,271.37,271.5,60638,271.47,1000
AAPL,2026-02-03T19:32:00Z,271.505,271.69,271.5,271.605,63153,271.611,1021
AAPL,2026-02-03T19:33:00Z,271.605,271.7,271.49,271.505,53320,271.619,951
AAPL,2026-02-03T19:34:00Z,271.51,271.51,271.25,271.29,95395,271.356,1046
AAPL,2026-02-03T19:35:00Z,271.27,271.488,271.17,271.41,105694,271.258,1219
AAPL,2026-02-03T19:36:00Z,271.41,271.48,271.19,271.265,52029,271.321,890
AAPL,2026-02-03T19:37:00Z,271.275,271.29,271.05,271.185,64330,271.187,1275
AAPL,2026-02-03T19:38:00Z,271.215,271.25,270.89,270.91,62553,271.09,1165
AAPL,2026-02-03T19:39:00Z,270.93,270.98,270.82,270.96,78640,270.914,1005
AAPL,2026-02-03T19:40:00Z,270.92,271.18,270.89,270.95,66862,271.024,1159
AAPL,2026-02-03T19:41:00Z,270.98,271.01,270.86,270.935,95582,270.93,1152
AAPL,2026-02-03T19:42:00Z,270.92,271.1,270.87,270.98,84707,270.971,1212
AAPL,2026-02-03T19:43:00Z,270.99,270.99,270.665,270.79,88161,270.829,1302
AAPL,2026-02-03T19:44:00Z,270.77,270.97,270.7,270.95,75421,270.834,1083
AAPL,2026-02-03T19:45:00Z,270.96,271.04,270.57,270.59,79091,270.814,1300
AAPL,2026-02-03T19:46:00Z,270.62,270.77,270.57,270.72,70955,270.669,953
AAPL,2026-02-03T19:47:00Z,270.72,270.87,270.68,270.77,74371,270.76,1017
AAPL,2026-02-03T19:48:00Z,270.77,270.92,270.76,270.92,52660,270.831,1010
AAPL,2026-02-03T19:49:00Z,270.96,271.01,270.77,270.85,92329,270.896,1390
AAPL,2026-02-03T19:50:00Z,270.85,271.16,270.81,270.99,112219,271.053,1628
AAPL,2026-02-03T19:51:00Z,270.975,270.975,270.52,270.855,125736,270.695,1732
AAPL,2026-02-03T19:52:00Z,270.85,270.95,270.57,270.725,109568,270.792,1297
AAPL,2026-02-03T19:53:00Z,270.725,271.12,270.64,270.82,142564,270.896,2312
AAPL,2026-02-03T19:54:00Z,270.86,270.87,270.4,270.565,42719,270.559,877
AAPL,2026-02-03T19:55:00Z,270.57,270.68,270.48,270.67,42915,270.601,827
AAPL,2026-02-03T19:56:00Z,270.655,270.746,270.52,270.59,53779,270.638,1102
AAPL,2026-02-03T19:57:00Z,270.55,270.565,270.3,270.32,63039,270.388,993
AAPL,2026-02-03T19:58:00Z,270.29,270.39,270.15,270.19,89576,270.276,1262
AAPL,2026-02-03T19:59:00Z,270.22,270.22,269.95,270,87126,270.071,1453
AAPL,2026-02-03T20:00:00Z,269.97,270.24,269.84,269.87,85855,270.013,1200
AAPL,2026-02-03T20:01:00Z,269.9,270,269.63,269.67,101916,269.78,1404
AAPL,2026-02-03T20:02:00Z,269.67,269.75,269.55,269.58,90965,269.629,1140
AAPL,2026-02-03T20:03:00Z,269.59,269.625,269.41,269.62,63773,269.526,1046
AAPL,2026-02-03T20:04:00Z,269.615,269.69,269.28,269.31,70596,269.534,1155
AAPL,2026-02-03T20:05:00Z,269.28,269.39,269.09,269.11,134515,269.217,1740
AAPL,2026-02-03T20:06:00Z,269.1,269.42,268.93,269.1,144764,269.118,1640
AAPL,2026-02-03T20:07:00Z,269.13,269.16,268.74,268.76,89693,268.924,1288
AAPL,2026-02-03T20:08:00Z,268.77,268.94,268.65,268.805,153538,268.779,1569
AAPL,2026-02-03T20:09:00Z,268.806,268.98,268.7,268.945,152174,268.823,1921
AAPL,2026-02-03T20:10:00Z,268.92,269.2,268.86,269.19,89698,268.998,1322
AAPL,2026-02-03T20:11:00Z,269.22,269.39,269.07,269.09,81708,269.224,1160
AAPL,2026-02-03T20:12:00Z,269.09,269.25,269.01,269.07,80378,269.143,1271
AAPL,2026-02-03T20:13:00Z,269.07,269.47,269.07,269.455,62127,269.223,1047
AAPL,2026-02-03T20:14:00Z,269.465,269.87,269.43,269.83,122300,269.729,1779
AAPL,2026-02-03T20:15:00Z,269.84,269.84,269.57,269.6,91058,269.672,1240
AAPL,2026-02-03T20:16:00Z,269.57,269.77,269.48,269.58,80661,269.577,1237
AAPL,2026-02-03T20:17:00Z,269.575,269.71,269.49,269.67,67273,269.62,997
AAPL,2026-02-03T20:18:00Z,269.64,269.66,269.11,269.18,76842,269.414,1231
AAPL,2026-02-03T20:19:00Z,269.2,269.44,268.945,268.95,57344,269.222,1118
AAPL,2026-02-03T20:20:00Z,268.95,269.085,268.81,269.046,61050,268.944,1184
AAPL,2026-02-03T20:21:00Z,269.03,269.15,268.96,269.115,42802,269.033,894
AAPL,2026-02-03T20:22:00Z,269.13,269.13,269.01,269.06,53069,269.046,816
AAPL,2026-02-03T20:23:00Z,269.04,269.49,268.89,269.245,86683,269.18,1554
AAPL,2026-02-03T20:24:00Z,269.225,269.24,269.03,269.2,63757,269.16,1079
AAPL,2026-02-03T20:25:00Z,269.2,269.395,269.2,269.35,57839,269.303,1058
AAPL,2026-02-03T20:26:00Z,269.355,269.42,269.31,269.38,50084,269.359,933
AAPL,2026-02-03T20:27:00Z,269.385,269.6,269.37,269.6,59957,269.449,1089
AAPL,2026-02-03T20:28:00Z,269.6,269.604,269.3,269.3,96494,269.48,1536
AAPL,2026-02-03T20:29:00Z,269.33,269.335,269.15,269.22,66091,269.229,1192
AAPL,2026-02-03T20:30:00Z,269.23,269.43,269.21,269.375,89470,269.337,1629
AAPL,2026-02-03T20:31:00Z,269.39,269.41,269.24,269.33,104377,269.307,1860
AAPL,2026-02-03T20:32:00Z,269.34,269.45,269.245,269.37,144193,269.364,2617
AAPL,2026-02-03T20:33:00Z,269.355,269.6,269.35,269.555,100024,269.483,1835
AAPL,2026-02-03T20:34:00Z,269.55,269.84,269.54,269.835,113337,269.711,1780
AAPL,2026-02-03T20:35:00Z,269.835,270.05,269.835,269.9,115251,269.946,1854
AAPL,2026-02-03T20:36:00Z,269.87,269.94,269.69,269.94,120949,269.796,1621
AAPL,2026-02-03T20:37:00Z,269.95,269.97,269.68,269.68,116355,269.789,1844
AAPL,2026-02-03T20:38:00Z,269.68,269.85,269.58,269.83,117871,269.729,1589
AAPL,2026-02-03T20:39:00Z,269.83,269.86,269.53,269.6,84024,269.66,1214
AAPL,2026-02-03T20:40:00Z,269.609,269.787,269.58,269.68,157545,269.698,1574
AAPL,2026-02-03T20:41:00Z,269.65,269.73,269.56,269.64,76554,269.628,1201
AAPL,2026-02-03T20:42:00Z,269.63,269.64,269.46,269.5,69189,269.538,1348
AAPL,2026-02-03T20:43:00Z,269.52,269.52,269.3,269.36,71455,269.39,1223
AAPL,2026-02-03T20:44:00Z,269.38,269.55,269.37,269.41,70831,269.431,1319
AAPL,2026-02-03T20:45:00Z,269.42,269.51,269.3,269.495,81994,269.415,1378
AAPL,2026-02-03T20:46:00Z,269.51,269.56,269.38,269.505,67477,269.467,1221
AAPL,2026-02-03T20:47:00Z,269.52,269.69,269.39,269.48,85062,269.54,1349
AAPL,2026-02-03T20:48:00Z,269.47,269.54,269.195,269.25,71329,269.378,1306
AAPL,2026-02-03T20:49:00Z,269.27,269.465,269.14,269.42,64853,269.286,1118
AAPL,2026-02-03T20:50:00Z,269.49,270,269.47,269.785,274189,269.798,4803
AAPL,2026-02-03T20:51:00Z,269.77,269.82,269.42,269.62,111245,269.611,1989
AAPL,2026-02-03T20:52:00Z,269.61,269.62,269.32,269.58,124862,269.431,2210
AAPL,2026-02-03T20:53:00Z,269.58,269.615,269.125,269.125,140943,269.335,2616
AAPL,2026-02-03T20:54:00Z,269.14,269.21,268.825,269.08,186398,269.035,3407
AAPL,2026-02-03T20:55:00Z,269.08,269.46,268.92,269.42,185096,269.246,2949
AAPL,2026-02-03T20:56:00Z,269.43,269.52,269.33,269.49,162977,269.417,2491
AAPL,2026-02-03T20:57:00Z,269.48,269.765,269.37,269.44,239847,269.586,3291
AAPL,2026-02-03T20:58:00Z,269.439,269.66,269.39,269.65,301546,269.575,3983
AAPL,2026-02-03T20:59:00Z,269.66,269.73,269.4,269.49,797129,269.579,9559
AAPL,2026-02-03T21:00:00Z,269.49,269.71,269.342,269.71,9.24001e+06,269.48,300
AAPL,2026-02-03T21:01:00Z,269.75,269.75,269.62,269.7,138967,269.742,42
AAPL,2026-02-03T21:02:00Z,269.66,269.73,269.6,269.73,1.53408e+06,269.651,115
AAPL,2026-02-03T21:03:00Z,269.75,269.75,269.69,269.7,633067,269.714,122
AAPL,2026-02-03T21:04:00Z,269.71,269.72,269.7,269.7,317462,269.709,99
AAPL,2026-02-03T21:05:00Z,269.72,269.72,269.68,269.68,1873,269.693,51
AAPL,2026-02-03T21:06:00Z,269.8,269.8,269.7,269.7,2717,269.789,35
AAPL,2026-02-03T21:07:00Z,269.7,269.725,269.65,269.65,1918,269.68,59
AAPL,2026-02-03T21:08:00Z,269.68,269.75,269.65,269.75,976,269.72,34
AAPL,2026-02-03T21:10:00Z,269.69,269.77,269.68,269.68,2017,269.716,68
AAPL,2026-02-03T21:11:00Z,269.75,269.75,269.75,269.75,359,269.75,12
AAPL,2026-02-03T21:12:00Z,269.88,269.88,269.65,269.65,2700,269.724,69
AAPL,2026-02-03T21:13:00Z,269.7,269.7,269.7,269.7,3.80173e+06,269.7,24
AAPL,2026-02-03T21:15:00Z,269.72,269.8,269.69,269.75,1826,269.752,58
AAPL,2026-02-03T21:16:00Z,269.6,269.69,269.6,269.69,28165,269.645,53
AAPL,2026-02-03T21:17:00Z,269.74,269.81,269.51,269.51,2126,269.686,58
AAPL,2026-02-03T21:18:00Z,269.748,269.81,269.748,269.81,3778,269.797,45
AAPL,2026-02-03T21:19:00Z,269.76,270,269.54,270,3900,269.809,167
AAPL,2026-02-03T21:20:00Z,269.96,269.96,269.6,269.6,26978,269.87,32
AAPL,2026-02-03T21:21:00Z,269.73,269.91,269.73,269.91,1827,269.777,53
AAPL,2026-02-03T21:22:00Z,269.92,269.93,269.88,269.88,2199,269.917,88
AAPL,2026-02-03T21:24:00Z,269.672,269.672,269.672,269.672,495,269.672,20
AAPL,2026-02-03T21:25:00Z,269.8,269.8,269.8,269.8,280,269.8,20
AAPL,2026-02-03T21:26:00Z,269.676,269.72,269.676,269.69,1101,269.691,23
AAPL,2026-02-03T21:27:00Z,269.8,270,269.8,270,3833,269.914,153
AAPL,2026-02-03T21:28:00Z,270.13,270.13,269.9,270,3882,269.993,108
AAPL,2026-02-03T21:29:00Z,270,270.1,269.97,270.1,4924,270.052,73
AAPL,2026-02-03T21:30:00Z,270.08,270.08,269.89,269.91,1665,269.932,36
AAPL,2026-02-03T21:32:00Z,269.807,269.807,269.807,269.807,172,269.807,14
AAPL,2026-02-03T21:33:00Z,269.83,269.83,269.76,269.8,1623,269.802,43
AAPL,2026-02-03T21:34:00Z,269.8,269.8,269.48,269.48,12405,269.515,29
AAPL,2026-02-03T21:35:00Z,269.76,269.79,269.69,269.69,890,269.741,35
AAPL,2026-02-03T21:36:00Z,269.8,269.8,269.8,269.8,383,269.8,14
AAPL,2026-02-03T21:38:00Z,269.71,269.71,269.68,269.68,2921,269.689,44
AAPL,2026-02-03T21:41:00Z,269.68,269.72,269.555,269.555,1027,269.671,39
AAPL,2026-02-03T21:42:00Z,269.58,269.59,269.51,269.51,964,269.56,31
AAPL,2026-02-03T21:43:00Z,269.52,269.52,269.52,269.52,275,269.52,20
AAPL,2026-02-03T21:47:00Z,269.59,269.6,269.58,269.58,552,269.591,19
AAPL,2026-02-03T21:48:00Z,269.551,269.551,269.551,269.551,1220,269.551,19
AAPL,2026-02-03T21:51:00Z,269.57,269.65,269.57,269.65,583,269.61,27
AAPL,2026-02-03T21:53:00Z,269.51,269.65,269.51,269.51,1147,269.552,38
AAPL,2026-02-03T21:54:00Z,269.52,269.52,269.51,269.51,938,269.515,37
AAPL,2026-02-03T21:56:00Z,269.55,269.55,269.55,269.55,398,269.55,11
AAPL,2026-02-03T21:57:00Z,269.52,269.52,269.13,269.13,3398,269.463,61
AAPL,2026-02-03T21:58:00Z,269.51,269.51,269.49,269.49,698,269.495,24
AAPL,2026-02-03T21:59:00Z,269.51,269.51,269.51,269.51,194,269.51,11
AAPL,2026-02-03T22:00:00Z,269.49,269.49,269.49,269.49,365705,269.49,28
AAPL,2026-02-03T22:02:00Z,269.29,269.29,269.29,269.29,265,269.29,20
AAPL,2026-02-03T22:03:00Z,269.3,269.3,269.3,269.3,794,269.3,11
AAPL,2026-02-03T22:04:00Z,269.32,269.32,269.32,269.32,523,269.32,45
AAPL,2026-02-03T22:05:00Z,269.43,269.43,269.43,269.43,358,269.43,25
AAPL,2026-02-03T22:06:00Z,269.42,269.42,269.37,269.37,916,269.398,18
AAPL,2026-02-03T22:08:00Z,269.32,269.32,269.25,269.3,2870,269.298,89
AAPL,2026-02-03T22:10:00Z,269.17,269.25,269,269,1300,269.151,46
AAPL,2026-02-03T22:11:00Z,269.09,269.25,269.09,269.202,2242,269.199,44
AAPL,2026-02-03T22:12:00Z,269.25,269.25,269.25,269.25,400,269.25,18
AAPL,2026-02-03T22:14:00Z,269.25,269.25,269.25,269.25,607,269.25,19
AAPL,2026-02-03T22:15:00Z,269.2,269.2,269.2,269.2,240,269.2,7
AAPL,2026-02-03T22:16:00Z,269.25,269.25,269.24,269.25,1160,269.249,29
AAPL,2026-02-03T22:17:00Z,269.25,269.25,269.25,269.25,694,269.25,30
AAPL,2026-02-03T22:18:00Z,269.25,269.25,269.2,269.24,1447,269.223,52
AAPL,2026-02-03T22:20:00Z,269.2,269.25,269.2,269.25,1533,269.242,35
AAPL,2026-02-03T22:21:00Z,269.25,269.29,269.25,269.29,902,269.269,52
AAPL,2026-02-03T22:23:00Z,269.236,269.236,269.236,269.236,360,269.236,27
AAPL,2026-02-03T22:26:00Z,269.43,269.45,269.43,269.45,736,269.435,52
AAPL,2026-02-03T22:27:00Z,269.35,269.35,269.35,269.35,216,269.35,7
AAPL,2026-02-03T22:28:00Z,269.283,269.32,269.283,269.32,590,269.292,21
AAPL,2026-02-03T22:31:00Z,269.44,269.49,269.44,269.49,779,269.449,17
AAPL,2026-02-03T22:33:00Z,269.458,269.458,269.458,269.458,471,269.458,14
AAPL,2026-02-03T22:36:00Z,269.43,269.43,269.43,269.43,201,269.43,19
AAPL,2026-02-03T22:37:00Z,269.26,269.26,269.26,269.26,255,269.26,17
AAPL,2026-02-03T22:38:00Z,269.42,269.42,269.42,269.42,80291,269.42,7
AAPL,2026-02-03T22:39:00Z,269.42,269.44,269.42,269.44,356,269.43,15
AAPL,2026-02-03T22:40:00Z,269.43,269.43,269.43,269.43,208,269.43,12
AAPL,2026-02-03T22:42:00Z,269.33,269.33,269.32,269.32,629,269.322,16
AAPL,2026-02-03T22:43:00Z,269.31,269.31,269.25,269.25,633,269.28,28
AAPL,2026-02-03T22:44:00Z,269.22,269.42,269.22,269.42,1396,269.257,34
AAPL,2026-02-03T22:46:00Z,269.4,269.4,269.4,269.4,103,269.4,3
AAPL,2026-02-03T22:48:00Z,269.48,269.48,269.48,269.48,1087,269.48,9
AAPL,2026-02-03T22:49:00Z,269.26,269.26,269.25,269.25,1014,269.251,12
AAPL,2026-02-03T22:50:00Z,269.3,269.3,269.3,269.3,2409,269.3,16
AAPL,2026-02-03T22:51:00Z,269.3,269.3,269.3,269.3,206,269.3,21
AAPL,2026-02-03T22:52:00Z,269.4,269.4,269.4,269.4,493,269.4,12
AAPL,2026-02-03T22:53:00Z,269.25,269.25,269.2,269.2,1279,269.208,17
AAPL,2026-02-03T22:54:00Z,269.29,269.29,269.29,269.29,921,269.29,65
AAPL,2026-02-03T22:55:00Z,269.4,269.4,269.4,269.4,525,269.4,29
AAPL,2026-02-03T22:56:00Z,269.29,269.29,269.29,269.29,219,269.29,18
AAPL,2026-02-03T23:00:00Z,269.46,269.48,269.45,269.45,1303,269.466,49
AAPL,2026-02-03T23:01:00Z,269.56,269.68,269.56,269.65,1947,269.637,109
AAPL,2026-02-03T23:02:00Z,269.82,269.82,269.82,269.82,633,269.82,42
AAPL,2026-02-03T23:03:00Z,269.84,269.87,269.8,269.83,3418,269.828,50
AAPL,2026-02-03T23:04:00Z,269.7,269.79,269.7,269.79,474,269.745,10
AAPL,2026-02-03T23:05:00Z,269.65,269.65,269.65,269.65,554,269.65,10
AAPL,2026-02-03T23:06:00Z,269.61,269.61,269.44,269.44,8878,269.515,33
AAPL,2026-02-03T23:07:00Z,269.6,269.75,269.6,269.75,1574,269.713,29
AAPL,2026-02-03T23:08:00Z,269.295,269.295,269.295,269.295,596,269.295,14
AAPL,2026-02-03T23:09:00Z,269.32,269.32,269.279,269.279,903,269.286,27
AAPL,2026-02-03T23:10:00Z,269.25,269.44,269.25,269.44,1424,269.361,16
AAPL,2026-02-03T23:13:00Z,269.5,269.75,269.44,269.62,3084,269.496,75
AAPL,2026-02-03T23:14:00Z,269.88,269.88,269.78,269.78,1638,269.834,54
AAPL,2026-02-03T23:15:00Z,269.71,269.88,269.71,269.88,3226,269.775,71
AAPL,2026-02-03T23:16:00Z,269.9,270.05,269.697,270.05,6339,269.981,121
AAPL,2026-02-03T23:17:00Z,270.33,270.33,270.12,270.12,1262,270.275,35
AAPL,2026-02-03T23:20:00Z,270.01,270.01,270,270,1464,270.001,23
AAPL,2026-02-03T23:21:00Z,270,270,269.86,269.86,343,269.933,13
AAPL,2026-02-03T23:22:00Z,269.79,269.79,269.48,269.48,537,269.583,13
AAPL,2026-02-03T23:24:00Z,269.577,269.577,269.577,269.577,167,269.577,4
AAPL,2026-02-03T23:25:00Z,269.48,269.88,269.48,269.88,523,269.68,16
AAPL,2026-02-03T23:28:00Z,269.63,269.63,269.48,269.5,1176,269.585,29
AAPL,2026-02-03T23:30:00Z,269.51,269.51,269.51,269.51,542,269.51,50
AAPL,2026-02-03T23:32:00Z,269.31,269.48,269.31,269.48,436,269.416,15
AAPL,2026-02-03T23:33:00Z,269.45,269.45,269.45,269.45,1100,269.45,13
AAPL,2026-02-03T23:34:00Z,269.43,269.43,269.2,269.2,569,269.315,19
AAPL,2026-02-03T23:35:00Z,269.32,269.48,269.32,269.48,272,269.4,6
AAPL,2026-02-03T23:37:00Z,269.45,269.45,269.45,269.45,259,269.45,13
AAPL,2026-02-03T23:38:00Z,269.35,269.36,269.3,269.36,1348,269.31,26
AAPL,2026-02-03T23:42:00Z,269.303,269.303,269.303,269.303,113,269.303,6
AAPL,2026-02-03T23:44:00Z,269.267,269.267,269.263,269.263,368,269.264,10
AAPL,2026-02-03T23:45:00Z,269.272,269.272,269.272,269.272,315,269.272,20
AAPL,2026-02-03T23:47:00Z,269.3,269.3,269.3,269.3,1127,269.3,22
AAPL,2026-02-03T23:48:00Z,269.6,269.66,269.55,269.66,709,269.603,45
AAPL,2026-02-03T23:50:00Z,269.58,269.58,269.58,269.58,641,269.58,16
AAPL,2026-02-03T23:51:00Z,269.58,269.58,269.58,269.58,357,269.58,20
AAPL,2026-02-03T23:52:00Z,269.53,269.6,269.53,269.6,813,269.58,23
AAPL,2026-02-03T23:53:00Z,269.75,269.75,269.75,269.75,404,269.75,33
AAPL,2026-02-03T23:54:00Z,269.77,269.77,269.77,269.77,208,269.77,7
AAPL,2026-02-03T23:55:00Z,269.78,269.78,269.77,269.77,953,269.778,47
AAPL,2026-02-03T23:56:00Z,269.74,269.78,269.74,269.78,904,269.768,24
AAPL,2026-02-03T23:57:00Z,269.48,269.77,269.48,269.77,528,269.594,23
AAPL,2026-02-03T23:58:00Z,269.97,269.97,269.97,269.97,939,269.97,40
AAPL,2026-02-04T00:00:00Z,270,270,269.98,269.98,842,269.996,24
AAPL,2026-02-04T00:01:00Z,269.63,269.75,269.54,269.75,1127,269.576,21
AAPL,2026-02-04T00:02:00Z,269.61,269.61,269.48,269.49,566,269.525,20
AAPL,2026-02-04T00:05:00Z,269.516,269.516,269.516,269.516,426,269.516,8
AAPL,2026-02-04T00:06:00Z,269.65,269.65,269.65,269.65,342,269.65,8
AAPL,2026-02-04T00:07:00Z,269.96,269.97,269.96,269.97,685,269.966,33
AAPL,2026-02-04T00:10:00Z,269.54,269.54,269.54,269.54,415,269.54,24
AAPL,2026-02-04T00:12:00Z,269.65,269.65,269.65,269.65,140,269.65,10
AAPL,2026-02-04T00:15:00Z,269.74,269.74,269.74,269.74,430,269.74,25
AAPL,2026-02-04T00:16:00Z,269.75,269.75,269.74,269.74,2715,269.741,65
AAPL,2026-02-04T00:17:00Z,269.99,269.99,269.99,269.99,575,269.99,29
AAPL,2026-02-04T00:18:00Z,269.8,269.8,269.8,269.8,223,269.8,6
AAPL,2026-02-04T00:19:00Z,269.99,270.19,269.99,270.19,1079,270.055,64
AAPL,2026-02-04T00:20:00Z,270,270.25,269.97,270.25,478,270.065,21
AAPL,2026-02-04T00:23:00Z,270.124,270.124,270.124,270.124,245,270.124,10
AAPL,2026-02-04T00:24:00Z,270.37,270.37,270.37,270.37,305,270.37,8
AAPL,2026-02-04T00:26:00Z,269.82,269.82,269.82,269.82,282,269.82,20
AAPL,2026-02-04T00:27:00Z,269.69,269.69,269.61,269.61,1094,269.622,34
AAPL,2026-02-04T00:28:00Z,269.67,269.67,269.67,269.67,129,269.67,11
AAPL,2026-02-04T00:32:00Z,269.586,269.586,269.586,269.586,300,269.586,13
AAPL,2026-02-04T00:35:00Z,269.95,269.95,269.95,269.95,592,269.95,33
AAPL,2026-02-04T00:43:00Z,269.5,269.62,269.5,269.62,1412,269.557,48
AAPL,2026-02-04T00:45:00Z,269.602,269.602,269.602,269.602,334,269.602,9
AAPL,2026-02-04T00:46:00Z,269.61,269.61,269.61,269.61,137,269.61,8
AAPL,2026-02-04T00:48:00Z,269.51,269.55,269.5,269.55,1437,269.531,37
AAPL,2026-02-04T00:49:00Z,269.413,269.413,269.41,269.41,1102,269.413,34
AAPL,2026-02-04T00:50:00Z,269.35,269.35,269.35,269.35,386,269.35,19
AAPL,2026-02-04T00:51:00Z,269.41,269.41,269.41,269.41,774,269.41,15
AAPL,2026-02-04T00:53:00Z,269.26,269.26,269.26,269.26,837,269.26,21
AAPL,2026-02-04T00:55:00Z,269.25,269.27,269.25,269.27,955,269.253,16
AAPL,2026-02-04T00:56:00Z,269.4,269.4,269.4,269.4,342,269.4,23
AAPL,2026-02-04T00:58:00Z,269.29,269.29,269.29,269.29,303,269.29,18
AAPL,2026-02-04T00:59:00Z,269.25,269.26,269.24,269.26,1475,269.249,22
AAPL,2026-02-04T09:02:00Z,270,270,269.56,269.56,1611,269.8,47
AAPL,2026-02-04T09:05:00Z,269.63,269.93,269.63,269.93,1068,269.73,31
AAPL,2026-02-04T09:06:00Z,270,270,270,270,757,270,25
AAPL,2026-02-04T09:07:00Z,270,270,270,270,627,270,39
AAPL,2026-02-04T09:08:00Z,269.99,270.03,269.99,270.03,920,270.01,46
AAPL,2026-02-04T09:11:00Z,270.2,270.2,270.2,270.2,199,270.2,14
AAPL,2026-02-04T09:12:00Z,270.1,270.1,269.99,269.99,3626,270.008,58
AAPL,2026-02-04T09:13:00Z,269.84,269.84,269.84,269.84,776,269.84,21
AAPL,2026-02-04T09:16:00Z,269.99,270,269.99,270,1517,269.995,37
AAPL,2026-02-04T09:22:00Z,270.08,270.08,270.08,270.08,1112,270.08,51
AAPL,2026-02-04T09:23:00Z,270.08,270.08,270.08,270.08,345,270.08,12
AAPL,2026-02-04T09:25:00Z,269.96,270.02,269.96,270.02,495,269.989,22
AAPL,2026-02-04T09:27:00Z,270.1,270.1,270.1,270.1,413,270.1,9
AAPL,2026-02-04T09:28:00Z,270.02,270.02,270,270,1357,270.01,54
AAPL,2026-02-04T09:29:00Z,270,270,269.99,270,1412,269.999,40
AAPL,2026-02-04T09:33:00Z,269.87,269.87,269.84,269.84,424,269.86,14
AAPL,2026-02-04T09:37:00Z,269.66,269.66,269.66,269.66,325,269.66,15
AAPL,2026-02-04T09:39:00Z,269.7,269.7,269.7,269.7,588,269.7,19
AAPL,2026-02-04T09:42:00Z,269.77,269.77,269.76,269.76,418,269.765,10
AAPL,2026-02-04T10:04:00Z,269.99,269.99,269.99,269.99,1231,269.99,31
AAPL,2026-02-04T10:07:00Z,269.99,269.99,269.99,269.99,408,269.99,35
AAPL,2026-02-04T10:08:00Z,270,270,269.98,269.98,588,269.99,50
AAPL,2026-02-04T10:10:00Z,269.89,269.89,269.88,269.88,672,269.883,25
AAPL,2026-02-04T10:13:00Z,270,270,269.94,269.94,1330,269.98,31
AAPL,2026-02-04T10:27:00Z,270.22,270.25,270.22,270.25,871,270.233,45
AAPL,2026-02-04T10:29:00Z,270.33,270.33,270.33,270.33,187,270.33,24
AAPL,2026-02-04T10:30:00Z,270.35,270.5,270.35,270.5,1931,270.426,63
AAPL,2026-02-04T10:34:00Z,270.49,270.49,270.49,270.49,241,270.49,8
AAPL,2026-02-04T10:39:00Z,270.34,270.34,270.34,270.34,385,270.34,6
AAPL,2026-02-04T10:40:00Z,270.34,270.35,270.34,270.35,363,270.347,7
AAPL,2026-02-04T10:44:00Z,270.26,270.26,270.26,270.26,229,270.26,13
AAPL,2026-02-04T10:45:00Z,270.26,270.26,270.26,270.26,119,270.26,12
AAPL,2026-02-04T10:46:00Z,270.22,270.22,270.22,270.22,524,270.22,19
AAPL,2026-02-04T11:01:00Z,270.25,270.25,270.22,270.22,1319,270.239,23
AAPL,2026-02-04T11:07:00Z,270.26,270.26,270.26,270.26,216,270.26,12
AAPL,2026-02-04T11:08:00Z,270.2,270.2,270.2,270.2,239,270.2,19
AAPL,2026-02-04T11:10:00Z,270.12,270.25,270.12,270.25,1142,270.207,35
AAPL,2026-02-04T11:11:00Z,270.2,270.2,270.2,270.2,211,270.2,7
AAPL,2026-02-04T11:19:00Z,270.48,270.5,270.48,270.5,1777,270.498,54
AAPL,2026-02-04T11:22:00Z,270.49,270.5,270.49,270.5,737,270.498,10
AAPL,2026-02-04T11:23:00Z,270.5,270.5,270.5,270.5,854,270.5,21
AAPL,2026-02-04T11:24:00Z,270.53,270.53,270.53,270.53,302,270.53,16
AAPL,2026-02-04T11:27:00Z,270.64,270.65,270.64,270.65,273,270.645,9
AAPL,2026-02-04T11:29:00Z,270.54,270.54,270.51,270.51,594,270.523,32
AAPL,2026-02-04T11:32:00Z,270.51,270.6,270.51,270.6,312,270.555,10
AAPL,2026-02-04T11:33:00Z,270.67,270.69,270.67,270.69,604,270.684,32
AAPL,2026-02-04T11:34:00Z,270.7,270.7,270.7,270.7,2579,270.7,88
AAPL,2026-02-04T11:45:00Z,270.6,270.6,270.6,270.6,436,270.6,20
AAPL,2026-02-04T11:46:00Z,270.69,270.7,270.69,270.7,790,270.697,28
AAPL,2026-02-04T11:47:00Z,270.57,270.57,270.45,270.45,1456,270.493,79
AAPL,2026-02-04T11:49:00Z,270.55,270.56,270.43,270.43,1122,270.502,34
AAPL,2026-02-04T11:50:00Z,270.66,270.66,270.66,270.66,1335,270.66,37
AAPL,2026-02-04T11:53:00Z,270.6,270.6,270.56,270.56,616,270.573,15
AAPL,2026-02-04T11:56:00Z,270.72,270.73,270.72,270.73,1073,270.727,42
AAPL,2026-02-04T11:58:00Z,270.69,270.69,270.67,270.67,489,270.678,27
AAPL,2026-02-04T12:00:00Z,270.62,270.76,270.62,270.76,2291,270.707,61
AAPL,2026-02-04T12:03:00Z,270.81,270.89,270.78,270.8,3773,270.815,83
AAPL,2026-02-04T12:04:00Z,270.85,270.85,270.85,270.85,247,270.85,14
AAPL,2026-02-04T12:05:00Z,270.8,270.8,270.68,270.68,1151,270.702,32
AAPL,2026-02-04T12:08:00Z,270.6,270.6,270.6,270.6,418,270.6,23
AAPL,2026-02-04T12:09:00Z,270.65,270.65,270.65,270.65,401,270.65,28
AAPL,2026-02-04T12:10:00Z,270.75,270.75,270.75,270.75,211,270.75,16
AAPL,2026-02-04T12:13:00Z,270.68,270.7,270.68,270.7,742,270.69,37
AAPL,2026-02-04T12:14:00Z,270.75,270.75,270.75,270.75,1955,270.75,30
AAPL,2026-02-04T12:16:00Z,270.75,270.78,270.75,270.78,650,270.765,26
AAPL,2026-02-04T12:17:00Z,270.7,270.7,270.7,270.7,306,270.7,16
AAPL,2026-02-04T12:18:00Z,270.66,270.66,270.66,270.66,678,270.66,37
AAPL,2026-02-04T12:21:00Z,270.67,270.9,270.67,270.9,3958,270.884,97
AAPL,2026-02-04T12:23:00Z,270.79,270.79,270.75,270.75,478,270.766,21
AAPL,2026-02-04T12:26:00Z,270.45,270.45,270.26,270.26,2644,270.326,119
AAPL,2026-02-04T12:27:00Z,270.12,270.18,270.05,270.16,2818,270.115,91
AAPL,2026-02-04T12:28:00Z,270.25,270.27,270.25,270.27,309,270.26,16
AAPL,2026-02-04T12:36:00Z,270.25,270.3,270.25,270.25,954,270.261,29
AAPL,2026-02-04T12:37:00Z,270.25,270.25,270.1,270.1,1755,270.187,43
AAPL,2026-02-04T12:38:00Z,270.1,270.1,270,270,808,270.038,41
AAPL,2026-02-04T12:39:00Z,270,270,269.99,270,781,269.998,32
AAPL,2026-02-04T12:40:00Z,270.04,270.1,270.04,270.1,731,270.08,26
AAPL,2026-02-04T12:41:00Z,270.09,270.11,270.09,270.11,546,270.099,18
AAPL,2026-02-04T12:43:00Z,270.25,270.5,270.25,270.5,3699,270.467,95
AAPL,2026-02-04T12:44:00Z,270.5,270.5,270.5,270.5,699,270.5,25
AAPL,2026-02-04T12:45:00Z,270.5,270.5,270.5,270.5,1284,270.5,29
AAPL,2026-02-04T12:46:00Z,270.33,270.33,270.27,270.27,695,270.303,17
AAPL,2026-02-04T12:53:00Z,270.12,270.23,270.06,270.06,1213,270.126,64
AAPL,2026-02-04T12:54:00Z,270.06,270.15,270.06,270.15,2352,270.146,28
AAPL,2026-02-04T12:58:00Z,270.22,270.22,270.22,270.22,126,270.22,10
AAPL,2026-02-04T13:00:00Z,269.5,271,268.86,269.11,32741,270.36,2538
AAPL,2026-02-04T13:01:00Z,269.1,270.24,269.1,270.22,36150,269.783,1892
AAPL,2026-02-04T13:02:00Z,269.83,270.5,269.83,270,1328,270.056,142
AAPL,2026-02-04T13:05:00Z,269.59,270.06,269.1,269.92,3361,269.806,195
AAPL,2026-02-04T13:06:00Z,269.93,270,269.93,270,554,269.965,25
AAPL,2026-02-04T13:07:00Z,269.81,270,269.81,270,693,269.905,58
AAPL,2026-02-04T13:09:00Z,270.2,270.2,270.01,270.01,1025,270.031,14
AAPL,2026-02-04T13:11:00Z,270,270,270,270,1081,270,18
AAPL,2026-02-04T13:13:00Z,270.15,270.15,270.14,270.15,720,270.148,23
AAPL,2026-02-04T13:14:00Z,270.252,270.252,270.252,270.252,193,270.252,13
AAPL,2026-02-04T13:16:00Z,270.3,270.3,270.3,270.3,474,270.3,43
AAPL,2026-02-04T13:17:00Z,270.49,270.49,270.49,270.49,695,270.49,28
AAPL,2026-02-04T13:19:00Z,270.397,270.397,270.3,270.3,768,270.34,28
AAPL,2026-02-04T13:20:00Z,270.23,270.23,270.23,270.23,382,270.23,16
AAPL,2026-02-04T13:21:00Z,270.3,270.3,270.3,270.3,466,270.3,25
AAPL,2026-02-04T13:22:00Z,270.3,270.3,270.3,270.3,585,270.3,16
AAPL,2026-02-04T13:24:00Z,270.116,270.15,270.116,270.14,529,270.135,23
AAPL,2026-02-04T13:26:00Z,270.29,270.35,270.29,270.35,824,270.313,24
AAPL,2026-02-04T13:27:00Z,270.252,270.252,270.252,270.252,994,270.252,44
AAPL,2026-02-04T13:28:00Z,270.387,270.39,270.387,270.39,240,270.389,9
AAPL,2026-02-04T13:29:00Z,270.36,270.36,270.35,270.35,310,270.355,18
AAPL,2026-02-04T13:30:00Z,270.4,270.41,270.3,270.31,2107,270.336,74
AAPL,2026-02-04T13:31:00Z,270.5,270.5,270.5,270.5,629,270.5,32
AAPL,2026-02-04T13:33:00Z,270.3,270.3,270.3,270.3,1316,270.3,20
AAPL,2026-02-04T13:34:00Z,270.3,270.59,270.3,270.58,6301,270.373,129
AAPL,2026-02-04T13:36:00Z,270.31,270.31,270.3,270.31,567,270.306,39
AAPL,2026-02-04T13:37:00Z,270.33,270.33,270.33,270.33,422,270.33,24
AAPL,2026-02-04T13:39:00Z,270.34,270.35,270.31,270.31,431,270.333,20
AAPL,2026-02-04T13:40:00Z,270.45,270.45,270.45,270.45,811,270.45,43
AAPL,2026-02-04T13:42:00Z,270.35,270.35,270.31,270.31,492,270.33,34
AAPL,2026-02-04T13:43:00Z,270.38,270.38,270.35,270.35,1630,270.372,21
AAPL,2026-02-04T13:44:00Z,270.35,270.36,270.35,270.35,665,270.352,24
AAPL,2026-02-04T13:45:00Z,270.35,270.515,270.35,270.515,21399,270.364,314
AAPL,2026-02-04T13:46:00Z,270.5,270.6,270.5,270.5,1394,270.511,42
AAPL,2026-02-04T13:47:00Z,270.53,270.53,270.51,270.51,485,270.523,27
AAPL,2026-02-04T13:48:00Z,270.51,270.53,270.5,270.5,4768,270.508,90
AAPL,2026-02-04T13:49:00Z,270.5,270.59,270.5,270.51,2473,270.554,117
AAPL,2026-02-04T13:50:00Z,270.56,270.565,270.51,270.55,1455,270.531,40
AAPL,2026-02-04T13:51:00Z,270.51,270.62,270.51,270.55,4412,270.526,94
AAPL,2026-02-04T13:52:00Z,270.66,270.66,270.63,270.64,1282,270.642,91
AAPL,2026-02-04T13:53:00Z,270.66,270.89,270.66,270.884,4889,270.802,143
AAPL,2026-02-04T13:54:00Z,270.815,270.815,270.8,270.8,1676,270.808,67
AAPL,2026-02-04T13:55:00Z,270.73,270.73,270.73,270.73,1195,270.73,57
AAPL,2026-02-04T13:56:00Z,270.592,270.74,270.592,270.74,1808,270.697,73
AAPL,2026-02-04T13:57:00Z,270.789,270.789,270.68,270.76,3480,270.705,60
AAPL,2026-02-04T13:58:00Z,270.7,270.71,270.68,270.71,1493,270.699,42
AAPL,2026-02-04T13:59:00Z,270.61,270.61,270.61,270.61,491,270.61,48
AAPL,2026-02-04T14:00:00Z,270.64,270.64,270.64,270.64,316,270.64,30
AAPL,2026-02-04T14:01:00Z,270.64,270.69,270.64,270.65,2205,270.665,70
AAPL,2026-02-04T14:02:00Z,270.77,270.78,270.6,270.78,2011,270.717,99
AAPL,2026-02-04T14:03:00Z,270.73,270.79,270.68,270.68,1280,270.727,47
AAPL,2026-02-04T14:04:00Z,270.67,270.67,270.444,270.444,4316,270.503,78
AAPL,2026-02-04T14:05:00Z,270.5,270.5,270.455,270.5,1919,270.482,63
AAPL,2026-02-04T14:06:00Z,270.39,270.62,270.35,270.56,2176,270.41,108
AAPL,2026-02-04T14:07:00Z,270.49,270.49,270.427,270.47,1662,270.458,60
AAPL,2026-02-04T14:08:00Z,270.59,270.59,270.392,270.392,1793,270.484,60
AAPL,2026-02-04T14:09:00Z,270.58,270.69,270.58,270.69,7797,270.611,99
AAPL,2026-02-04T14:10:00Z,270.75,270.78,270.75,270.78,774,270.76,60
AAPL,2026-02-04T14:11:00Z,270.75,270.75,270.63,270.63,1696,270.71,51
AAPL,2026-02-04T14:12:00Z,270.7,270.7,270.53,270.53,1541,270.624,81
AAPL,2026-02-04T14:13:00Z,270.5,270.75,270.473,270.75,918,270.595,38
AAPL,2026-02-04T14:14:00Z,270.5,270.734,270.5,270.734,2104,270.602,79
AAPL,2026-02-04T14:15:00Z,270.64,270.65,270.64,270.65,2098,270.649,49
AAPL,2026-02-04T14:16:00Z,270.527,270.65,270.52,270.542,1527,270.565,48
AAPL,2026-02-04T14:17:00Z,270.5,270.532,270.5,270.532,1894,270.502,52
AAPL,2026-02-04T14:18:00Z,270.628,270.654,270.58,270.6,1395,270.609,57
AAPL,2026-02-04T14:19:00Z,270.68,270.68,270.68,270.68,723,270.68,48
AAPL,2026-02-04T14:20:00Z,270.59,270.59,270.59,270.59,785,270.59,47
AAPL,2026-02-04T14:21:00Z,270.6,270.72,270.6,270.71,1023,270.684,62
AAPL,2026-02-04T14:22:00Z,270.65,270.65,270.61,270.61,1286,270.619,53
AAPL,2026-02-04T14:23:00Z,270.6,270.6,270.59,270.59,2243,270.593,57
AAPL,2026-02-04T14:24:00Z,270.7,270.8,270.7,270.8,3169,270.775,159
AAPL,2026-02-04T14:25:00Z,270.9,271.12,270.76,270.91,10708,270.98,452
AAPL,2026-02-04T14:26:00Z,271.08,271.392,271.08,271.392,6336,271.27,194
AAPL,2026-02-04T14:27:00Z,271.4,271.9,271.4,271.829,29077,271.691,492
AAPL,2026-02-04T14:28:00Z,271.85,272.63,271.82,272.36,45455,272.239,973
AAPL,2026-02-04T14:29:00Z,272.22,272.37,272.08,272.37,5555,272.216,131
AAPL,2026-02-04T14:30:00Z,272.285,274.12,272.285,274.115,1.34764e+06,272.801,18772
AAPL,2026-02-04T14:31:00Z,274.15,274.18,272.94,273.355,283814,273.504,4575
AAPL,2026-02-04T14:32:00Z,273.35,273.46,272.5,273.155,246037,272.957,4172
AAPL,2026-02-04T14:33:00Z,273.19,273.99,272.95,273.87,673178,273.522,8219
AAPL,2026-02-04T14:34:00Z,273.835,274.83,273.74,274.615,702044,274.385,8760
AAPL,2026-02-04T14:35:00Z,274.63,275.6,274.54,275.1,887804,275.037,11008
AAPL,2026-02-04T14:36:00Z,275.12,275.56,275,275.411,346444,275.247,5542
AAPL,2026-02-04T14:37:00Z,275.42,276.12,275.42,275.88,404080,275.893,6278
AAPL,2026-02-04T14:38:00Z,275.89,276.19,275.7,275.97,343953,275.98,5350
AAPL,2026-02-04T14:39:00Z,275.97,276.09,275.41,275.575,323470,275.635,4615
AAPL,2026-02-04T14:40:00Z,275.58,275.8,275.06,275.46,238550,275.496,4133
AAPL,2026-02-04T14:41:00Z,275.48,275.81,275.065,275.64,243019,275.481,3874
AAPL,2026-02-04T14:42:00Z,275.65,276.356,275.531,276.295,328227,276.027,5008
AAPL,2026-02-04T14:43:00Z,276.28,277.04,276.27,276.85,566630,276.74,7814
AAPL,2026-02-04T14:44:00Z,276.895,277.06,276.58,276.58,256793,276.763,4896
AAPL,2026-02-04T14:45:00Z,276.595,277.15,276.56,277.01,406838,276.966,6972
AAPL,2026-02-04T14:46:00Z,277.01,277.47,276.8,277.025,459293,277.167,6693
AAPL,2026-02-04T14:47:00Z,277.02,277.21,276.84,276.841,224716,277.013,4569
AAPL,2026-02-04T14:48:00Z,276.855,277.678,276.82,277.59,391723,277.347,6407
AAPL,2026-02-04T14:49:00Z,277.585,277.7,277.04,277.64,393769,277.488,6112
AAPL,2026-02-04T14:50:00Z,277.64,277.77,277.26,277.63,593951,277.589,8205
AAPL,2026-02-04T14:51:00Z,277.63,277.91,277.5,277.61,621965,277.725,6869
AAPL,2026-02-04T14:52:00Z,277.61,277.965,277.53,277.93,559862,277.729,6814
AAPL,2026-02-04T14:53:00Z,277.945,278.1,277,277.075,568797,277.649,8629
AAPL,2026-02-04T14:54:00Z,277.09,278.14,276.965,278.125,378427,277.697,6250
AAPL,2026-02-04T14:55:00Z,278.13,278.66,278.07,278.575,440935,278.443,6820
AAPL,2026-02-04T14:56:00Z,278.56,278.81,277.97,278.29,363812,278.448,5924
AAPL,2026-02-04T14:57:00Z,278.305,278.305,277.74,278.24,291096,278.035,4762
AAPL,2026-02-04T14:58:00Z,278.23,278.27,277.33,277.58,407356,277.789,6014
AAPL,2026-02-04T14:59:00Z,277.59,277.9,277.415,277.47,337618,277.61,5313
AAPL,2026-02-04T15:00:00Z,277.48,277.59,276.39,276.43,417111,276.898,6885
AAPL,2026-02-04T15:01:00Z,276.47,276.61,275.7,276.015,333150,276.093,5801
AAPL,2026-02-04T15:02:00Z,276.01,276.14,275.74,276.13,245012,275.942,4780
AAPL,2026-02-04T15:03:00Z,276.11,276.54,276,276.52,352764,276.257,5436
AAPL,2026-02-04T15:04:00Z,276.56,276.573,276.07,276.28,208958,276.336,4414
AAPL,2026-02-04T15:05:00Z,276.29,276.96,276.12,276.47,279479,276.599,5458
AAPL,2026-02-04T15:06:00Z,276.49,276.53,276.05,276.11,274921,276.299,4438
AAPL,2026-02-04T15:07:00Z,276.125,276.655,276.07,276.385,225679,276.405,4475
AAPL,2026-02-04T15:08:00Z,276.379,276.69,276.1,276.67,160210,276.38,3934
AAPL,2026-02-04T15:09:00Z,276.68,277.18,276.555,276.66,218149,276.869,4755
AAPL,2026-02-04T15:10:00Z,276.64,276.7,275.36,275.42,290014,276.162,5860
AAPL,2026-02-04T15:11:00Z,275.45,275.88,275.35,275.849,247333,275.572,4561
AAPL,2026-02-04T15:12:00Z,275.91,276.1,275.23,275.3,147929,275.693,3309
AAPL,2026-02-04T15:13:00Z,275.295,275.58,275.14,275.337,1.05188e+06,275.285,3291
AAPL,2026-02-04T15:14:00Z,275.31,275.34,274.81,274.91,230734,275.014,4694
AAPL,2026-02-04T15:15:00Z,274.9,275.26,274.85,275.18,240594,275.042,4025
AAPL,2026-02-04T15:16:00Z,275.174,275.255,274.97,275.21,110620,275.114,2930
AAPL,2026-02-04T15:17:00Z,275.2,275.209,274.55,275.2,248860,274.895,4048
AAPL,2026-02-04T15:18:00Z,275.215,275.71,275.14,275.664,282078,275.36,4730
AAPL,2026-02-04T15:19:00Z,275.67,275.76,275.5,275.67,197433,275.622,3996
AAPL,2026-02-04T15:20:00Z,275.69,275.92,275.65,275.69,156422,275.777,4372
AAPL,2026-02-04T15:21:00Z,275.71,275.87,275.62,275.735,145893,275.751,3241
AAPL,2026-02-04T15:22:00Z,275.74,275.74,275.33,275.37,198636,275.488,3793
AAPL,2026-02-04T15:23:00Z,275.37,275.89,275.32,275.65,162765,275.55,3719
AAPL,2026-02-04T15:24:00Z,275.65,275.76,275.5,275.74,81614,275.621,2562
AAPL,2026-02-04T15:25:00Z,275.75,275.815,275.53,275.566,109564,275.7,2820
AAPL,2026-02-04T15:26:00Z,275.58,275.86,275.57,275.71,111981,275.731,2860
AAPL,2026-02-04T15:27:00Z,275.71,275.885,275.5,275.53,123150,275.648,2906
AAPL,2026-02-04T15:28:00Z,275.55,275.63,275.29,275.555,275701,275.45,4183
AAPL,2026-02-04T15:29:00Z,275.56,276.28,275.51,276.1,162230,275.956,3653
AAPL,2026-02-04T15:30:00Z,276.125,276.28,275.59,275.65,139609,276.061,3128
AAPL,2026-02-04T15:31:00Z,275.71,276.18,275.64,276.03,128912,275.885,3348
AAPL,2026-02-04T15:32:00Z,276.02,276.48,275.76,276.193,197526,276.229,3357
AAPL,2026-02-04T15:33:00Z,276.185,276.45,275.91,276.15,182094,276.242,2864
AAPL,2026-02-04T15:34:00Z,276.12,276.265,275.88,276.24,92035,276.047,2391
AAPL,2026-02-04T15:35:00Z,276.24,276.345,276.03,276.075,173716,276.227,2954
AAPL,2026-02-04T15:36:00Z,276.057,276.44,275.82,276.38,211772,276.079,4058
AAPL,2026-02-04T15:37:00Z,276.405,276.405,276,276.079,159610,276.198,3191
AAPL,2026-02-04T15:38:00Z,276.03,276.56,275.79,276.4,269070,276.176,5442
AAPL,2026-02-04T15:39:00Z,276.37,276.54,275.67,275.72,121400,276.07,2972
AAPL,2026-02-04T15:40:00Z,275.66,275.789,275.4,275.5,191364,275.559,3497
AAPL,2026-02-04T15:41:00Z,275.55,275.63,275.3,275.465,193648,275.445,3508
AAPL,2026-02-04T15:42:00Z,275.49,275.77,275.38,275.6,136924,275.574,2891
AAPL,2026-02-04T15:43:00Z,275.585,275.64,275.46,275.61,103728,275.531,2561
AAPL,2026-02-04T15:44:00Z,275.65,276.13,275.61,275.82,115439,275.892,2973
AAPL,2026-02-04T15:45:00Z,275.795,276.05,275.69,275.85,85133,275.852,2262
AAPL,2026-02-04T15:46:00Z,275.82,276.29,275.58,276.17,123638,275.935,2807
AAPL,2026-02-04T15:47:00Z,276.175,276.56,276.12,276.14,105963,276.333,2750
AAPL,2026-02-04T15:48:00Z,276.145,276.62,276.14,276.53,162431,276.51,2771
AAPL,2026-02-04T15:49:00Z,276.55,276.6,276.4,276.42,133434,276.495,2656
AAPL,2026-02-04T15:50:00Z,276.4,276.48,276,276.053,170103,276.303,3747
AAPL,2026-02-04T15:51:00Z,276.045,276.5,276.045,276.4,145054,276.316,3132
AAPL,2026-02-04T15:52:00Z,276.361,276.66,276.35,276.55,94604,276.551,2438
AAPL,2026-02-04T15:53:00Z,276.55,276.82,276.53,276.585,184779,276.698,2922
AAPL,2026-02-04T15:54:00Z,276.61,277,276.48,276.99,182910,276.797,3613
AAPL,2026-02-04T15:55:00Z,276.98,277.39,276.94,277.24,214322,277.186,4108
AAPL,2026-02-04T15:56:00Z,277.23,277.265,276.51,276.535,209252,276.826,3354
AAPL,2026-02-04T15:57:00Z,276.57,277.13,276.49,276.94,665072,276.857,3276
AAPL,2026-02-04T15:58:00Z,276.93,277.32,276.9,277.32,152175,277.158,2754
AAPL,2026-02-04T15:59:00Z,277.3,277.37,277.01,277.11,93515,277.208,2572
AAPL,2026-02-04T16:00:00Z,277.095,277.31,276.99,277.14,106392,277.105,2625
AAPL,2026-02-04T16:01:00Z,277.13,277.26,276.99,277.04,93831,277.113,2446
AAPL,2026-02-04T16:02:00Z,277.02,277.04,276.62,276.71,132789,276.878,2858
AAPL,2026-02-04T16:03:00Z,276.71,276.76,276.46,276.49,109370,276.583,2960
AAPL,2026-02-04T16:04:00Z,276.48,276.51,276.23,276.33,205865,276.402,3521
AAPL,2026-02-04T16:05:00Z,276.35,276.35,275.96,276.09,223315,276.106,4389
AAPL,2026-02-04T16:06:00Z,276.085,276.45,276.085,276.435,127711,276.286,2998
AAPL,2026-02-04T16:07:00Z,276.435,276.52,276.271,276.435,109971,276.416,2553
AAPL,2026-02-04T16:08:00Z,276.42,276.45,276.195,276.2,107671,276.334,2681
AAPL,2026-02-04T16:09:00Z,276.22,276.24,276.01,276.09,106426,276.115,2741
AAPL,2026-02-04T16:10:00Z,276.05,276.35,276,276.33,159302,276.199,3361
AAPL,2026-02-04T16:11:00Z,276.3,276.47,276.26,276.33,120184,276.355,2696
AAPL,2026-02-04T16:12:00Z,276.322,276.81,276.15,276.64,142703,276.529,3247
AAPL,2026-02-04T16:13:00Z,276.67,276.85,276.455,276.83,97820,276.668,2385
AAPL,2026-02-04T16:14:00Z,276.83,276.83,276.5,276.65,89467,276.617,2236
AAPL,2026-02-04T16:15:00Z,276.645,276.89,276.636,276.82,103917,276.765,2621
AAPL,2026-02-04T16:16:00Z,276.81,276.81,276,276.07,115570,276.324,2874
AAPL,2026-02-04T16:17:00Z,276.09,276.22,275.995,276.11,101126,276.091,2327
AAPL,2026-02-04T16:18:00Z,276.11,276.34,276.07,276.15,86635,276.19,2199
AAPL,2026-02-04T16:19:00Z,276.165,276.21,276,276.07,71926,276.119,2177
AAPL,2026-02-04T16:20:00Z,276.05,276.43,276.03,276.35,93789,276.256,2520
AAPL,2026-02-04T16:21:00Z,276.357,276.59,276.357,276.37,96833,276.453,2589
AAPL,2026-02-04T16:22:00Z,276.375,276.5,276.23,276.32,179937,276.329,3012
AAPL,2026-02-04T16:23:00Z,276.33,276.635,276.29,276.56,124028,276.518,2822
AAPL,2026-02-04T16:24:00Z,276.56,276.8,276.55,276.785,131984,276.69,2886
AAPL,2026-02-04T16:25:00Z,276.8,277.05,276.74,276.895,146768,276.912,3070
AAPL,2026-02-04T16:26:00Z,276.88,277.05,276.82,276.89,97007,276.942,2561
AAPL,2026-02-04T16:27:00Z,276.91,277.26,276.88,277.12,185373,277.106,2909
AAPL,2026-02-04T16:28:00Z,277.101,277.14,277.02,277.13,118022,277.08,2579
AAPL,2026-02-04T16:29:00Z,277.13,277.3,277.125,277.214,89411,277.223,2482
AAPL,2026-02-04T16:30:00Z,277.21,277.26,276.89,276.91,97676,277.082,2273
AAPL,2026-02-04T16:31:00Z,276.893,277.05,276.88,276.965,87509,276.951,2228
AAPL,2026-02-04T16:32:00Z,276.965,276.97,276.805,276.88,90181,276.882,2246
AAPL,2026-02-04T16:33:00Z,276.87,276.92,276.44,276.45,107134,276.678,2646
AAPL,2026-02-04T16:34:00Z,276.46,276.52,276.295,276.32,128251,276.409,2364
AAPL,2026-02-04T16:35:00Z,276.33,276.7,276.275,276.68,108090,276.545,2589
AAPL,2026-02-04T16:36:00Z,276.67,276.71,276.507,276.68,89723,276.592,2165
AAPL,2026-02-04T16:37:00Z,276.7,276.75,276.4,276.42,86449,276.541,2318
AAPL,2026-02-04T16:38:00Z,276.429,276.67,276.29,276.36,98015,276.447,2312
AAPL,2026-02-04T16:39:00Z,276.38,276.38,276.08,276.12,96488,276.209,2407
AAPL,2026-02-04T16:40:00Z,276.12,276.23,275.901,275.905,77790,276.06,2368
AAPL,2026-02-04T16:41:00Z,275.91,276.061,275.83,275.84,129122,275.981,2746
AAPL,2026-02-04T16:42:00Z,275.83,276.01,275.53,275.555,101436,275.811,2726
AAPL,2026-02-04T16:43:00Z,275.56,275.59,275.29,275.43,115549,275.43,2895
AAPL,2026-02-04T16:44:00Z,275.44,275.54,275.429,275.52,74519,275.486,2284
AAPL,2026-02-04T16:45:00Z,275.52,275.7,275.49,275.65,85315,275.621,2506
AAPL,2026-02-04T16:46:00Z,275.66,275.66,275.445,275.55,145037,275.568,3258
AAPL,2026-02-04T16:47:00Z,275.56,275.58,274.88,274.98,335728,275.138,5453
AAPL,2026-02-04T16:48:00Z,274.99,275.18,274.84,274.89,192307,274.982,3685
AAPL,2026-02-04T16:49:00Z,274.9,274.91,274.37,274.57,331677,274.515,5036
AAPL,2026-02-04T16:50:00Z,274.6,274.77,274.23,274.37,226606,274.427,4169
AAPL,2026-02-04T16:51:00Z,274.365,274.72,274.16,274.651,258640,274.532,3384
AAPL,2026-02-04T16:52:00Z,274.67,274.8,274.33,274.385,172375,274.541,3533
AAPL,2026-02-04T16:53:00Z,274.37,274.42,274.17,274.22,111559,274.285,2883
AAPL,2026-02-04T16:54:00Z,274.22,274.33,274.137,274.32,223321,274.264,3130
AAPL,2026-02-04T16:55:00Z,274.33,274.72,274.24,274.24,133768,274.508,2796
AAPL,2026-02-04T16:56:00Z,274.22,274.36,273.92,274.06,114010,274.104,3080
AAPL,2026-02-04T16:57:00Z,274.07,274.532,273.9,274.48,238750,274.195,3248
AAPL,2026-02-04T16:58:00Z,274.47,274.65,274.387,274.61,114221,274.526,2616
AAPL,2026-02-04T16:59:00Z,274.613,274.99,274.6,274.965,105250,274.779,2521
AAPL,2026-02-04T17:00:00Z,274.965,275.21,274.901,275.16,152295,275.059,3129
AAPL,2026-02-04T17:01:00Z,275.14,275.46,275.13,275.35,107558,275.281,2314
AAPL,2026-02-04T17:02:00Z,275.36,276.1,275.34,275.97,227704,275.907,3052
AAPL,2026-02-04T17:03:00Z,276,276.17,275.9,276.071,197350,276.029,1930
AAPL,2026-02-04T17:04:00Z,276.09,276.38,276.04,276.12,90837,276.191,1619
AAPL,2026-02-04T17:05:00Z,276.12,276.37,276.09,276.25,74251,276.245,1253
AAPL,2026-02-04T17:06:00Z,276.19,276.2,276,276.11,54298,276.089,1252
AAPL,2026-02-04T17:07:00Z,276.12,276.2,275.79,275.98,127745,275.923,1894
AAPL,2026-02-04T17:08:00Z,276,276.14,275.91,275.94,93539,275.982,1516
AAPL,2026-02-04T17:09:00Z,275.96,276.12,275.84,275.89,150680,275.966,1752
AAPL,2026-02-04T17:10:00Z,275.86,276.08,275.78,276.06,125284,275.9,1869
AAPL,2026-02-04T17:11:00Z,276.03,276.16,275.85,276.12,179626,275.972,2095
AAPL,2026-02-04T17:12:00Z,276.115,276.415,276.115,276.385,72208,276.257,1463
AAPL,2026-02-04T17:13:00Z,276.385,276.48,276.32,276.32,78956,276.413,1424
AAPL,2026-02-04T17:14:00Z,276.38,276.59,276.28,276.49,77103,276.446,1579
AAPL,2026-02-04T17:15:00Z,276.52,276.6,276.4,276.495,62557,276.533,1308
AAPL,2026-02-04T17:16:00Z,276.47,276.47,276.13,276.28,84477,276.264,1430
AAPL,2026-02-04T17:17:00Z,276.3,276.38,276.035,276.06,62677,276.235,1237
AAPL,2026-02-04T17:18:00Z,276.06,276.24,275.99,276,85933,276.049,1471
AAPL,2026-02-04T17:19:00Z,276.012,276.085,275.9,275.96,90740,275.983,1341
AAPL,2026-02-04T17:20:00Z,275.96,276.01,275.82,275.935,118802,275.925,2010
AAPL,2026-02-04T17:21:00Z,275.92,276.125,275.77,275.97,53980,275.932,1380
AAPL,2026-02-04T17:22:00Z,275.96,275.98,275.84,275.965,64972,275.889,1216
AAPL,2026-02-04T17:23:00Z,275.96,276.07,275.9,275.99,53682,275.982,1277
AAPL,2026-02-04T17:24:00Z,275.99,276,275.68,275.88,92929,275.84,1758
AAPL,2026-02-04T17:25:00Z,275.89,275.95,275.49,275.83,131629,275.716,2464
AAPL,2026-02-04T17:26:00Z,275.83,275.83,275.415,275.43,84224,275.643,1587
AAPL,2026-02-04T17:27:00Z,275.43,275.43,274.71,275.2,317673,274.983,6166
AAPL,2026-02-04T17:28:00Z,275.19,275.45,274.626,274.78,172971,274.896,2713
AAPL,2026-02-04T17:29:00Z,274.79,275.27,274.545,275.27,314746,274.96,3345
AAPL,2026-02-04T17:30:00Z,275.27,275.705,275.08,275.67,293903,275.408,3442
AAPL,2026-02-04T17:31:00Z,275.67,276.04,275.456,275.9,331966,275.784,4453
AAPL,2026-02-04T17:32:00Z,275.93,276.15,275.35,275.38,97940,275.806,2079
AAPL,2026-02-04T17:33:00Z,275.36,275.48,275.12,275.298,68952,275.319,1446
AAPL,2026-02-04T17:34:00Z,275.34,275.36,274.847,274.85,93285,274.964,1945
AAPL,2026-02-04T17:35:00Z,274.84,274.85,274.53,274.53,58874,274.699,1379
AAPL,2026-02-04T17:36:00Z,274.51,274.58,274.385,274.424,105467,274.471,1834
AAPL,2026-02-04T17:37:00Z,274.46,274.52,274.19,274.305,168964,274.355,2429
AAPL,2026-02-04T17:38:00Z,274.29,274.31,274.09,274.115,119406,274.189,2463
AAPL,2026-02-04T17:39:00Z,274.11,274.27,274.03,274.11,151777,274.149,2403
AAPL,2026-02-04T17:40:00Z,274.11,274.35,273.89,274.335,427107,274.064,2424
AAPL,2026-02-04T17:41:00Z,274.34,274.86,274.308,274.825,174665,274.539,2637
AAPL,2026-02-04T17:42:00Z,274.8,274.88,274.47,274.56,129064,274.72,2213
AAPL,2026-02-04T17:43:00Z,274.585,274.93,274.45,274.72,250274,274.721,3128
AAPL,2026-02-04T17:44:00Z,274.69,274.91,274.65,274.85,177123,274.79,2242
AAPL,2026-02-04T17:45:00Z,274.83,274.96,274.58,274.67,95187,274.79,1820
AAPL,2026-02-04T17:46:00Z,274.65,274.82,274.55,274.745,543635,274.658,3283
AAPL,2026-02-04T17:47:00Z,274.73,274.745,274.45,274.46,100113,274.55,1873
AAPL,2026-02-04T17:48:00Z,274.46,274.46,274.051,274.084,107474,274.293,2316
AAPL,2026-02-04T17:49:00Z,274.1,274.11,273.75,274.02,204117,273.894,3135
AAPL,2026-02-04T17:50:00Z,273.97,273.98,273.685,273.72,134705,273.789,2686
AAPL,2026-02-04T17:51:00Z,273.71,274.04,273.692,273.81,112632,273.916,2422
AAPL,2026-02-04T17:52:00Z,273.81,274.18,273.75,274.1,104051,273.989,1805
AAPL,2026-02-04T17:53:00Z,274.11,274.33,274.055,274.2,68250,274.204,1303
AAPL,2026-02-04T17:54:00Z,274.19,274.47,274.11,274.47,127156,274.298,1624
AAPL,2026-02-04T17:55:00Z,274.469,274.92,274.469,274.89,125296,274.755,1745
AAPL,2026-02-04T17:56:00Z,274.91,274.94,274.52,274.53,73489,274.755,1338
AAPL,2026-02-04T17:57:00Z,274.52,274.65,274.413,274.616,63196,274.537,1107
AAPL,2026-02-04T17:58:00Z,274.6,274.7,274.24,274.27,62787,274.467,1272
AAPL,2026-02-04T17:59:00Z,274.292,274.292,274.02,274.09,67208,274.143,1257
AAPL,2026-02-04T18:00:00Z,274.09,274.14,273.865,273.9,107440,273.992,1879
AAPL,2026-02-04T18:01:00Z,273.92,274.04,273.79,273.84,76957,273.889,1594
AAPL,2026-02-04T18:02:00Z,273.88,273.94,273.71,273.765,91217,273.805,1659
AAPL,2026-02-04T18:03:00Z,273.77,273.78,273.455,273.48,122371,273.63,2061
AAPL,2026-02-04T18:04:00Z,273.51,273.54,273.14,273.35,153270,273.368,2182
AAPL,2026-02-04T18:05:00Z,273.37,274.35,273.34,274.345,314613,273.975,3558
AAPL,2026-02-04T18:06:00Z,274.32,274.78,274.21,274.76,180373,274.463,2109
AAPL,2026-02-04T18:07:00Z,274.775,275,274.74,274.88,175775,274.896,1915
AAPL,2026-02-04T18:08:00Z,274.895,275.08,274.84,274.995,165517,274.958,2104
AAPL,2026-02-04T18:09:00Z,274.97,275.02,274.76,274.805,220532,274.926,2485
AAPL,2026-02-04T18:10:00Z,274.75,274.99,274.74,274.87,114075,274.852,1761
AAPL,2026-02-04T18:11:00Z,274.85,274.99,274.765,274.85,73031,274.905,1366
AAPL,2026-02-04T18:12:00Z,274.845,275.23,274.825,275.17,101297,275.057,1852
AAPL,2026-02-04T18:13:00Z,275.17,275.355,275.02,275.165,77780,275.207,1478
AAPL,2026-02-04T18:14:00Z,275.16,275.2,274.962,275.1,61319,275.061,1289
AAPL,2026-02-04T18:15:00Z,275.102,275.39,275.09,275.18,66950,275.212,1364
AAPL,2026-02-04T18:16:00Z,275.16,275.16,274.98,275.01,42918,275.066,1118
AAPL,2026-02-04T18:17:00Z,275.01,275.17,274.97,275.06,52397,275.074,1075
AAPL,2026-02-04T18:18:00Z,275.08,275.29,275.04,275.2,46692,275.207,1066
AAPL,2026-02-04T18:19:00Z,275.2,275.27,275.07,275.17,604427,275.197,1224
AAPL,2026-02-04T18:20:00Z,275.2,275.31,275.15,275.2,46751,275.22,1004
AAPL,2026-02-04T18:21:00Z,275.16,275.29,275.03,275.28,76335,275.128,1387
AAPL,2026-02-04T18:22:00Z,275.265,275.46,275.2,275.395,73774,275.359,1365
AAPL,2026-02-04T18:23:00Z,275.395,275.51,275.33,275.43,57890,275.434,1129
AAPL,2026-02-04T18:24:00Z,275.44,275.48,275.26,275.36,81790,275.369,1461
AAPL,2026-02-04T18:25:00Z,275.37,275.6,275.36,275.57,99820,275.52,1620
AAPL,2026-02-04T18:26:00Z,275.57,275.6,275.44,275.53,60759,275.514,1156
AAPL,2026-02-04T18:27:00Z,275.53,275.65,275.47,275.515,127328,275.537,1781
AAPL,2026-02-04T18:28:00Z,275.51,275.59,275.5,275.53,116318,275.512,1947
AAPL,2026-02-04T18:29:00Z,275.535,275.7,275.51,275.6,67456,275.601,1264
AAPL,2026-02-04T18:30:00Z,275.63,275.65,275.5,275.55,152724,275.537,2561
AAPL,2026-02-04T18:31:00Z,275.535,275.76,275.525,275.74,71421,275.694,1451
AAPL,2026-02-04T18:32:00Z,275.75,275.76,275.48,275.5,153125,275.551,2126
AAPL,2026-02-04T18:33:00Z,275.5,275.52,274.97,275.11,160231,275.268,2760
AAPL,2026-02-04T18:34:00Z,275.13,275.23,274.983,275.06,73772,275.095,1383
AAPL,2026-02-04T18:35:00Z,275.08,275.14,274.97,274.99,68134,275.035,1255
AAPL,2026-02-04T18:36:00Z,275.01,275.16,274.91,275.157,80507,275.001,1292
AAPL,2026-02-04T18:37:00Z,275.17,275.19,275.04,275.09,743518,275.116,885
AAPL,2026-02-04T18:38:00Z,275.07,275.23,274.995,275.13,49467,275.11,1060
AAPL,2026-02-04T18:39:00Z,275.14,275.26,275.03,275.245,38470,275.154,866
AAPL,2026-02-04T18:40:00Z,275.214,275.28,275.01,275.04,41715,275.158,981
AAPL,2026-02-04T18:41:00Z,275.04,275.2,275.04,275.155,33469,275.13,789
AAPL,2026-02-04T18:42:00Z,275.17,275.64,275.14,275.5,109712,275.34,2158
AAPL,2026-02-04T18:43:00Z,275.5,275.52,275.2,275.315,70900,275.31,1460
AAPL,2026-02-04T18:44:00Z,275.312,275.312,275.15,275.205,40395,275.254,787
AAPL,2026-02-04T18:45:00Z,275.19,275.19,275,275.055,59510,275.042,1173
AAPL,2026-02-04T18:46:00Z,275.03,275.24,275.02,275.21,44636,275.124,926
AAPL,2026-02-04T18:47:00Z,275.23,275.5,275.155,275.155,92968,275.311,1430
AAPL,2026-02-04T18:48:00Z,275.165,275.3,275.1,275.3,32755,275.172,853
AAPL,2026-02-04T18:49:00Z,275.28,275.38,274.99,275,56733,275.208,1168
AAPL,2026-02-04T18:50:00Z,274.99,275.07,274.862,274.87,90906,274.957,1495
AAPL,2026-02-04T18:51:00Z,274.89,274.98,274.84,274.98,452800,274.93,1209
AAPL,2026-02-04T18:52:00Z,274.97,275.05,274.88,275.02,57700,274.972,1113
AAPL,2026-02-04T18:53:00Z,275.03,275.28,274.96,275.25,57206,275.07,1201
AAPL,2026-02-04T18:54:00Z,275.3,275.565,275.25,275.41,67454,275.446,1161
AAPL,2026-02-04T18:55:00Z,275.399,275.5,275.399,275.44,33607,275.443,861
AAPL,2026-02-04T18:56:00Z,275.46,275.61,275.43,275.587,53535,275.525,1058
AAPL,2026-02-04T18:57:00Z,275.49,275.737,275.49,275.62,45557,275.62,1015
AAPL,2026-02-04T18:58:00Z,275.63,275.75,275.45,275.67,373818,275.608,1313
AAPL,2026-02-04T18:59:00Z,275.66,275.68,275.3,275.39,77804,275.486,1440
AAPL,2026-02-04T19:00:00Z,275.37,275.49,275.18,275.194,78667,275.347,1531
AAPL,2026-02-04T19:01:00Z,275.23,275.295,275.059,275.07,46316,275.181,1031
AAPL,2026-02-04T19:02:00Z,275.06,275.15,275.02,275.11,36773,275.102,913
AAPL,2026-02-04T19:03:00Z,275.12,275.15,274.989,275.025,43708,275.038,1019
AAPL,2026-02-04T19:04:00Z,275.04,275.065,274.8,274.935,193119,274.932,3197
AAPL,2026-02-04T19:05:00Z,274.913,274.985,274.72,274.82,200217,274.829,2581
AAPL,2026-02-04T19:06:00Z,274.82,274.91,274.73,274.86,100357,274.813,1442
AAPL,2026-02-04T19:07:00Z,274.86,274.87,274.35,274.462,150304,274.55,1804
AAPL,2026-02-04T19:08:00Z,274.45,274.667,274.45,274.65,40770,274.552,856
AAPL,2026-02-04T19:09:00Z,274.641,275.168,274.58,275.07,108586,274.95,1626
AAPL,2026-02-04T19:10:00Z,275.07,275.14,275.02,275.105,43603,275.078,928
AAPL,2026-02-04T19:11:00Z,275.09,275.3,275.06,275.22,38834,275.203,868
AAPL,2026-02-04T19:12:00Z,275.241,275.375,275.155,275.35,47806,275.261,968
AAPL,2026-02-04T19:13:00Z,275.33,275.4,275.23,275.31,92865,275.295,1116
AAPL,2026-02-04T19:14:00Z,275.29,275.3,275.12,275.157,64044,275.204,1194
AAPL,2026-02-04T19:15:00Z,275.165,275.36,275.13,275.3,43434,275.239,937
AAPL,2026-02-04T19:16:00Z,275.31,275.31,275.1,275.105,48010,275.198,942
AAPL,2026-02-04T19:17:00Z,275.101,275.14,274.98,275.04,556635,275.049,1126
AAPL,2026-02-04T19:18:00Z,275.04,275.43,275.02,275.43,60820,275.266,1045
AAPL,2026-02-04T19:19:00Z,275.47,275.55,275.32,275.375,59542,275.426,1220
AAPL,2026-02-04T19:20:00Z,275.35,275.58,275.33,275.465,68535,275.451,1060
AAPL,2026-02-04T19:21:00Z,275.43,275.44,275.01,275.04,55108,275.228,1187
AAPL,2026-02-04T19:22:00Z,275.03,275.18,274.99,275.16,59167,275.068,1210
AAPL,2026-02-04T19:23:00Z,275.15,275.25,274.99,275.001,50668,275.113,982
AAPL,2026-02-04T19:24:00Z,275.043,275.17,275.01,275.07,48910,275.086,1027
AAPL,2026-02-04T19:25:00Z,275.065,275.365,275.05,275.36,408473,275.29,2358
AAPL,2026-02-04T19:26:00Z,275.36,275.37,275,275.046,103012,275.24,1545
AAPL,2026-02-04T19:27:00Z,275.04,275.05,274.685,274.82,84950,274.865,1516
AAPL,2026-02-04T19:28:00Z,274.84,274.86,274.64,274.8,48928,274.739,920
AAPL,2026-02-04T19:29:00Z,274.8,274.96,274.6,274.91,99160,274.845,1764
AAPL,2026-02-04T19:30:00Z,274.9,275.25,274.9,275.03,61550,275.056,1218
AAPL,2026-02-04T19:31:00Z,275.07,275.17,275.05,275.09,53946,275.097,1146
AAPL,2026-02-04T19:32:00Z,275.082,275.16,274.975,275.08,65690,275.057,1135
AAPL,2026-02-04T19:33:00Z,275.09,275.11,274.91,274.99,102746,274.985,1312
AAPL,2026-02-04T19:34:00Z,275,275.03,274.94,274.98,64414,274.982,1077
AAPL,2026-02-04T19:35:00Z,275.01,275.13,274.96,275.01,107294,275.018,1487
AAPL,2026-02-04T19:36:00Z,275.03,275.18,275.03,275.12,46997,275.127,982
AAPL,2026-02-04T19:37:00Z,275.12,275.19,275.035,275.187,38725,275.112,998
AAPL,2026-02-04T19:38:00Z,275.2,275.21,275.05,275.08,28032,275.122,735
AAPL,2026-02-04T19:39:00Z,275.08,275.16,275,275.08,50666,275.062,921
AAPL,2026-02-04T19:40:00Z,275.09,275.155,275.05,275.155,41664,275.092,1100
AAPL,2026-02-04T19:41:00Z,275.15,275.415,275.1,275.315,866067,275.238,1978
AAPL,2026-02-04T19:42:00Z,275.329,275.44,275.31,275.36,808528,275.383,1031
AAPL,2026-02-04T19:43:00Z,275.36,275.46,275.3,275.39,64346,275.405,1150
AAPL,2026-02-04T19:44:00Z,275.385,275.385,275.175,275.345,92066,275.302,1191
AAPL,2026-02-04T19:45:00Z,275.36,275.41,275.255,275.41,75681,275.337,1040
AAPL,2026-02-04T19:46:00Z,275.41,275.56,275.36,275.439,159919,275.467,1875
AAPL,2026-02-04T19:47:00Z,275.44,275.44,275.23,275.29,154184,275.311,1459
AAPL,2026-02-04T19:48:00Z,275.3,275.75,275.18,275.57,279459,275.446,4562
AAPL,2026-02-04T19:49:00Z,275.58,275.58,275.23,275.33,121479,275.346,2456
AAPL,2026-02-04T19:50:00Z,275.35,275.41,275.14,275.17,89623,275.249,1548
AAPL,2026-02-04T19:51:00Z,275.19,275.509,275.18,275.4,84030,275.354,1520
AAPL,2026-02-04T19:52:00Z,275.41,275.57,275.32,275.47,45320,275.432,1024
AAPL,2026-02-04T19:53:00Z,275.46,275.78,275.45,275.7,69252,275.612,1269
AAPL,2026-02-04T19:54:00Z,275.69,275.76,275.35,275.375,159406,275.651,1918
AAPL,2026-02-04T19:55:00Z,275.35,275.36,275.15,275.27,72534,275.21,1233
AAPL,2026-02-04T19:56:00Z,275.28,275.534,275.22,275.265,108768,275.378,1735
AAPL,2026-02-04T19:57:00Z,275.28,275.3,275.05,275.05,146968,275.16,1890
AAPL,2026-02-04T19:58:00Z,275.045,275.15,274.92,274.97,132089,275.006,1900
AAPL,2026-02-04T19:59:00Z,274.92,275.305,274.9,275.145,215543,275.078,2674
AAPL,2026-02-04T20:00:00Z,275.14,275.27,274.92,274.92,112947,275.103,2089
AAPL,2026-02-04T20:01:00Z,274.91,274.985,274.86,274.955,101411,274.932,1495
AAPL,2026-02-04T20:02:00Z,274.97,275.02,274.83,274.93,82986,274.907,1348
AAPL,2026-02-04T20:03:00Z,274.96,275.245,274.93,275.21,133345,275.09,1783
AAPL,2026-02-04T20:04:00Z,275.2,275.22,275.025,275.04,126233,275.121,1736
AAPL,2026-02-04T20:05:00Z,275.04,275.16,274.95,275.03,153507,275.053,2099
AAPL,2026-02-04T20:06:00Z,275.025,275.25,274.94,275.25,178153,275.068,2469
AAPL,2026-02-04T20:07:00Z,275.27,275.28,275.15,275.2,110559,275.213,1379
AAPL,2026-02-04T20:08:00Z,275.19,275.46,275.095,275.15,117562,275.278,1475
AAPL,2026-02-04T20:09:00Z,275.16,275.27,275.134,275.25,41710,275.204,771
AAPL,2026-02-04T20:10:00Z,275.27,275.48,275.24,275.46,111212,275.35,1550
AAPL,2026-02-04T20:11:00Z,275.45,275.68,275.42,275.535,708085,275.562,2945
AAPL,2026-02-04T20:12:00Z,275.55,275.67,275.49,275.64,145759,275.578,1392
AAPL,2026-02-04T20:13:00Z,275.64,275.64,275.35,275.465,89384,275.479,1499
AAPL,2026-02-04T20:14:00Z,275.48,275.685,275.36,275.685,114801,275.504,1464
AAPL,2026-02-04T20:15:00Z,275.69,275.93,275.6,275.86,236240,275.757,2231
AAPL,2026-02-04T20:16:00Z,275.875,275.905,275.72,275.825,150409,275.817,1702
AAPL,2026-02-04T20:17:00Z,275.815,275.88,275.77,275.855,158960,275.834,1403
AAPL,2026-02-04T20:18:00Z,275.86,276.09,275.83,276.08,175901,275.93,2477
AAPL,2026-02-04T20:19:00Z,276.085,276.18,275.97,276.09,237850,276.12,2305
AAPL,2026-02-04T20:20:00Z,276.094,276.17,275.97,276.02,151770,276.117,1446
AAPL,2026-02-04T20:21:00Z,276.01,276.65,276,276.58,145954,276.45,2246
AAPL,2026-02-04T20:22:00Z,276.585,277.09,276.58,277.09,298053,276.9,3376
AAPL,2026-02-04T20:23:00Z,277.1,277.15,276.83,277.02,168132,276.979,1760
AAPL,2026-02-04T20:24:00Z,277.02,277.27,277,277.255,146229,277.156,1737
AAPL,2026-02-04T20:25:00Z,277.27,277.58,277.2,277.555,175311,277.391,2499
AAPL,2026-02-04T20:26:00Z,277.54,277.88,277.304,277.875,317092,277.619,3509
AAPL,2026-02-04T20:27:00Z,277.865,278.04,277.85,277.93,520145,277.947,6273
AAPL,2026-02-04T20:28:00Z,277.92,278.02,277.71,278,184425,277.859,2474
AAPL,2026-02-04T20:29:00Z,278,278.08,277.57,277.61,200805,277.868,2771
AAPL,2026-02-04T20:30:00Z,277.61,277.75,277.32,277.35,238833,277.511,3064
AAPL,2026-02-04T20:31:00Z,277.33,277.38,277.02,277.035,199249,277.248,2757
AAPL,2026-02-04T20:32:00Z,277.04,277.51,277.01,277.325,349165,277.2,2974
AAPL,2026-02-04T20:33:00Z,277.35,277.58,277.28,277.465,173221,277.474,2310
AAPL,2026-02-04T20:34:00Z,277.44,277.65,277.22,277.28,211803,277.448,3154
AAPL,2026-02-04T20:35:00Z,277.285,277.52,277,277.34,204072,277.31,2555
AAPL,2026-02-04T20:36:00Z,277.32,277.73,277.32,277.625,219846,277.58,2505
AAPL,2026-02-04T20:37:00Z,277.63,277.79,277.55,277.69,137469,277.685,2059
AAPL,2026-02-04T20:38:00Z,277.7,277.76,277.43,277.569,172527,277.592,2434
AAPL,2026-02-04T20:39:00Z,277.57,277.66,277.24,277.375,199123,277.435,2668
AAPL,2026-02-04T20:40:00Z,277.399,277.45,277.09,277.14,197002,277.271,2635
AAPL,2026-02-04T20:41:00Z,277.16,277.39,276.91,277.34,136887,277.209,2111
AAPL,2026-02-04T20:42:00Z,277.36,277.44,277.13,277.16,124479,277.295,1762
AAPL,2026-02-04T20:43:00Z,277.17,277.3,276.932,276.989,96900,277.101,1542
AAPL,2026-02-04T20:44:00Z,276.96,277.03,276.85,276.93,110433,276.941,1971
AAPL,2026-02-04T20:45:00Z,276.94,277.53,276.94,277.445,182264,277.331,2664
AAPL,2026-02-04T20:46:00Z,277.445,277.66,277.43,277.61,145602,277.498,2097
AAPL,2026-02-04T20:47:00Z,277.61,277.92,277.6,277.88,244438,277.75,2606
AAPL,2026-02-04T20:48:00Z,277.87,278.05,277.81,278.04,342455,277.933,3352
AAPL,2026-02-04T20:49:00Z,278.04,278.31,277.95,278.3,336398,278.103,3892
AAPL,2026-02-04T20:50:00Z,278.32,278.95,278.265,278.93,869005,278.552,9395
AAPL,2026-02-04T20:51:00Z,278.927,278.95,278.25,278.4,461632,278.543,5413
AAPL,2026-02-04T20:52:00Z,278.395,278.48,278.01,278.48,340801,278.205,4419
AAPL,2026-02-04T20:53:00Z,278.48,278.49,277.9,278.01,496030,278.126,5841
AAPL,2026-02-04T20:54:00Z,278.01,278.1,277.29,277.3,375093,277.668,5181
AAPL,2026-02-04T20:55:00Z,277.3,277.35,276.64,276.865,522154,276.979,6950
AAPL,2026-02-04T20:56:00Z,276.86,276.89,276.52,276.82,403155,276.689,5026
AAPL,2026-02-04T20:57:00Z,276.815,276.97,276.57,276.73,442043,276.765,5063
AAPL,2026-02-04T20:58:00Z,276.72,276.97,276.64,276.815,648865,276.766,7154
AAPL,2026-02-04T20:59:00Z,276.83,277.015,276.33,276.4,1.45098e+06,276.647,13692
AAPL,2026-02-04T21:00:00Z,276.49,276.62,276.22,276.22,1.50207e+07,276.49,294
AAPL,2026-02-04T21:01:00Z,276.27,276.38,275.79,275.9,478516,276.074,353
AAPL,2026-02-04T21:02:00Z,275.9,275.9,275.59,275.598,414256,275.769,235
AAPL,2026-02-04T21:03:00Z,275.56,275.56,274.77,274.87,723002,275.009,433
AAPL,2026-02-04T21:04:00Z,275.1,276,275.1,275.7,23694,275.751,347
AAPL,2026-02-04T21:05:00Z,275.57,276.31,275.57,276.19,7116,276.046,224
AAPL,2026-02-04T21:06:00Z,276.19,276.19,275.19,275.19,26722,275.906,168
AAPL,2026-02-04T21:07:00Z,275.2,275.44,275.096,275.25,7241,275.253,130
AAPL,2026-02-04T21:08:00Z,275.44,275.54,275.15,275.25,4504,275.445,198
AAPL,2026-02-04T21:09:00Z,275.32,276.49,274.59,275.03,155441,276.379,232
AAPL,2026-02-04T21:10:00Z,275.5,275.5,275.23,275.46,3629,275.426,100
AAPL,2026-02-04T21:11:00Z,275.22,275.45,275.03,275.03,4446,275.33,108
AAPL,2026-02-04T21:12:00Z,275.29,275.29,275.068,275.068,1290,275.112,49
AAPL,2026-02-04T21:13:00Z,275,275.15,274.83,274.9,3423,274.983,74
AAPL,2026-02-04T21:14:00Z,274.8,275,274.789,275,6387,274.963,94
AAPL,2026-02-04T21:15:00Z,274.95,275,274.78,274.78,4633,274.892,98
AAPL,2026-02-04T21:16:00Z,274.78,274.95,274.66,274.71,29885,274.736,242
AAPL,2026-02-04T21:17:00Z,275,275,275,275,3572,275,105
AAPL,2026-02-04T21:18:00Z,274.943,275.1,274.943,275.1,4151,275.029,68
AAPL,2026-02-04T21:19:00Z,275.1,275.1,275.1,275.1,431,275.1,29
AAPL,2026-02-04T21:20:00Z,275.098,275.1,275,275,21087,275.097,53
AAPL,2026-02-04T21:21:00Z,275.099,275.1,274.989,275.1,3037,275.037,50
AAPL,2026-02-04T21:22:00Z,275.1,275.1,275.02,275.1,6993,275.091,71
AAPL,2026-02-04T21:23:00Z,275.1,275.1,274.94,274.94,4715,275.071,93
AAPL,2026-02-04T21:24:00Z,274.94,274.95,274.75,274.75,6276,274.864,159
AAPL,2026-02-04T21:25:00Z,274.88,274.88,274.58,274.58,22752,274.667,116
AAPL,2026-02-04T21:26:00Z,274.581,274.75,274.49,274.7,11059,274.531,103
AAPL,2026-02-04T21:27:00Z,274.7,274.75,274.7,274.726,2967,274.727,69
AAPL,2026-02-04T21:28:00Z,274.945,274.96,274.94,274.94,1534,274.946,44
AAPL,2026-02-04T21:29:00Z,274.85,274.89,274.7,274.85,6426,274.767,60
AAPL,2026-02-04T21:30:00Z,274.7,274.7,274.6,274.6,3552,274.667,140
AAPL,2026-02-04T21:31:00Z,274.7,274.76,274.63,274.76,1266,274.688,53
AAPL,2026-02-04T21:32:00Z,274.84,274.97,274.76,274.918,11955,274.851,142
AAPL,2026-02-04T21:33:00Z,275.01,275.35,274.98,275.35,5527,275.091,129
AAPL,2026-02-04T21:34:00Z,275.12,275.15,274.9,274.9,2587,275.064,61
AAPL,2026-02-04T21:35:00Z,274.91,275,274.735,275,5166,274.903,96
AAPL,2026-02-04T21:36:00Z,274.88,275,274.85,275,3507,274.882,65
AAPL,2026-02-04T21:37:00Z,275.05,275.07,275.05,275.07,1030,275.064,37
AAPL,2026-02-04T21:38:00Z,275.05,275.1,275.02,275.02,2332,275.037,66
AAPL,2026-02-04T21:39:00Z,274.98,274.98,274.85,274.85,5680,274.897,56
AAPL,2026-02-04T21:40:00Z,276.49,276.49,274.898,274.899,79579,276.43,31
AAPL,2026-02-04T21:41:00Z,274.934,274.934,274.934,274.934,692,274.934,17
AAPL,2026-02-04T21:42:00Z,274.92,275.1,274.92,274.92,5062,274.958,100
AAPL,2026-02-04T21:43:00Z,275,275.1,275,275,3724,275.036,65
AAPL,2026-02-04T21:44:00Z,275.1,275.19,275.1,275.19,12908,275.145,73
AAPL,2026-02-04T21:45:00Z,275.14,275.14,274.599,274.75,23041,274.851,167
AAPL,2026-02-04T21:46:00Z,274.75,275,274.75,274.84,5743,274.793,67
AAPL,2026-02-04T21:47:00Z,275,275,274.891,274.9,2826,274.903,34
AAPL,2026-02-04T21:48:00Z,274.84,274.85,274.7,274.74,13896,274.761,157
AAPL,2026-02-04T21:49:00Z,274.75,274.75,274.6,274.6,7227,274.698,120
AAPL,2026-02-04T21:50:00Z,274.7,274.75,274.61,274.74,5729,274.698,66
AAPL,2026-02-04T21:51:00Z,274.75,274.994,274.74,274.97,11271,274.819,113
AAPL,2026-02-04T21:52:00Z,275,275,275,275,828,275,27
AAPL,2026-02-04T21:53:00Z,274.93,274.941,274.93,274.941,2359,274.933,52
AAPL,2026-02-04T21:54:00Z,275,275,274.93,274.93,3403,274.978,58
AAPL,2026-02-04T21:55:00Z,274.94,274.94,274.94,274.94,1955,274.94,28
AAPL,2026-02-04T21:56:00Z,274.93,274.93,274.93,274.93,150885,274.93,33
AAPL,2026-02-04T21:57:00Z,274.98,274.98,274.95,274.95,2597,274.953,79
AAPL,2026-02-04T21:58:00Z,274.93,274.93,274.87,274.87,2166,274.92,45
AAPL,2026-02-04T21:59:00Z,274.88,274.94,274.88,274.9,2819,274.911,87
AAPL,2026-02-04T22:00:00Z,274.93,275,274.93,275,956,274.957,17
AAPL,2026-02-04T22:01:00Z,274.95,274.95,274.93,274.93,4055,274.942,52
AAPL,2026-02-04T22:02:00Z,274.95,275,274.95,274.952,4077,274.966,67
AAPL,2026-02-04T22:03:00Z,274.95,274.95,274.95,274.95,344,274.95,24
AAPL,2026-02-04T22:04:00Z,274.97,275,274.95,275,1164,274.973,37
AAPL,2026-02-04T22:05:00Z,274.952,274.952,274.952,274.952,778,274.952,27
AAPL,2026-02-04T22:06:00Z,275,275,275,275,841,275,30
AAPL,2026-02-04T22:07:00Z,274.999,274.999,274.97,274.98,2303,274.976,43
AAPL,2026-02-04T22:08:00Z,274.98,275,274.98,275,1234,274.996,49
AAPL,2026-02-04T22:09:00Z,274.96,275,274.96,275,6007,274.993,73
AAPL,2026-02-04T22:10:00Z,275.01,275.08,275.01,275.08,951,275.045,44
AAPL,2026-02-04T22:11:00Z,275.09,275.11,275.03,275.03,2560,275.102,43
AAPL,2026-02-04T22:12:00Z,275,275,274.96,274.96,1799,274.994,33
AAPL,2026-02-04T22:13:00Z,274.962,274.962,274.96,274.96,1653,274.96,52
AAPL,2026-02-04T22:14:00Z,274.96,274.96,274.95,274.95,947,274.957,41
AAPL,2026-02-04T22:15:00Z,275,275,274.99,275,1881,274.999,57
AAPL,2026-02-04T22:16:00Z,274.94,274.97,274.94,274.97,606,274.955,30
AAPL,2026-02-04T22:17:00Z,275,275,275,275,2795,275,68
AAPL,2026-02-04T22:18:00Z,274.95,274.95,274.93,274.93,411,274.94,22
AAPL,2026-02-04T22:19:00Z,274.93,274.98,274.91,274.91,619,274.938,29
AAPL,2026-02-04T22:20:00Z,275,275,275,275,2409,275,69
AAPL,2026-02-04T22:21:00Z,274.91,274.97,274.9,274.9,1671,274.916,61
AAPL,2026-02-04T22:22:00Z,274.771,274.9,274.75,274.9,1256,274.792,58
AAPL,2026-02-04T22:24:00Z,275.01,275.02,275.01,275.02,489,275.015,57
AAPL,2026-02-04T22:25:00Z,275.1,275.1,275.05,275.05,1105,275.075,59
AAPL,2026-02-04T22:26:00Z,275.12,275.12,275.1,275.1,1626,275.115,34
AAPL,2026-02-04T22:27:00Z,275.12,275.16,275.12,275.16,2240,275.135,28
AAPL,2026-02-04T22:28:00Z,275.13,275.28,275.13,275.14,1544,275.162,34
AAPL,2026-02-04T22:29:00Z,275.311,275.311,275.311,275.311,583,275.311,29
AAPL,2026-02-04T22:31:00Z,275.13,275.13,275.13,275.13,712,275.13,20
AAPL,2026-02-04T22:34:00Z,275.01,275.01,275.01,275.01,353,275.01,19
AAPL,2026-02-04T22:35:00Z,274.851,274.851,274.851,274.851,583,274.851,25
AAPL,2026-02-04T22:38:00Z,275.1,275.1,275.1,275.1,755,275.1,39
AAPL,2026-02-04T22:39:00Z,275.11,275.115,275.1,275.115,6411,275.108,21
AAPL,2026-02-04T22:40:00Z,275.13,275.13,275.13,275.13,712,275.13,21
AAPL,2026-02-04T22:41:00Z,275.11,275.353,275.1,275.353,765,275.16,27
AAPL,2026-02-04T22:42:00Z,275.37,275.51,275.37,275.48,7295,275.434,171
AAPL,2026-02-04T22:43:00Z,275.03,275.03,275.03,275.03,589,275.03,28
AAPL,2026-02-04T22:44:00Z,275.03,275.1,275.03,275.1,580,275.072,22
AAPL,2026-02-04T22:45:00Z,275.29,275.35,275.29,275.35,447,275.32,19
AAPL,2026-02-04T22:49:00Z,275.472,275.472,275.472,275.472,1132,275.472,16
AAPL,2026-02-04T22:50:00Z,275.091,275.091,275.091,275.091,978,275.091,35
AAPL,2026-02-04T22:52:00Z,275,275,275,275,632,275,20
AAPL,2026-02-04T22:54:00Z,274.85,274.85,274.85,274.85,1160,274.85,17
AAPL,2026-02-04T22:55:00Z,274.91,274.91,274.91,274.91,747,274.91,27
AAPL,2026-02-04T22:56:00Z,274.81,274.81,274.81,274.81,672,274.81,19
AAPL,2026-02-04T22:57:00Z,274.83,274.83,274.75,274.75,974,274.772,38
AAPL,2026-02-04T22:58:00Z,274.8,274.8,274.74,274.74,1661,274.795,36
AAPL,2026-02-04T22:59:00Z,274.78,274.78,274.742,274.742,1352,274.771,19
AAPL,2026-02-04T23:00:00Z,274.8,275,274.8,275,2622,274.943,56
AAPL,2026-02-04T23:01:00Z,275,275.24,275,275.24,1394,275.197,56
AAPL,2026-02-04T23:02:00Z,275.15,275.28,275.15,275.28,672,275.234,33
AAPL,2026-02-04T23:03:00Z,275.2,275.5,275.2,275.44,2321,275.407,38
AAPL,2026-02-04T23:04:00Z,275.5,275.51,275.5,275.5,1639,275.502,43
AAPL,2026-02-04T23:05:00Z,275.51,275.52,275.51,275.52,30054,275.519,30
AAPL,2026-02-04T23:08:00Z,275.2,275.5,275,275,5812,275.454,55
AAPL,2026-02-04T23:10:00Z,275.35,275.4,275.35,275.4,532,275.375,24
AAPL,2026-02-04T23:11:00Z,275.49,275.49,275.26,275.26,539,275.355,18
AAPL,2026-02-04T23:12:00Z,275.48,275.48,275.48,275.48,191,275.48,12
AAPL,2026-02-04T23:14:00Z,275.23,275.23,275.23,275.23,628,275.23,29
AAPL,2026-02-04T23:15:00Z,275.115,275.23,275.115,275.2,1037,275.203,31
AAPL,2026-02-04T23:16:00Z,275.55,275.55,275.55,275.55,518,275.55,21
AAPL,2026-02-04T23:18:00Z,275.55,275.55,275.55,275.55,416,275.55,7
AAPL,2026-02-04T23:21:00Z,275.21,275.49,275.21,275.32,542,275.4,13
AAPL,2026-02-04T23:22:00Z,275.48,275.48,275.25,275.25,346,275.396,9
AAPL,2026-02-04T23:23:00Z,275.3,275.3,275.3,275.3,535,275.3,32
AAPL,2026-02-04T23:26:00Z,275.4,275.4,275.053,275.053,1016,275.124,25
AAPL,2026-02-04T23:30:00Z,275.35,275.35,275.35,275.35,897,275.35,26
AAPL,2026-02-04T23:31:00Z,275.35,275.35,275.35,275.35,1507,275.35,20
AAPL,2026-02-04T23:33:00Z,275.35,275.35,275,275,4871,275.031,64
AAPL,2026-02-04T23:34:00Z,274.98,274.98,274.98,274.98,368,274.98,7
AAPL,2026-02-04T23:35:00Z,274.93,274.93,274.93,274.93,324,274.93,15
AAPL,2026-02-04T23:36:00Z,275,275,275,275,451,275,28
AAPL,2026-02-04T23:40:00Z,274.91,274.91,274.8,274.8,1406,274.824,38
AAPL,2026-02-04T23:41:00Z,274.621,274.621,274.621,274.621,858,274.621,29
AAPL,2026-02-04T23:42:00Z,274.65,274.65,274.65,274.65,563,274.65,21
AAPL,2026-02-04T23:44:00Z,274.7,274.7,274.7,274.7,271,274.7,15
AAPL,2026-02-04T23:46:00Z,274.57,274.57,274.57,274.57,165,274.57,7
AAPL,2026-02-04T23:49:00Z,274.85,274.85,274.85,274.85,367,274.85,16
AAPL,2026-02-04T23:53:00Z,274.75,274.75,274.75,274.75,157,274.75,17
AAPL,2026-02-04T23:54:00Z,274.85,274.85,274.85,274.85,1978,274.85,11
AAPL,2026-02-04T23:55:00Z,274.573,274.573,274.573,274.573,2622,274.573,20
AAPL,2026-02-04T23:56:00Z,274.62,274.62,274.44,274.44,4016,274.473,93
AAPL,2026-02-04T23:58:00Z,274.65,274.65,274.63,274.63,460,274.639,15
AAPL,2026-02-05T00:01:00Z,274.44,274.44,274.44,274.44,719,274.44,47
AAPL,2026-02-05T00:02:00Z,274.53,274.53,274.44,274.44,1353,274.477,38
AAPL,2026-02-05T00:03:00Z,274.47,274.47,274.47,274.47,624,274.47,20
AAPL,2026-02-05T00:04:00Z,274.47,274.47,274.47,274.47,544,274.47,16
AAPL,2026-02-05T00:05:00Z,274.56,274.56,274.56,274.56,293,274.56,12
AAPL,2026-02-05T00:06:00Z,274.478,274.64,274.478,274.64,4323,274.569,45
AAPL,2026-02-05T00:13:00Z,274.56,274.56,274.56,274.56,670,274.56,32
AAPL,2026-02-05T00:14:00Z,274.78,274.78,274.78,274.78,418,274.78,29
AAPL,2026-02-05T00:15:00Z,274.78,274.78,274.613,274.78,1965,274.717,32
AAPL,2026-02-05T00:16:00Z,274.6,274.78,274.6,274.6,1417,274.642,39
AAPL,2026-02-05T00:19:00Z,274.92,274.95,274.92,274.95,523,274.938,35
AAPL,2026-02-05T00:20:00Z,274.98,274.98,274.938,274.938,430,274.96,19
AAPL,2026-02-05T00:22:00Z,274.97,274.97,274.97,274.97,1092,274.97,36
AAPL,2026-02-05T00:23:00Z,274.85,274.85,274.8,274.8,1146,274.827,27
AAPL,2026-02-05T00:24:00Z,274.7,274.71,274.7,274.71,552,274.707,17
AAPL,2026-02-05T00:25:00Z,274.7,274.9,274.7,274.7,2996,274.73,35
AAPL,2026-02-05T00:26:00Z,274.7,274.7,274.7,274.7,1394,274.7,19
AAPL,2026-02-05T00:27:00Z,274.7,274.89,274.7,274.89,1877,274.755,38
AAPL,2026-02-05T00:29:00Z,274.65,274.65,274.65,274.65,385,274.65,17
AAPL,2026-02-05T00:30:00Z,274.66,274.66,274.66,274.66,543,274.66,9
AAPL,2026-02-05T00:31:00Z,274.66,274.66,274.66,274.66,656,274.66,29
AAPL,2026-02-05T00:34:00Z,274.86,274.86,274.76,274.76,409,274.82,12
AAPL,2026-02-05T00:35:00Z,274.86,274.87,274.86,274.87,624,274.865,11
AAPL,2026-02-05T00:36:00Z,274.85,274.85,274.85,274.85,149,274.85,9
AAPL,2026-02-05T00:38:00Z,274.93,274.93,274.9,274.9,939,274.906,18
AAPL,2026-02-05T00:40:00Z,274.9,274.9,274.65,274.9,2089,274.885,35
AAPL,2026-02-05T00:41:00Z,274.9,274.9,274.9,274.9,432,274.9,25
AAPL,2026-02-05T00:42:00Z,274.9,274.9,274.9,274.9,787,274.9,16
AAPL,2026-02-05T00:43:00Z,274.83,274.83,274.796,274.796,413,274.813,18
AAPL,2026-02-05T00:44:00Z,274.775,274.775,274.775,274.775,216,274.775,9
AAPL,2026-02-05T00:45:00Z,274.8,274.8,274.661,274.661,737,274.75,11
AAPL,2026-02-05T00:47:00Z,274.669,274.7,274.61,274.7,1662,274.673,27
AAPL,2026-02-05T00:48:00Z,274.75,274.75,274.75,274.75,294,274.75,13
AAPL,2026-02-05T00:49:00Z,274.71,274.71,274.71,274.71,433,274.71,16
AAPL,2026-02-05T00:50:00Z,274.75,274.75,274.75,274.75,325,274.75,16
AAPL,2026-02-05T00:51:00Z,274.74,274.75,274.74,274.75,2705,274.746,21
AAPL,2026-02-05T00:52:00Z,274.7,274.7,274.7,274.7,749,274.7,22
AAPL,2026-02-05T00:53:00Z,274.66,274.79,274.63,274.79,2869,274.728,50
AAPL,2026-02-05T00:54:00Z,274.8,274.8,274.8,274.8,737,274.8,19
AAPL,2026-02-05T00:55:00Z,274.78,274.78,274.78,274.78,404,274.78,19
AAPL,2026-02-05T00:56:00Z,274.85,274.9,274.66,274.66,1159,274.755,12
AAPL,2026-02-05T00:59:00Z,274.75,274.75,274.696,274.696,686,274.727,21
AAPL,2026-02-05T09:00:00Z,274.2,274.46,274.02,274.02,1208,274.164,121
AAPL,2026-02-05T09:01:00Z,274,274,274,274,1308,274,86
AAPL,2026-02-05T09:02:00Z,274.03,274.03,274.03,274.03,229,274.03,19
AAPL,2026-02-05T09:04:00Z,273.77,273.77,273.77,273.77,334,273.77,14
AAPL,2026-02-05T09:05:00Z,273.79,273.8,273.79,273.8,663,273.793,28
AAPL,2026-02-05T09:06:00Z,273.89,273.9,273.89,273.9,865,273.897,17
AAPL,2026-02-05T09:07:00Z,273.9,273.9,273.9,273.9,178,273.9,3
AAPL,2026-02-05T09:08:00Z,273.86,273.86,273.86,273.86,224,273.86,10
AAPL,2026-02-05T09:09:00Z,273.86,273.9,273.84,273.9,1310,273.851,20
AAPL,2026-02-05T09:13:00Z,273.94,273.94,273.94,273.94,528,273.94,31
AAPL,2026-02-05T09:14:00Z,273.97,274.08,273.96,274.08,600,273.989,7
AAPL,2026-02-05T09:18:00Z,273.99,274,273.99,274,1086,273.998,23
AAPL,2026-02-05T09:19:00Z,274.16,274.39,274.16,274.39,1577,274.331,37
AAPL,2026-02-05T09:26:00Z,274.31,274.31,274.31,274.31,136,274.31,6
AAPL,2026-02-05T09:27:00Z,274.42,274.42,274.4,274.4,432,274.41,29
AAPL,2026-02-05T09:28:00Z,274.4,274.46,274.4,274.46,1787,274.441,31
AAPL,2026-02-05T09:32:00Z,274.56,274.56,274.56,274.56,1656,274.56,21
AAPL,2026-02-05T09:37:00Z,274.28,274.28,274.28,274.28,211,274.28,7
AAPL,2026-02-05T09:44:00Z,274.21,274.21,274.21,274.21,454,274.21,21
AAPL,2026-02-05T09:45:00Z,274.28,274.28,274.27,274.27,501,274.276,11
AAPL,2026-02-05T09:48:00Z,274.2,274.2,274.2,274.2,909,274.2,25
AAPL,2026-02-05T09:58:00Z,274.18,274.18,274.18,274.18,517,274.18,14
AAPL,2026-02-05T10:01:00Z,274.29,274.29,274.29,274.29,698,274.29,25
AAPL,2026-02-05T10:09:00Z,274.2,274.2,274.2,274.2,112,274.2,4
AAPL,2026-02-05T10:11:00Z,274.38,274.38,274.38,274.38,927,274.38,64
AAPL,2026-02-05T10:14:00Z,274.52,274.53,274.52,274.53,514,274.525,22
AAPL,2026-02-05T10:18:00Z,274.59,274.61,274.59,274.61,1095,274.6,41
AAPL,2026-02-05T10:19:00Z,274.74,274.74,274.74,274.74,322,274.74,14
AAPL,2026-02-05T10:21:00Z,274.72,274.73,274.72,274.73,1064,274.724,14
AAPL,2026-02-05T10:30:00Z,274.44,274.44,274.44,274.44,297,274.44,19
AAPL,2026-02-05T10:31:00Z,274.68,274.7,274.68,274.7,432,274.687,25
AAPL,2026-02-05T10:34:00Z,274.28,274.32,274.23,274.23,1085,274.296,24
AAPL,2026-02-05T10:37:00Z,274.12,274.12,274.12,274.12,1096,274.12,108
AAPL,2026-02-05T10:38:00Z,274.06,274.06,274.06,274.06,338,274.06,13
AAPL,2026-02-05T10:40:00Z,274.08,274.08,274.05,274.05,1291,274.057,55
AAPL,2026-02-05T10:45:00Z,274.06,274.06,274.06,274.06,441,274.06,12
AAPL,2026-02-05T10:47:00Z,274.1,274.1,274.1,274.1,524,274.1,26
AAPL,2026-02-05T10:48:00Z,274.02,274.02,274,274,1366,274.004,48
AAPL,2026-02-05T10:57:00Z,274.07,274.07,274.07,274.07,265,274.07,6
AAPL,2026-02-05T10:58:00Z,274.02,274.03,273.9,273.99,3272,273.998,59
AAPL,2026-02-05T11:00:00Z,273.78,273.9,273.78,273.9,1755,273.84,81
AAPL,2026-02-05T11:09:00Z,273.81,274,273.81,274,1147,273.937,55
AAPL,2026-02-05T11:15:00Z,274,274,273.94,273.94,229,273.97,10
AAPL,2026-02-05T11:18:00Z,273.99,273.99,273.99,273.99,476,273.99,17
AAPL,2026-02-05T11:19:00Z,273.98,274.22,273.98,274.22,3274,274.033,99
AAPL,2026-02-05T11:20:00Z,274.39,274.39,274.39,274.39,476,274.39,39
AAPL,2026-02-05T11:21:00Z,274.45,274.45,274.45,274.45,864,274.45,36
AAPL,2026-02-05T11:23:00Z,274.58,274.58,274.58,274.58,608,274.58,26
AAPL,2026-02-05T11:24:00Z,274.61,274.61,274.61,274.61,1601,274.61,12
AAPL,2026-02-05T11:29:00Z,274.59,274.59,274.39,274.39,427,274.498,24
AAPL,2026-02-05T11:30:00Z,274.69,274.69,274.69,274.69,1440,274.69,70
AAPL,2026-02-05T11:31:00Z,274.51,274.76,274.5,274.75,4844,274.629,112
AAPL,2026-02-05T11:32:00Z,274.65,274.65,274.57,274.57,946,274.61,59
AAPL,2026-02-05T11:33:00Z,274.79,274.79,274.71,274.71,1454,274.747,51
AAPL,2026-02-05T11:36:00Z,274.79,274.95,274.79,274.79,1003,274.83,45
AAPL,2026-02-05T11:37:00Z,274.99,275,274.99,275,3059,274.998,142
AAPL,2026-02-05T11:38:00Z,275.05,275.08,275,275.07,5061,275.035,111
AAPL,2026-02-05T11:39:00Z,275.09,275.11,275.05,275.11,999,275.084,33
AAPL,2026-02-05T11:40:00Z,275,275,274.94,275,2301,274.986,68
AAPL,2026-02-05T11:41:00Z,275.09,275.2,275.09,275.2,3494,275.185,71
AAPL,2026-02-05T11:42:00Z,275.47,275.47,275.18,275.18,685,275.325,38
AAPL,2026-02-05T11:43:00Z,275.23,275.23,275.23,275.23,254,275.23,12
AAPL,2026-02-05T11:44:00Z,275.11,275.11,275.06,275.06,407,275.084,16
AAPL,2026-02-05T11:45:00Z,275.31,275.39,275.09,275.09,1902,275.249,49
AAPL,2026-02-05T11:46:00Z,275.39,275.39,275.38,275.38,1736,275.382,43
AAPL,2026-02-05T11:48:00Z,275.36,275.5,275.36,275.5,1630,275.422,120
AAPL,2026-02-05T11:49:00Z,275.63,275.76,275.5,275.5,2104,275.639,114
AAPL,2026-02-05T11:50:00Z,275.74,275.74,275.58,275.74,729,275.708,10
AAPL,2026-02-05T11:51:00Z,275.55,275.55,275.5,275.5,3016,275.51,47
AAPL,2026-02-05T11:52:00Z,275.74,275.82,275.74,275.8,3195,275.797,123
AAPL,2026-02-05T11:53:00Z,275.91,275.92,275.91,275.92,1083,275.913,39
AAPL,2026-02-05T11:54:00Z,275.92,275.92,275.82,275.82,1066,275.856,33
AAPL,2026-02-05T11:55:00Z,275.7,275.8,275.7,275.8,1473,275.789,42
AAPL,2026-02-05T11:58:00Z,275.81,275.91,275.76,275.91,1219,275.833,46
AAPL,2026-02-05T11:59:00Z,275.59,275.59,275.53,275.53,857,275.56,38
AAPL,2026-02-05T12:00:00Z,275.55,275.55,275.5,275.5,2172,275.531,107
AAPL,2026-02-05T12:01:00Z,275.56,276.04,275.55,276,6911,275.964,204
AAPL,2026-02-05T12:02:00Z,276.29,276.3,276.1,276.3,5895,276.155,134
AAPL,2026-02-05T12:03:00Z,276.37,276.47,276.32,276.32,2458,276.413,97
AAPL,2026-02-05T12:04:00Z,276.38,276.5,276.38,276.5,2903,276.481,75
AAPL,2026-02-05T12:05:00Z,276.5,276.5,276.26,276.26,4724,276.491,77
AAPL,2026-02-05T12:06:00Z,276.27,276.27,276.15,276.15,1489,276.196,42
AAPL,2026-02-05T12:07:00Z,276.22,276.22,276.22,276.22,364,276.22,32
AAPL,2026-02-05T12:08:00Z,276.15,276.15,276.15,276.15,273,276.15,20
AAPL,2026-02-05T12:10:00Z,276.2,276.2,276.2,276.2,329,276.2,21
AAPL,2026-02-05T12:12:00Z,276.38,276.38,276.38,276.38,223,276.38,11
AAPL,2026-02-05T12:13:00Z,276.55,276.55,276.54,276.54,870,276.543,44
AAPL,2026-02-05T12:14:00Z,276.59,276.69,276.57,276.57,3831,276.627,141
AAPL,2026-02-05T12:15:00Z,276.74,276.83,276.74,276.83,2294,276.803,107
AAPL,2026-02-05T12:16:00Z,276.74,276.74,276.74,276.74,401,276.74,15
AAPL,2026-02-05T12:19:00Z,276.48,276.48,276.32,276.32,1358,276.381,29
AAPL,2026-02-05T12:20:00Z,276.26,276.26,276.22,276.22,1283,276.249,62
AAPL,2026-02-05T12:21:00Z,276.26,276.26,276.02,276.06,5261,276.13,72
AAPL,2026-02-05T12:22:00Z,276.07,276.07,275.84,275.96,3444,276.002,70
AAPL,2026-02-05T12:23:00Z,275.85,275.85,275.69,275.69,1914,275.767,48
AAPL,2026-02-05T12:24:00Z,275.8,275.9,275.7,275.7,1522,275.786,45
AAPL,2026-02-05T12:25:00Z,275.7,275.75,275.6,275.75,2336,275.663,60
AAPL,2026-02-05T12:26:00Z,275.6,275.6,275,275.01,13714,275.339,236
AAPL,2026-02-05T12:27:00Z,275.06,275.47,275.06,275.46,35020,275.093,146
AAPL,2026-02-05T12:28:00Z,275.62,275.64,274.94,275.12,14781,275.094,173
AAPL,2026-02-05T12:29:00Z,275.13,275.2,275.13,275.2,1590,275.176,56
AAPL,2026-02-05T12:30:00Z,275.18,275.31,275.03,275.31,2584,275.184,122
AAPL,2026-02-05T12:31:00Z,275.13,275.13,275.13,275.13,549,275.13,25
AAPL,2026-02-05T12:33:00Z,275.33,275.67,275.33,275.67,3777,275.535,148
AAPL,2026-02-05T12:34:00Z,275.7,275.88,275.58,275.58,3338,275.685,92
AAPL,2026-02-05T12:35:00Z,275.59,275.76,275.5,275.5,2891,275.572,78
AAPL,2026-02-05T12:36:00Z,275.38,275.74,275.19,275.64,8825,275.351,192
AAPL,2026-02-05T12:37:00Z,275.45,275.75,275.43,275.75,2967,275.626,80
AAPL,2026-02-05T12:38:00Z,275.84,275.87,275.77,275.77,2160,275.835,80
AAPL,2026-02-05T12:39:00Z,275.84,275.97,275.8,275.97,4732,275.83,227
AAPL,2026-02-05T12:40:00Z,275.98,276.13,275.71,276.05,5930,276,180
AAPL,2026-02-05T12:41:00Z,276.02,276.02,276.02,276.02,1481,276.02,71
AAPL,2026-02-05T12:42:00Z,276.1,276.11,275.92,276.11,1743,276.073,62
AAPL,2026-02-05T12:43:00Z,275.21,275.47,275.21,275.47,1961,275.395,73
AAPL,2026-02-05T12:44:00Z,275.6,276.2,275.6,276.12,12344,275.949,263
AAPL,2026-02-05T12:45:00Z,275.65,275.82,275.64,275.76,2043,275.73,68
AAPL,2026-02-05T12:46:00Z,275.73,275.87,275.55,275.57,3777,275.705,121
AAPL,2026-02-05T12:47:00Z,275.59,275.84,275.55,275.76,6184,275.677,164
AAPL,2026-02-05T12:49:00Z,275.91,275.99,275.64,275.64,1382,275.844,67
AAPL,2026-02-05T12:50:00Z,275.7,276.3,275.63,275.99,5371,275.976,219
AAPL,2026-02-05T12:51:00Z,276,276.1,276,276.1,1086,276.05,47
AAPL,2026-02-05T12:52:00Z,276.11,276.3,276,276.26,5046,276.181,158
AAPL,2026-02-05T12:53:00Z,276.25,276.25,276.17,276.17,1680,276.192,71
AAPL,2026-02-05T12:54:00Z,276.18,276.5,276.18,276.5,3296,276.357,198
AAPL,2026-02-05T12:55:00Z,276.41,276.41,276.13,276.13,3023,276.265,78
AAPL,2026-02-05T12:56:00Z,276.1,276.1,276.04,276.09,5730,276.085,310
AAPL,2026-02-05T12:57:00Z,276.3,276.6,276.3,276.6,2683,276.477,139
AAPL,2026-02-05T12:58:00Z,276.5,276.5,276.31,276.31,1217,276.42,53
AAPL,2026-02-05T12:59:00Z,276.58,276.59,276.43,276.43,1563,276.504,66
AAPL,2026-02-05T13:00:00Z,274.06,276.92,273.5,276.75,64737,275.803,2290
AAPL,2026-02-05T13:01:00Z,274.09,277.01,273.95,276.69,69019,275.226,2868
AAPL,2026-02-05T13:02:00Z,276.6,276.788,276.31,276.31,8260,276.503,216
AAPL,2026-02-05T13:03:00Z,276.49,276.49,276.37,276.37,2361,276.425,128
AAPL,2026-02-05T13:04:00Z,276.3,276.32,276.08,276.19,2888,276.217,126
AAPL,2026-02-05T13:05:00Z,276.14,276.48,276.13,276.48,2692,276.358,103
AAPL,2026-02-05T13:06:00Z,274.09,274.09,274.07,274.07,3250,274.082,162
AAPL,2026-02-05T13:07:00Z,274.07,276.56,274.07,274.34,3294,276.037,141
AAPL,2026-02-05T13:08:00Z,276.502,276.59,274.34,276.55,4456,276.238,179
AAPL,2026-02-05T13:09:00Z,276.54,276.579,276.484,276.579,2074,276.545,76
AAPL,2026-02-05T13:10:00Z,276.58,276.58,276.3,276.3,4241,276.404,158
AAPL,2026-02-05T13:11:00Z,276.232,276.232,276.226,276.23,789,276.23,48
AAPL,2026-02-05T13:12:00Z,276.35,276.35,276.25,276.3,1390,276.308,42
AAPL,2026-02-05T13:13:00Z,276.35,276.35,276.25,276.25,976,276.286,50
AAPL,2026-02-05T13:14:00Z,276.24,276.24,276.24,276.24,1001,276.24,92
AAPL,2026-02-05T13:15:00Z,276.1,276.16,276,276.04,2966,276.057,201
AAPL,2026-02-05T13:16:00Z,276.2,276.2,276,276.01,2356,276.059,118
AAPL,2026-02-05T13:17:00Z,276.12,276.2,276.12,276.14,2216,276.167,109
AAPL,2026-02-05T13:18:00Z,276.031,276.12,276.031,276.04,1445,276.06,44
AAPL,2026-02-05T13:19:00Z,276.16,276.16,276.029,276.11,2700,276.115,64
AAPL,2026-02-05T13:20:00Z,276.015,276.015,276.015,276.015,927,276.015,70
AAPL,2026-02-05T13:21:00Z,276.01,276.14,276.01,276.02,1642,276.041,77
AAPL,2026-02-05T13:22:00Z,276.07,276.08,275.91,275.91,2998,276.024,120
AAPL,2026-02-05T13:23:00Z,276,276.27,275.94,276.27,1535,276.018,55
AAPL,2026-02-05T13:24:00Z,276.09,276.09,276.04,276.04,1104,276.07,84
AAPL,2026-02-05T13:25:00Z,275.98,275.98,275.75,275.75,2702,275.884,118
AAPL,2026-02-05T13:26:00Z,275.791,275.791,275.61,275.61,2678,275.673,102
AAPL,2026-02-05T13:27:00Z,275.67,275.75,275.626,275.626,3679,275.695,113
AAPL,2026-02-05T13:28:00Z,275.7,275.84,275.7,275.84,4621,275.724,102
AAPL,2026-02-05T13:29:00Z,275.85,275.91,275.61,275.61,2469,275.793,93
AAPL,2026-02-05T13:30:00Z,275.75,276,275.31,275.31,23812,275.656,375
AAPL,2026-02-05T13:31:00Z,275.3,276.133,275.3,276.133,19766,275.643,268
AAPL,2026-02-05T13:32:00Z,276.04,276.11,275.6,275.63,15108,275.759,202
AAPL,2026-02-05T13:33:00Z,275.7,275.91,275.2,275.84,23439,275.601,311
AAPL,2026-02-05T13:34:00Z,275.76,275.88,275.76,275.88,3347,275.845,134
AAPL,2026-02-05T13:35:00Z,275.62,276,275.62,276,3049,275.912,109
AAPL,2026-02-05T13:36:00Z,275.95,275.96,275.888,275.888,1611,275.932,83
AAPL,2026-02-05T13:37:00Z,276,276,275.87,275.87,2325,275.904,151
AAPL,2026-02-05T13:38:00Z,275.82,275.87,275.68,275.68,5764,275.792,124
AAPL,2026-02-05T13:39:00Z,275.61,275.67,275.61,275.64,2183,275.637,80
AAPL,2026-02-05T13:40:00Z,275.5,275.5,275.49,275.49,1718,275.499,84
AAPL,2026-02-05T13:41:00Z,275.39,275.52,275.39,275.5,3044,275.439,95
AAPL,2026-02-05T13:42:00Z,275.42,275.65,275.42,275.59,4254,275.561,119
AAPL,2026-02-05T13:43:00Z,275.61,275.61,275.534,275.61,2585,275.563,56
AAPL,2026-02-05T13:44:00Z,275.68,275.75,275.65,275.65,5364,275.734,127
AAPL,2026-02-05T13:45:00Z,275.68,275.68,275.68,275.68,861,275.68,61
AAPL,2026-02-05T13:46:00Z,275.76,275.87,275.67,275.67,4645,275.717,158
AAPL,2026-02-05T13:47:00Z,275.66,275.84,275.6,275.662,4604,275.638,145
AAPL,2026-02-05T13:48:00Z,275.62,275.62,275.62,275.62,614,275.62,60
AAPL,2026-02-05T13:49:00Z,275.84,275.87,275.64,275.87,2616,275.728,105
AAPL,2026-02-05T13:50:00Z,275.727,275.99,275.727,275.73,2991,275.765,107
AAPL,2026-02-05T13:51:00Z,275.79,275.79,275.42,275.51,7207,275.556,139
AAPL,2026-02-05T13:52:00Z,275.6,275.93,275.6,275.83,2529,275.67,97
AAPL,2026-02-05T13:53:00Z,275.89,275.965,275.6,275.965,2703,275.699,64
AAPL,2026-02-05T13:54:00Z,275.88,275.986,275.79,275.986,1446,275.871,86
AAPL,2026-02-05T13:55:00Z,275.92,275.93,275.73,275.89,1865,275.869,65
AAPL,2026-02-05T13:56:00Z,275.93,276.11,275.93,276.11,10644,276.01,366
AAPL,2026-02-05T13:57:00Z,276.18,276.18,276.045,276.16,2237,276.117,92
AAPL,2026-02-05T13:58:00Z,276.08,276.1,275.67,275.67,7844,276.028,161
AAPL,2026-02-05T13:59:00Z,275.9,275.9,275.802,275.89,2679,275.851,81
AAPL,2026-02-05T14:00:00Z,275.99,276.12,275.8,275.8,6227,275.952,291
AAPL,2026-02-05T14:01:00Z,276.12,276.75,276.091,276.75,8477,276.34,310
AAPL,2026-02-05T14:02:00Z,276.66,276.82,276.25,276.62,5938,276.701,96
AAPL,2026-02-05T14:03:00Z,276.705,276.705,276.59,276.69,2369,276.617,62
AAPL,2026-02-05T14:04:00Z,276.49,276.69,276.307,276.307,3322,276.557,101
AAPL,2026-02-05T14:05:00Z,276.53,276.53,276.49,276.49,643,276.514,45
AAPL,2026-02-05T14:06:00Z,276.4,276.59,276.3,276.59,2130,276.413,191
AAPL,2026-02-05T14:07:00Z,276.62,276.75,276.5,276.5,1979,276.645,88
AAPL,2026-02-05T14:08:00Z,276.56,276.56,276.53,276.54,1853,276.545,74
AAPL,2026-02-05T14:09:00Z,276.55,276.57,276.33,276.488,5201,276.429,114
AAPL,2026-02-05T14:10:00Z,276.4,276.45,276.33,276.45,19711,276.344,162
AAPL,2026-02-05T14:11:00Z,276.41,276.75,276.37,276.6,2418,276.489,121
AAPL,2026-02-05T14:12:00Z,276.76,276.82,276.5,276.82,2617,276.756,136
AAPL,2026-02-05T14:13:00Z,276.807,276.96,276.62,276.9,4363,276.758,124
AAPL,2026-02-05T14:14:00Z,276.8,276.91,276.8,276.893,9070,276.816,174
AAPL,2026-02-05T14:15:00Z,276.91,277.29,276.9,277.2,15084,277.062,560
AAPL,2026-02-05T14:16:00Z,277.09,277.09,276.89,277.015,8005,277.016,166
AAPL,2026-02-05T14:17:00Z,276.85,276.99,276.721,276.75,6989,276.843,262
AAPL,2026-02-05T14:18:00Z,276.73,276.999,276.56,276.77,7559,276.779,219
AAPL,2026-02-05T14:19:00Z,276.85,277,276.65,277,5965,276.871,193
AAPL,2026-02-05T14:20:00Z,276.73,276.75,276.6,276.74,5549,276.715,141
AAPL,2026-02-05T14:21:00Z,276.63,277,276.63,276.932,9444,276.895,212
AAPL,2026-02-05T14:22:00Z,276.63,276.87,276.56,276.87,5216,276.766,213
AAPL,2026-02-05T14:23:00Z,277,277,276.81,276.95,7538,276.942,188
AAPL,2026-02-05T14:24:00Z,276.98,277.13,276.84,276.95,11490,277.02,299
AAPL,2026-02-05T14:25:00Z,277,277.2,276.81,276.93,10183,277.059,256
AAPL,2026-02-05T14:26:00Z,276.92,276.98,276.7,276.77,6991,276.796,154
AAPL,2026-02-05T14:27:00Z,276.79,277.76,276.7,277.64,65410,276.958,632
AAPL,2026-02-05T14:28:00Z,277.64,278.44,277.64,277.772,53590,278.022,865
AAPL,2026-02-05T14:29:00Z,277.9,278.01,277.89,278.01,25604,277.955,245
AAPL,2026-02-05T14:30:00Z,278.13,279.5,276.85,277.55,1.52083e+06,278.113,19697
AAPL,2026-02-05T14:31:00Z,277.45,277.84,276.36,277.08,305977,277.196,5618
AAPL,2026-02-05T14:32:00Z,276.98,277.3,275.8,276.33,284808,276.393,4830
AAPL,2026-02-05T14:33:00Z,276.395,277.69,276.15,276.37,300407,276.937,5546
AAPL,2026-02-05T14:34:00Z,276.4,276.795,275.7,276.32,216386,276.151,4637
AAPL,2026-02-05T14:35:00Z,276.22,276.32,275.08,275.16,248625,275.589,4951
AAPL,2026-02-05T14:36:00Z,275.16,275.81,274.9,275.1,310371,275.179,4315
AAPL,2026-02-05T14:37:00Z,275.07,275.32,274.5,274.82,189340,274.723,3102
AAPL,2026-02-05T14:38:00Z,274.9,275.48,274.74,275.22,123274,275.21,2361
AAPL,2026-02-05T14:39:00Z,275.15,275.65,274.88,274.975,146472,275.123,2290
AAPL,2026-02-05T14:40:00Z,274.97,274.97,273.725,274.022,184119,274.223,3600
AAPL,2026-02-05T14:41:00Z,273.962,274.23,273.54,273.68,190766,273.86,2751
AAPL,2026-02-05T14:42:00Z,273.67,274.74,273.61,274.53,196636,274.241,2941
AAPL,2026-02-05T14:43:00Z,274.52,275.18,273.87,273.95,185116,274.554,2860
AAPL,2026-02-05T14:44:00Z,274.03,274.68,273.6,273.63,183048,274.037,2576
AAPL,2026-02-05T14:45:00Z,273.655,274.014,273.28,273.31,204562,273.625,3484
AAPL,2026-02-05T14:46:00Z,273.382,273.99,273.23,273.6,164428,273.589,3339
AAPL,2026-02-05T14:47:00Z,273.595,274.35,273.57,274.28,154042,274.016,3470
AAPL,2026-02-05T14:48:00Z,274.23,275.145,274.145,274.98,247680,274.665,4699
AAPL,2026-02-05T14:49:00Z,274.94,275.98,274.93,275.945,237069,275.422,4076
AAPL,2026-02-05T14:50:00Z,275.89,276.69,275.76,276.14,234961,276.261,4092
AAPL,2026-02-05T14:51:00Z,276.13,276.19,275.64,275.867,200007,275.861,3404
AAPL,2026-02-05T14:52:00Z,275.866,276.44,275.82,276.12,141723,276.17,2937
AAPL,2026-02-05T14:53:00Z,276.14,276.54,275.155,275.155,221651,275.969,3556
AAPL,2026-02-05T14:54:00Z,275.165,275.37,274.4,274.455,123427,274.806,2700
AAPL,2026-02-05T14:55:00Z,274.49,274.5,273.92,274.22,268177,274.205,4424
AAPL,2026-02-05T14:56:00Z,274.185,274.25,273.951,274.14,86093,274.121,2167
AAPL,2026-02-05T14:57:00Z,274.13,274.2,273.82,274.055,152029,274.014,3230
AAPL,2026-02-05T14:58:00Z,274.1,274.13,273.65,273.88,198464,273.876,3509
AAPL,2026-02-05T14:59:00Z,273.86,274.44,273.74,274.365,177495,274.202,3958
AAPL,2026-02-05T15:00:00Z,274.406,274.57,273.61,273.96,235994,274.003,4484
AAPL,2026-02-05T15:01:00Z,273.96,274.33,273.86,274.17,129317,274.082,2814
AAPL,2026-02-05T15:02:00Z,274.11,274.83,274.01,274.77,111946,274.536,2910
AAPL,2026-02-05T15:03:00Z,274.79,275.17,274.66,275.085,106231,274.901,2933
AAPL,2026-02-05T15:04:00Z,275,275.65,274.86,275.5,216689,275.359,3675
AAPL,2026-02-05T15:05:00Z,275.54,275.63,275.08,275.141,148652,275.284,3340
AAPL,2026-02-05T15:06:00Z,275.186,275.6,274.95,274.975,185264,275.27,3862
AAPL,2026-02-05T15:07:00Z,275.01,275.505,274.9,275.48,175942,275.228,3359
AAPL,2026-02-05T15:08:00Z,275.49,275.498,274.81,275.105,160305,275.159,3166
AAPL,2026-02-05T15:09:00Z,275.09,275.408,274.54,274.54,296486,275.076,3537
AAPL,2026-02-05T15:10:00Z,274.512,274.78,274.36,274.57,117968,274.612,2675
AAPL,2026-02-05T15:11:00Z,274.63,275.06,274.54,274.92,126543,274.853,2629
AAPL,2026-02-05T15:12:00Z,274.93,275.32,274.93,275.04,75733,275.171,2354
AAPL,2026-02-05T15:13:00Z,275.05,275.22,274.9,275.01,97371,275.068,2989
AAPL,2026-02-05T15:14:00Z,275.05,275.17,274.47,274.53,106599,274.881,2923
AAPL,2026-02-05T15:15:00Z,274.51,275.2,274.41,275.11,154524,274.83,3792
AAPL,2026-02-05T15:16:00Z,275.13,275.35,274.86,275.02,114551,275.138,2674
AAPL,2026-02-05T15:17:00Z,275.035,275.61,274.915,275.285,144037,275.398,2637
AAPL,2026-02-05T15:18:00Z,275.295,275.4,275.01,275.02,83719,275.211,2325
AAPL,2026-02-05T15:19:00Z,275.02,275.69,274.86,275.655,262671,275.382,3879
AAPL,2026-02-05T15:20:00Z,275.69,276.09,275.47,275.83,162862,275.691,3119
AAPL,2026-02-05T15:21:00Z,275.82,276.39,275.69,276.36,123565,276.005,2755
AAPL,2026-02-05T15:22:00Z,276.39,276.84,276.235,276.62,189754,276.631,3536
AAPL,2026-02-05T15:23:00Z,276.625,276.71,275.92,275.97,350639,276.396,4383
AAPL,2026-02-05T15:24:00Z,275.87,276,275.47,275.85,122291,275.734,2775
AAPL,2026-02-05T15:25:00Z,275.84,276.12,275.71,275.825,140576,275.896,2798
AAPL,2026-02-05T15:26:00Z,275.84,275.86,275.34,275.434,150364,275.589,2708
AAPL,2026-02-05T15:27:00Z,275.47,275.83,275.47,275.655,110733,275.63,2482
AAPL,2026-02-05T15:28:00Z,275.68,276.56,275.68,276.56,161584,276.222,3427
AAPL,2026-02-05T15:29:00Z,276.57,276.84,276.07,276.785,182944,276.479,3206
AAPL,2026-02-05T15:30:00Z,276.79,277.4,276.79,277.226,180395,277.147,4331
AAPL,2026-02-05T15:31:00Z,277.23,277.29,276.89,276.89,107748,277.101,3245
AAPL,2026-02-05T15:32:00Z,276.89,277.18,276.87,277.09,145751,277.055,3716
AAPL,2026-02-05T15:33:00Z,277.11,277.24,276.79,276.85,186695,277.041,4594
AAPL,2026-02-05T15:34:00Z,276.88,277.05,276.351,276.42,206529,276.734,4398
AAPL,2026-02-05T15:35:00Z,276.43,276.58,276.19,276.37,154295,276.355,3621
AAPL,2026-02-05T15:36:00Z,276.37,276.37,275.78,275.82,185556,276.062,4167
AAPL,2026-02-05T15:37:00Z,275.809,275.92,275.49,275.84,119916,275.737,3453
AAPL,2026-02-05T15:38:00Z,275.825,276.12,275.74,276.12,115510,275.905,3283
AAPL,2026-02-05T15:39:00Z,276.11,276.34,275.95,276.12,103743,276.115,2909
AAPL,2026-02-05T15:40:00Z,276.12,276.12,275.23,275.815,110479,275.65,2688
AAPL,2026-02-05T15:41:00Z,275.755,275.98,275.57,275.975,87808,275.763,2635
AAPL,2026-02-05T15:42:00Z,276,276.17,275.83,276.064,88484,276.031,2447
AAPL,2026-02-05T15:43:00Z,276.1,276.31,275.82,275.865,82479,276.141,2431
AAPL,2026-02-05T15:44:00Z,275.87,276.175,275.87,275.98,97245,275.997,2280
AAPL,2026-02-05T15:45:00Z,275.96,276.08,275.33,275.357,119707,275.719,2920
AAPL,2026-02-05T15:46:00Z,275.36,275.49,274.982,275.35,134067,275.253,3107
AAPL,2026-02-05T15:47:00Z,275.36,275.36,274.97,275.055,58803,275.081,1851
AAPL,2026-02-05T15:48:00Z,275.06,275.17,274.8,274.86,89791,274.97,2321
AAPL,2026-02-05T15:49:00Z,274.87,274.88,274.69,274.76,111130,274.792,3224
AAPL,2026-02-05T15:50:00Z,274.81,275.06,274.76,275.05,94540,274.947,2765
AAPL,2026-02-05T15:51:00Z,275.03,275.13,274.79,274.91,81273,274.956,2329
AAPL,2026-02-05T15:52:00Z,274.905,274.905,274.31,274.4,165860,274.6,3122
AAPL,2026-02-05T15:53:00Z,274.43,274.77,273.912,273.93,183749,274.291,3461
AAPL,2026-02-05T15:54:00Z,273.93,274.59,273.93,274.178,132730,274.318,2759
AAPL,2026-02-05T15:55:00Z,274.17,274.3,274.087,274.17,98540,274.192,2335
AAPL,2026-02-05T15:56:00Z,274.19,274.6,274.161,274.41,111691,274.442,2517
AAPL,2026-02-05T15:57:00Z,274.38,274.426,273.96,274.065,118799,274.126,2489
AAPL,2026-02-05T15:58:00Z,274.098,274.44,274.04,274.33,105145,274.249,2672
AAPL,2026-02-05T15:59:00Z,274.315,274.46,274.1,274.45,123766,274.263,2785
AAPL,2026-02-05T16:00:00Z,274.45,274.94,274.38,274.56,125269,274.657,3177
AAPL,2026-02-05T16:01:00Z,274.55,274.79,274.4,274.64,117103,274.593,2746
AAPL,2026-02-05T16:02:00Z,274.59,274.62,273.82,273.82,116248,274.208,2728
AAPL,2026-02-05T16:03:00Z,273.82,274.13,273.7,273.9,169777,273.958,3220
AAPL,2026-02-05T16:04:00Z,273.9,273.99,273.63,273.66,119953,273.76,2682
AAPL,2026-02-05T16:05:00Z,273.675,273.99,273.6,273.615,64328,273.78,2157
AAPL,2026-02-05T16:06:00Z,273.6,273.72,273.36,273.57,86450,273.554,2446
AAPL,2026-02-05T16:07:00Z,273.55,273.98,273.55,273.66,97619,273.724,2180
AAPL,2026-02-05T16:08:00Z,273.64,273.72,273.55,273.56,72401,273.643,1992
AAPL,2026-02-05T16:09:00Z,273.58,273.71,273.39,273.39,98593,273.524,2454
AAPL,2026-02-05T16:10:00Z,273.36,273.77,273.31,273.6,113965,273.557,3118
AAPL,2026-02-05T16:11:00Z,273.59,273.705,273.34,273.52,66320,273.514,2134
AAPL,2026-02-05T16:12:00Z,273.52,273.838,273.465,273.7,63449,273.686,2164
AAPL,2026-02-05T16:13:00Z,273.75,273.84,273.37,273.61,62381,273.6,1986
AAPL,2026-02-05T16:14:00Z,273.6,273.7,273.28,273.34,55901,273.577,2067
AAPL,2026-02-05T16:15:00Z,273.34,274.4,273.34,274.32,103288,273.947,2896
AAPL,2026-02-05T16:16:00Z,274.3,275,274.3,274.84,228658,274.658,4701
AAPL,2026-02-05T16:17:00Z,274.89,275.05,274.634,274.99,73275,274.837,2351
AAPL,2026-02-05T16:18:00Z,274.99,275.29,274.96,275.25,80742,275.131,2453
AAPL,2026-02-05T16:19:00Z,275.28,275.49,275.2,275.25,100120,275.339,2453
AAPL,2026-02-05T16:20:00Z,275.32,275.72,275.32,275.38,115119,275.505,2557
AAPL,2026-02-05T16:21:00Z,275.365,275.57,275.14,275.49,125757,275.371,2814
AAPL,2026-02-05T16:22:00Z,275.46,275.95,275.45,275.93,100164,275.715,2727
AAPL,2026-02-05T16:23:00Z,275.935,276.22,275.44,275.456,95442,275.92,2942
AAPL,2026-02-05T16:24:00Z,275.44,275.63,275.3,275.37,129160,275.487,3061
AAPL,2026-02-05T16:25:00Z,275.367,275.6,275.22,275.285,81018,275.425,2422
AAPL,2026-02-05T16:26:00Z,275.34,275.56,275.3,275.305,113655,275.413,2685
AAPL,2026-02-05T16:27:00Z,275.33,275.62,275.27,275.58,96272,275.517,2487
AAPL,2026-02-05T16:28:00Z,275.6,275.7,275.36,275.39,61735,275.548,2136
AAPL,2026-02-05T16:29:00Z,275.37,275.39,274.978,275.26,122381,275.143,3005
AAPL,2026-02-05T16:30:00Z,275.29,275.35,274.91,275.02,73902,275.133,2505
AAPL,2026-02-05T16:31:00Z,275.048,275.35,274.95,275.05,74312,275.19,2217
AAPL,2026-02-05T16:32:00Z,275.12,275.2,275,275,60366,275.107,2150
AAPL,2026-02-05T16:33:00Z,275.01,275.22,274.936,275.11,72892,275.082,2195
AAPL,2026-02-05T16:34:00Z,275.12,275.13,274.78,275.07,89906,274.971,2694
AAPL,2026-02-05T16:35:00Z,275.08,275.1,274.9,274.96,118519,275.015,2603
AAPL,2026-02-05T16:36:00Z,274.96,275.16,274.85,274.94,82653,275.008,2323
AAPL,2026-02-05T16:37:00Z,274.97,275.03,274.82,275.01,94607,274.94,2058
AAPL,2026-02-05T16:38:00Z,275.035,275.17,274.98,275,71392,275.066,2130
AAPL,2026-02-05T16:39:00Z,275.04,275.12,274.81,274.81,53684,275.005,2002
AAPL,2026-02-05T16:40:00Z,274.85,275.08,274.75,274.86,46178,274.921,1941
AAPL,2026-02-05T16:41:00Z,274.825,274.91,274.63,274.91,57589,274.755,2049
AAPL,2026-02-05T16:42:00Z,274.91,274.93,274.76,274.83,35589,274.838,1695
AAPL,2026-02-05T16:43:00Z,274.85,274.95,274.71,274.78,43887,274.823,1922
AAPL,2026-02-05T16:44:00Z,274.775,274.835,274.61,274.665,86842,274.704,2325
AAPL,2026-02-05T16:45:00Z,274.7,274.77,274.56,274.61,56388,274.652,1884
AAPL,2026-02-05T16:46:00Z,274.59,274.73,274.46,274.6,68710,274.577,2032
AAPL,2026-02-05T16:47:00Z,274.66,274.66,274.5,274.5,28733,274.592,1576
AAPL,2026-02-05T16:48:00Z,274.53,274.76,274.48,274.73,48969,274.595,1923
AAPL,2026-02-05T16:49:00Z,274.74,275.218,274.67,275.218,102377,274.917,2704
AAPL,2026-02-05T16:50:00Z,275.21,275.42,275.21,275.308,64281,275.325,2004
AAPL,2026-02-05T16:51:00Z,275.3,275.45,275.21,275.21,74688,275.322,2329
AAPL,2026-02-05T16:52:00Z,275.2,275.39,275.03,275.39,111189,275.201,2551
AAPL,2026-02-05T16:53:00Z,275.4,275.46,275.17,275.28,50778,275.289,1905
AAPL,2026-02-05T16:54:00Z,275.28,275.44,275.255,275.3,42738,275.333,1920
AAPL,2026-02-05T16:55:00Z,275.395,275.5,275.36,275.45,44066,275.449,1654
AAPL,2026-02-05T16:56:00Z,275.47,275.499,275.29,275.42,56419,275.401,1983
AAPL,2026-02-05T16:57:00Z,275.41,275.466,275.3,275.3,27036,275.395,1592
AAPL,2026-02-05T16:58:00Z,275.31,275.38,274.935,274.935,115202,275.102,1826
AAPL,2026-02-05T16:59:00Z,274.93,275.25,274.93,275.24,49016,275.099,1779
AAPL,2026-02-05T17:00:00Z,275.19,275.23,274.78,274.92,75230,275.005,1655
AAPL,2026-02-05T17:01:00Z,274.93,275.012,274.85,274.925,35830,274.937,977
AAPL,2026-02-05T17:02:00Z,274.897,275.07,274.87,274.87,83700,274.961,1478
AAPL,2026-02-05T17:03:00Z,274.84,274.875,274.575,274.63,50911,274.716,1135
AAPL,2026-02-05T17:04:00Z,274.54,274.59,274.31,274.42,104810,274.456,1507
AAPL,2026-02-05T17:05:00Z,274.42,274.541,274.39,274.4,35626,274.453,970
AAPL,2026-02-05T17:06:00Z,274.4,274.45,274.19,274.21,59839,274.315,1132
AAPL,2026-02-05T17:07:00Z,274.2,274.44,274.13,274.42,47311,274.264,1096
AAPL,2026-02-05T17:08:00Z,274.37,274.509,274.29,274.36,31148,274.388,895
AAPL,2026-02-05T17:09:00Z,274.36,274.36,274.16,274.29,41709,274.26,1100
AAPL,2026-02-05T17:10:00Z,274.28,274.34,274.05,274.05,625509,274.205,1240
AAPL,2026-02-05T17:11:00Z,274.07,274.31,274.06,274.11,38067,274.148,1163
AAPL,2026-02-05T17:12:00Z,274.14,274.22,274.02,274.03,55431,274.106,1058
AAPL,2026-02-05T17:13:00Z,274.03,274.24,274.01,274.12,54236,274.169,1094
AAPL,2026-02-05T17:14:00Z,274.145,274.16,274.02,274.07,31972,274.083,922
AAPL,2026-02-05T17:15:00Z,274.09,274.138,273.8,273.82,74620,273.949,1467
AAPL,2026-02-05T17:16:00Z,273.825,274.097,273.77,273.83,57624,273.903,1295
AAPL,2026-02-05T17:17:00Z,273.83,273.88,273.61,273.62,52576,273.774,1192
AAPL,2026-02-05T17:18:00Z,273.65,273.73,273.58,273.705,40592,273.677,1107
AAPL,2026-02-05T17:19:00Z,273.7,273.88,273.67,273.734,37584,273.775,1033
AAPL,2026-02-05T17:20:00Z,273.71,273.79,273.525,273.615,44140,273.642,1149
AAPL,2026-02-05T17:21:00Z,273.6,273.79,273.6,273.65,47455,273.722,1081
AAPL,2026-02-05T17:22:00Z,273.73,273.84,273.63,273.66,55001,273.733,1143
AAPL,2026-02-05T17:23:00Z,273.655,274.18,273.57,274.169,70972,273.853,1330
AAPL,2026-02-05T17:24:00Z,274.19,274.39,274.16,274.39,75414,274.258,1450
AAPL,2026-02-05T17:25:00Z,274.4,274.76,274.39,274.74,74068,274.537,1287
AAPL,2026-02-05T17:26:00Z,274.77,274.82,274.68,274.77,68275,274.771,1154
AAPL,2026-02-05T17:27:00Z,274.778,274.96,274.68,274.85,62397,274.81,1140
AAPL,2026-02-05T17:28:00Z,274.875,274.96,274.8,274.834,37925,274.88,912
AAPL,2026-02-05T17:29:00Z,274.86,274.863,274.65,274.74,36837,274.719,838
AAPL,2026-02-05T17:30:00Z,274.75,274.98,274.707,274.88,66230,274.881,1121
AAPL,2026-02-05T17:31:00Z,274.91,274.975,274.51,274.52,53546,274.775,1135
AAPL,2026-02-05T17:32:00Z,274.52,274.65,274.45,274.49,35527,274.564,919
AAPL,2026-02-05T17:33:00Z,274.48,274.48,274.26,274.455,38795,274.374,1030
AAPL,2026-02-05T17:34:00Z,274.48,274.57,274.3,274.32,44261,274.412,922
AAPL,2026-02-05T17:35:00Z,274.315,274.383,274.155,274.31,37704,274.266,877
AAPL,2026-02-05T17:36:00Z,274.31,274.42,274.31,274.32,38616,274.377,782
AAPL,2026-02-05T17:37:00Z,274.31,274.47,274.27,274.47,35262,274.348,807
AAPL,2026-02-05T17:38:00Z,274.47,274.52,274.33,274.51,34949,274.46,705
AAPL,2026-02-05T17:39:00Z,274.48,274.51,274.41,274.48,36933,274.479,779
AAPL,2026-02-05T17:40:00Z,274.49,274.67,274.44,274.64,53111,274.572,1155
AAPL,2026-02-05T17:41:00Z,274.68,274.72,274.445,274.52,41289,274.582,1019
AAPL,2026-02-05T17:42:00Z,274.55,274.55,274.38,274.42,21554,274.438,578
AAPL,2026-02-05T17:43:00Z,274.47,274.54,274.32,274.47,26316,274.445,883
AAPL,2026-02-05T17:44:00Z,274.46,274.47,274.34,274.445,653176,274.398,900
AAPL,2026-02-05T17:45:00Z,274.44,274.66,274.4,274.65,43639,274.541,1088
AAPL,2026-02-05T17:46:00Z,274.67,274.95,274.58,274.95,55144,274.781,1156
AAPL,2026-02-05T17:47:00Z,274.9,274.92,274.585,274.64,29484,274.745,930
AAPL,2026-02-05T17:48:00Z,274.64,274.64,274.16,274.17,38011,274.362,1169
AAPL,2026-02-05T17:49:00Z,274.17,274.365,274.16,274.245,39121,274.241,1220
AAPL,2026-02-05T17:50:00Z,274.235,274.42,274.07,274.36,41404,274.237,1028
AAPL,2026-02-05T17:51:00Z,274.4,274.41,274.24,274.4,47583,274.328,1288
AAPL,2026-02-05T17:52:00Z,274.4,274.6,274.28,274.34,46796,274.415,1467
AAPL,2026-02-05T17:53:00Z,274.35,274.57,274.29,274.56,33464,274.465,980
AAPL,2026-02-05T17:54:00Z,274.58,274.64,274.43,274.46,37741,274.497,976
AAPL,2026-02-05T17:55:00Z,274.46,274.56,274.32,274.485,45354,274.468,1051
AAPL,2026-02-05T17:56:00Z,274.48,274.55,274.315,274.55,41531,274.392,826
AAPL,2026-02-05T17:57:00Z,274.48,274.49,274.39,274.39,23494,274.428,717
AAPL,2026-02-05T17:58:00Z,274.435,274.52,274.31,274.4,75841,274.381,1814
AAPL,2026-02-05T17:59:00Z,274.375,274.61,274.342,274.595,42188,274.53,1137
AAPL,2026-02-05T18:00:00Z,274.59,274.87,274.53,274.83,33563,274.727,1063
AAPL,2026-02-05T18:01:00Z,274.9,274.94,274.735,274.75,49373,274.81,1398
AAPL,2026-02-05T18:02:00Z,274.77,274.89,274.68,274.74,65262,274.792,1250
AAPL,2026-02-05T18:03:00Z,274.7,274.76,274.48,274.53,32591,274.657,834
AAPL,2026-02-05T18:04:00Z,274.51,274.57,274.19,274.19,35412,274.394,851
AAPL,2026-02-05T18:05:00Z,274.18,274.19,274.05,274.1,29913,274.103,885
AAPL,2026-02-05T18:06:00Z,274.1,274.235,274.03,274.198,29959,274.132,864
AAPL,2026-02-05T18:07:00Z,274.19,274.19,273.91,273.955,63529,274.015,1277
AAPL,2026-02-05T18:08:00Z,274,274.16,273.95,274.13,25572,274.078,767
AAPL,2026-02-05T18:09:00Z,274.11,274.27,274.04,274.24,38244,274.178,840
AAPL,2026-02-05T18:10:00Z,274.24,274.368,274.14,274.14,38854,274.267,1068
AAPL,2026-02-05T18:11:00Z,274.16,274.42,274.12,274.36,48371,274.31,1339
AAPL,2026-02-05T18:12:00Z,274.375,274.505,274.31,274.415,59064,274.42,1241
AAPL,2026-02-05T18:13:00Z,274.41,274.42,274.06,274.06,37824,274.237,716
AAPL,2026-02-05T18:14:00Z,274.06,274.18,274.045,274.06,23257,274.098,768
AAPL,2026-02-05T18:15:00Z,274.065,274.21,274.045,274.185,21435,274.118,709
AAPL,2026-02-05T18:16:00Z,274.2,274.25,274.03,274.04,32819,274.156,919
AAPL,2026-02-05T18:17:00Z,274.06,274.15,274.04,274.06,23694,274.089,777
AAPL,2026-02-05T18:18:00Z,274.06,274.09,273.98,274.085,26303,274.041,800
AAPL,2026-02-05T18:19:00Z,274.085,274.24,274.03,274.14,34858,274.106,899
AAPL,2026-02-05T18:20:00Z,274.15,274.23,274.02,274.06,45080,274.125,1079
AAPL,2026-02-05T18:21:00Z,274.06,274.18,274.04,274.055,45877,274.107,1045
AAPL,2026-02-05T18:22:00Z,274.05,274.265,274.031,274.21,31913,274.18,1159
AAPL,2026-02-05T18:23:00Z,274.2,274.3,274.12,274.26,49151,274.205,1302
AAPL,2026-02-05T18:24:00Z,274.25,274.35,274.18,274.27,41378,274.24,1087
AAPL,2026-02-05T18:25:00Z,274.3,274.34,274.2,274.32,34541,274.289,975
AAPL,2026-02-05T18:26:00Z,274.315,274.47,274.315,274.365,46904,274.394,1062
AAPL,2026-02-05T18:27:00Z,274.37,274.55,274.37,274.51,87837,274.483,1450
AAPL,2026-02-05T18:28:00Z,274.54,274.555,274.26,274.36,24756,274.396,648
AAPL,2026-02-05T18:29:00Z,274.37,274.38,274.2,274.308,35146,274.28,826
AAPL,2026-02-05T18:30:00Z,274.26,274.47,274.25,274.29,41356,274.351,1081
AAPL,2026-02-05T18:31:00Z,274.32,274.57,274.31,274.53,38932,274.481,1148
AAPL,2026-02-05T18:32:00Z,274.53,274.62,274.28,274.3,57920,274.467,1379
AAPL,2026-02-05T18:33:00Z,274.3,274.33,274.15,274.25,58073,274.248,1218
AAPL,2026-02-05T18:34:00Z,274.23,274.335,274.12,274.33,46249,274.18,1010
AAPL,2026-02-05T18:35:00Z,274.339,274.34,274.17,274.18,34979,274.26,749
AAPL,2026-02-05T18:36:00Z,274.185,274.365,274.115,274.245,70935,274.21,1215
AAPL,2026-02-05T18:37:00Z,274.21,274.3,274.19,274.25,24495,274.252,702
AAPL,2026-02-05T18:38:00Z,274.3,274.36,274.235,274.315,34688,274.316,836
AAPL,2026-02-05T18:39:00Z,274.295,274.41,274.24,274.36,43028,274.297,1084
AAPL,2026-02-05T18:40:00Z,274.38,274.56,274.32,274.525,111291,274.448,1454
AAPL,2026-02-05T18:41:00Z,274.5,274.81,274.5,274.81,73987,274.603,1322
AAPL,2026-02-05T18:42:00Z,274.79,274.88,274.65,274.715,109939,274.789,1825
AAPL,2026-02-05T18:43:00Z,274.71,274.85,274.45,274.55,49091,274.604,1169
AAPL,2026-02-05T18:44:00Z,274.53,274.7,274.46,274.58,41656,274.564,917
AAPL,2026-02-05T18:45:00Z,274.56,274.8,274.5,274.79,40521,274.651,819
AAPL,2026-02-05T18:46:00Z,274.79,274.9,274.76,274.835,29003,274.835,753
AAPL,2026-02-05T18:47:00Z,274.828,274.828,274.63,274.73,59899,274.723,1175
AAPL,2026-02-05T18:48:00Z,274.74,274.91,274.71,274.84,52651,274.82,902
AAPL,2026-02-05T18:49:00Z,274.867,274.9,274.623,274.73,38348,274.74,932
AAPL,2026-02-05T18:50:00Z,274.65,274.68,274.46,274.48,44887,274.555,938
AAPL,2026-02-05T18:51:00Z,274.468,274.64,274.468,274.63,32764,274.568,891
AAPL,2026-02-05T18:52:00Z,274.625,274.63,274.38,274.445,29794,274.503,753
AAPL,2026-02-05T18:53:00Z,274.46,274.48,274.197,274.33,101093,274.284,1190
AAPL,2026-02-05T18:54:00Z,274.32,274.48,274.31,274.41,44074,274.412,964
AAPL,2026-02-05T18:55:00Z,274.395,274.45,274.294,274.42,52048,274.374,902
AAPL,2026-02-05T18:56:00Z,274.41,274.6,274.41,274.545,41164,274.498,935
AAPL,2026-02-05T18:57:00Z,274.56,274.8,274.41,274.8,417353,274.62,1522
AAPL,2026-02-05T18:58:00Z,274.8,274.98,274.8,274.935,46788,274.891,1006
AAPL,2026-02-05T18:59:00Z,274.935,275,274.86,274.99,83675,274.964,1511
AAPL,2026-02-05T19:00:00Z,274.99,275.2,274.92,275.19,115465,275.023,1923
AAPL,2026-02-05T19:01:00Z,275.172,275.28,275.06,275.17,97416,275.172,1732
AAPL,2026-02-05T19:02:00Z,275.17,275.38,275.05,275.36,100409,275.233,1881
AAPL,2026-02-05T19:03:00Z,275.39,275.584,275.34,275.54,80344,275.476,1544
AAPL,2026-02-05T19:04:00Z,275.56,275.66,275.48,275.485,72489,275.569,1275
AAPL,2026-02-05T19:05:00Z,275.48,275.55,275.33,275.49,37504,275.443,848
AAPL,2026-02-05T19:06:00Z,275.49,275.78,275.48,275.76,66005,275.672,1336
AAPL,2026-02-05T19:07:00Z,275.755,275.77,275.63,275.635,56262,275.69,1172
AAPL,2026-02-05T19:08:00Z,275.62,275.74,275.58,275.66,58907,275.665,1144
AAPL,2026-02-05T19:09:00Z,275.661,275.85,275.65,275.83,132711,275.755,1392
AAPL,2026-02-05T19:10:00Z,275.83,275.98,275.82,275.945,34908,275.903,873
AAPL,2026-02-05T19:11:00Z,275.955,276.1,275.87,276.08,67208,275.987,1206
AAPL,2026-02-05T19:12:00Z,276.08,276.27,275.95,276.27,68333,276.137,1344
AAPL,2026-02-05T19:13:00Z,276.26,276.42,276.26,276.415,68627,276.347,1161
AAPL,2026-02-05T19:14:00Z,276.419,276.69,276.37,276.68,106903,276.494,1498
AAPL,2026-02-05T19:15:00Z,276.67,276.84,276.645,276.801,101407,276.756,1563
AAPL,2026-02-05T19:16:00Z,276.8,277.005,276.79,277,131319,276.905,2268
AAPL,2026-02-05T19:17:00Z,276.995,277.12,276.78,276.87,89488,276.977,1498
AAPL,2026-02-05T19:18:00Z,276.88,277.14,276.82,277,72973,277.011,1238
AAPL,2026-02-05T19:19:00Z,277.005,277.2,276.98,277.17,62631,277.094,1205
AAPL,2026-02-05T19:20:00Z,277.18,277.33,276.91,277.29,141381,277.237,1807
AAPL,2026-02-05T19:21:00Z,277.315,277.57,277.18,277.18,144877,277.406,2270
AAPL,2026-02-05T19:22:00Z,277.2,277.2,276.98,277.2,82210,277.089,1787
AAPL,2026-02-05T19:23:00Z,277.21,277.34,277.12,277.22,64895,277.223,1268
AAPL,2026-02-05T19:24:00Z,277.24,277.325,277.14,277.165,45747,277.255,935
AAPL,2026-02-05T19:25:00Z,277.16,277.17,276.77,276.855,116073,276.871,2022
AAPL,2026-02-05T19:26:00Z,276.87,276.98,276.74,276.916,62570,276.865,1195
AAPL,2026-02-05T19:27:00Z,276.925,277.1,276.86,276.89,58575,276.97,1150
AAPL,2026-02-05T19:28:00Z,276.87,277.235,276.81,277.22,80937,277.017,1570
AAPL,2026-02-05T19:29:00Z,277.23,277.3,276.995,277.06,96569,277.146,1430
AAPL,2026-02-05T19:30:00Z,277.065,277.46,276.98,277.39,124327,277.238,1910
AAPL,2026-02-05T19:31:00Z,277.375,277.425,276.58,276.775,122383,276.94,2064
AAPL,2026-02-05T19:32:00Z,276.8,276.965,276.22,276.26,82428,276.605,1396
AAPL,2026-02-05T19:33:00Z,276.28,276.38,276.135,276.235,99053,276.257,1660
AAPL,2026-02-05T19:34:00Z,276.204,276.808,276.204,276.75,55672,276.484,1076
AAPL,2026-02-05T19:35:00Z,276.8,276.84,276.52,276.675,78527,276.705,1225
AAPL,2026-02-05T19:36:00Z,276.65,276.74,276.61,276.62,57103,276.681,1087
AAPL,2026-02-05T19:37:00Z,276.63,276.93,276.627,276.895,62325,276.833,1130
AAPL,2026-02-05T19:38:00Z,276.92,276.96,276.69,276.72,58845,276.872,1183
AAPL,2026-02-05T19:39:00Z,276.724,276.73,276.33,276.42,44280,276.524,869
AAPL,2026-02-05T19:40:00Z,276.4,276.45,276.18,276.18,34225,276.298,925
AAPL,2026-02-05T19:41:00Z,276.14,276.44,276.086,276.31,50353,276.25,1181
AAPL,2026-02-05T19:42:00Z,276.3,276.39,276.225,276.225,49414,276.321,798
AAPL,2026-02-05T19:43:00Z,276.22,276.44,276.19,276.44,101840,276.35,981
AAPL,2026-02-05T19:44:00Z,276.45,276.48,276.3,276.42,49165,276.433,906
AAPL,2026-02-05T19:45:00Z,276.405,276.56,276.405,276.465,41722,276.469,880
AAPL,2026-02-05T19:46:00Z,276.44,276.61,276.44,276.52,49298,276.525,961
AAPL,2026-02-05T19:47:00Z,276.53,276.53,276.33,276.33,37805,276.487,891
AAPL,2026-02-05T19:48:00Z,276.37,276.47,276.283,276.415,31666,276.384,673
AAPL,2026-02-05T19:49:00Z,276.42,276.48,276.38,276.47,52700,276.413,893
AAPL,2026-02-05T19:50:00Z,276.46,276.6,276.35,276.41,83819,276.515,1278
AAPL,2026-02-05T19:51:00Z,276.36,276.63,276.349,276.529,34681,276.532,826
AAPL,2026-02-05T19:52:00Z,276.53,276.62,276.44,276.58,42859,276.527,868
AAPL,2026-02-05T19:53:00Z,276.59,276.78,276.48,276.52,69250,276.66,1397
AAPL,2026-02-05T19:54:00Z,276.55,276.62,276.316,276.505,69638,276.459,1474
AAPL,2026-02-05T19:55:00Z,276.53,276.665,276.517,276.54,50159,276.592,1039
AAPL,2026-02-05T19:56:00Z,276.535,276.6,276.32,276.43,40367,276.496,877
AAPL,2026-02-05T19:57:00Z,276.44,276.56,276.4,276.49,105028,276.485,1552
AAPL,2026-02-05T19:58:00Z,276.48,276.55,276.34,276.54,46805,276.457,935
AAPL,2026-02-05T19:59:00Z,276.56,276.77,276.51,276.71,71250,276.67,1313
AAPL,2026-02-05T20:00:00Z,276.72,276.75,276.58,276.62,53183,276.671,1129
AAPL,2026-02-05T20:01:00Z,276.61,276.94,276.54,276.93,60347,276.756,1238
AAPL,2026-02-05T20:02:00Z,276.94,277.07,276.88,277,57079,276.978,1273
AAPL,2026-02-05T20:03:00Z,277,277.09,276.97,277.055,41859,277.021,757
AAPL,2026-02-05T20:04:00Z,277.06,277.11,276.99,277.06,72877,277.045,1274
AAPL,2026-02-05T20:05:00Z,277.06,277.105,276.91,276.962,72354,277.034,1163
AAPL,2026-02-05T20:06:00Z,276.95,277.23,276.926,277.01,113445,277.125,1545
AAPL,2026-02-05T20:07:00Z,277.02,277.39,277.02,277.36,71186,277.189,1459
AAPL,2026-02-05T20:08:00Z,277.36,277.49,277.32,277.375,135712,277.405,1636
AAPL,2026-02-05T20:09:00Z,277.4,277.72,277.38,277.571,105100,277.564,1653
AAPL,2026-02-05T20:10:00Z,277.58,277.68,277.33,277.45,81526,277.5,1738
AAPL,2026-02-05T20:11:00Z,277.44,277.48,277.22,277.3,99833,277.358,1622
AAPL,2026-02-05T20:12:00Z,277.31,277.38,276.638,276.64,113146,276.992,2405
AAPL,2026-02-05T20:13:00Z,276.65,276.77,276.51,276.71,91962,276.647,1792
AAPL,2026-02-05T20:14:00Z,276.696,276.82,276.58,276.58,84187,276.694,1508
AAPL,2026-02-05T20:15:00Z,276.61,276.67,276.17,276.17,80223,276.407,1505
AAPL,2026-02-05T20:16:00Z,276.19,276.26,276.1,276.17,98283,276.175,1917
AAPL,2026-02-05T20:17:00Z,276.166,276.41,276.166,276.229,82311,276.262,1570
AAPL,2026-02-05T20:18:00Z,276.21,276.45,276.21,276.45,65931,276.298,1364
AAPL,2026-02-05T20:19:00Z,276.45,276.567,276.42,276.48,98147,276.495,1753
AAPL,2026-02-05T20:20:00Z,276.465,276.57,276.29,276.42,80284,276.447,1370
AAPL,2026-02-05T20:21:00Z,276.41,276.44,276.22,276.34,55818,276.333,1249
AAPL,2026-02-05T20:22:00Z,276.34,276.48,276.24,276.28,55683,276.363,1157
AAPL,2026-02-05T20:23:00Z,276.29,276.51,276.2,276.43,117239,276.384,1493
AAPL,2026-02-05T20:24:00Z,276.45,276.54,276.15,276.15,100053,276.377,1552
AAPL,2026-02-05T20:25:00Z,276.18,276.3,276.15,276.2,53708,276.224,1093
AAPL,2026-02-05T20:26:00Z,276.21,276.41,276.19,276.29,72907,276.309,1556
AAPL,2026-02-05T20:27:00Z,276.285,276.4,276.19,276.34,67536,276.288,1594
AAPL,2026-02-05T20:28:00Z,276.33,276.5,276.32,276.5,54056,276.414,1368
AAPL,2026-02-05T20:29:00Z,276.49,276.65,276.43,276.625,96187,276.523,1951
AAPL,2026-02-05T20:30:00Z,276.6,276.91,276.59,276.785,109447,276.74,1895
AAPL,2026-02-05T20:31:00Z,276.78,276.86,276.56,276.71,94000,276.731,1662
AAPL,2026-02-05T20:32:00Z,276.71,276.79,276.62,276.73,92600,276.721,1480
AAPL,2026-02-05T20:33:00Z,276.72,276.8,276.35,276.463,136630,276.631,1687
AAPL,2026-02-05T20:34:00Z,276.48,276.55,276.23,276.29,82748,276.348,1324
AAPL,2026-02-05T20:35:00Z,276.3,276.38,276.16,276.24,70803,276.286,1511
AAPL,2026-02-05T20:36:00Z,276.22,276.32,275.94,276.06,159524,276.063,1850
AAPL,2026-02-05T20:37:00Z,276.06,276.44,276.06,276.39,82625,276.34,1460
AAPL,2026-02-05T20:38:00Z,276.37,276.55,276.33,276.52,60069,276.442,1213
AAPL,2026-02-05T20:39:00Z,276.54,276.65,276.51,276.56,77712,276.58,1264
AAPL,2026-02-05T20:40:00Z,276.58,276.8,276.48,276.71,156644,276.66,2206
AAPL,2026-02-05T20:41:00Z,276.71,276.76,276.625,276.655,75060,276.703,1405
AAPL,2026-02-05T20:42:00Z,276.67,276.72,276.46,276.5,113251,276.556,2218
AAPL,2026-02-05T20:43:00Z,276.46,276.604,275.92,275.93,267132,276.231,3364
AAPL,2026-02-05T20:44:00Z,275.935,275.988,275.35,275.43,250506,275.62,3610
AAPL,2026-02-05T20:45:00Z,275.43,275.715,275.38,275.7,180935,275.495,3419
AAPL,2026-02-05T20:46:00Z,275.7,276.14,275.7,276.11,88761,275.977,1714
AAPL,2026-02-05T20:47:00Z,276.12,276.12,275.8,275.947,97536,275.994,1925
AAPL,2026-02-05T20:48:00Z,275.96,276.13,275.817,276.09,99568,275.935,1616
AAPL,2026-02-05T20:49:00Z,276.08,276.37,275.92,276.29,111010,276.184,1728
AAPL,2026-02-05T20:50:00Z,276.31,276.58,276.19,276.295,187853,276.316,3105
AAPL,2026-02-05T20:51:00Z,276.29,276.34,276.17,276.29,155282,276.254,2258
AAPL,2026-02-05T20:52:00Z,276.29,276.29,275.64,275.86,154662,275.859,2841
AAPL,2026-02-05T20:53:00Z,275.85,275.865,275.54,275.76,163508,275.678,2749
AAPL,2026-02-05T20:54:00Z,275.76,276.215,275.27,276.18,217488,275.746,3990
AAPL,2026-02-05T20:55:00Z,276.175,276.35,275.29,276.35,358808,276.069,5347
AAPL,2026-02-05T20:56:00Z,276.35,276.37,276.2,276.31,381697,276.29,4451
AAPL,2026-02-05T20:57:00Z,276.32,276.38,276.15,276.38,516810,276.298,5748
AAPL,2026-02-05T20:58:00Z,276.37,276.47,276.05,276.17,464494,276.258,5400
AAPL,2026-02-05T20:59:00Z,276.17,276.2,275.88,275.91,1.03898e+06,276.032,11674
AAPL,2026-02-05T21:00:00Z,275.91,276.74,275.84,275.99,7.88381e+06,275.91,570
AAPL,2026-02-05T21:01:00Z,276.32,276.34,275.96,275.96,107224,276.247,114
AAPL,2026-02-05T21:02:00Z,275.98,276.52,275.41,276.03,941975,276.028,292
AAPL,2026-02-05T21:03:00Z,275.84,276.38,275.84,276.15,1.11593e+06,276.159,183
AAPL,2026-02-05T21:04:00Z,276.46,276.5,275.5,275.5,2670,275.82,108
AAPL,2026-02-05T21:05:00Z,276.37,276.48,275.55,275.99,16367,275.611,237
AAPL,2026-02-05T21:06:00Z,275.99,276.21,275.99,276,3139,276.094,116
AAPL,2026-02-05T21:07:00Z,275.91,276.05,275.86,275.86,1280,275.942,69
AAPL,2026-02-05T21:08:00Z,276.07,276.2,275.853,276.2,3868,276.105,93
AAPL,2026-02-05T21:09:00Z,276.18,276.18,276.06,276.06,8815,276.127,89
AAPL,2026-02-05T21:10:00Z,276.13,276.25,276.08,276.25,7462,276.162,118
AAPL,2026-02-05T21:11:00Z,276.16,276.39,276.16,276.39,55186,276.206,55
AAPL,2026-02-05T21:12:00Z,276.16,276.36,276.16,276.36,2453,276.291,133
AAPL,2026-02-05T21:13:00Z,276.35,276.377,276.2,276.25,1571,276.275,98
AAPL,2026-02-05T21:14:00Z,276.37,276.37,276.37,276.37,1603,276.37,58
AAPL,2026-02-05T21:15:00Z,276.24,276.24,276.18,276.18,1155,276.189,53
AAPL,2026-02-05T21:16:00Z,276,276.27,276,276.14,2910,276.223,77
AAPL,2026-02-05T21:17:00Z,276,276.36,276,276.36,6728,276.335,81
AAPL,2026-02-05T21:18:00Z,276.29,276.3,276.26,276.26,1292,276.286,62
AAPL,2026-02-05T21:19:00Z,276,276,276,276,915,276,52
AAPL,2026-02-05T21:21:00Z,276.12,276.12,276,276,4931,276.098,65
AAPL,2026-02-05T21:22:00Z,276.12,276.26,276.12,276.192,2935,276.145,79
AAPL,2026-02-05T21:23:00Z,276.29,276.3,276.29,276.3,1321,276.295,104
AAPL,2026-02-05T21:24:00Z,276.3,276.6,276.3,276.6,8817,276.552,170
AAPL,2026-02-05T21:25:00Z,276.4,276.73,276.4,276.65,4412,276.617,94
AAPL,2026-02-05T21:26:00Z,276.58,276.6,276.47,276.55,1646,276.582,48
AAPL,2026-02-05T21:27:00Z,276.78,276.938,276.6,276.938,6169,276.907,89
AAPL,2026-02-05T21:28:00Z,276.658,276.658,276.658,276.658,384,276.658,37
AAPL,2026-02-05T21:29:00Z,276.6,276.649,276.6,276.649,1308,276.633,77
AAPL,2026-02-05T21:30:00Z,276.89,276.89,276.89,276.89,846,276.89,61
AAPL,2026-02-05T21:31:00Z,276.84,276.84,276.6,276.6,896,276.699,54
AAPL,2026-02-05T21:32:00Z,276.71,276.94,276.71,276.94,2498,276.847,97
AAPL,2026-02-05T21:33:00Z,276.95,276.99,276.76,276.76,2153,276.909,100
AAPL,2026-02-05T21:34:00Z,276.75,277.02,276.75,277,25470,276.929,207
AAPL,2026-02-05T21:35:00Z,277.02,277.08,275.91,275.91,13398,275.944,101
AAPL,2026-02-05T21:36:00Z,277.035,277.035,277,277,3462,277.009,79
AAPL,2026-02-05T21:37:00Z,277.01,277.095,276.94,276.955,6145,277.009,194
AAPL,2026-02-05T21:38:00Z,277.03,277.28,276.945,277.27,13671,277.176,218
AAPL,2026-02-05T21:39:00Z,277.1,277.1,277.1,277.1,1068,277.1,69
AAPL,2026-02-05T21:40:00Z,276.75,276.98,276.75,276.94,3209,276.858,106
AAPL,2026-02-05T21:41:00Z,276.73,276.83,276.46,276.68,12231,276.721,229
AAPL,2026-02-05T21:42:00Z,276.6,277,276.6,276.991,8212,276.863,185
AAPL,2026-02-05T21:43:00Z,277.2,277.2,276.6,277,4751,277.057,98
AAPL,2026-02-05T21:44:00Z,277,277.21,276.861,277.21,2962,277.041,78
AAPL,2026-02-05T21:45:00Z,277.02,277.25,277.02,277.16,4179,277.202,112
AAPL,2026-02-05T21:46:00Z,277.24,277.24,277.03,277.03,1011,277.147,49
AAPL,2026-02-05T21:47:00Z,277.13,277.18,277,277,4013,277.054,92
AAPL,2026-02-05T21:48:00Z,277.02,277.119,277.01,277.01,837,277.052,44
AAPL,2026-02-05T21:49:00Z,276.9,277.09,276.851,276.851,3328,276.929,91
AAPL,2026-02-05T21:50:00Z,276.86,276.86,276.77,276.77,2465,276.805,130
AAPL,2026-02-05T21:51:00Z,277,277.193,276.89,276.947,4210,277.051,134
AAPL,2026-02-05T21:52:00Z,277.19,277.19,276.69,277,9725,276.876,189
AAPL,2026-02-05T21:53:00Z,276.74,277.2,276.74,277.169,151861,277.067,116
AAPL,2026-02-05T21:54:00Z,277.17,277.17,277.03,277.03,3440,277.123,170
AAPL,2026-02-05T21:55:00Z,277.157,277.157,276.911,276.911,2980,277.078,107
AAPL,2026-02-05T21:56:00Z,277,277,277,277,776,277,76
AAPL,2026-02-05T21:57:00Z,276.76,277.14,276.5,277.024,35168,276.558,277
AAPL,2026-02-05T21:58:00Z,276.56,276.8,276.56,276.69,1872,276.672,73
AAPL,2026-02-05T21:59:00Z,276.81,276.81,276.46,276.46,4235,276.604,100
AAPL,2026-02-05T22:00:00Z,276.47,276.53,276.47,276.5,7279,276.5,59
AAPL,2026-02-05T22:01:00Z,276.436,276.436,276.43,276.43,1604,276.432,81
AAPL,2026-02-05T22:02:00Z,276.4,276.4,276.4,276.4,945,276.4,50
AAPL,2026-02-05T22:03:00Z,276.41,276.41,276.4,276.4,1075,276.404,60
AAPL,2026-02-05T22:04:00Z,276.27,276.27,276.27,276.27,751,276.27,72
AAPL,2026-02-05T22:05:00Z,276.4,276.4,276.36,276.36,1879,276.388,127
AAPL,2026-02-05T22:06:00Z,276.41,276.43,276.29,276.43,1217,276.394,54
AAPL,2026-02-05T22:08:00Z,276.4,276.63,276.4,276.63,1018,276.493,89
AAPL,2026-02-05T22:09:00Z,276.46,276.46,276.46,276.46,1147,276.46,99
AAPL,2026-02-05T22:10:00Z,276.48,276.48,276.48,276.48,716,276.48,48
AAPL,2026-02-05T22:11:00Z,276.45,276.45,276.4,276.4,1100,276.408,31
AAPL,2026-02-05T22:12:00Z,276.32,276.32,276.26,276.26,1611,276.298,63
AAPL,2026-02-05T22:13:00Z,276.2,276.2,276.09,276.15,3767,276.163,64
AAPL,2026-02-05T22:14:00Z,276.012,276.09,276.012,276.09,3369,276.036,153
AAPL,2026-02-05T22:15:00Z,276.05,276.11,276.04,276.11,2739,276.055,122
AAPL,2026-02-05T22:16:00Z,276.06,276.21,276.06,276.124,2089,276.171,59
AAPL,2026-02-05T22:17:00Z,276.14,276.14,276.14,276.14,1116,276.14,73
AAPL,2026-02-05T22:18:00Z,276.05,276.131,276.05,276.131,1720,276.103,95
AAPL,2026-02-05T22:19:00Z,276.08,276.13,276.01,276.06,2868,276.078,73
AAPL,2026-02-05T22:20:00Z,276.13,276.13,276.04,276.04,2755,276.068,95
AAPL,2026-02-05T22:21:00Z,276.186,276.186,276.15,276.15,2763,276.176,73
AAPL,2026-02-05T22:23:00Z,276.29,276.29,276.19,276.19,1272,276.205,34
AAPL,2026-02-05T22:24:00Z,276.3,276.531,276.29,276.531,3978,276.346,120
AAPL,2026-02-05T22:25:00Z,276.65,276.8,276.48,276.5,6694,276.687,100
AAPL,2026-02-05T22:26:00Z,276.55,276.55,276.54,276.54,2136,276.543,36
AAPL,2026-02-05T22:27:00Z,276.45,276.45,276.42,276.42,1163,276.424,34
AAPL,2026-02-05T22:28:00Z,276.25,276.25,276.19,276.25,2640,276.244,61
AAPL,2026-02-05T22:29:00Z,276.25,276.25,276.16,276.16,4782,276.169,52
AAPL,2026-02-05T22:30:00Z,276.2,276.2,276.2,276.2,374,276.2,22
AAPL,2026-02-05T22:31:00Z,276.2,276.21,276.2,276.21,796,276.206,23
AAPL,2026-02-05T22:32:00Z,276.25,276.25,276.25,276.25,1456,276.25,34
AAPL,2026-02-05T22:33:00Z,276.2,276.2,276.2,276.2,288,276.2,27
AAPL,2026-02-05T22:34:00Z,276.22,276.22,276.22,276.22,335,276.22,24
AAPL,2026-02-05T22:35:00Z,276.2,276.2,276.2,276.2,815,276.2,35
AAPL,2026-02-05T22:36:00Z,276.22,276.22,276.2,276.2,9568,276.213,29
AAPL,2026-02-05T22:37:00Z,276.2,276.2,276.2,276.2,833,276.2,27
AAPL,2026-02-05T22:38:00Z,276.19,276.19,276.19,276.19,1168,276.19,32
AAPL,2026-02-05T22:39:00Z,276.16,276.17,276.16,276.17,696,276.163,33
AAPL,2026-02-05T22:40:00Z,276.16,276.16,276.05,276.05,859,276.072,34
AAPL,2026-02-05T22:41:00Z,276.05,276.05,276.02,276.02,2887,276.043,44
AAPL,2026-02-05T22:42:00Z,276.02,276.02,276,276,1022,276.016,26
AAPL,2026-02-05T22:43:00Z,275.9,275.9,275.9,275.9,435,275.9,40
AAPL,2026-02-05T22:44:00Z,275.85,275.9,275.85,275.9,1779,275.862,36
AAPL,2026-02-05T22:45:00Z,275.85,275.85,275.76,275.76,2040,275.823,77
AAPL,2026-02-05T22:47:00Z,275.57,275.601,275.57,275.57,1135,275.592,31
AAPL,2026-02-05T22:48:00Z,275.61,275.82,275.61,275.66,1655,275.753,29
AAPL,2026-02-05T22:50:00Z,275.7,275.77,275.7,275.77,946,275.722,28
AAPL,2026-02-05T22:51:00Z,275.73,275.88,275.73,275.73,1946,275.756,71
AAPL,2026-02-05T22:52:00Z,275.87,275.9,275.87,275.9,3760,275.897,91
AAPL,2026-02-05T22:53:00Z,275.75,275.75,275.75,275.75,339,275.75,21
AAPL,2026-02-05T22:54:00Z,275.82,275.82,275.82,275.82,678,275.82,45
AAPL,2026-02-05T22:55:00Z,275.75,275.75,275.75,275.75,1032,275.75,64
AAPL,2026-02-05T22:56:00Z,275.6,275.6,274,274.79,17312,274.89,307
AAPL,2026-02-05T22:57:00Z,274.95,274.95,274.95,274.95,345,274.95,30
AAPL,2026-02-05T22:58:00Z,274.94,275,274.94,275,3597,274.98,52
AAPL,2026-02-05T22:59:00Z,274.998,275.77,274.99,275.77,3751,275.491,71
AAPL,2026-02-05T23:00:00Z,275.55,277.15,275.55,276.94,11755,276.345,351
AAPL,2026-02-05T23:01:00Z,276.64,276.99,276.33,276.65,1906,276.644,58
AAPL,2026-02-05T23:02:00Z,276.5,276.5,276.5,276.5,560,276.5,28
AAPL,2026-02-05T23:03:00Z,276.6,276.78,276.03,276.18,2007,276.41,68
AAPL,2026-02-05T23:04:00Z,276.9,277.21,276.9,277.2,2826,277.03,59
AAPL,2026-02-05T23:05:00Z,277,277.11,276.98,277,1403,277.011,43
AAPL,2026-02-05T23:06:00Z,277.07,277.1,276.673,276.7,4094,276.86,84
AAPL,2026-02-05T23:08:00Z,276.8,276.8,276.8,276.8,703,276.8,25
AAPL,2026-02-05T23:09:00Z,276.76,276.76,276.67,276.68,3959,276.695,34
AAPL,2026-02-05T23:10:00Z,276.67,276.68,276.64,276.64,822,276.665,23
AAPL,2026-02-05T23:11:00Z,276.58,276.58,276.25,276.25,863,276.487,51
AAPL,2026-02-05T23:12:00Z,276.5,276.5,276.28,276.5,879,276.401,28
AAPL,2026-02-05T23:14:00Z,276.849,276.849,276.849,276.849,645,276.849,40
AAPL,2026-02-05T23:15:00Z,276.712,276.712,276.712,276.712,314,276.712,22
AAPL,2026-02-05T23:17:00Z,276.834,276.834,276.46,276.46,2924,276.59,48
AAPL,2026-02-05T23:18:00Z,276.1,276.13,276,276.04,2605,276.061,45
AAPL,2026-02-05T23:19:00Z,275.91,275.91,275.642,275.642,1494,275.823,35
AAPL,2026-02-05T23:20:00Z,275.65,275.75,275.03,275.04,4614,275.193,87
AAPL,2026-02-05T23:21:00Z,275.16,275.249,275.16,275.249,655,275.185,20
AAPL,2026-02-05T23:22:00Z,275.24,275.31,275.19,275.31,1059,275.247,28
AAPL,2026-02-05T23:23:00Z,275.31,275.31,275.25,275.3,3208,275.298,38
AAPL,2026-02-05T23:24:00Z,275.5,275.61,275.5,275.61,1182,275.554,40
AAPL,2026-02-05T23:25:00Z,275.88,275.88,275.88,275.88,843,275.88,46
AAPL,2026-02-05T23:26:00Z,275.63,275.63,275.61,275.61,498,275.617,18
AAPL,2026-02-05T23:28:00Z,275.91,275.91,275.91,275.91,743,275.91,47
AAPL,2026-02-05T23:29:00Z,275.91,276,275.87,276,1704,275.918,78
AAPL,2026-02-05T23:30:00Z,276.43,276.43,276.43,276.43,389,276.43,22
AAPL,2026-02-05T23:31:00Z,276,276,276,276,342,276,23
AAPL,2026-02-05T23:32:00Z,276.03,276.03,276.03,276.03,1607,276.03,36
AAPL,2026-02-05T23:33:00Z,275.64,275.64,275.62,275.63,723,275.628,23
AAPL,2026-02-05T23:34:00Z,275.63,275.63,275.36,275.36,1265,275.456,28
AAPL,2026-02-05T23:35:00Z,275.34,275.5,275.31,275.31,1464,275.389,33
AAPL,2026-02-05T23:36:00Z,275.31,275.31,275.31,275.31,4684,275.31,25
AAPL,2026-02-05T23:37:00Z,275.32,275.32,275.31,275.32,827,275.316,30
AAPL,2026-02-05T23:38:00Z,275.25,275.25,275.25,275.25,1267,275.25,23
AAPL,2026-02-05T23:39:00Z,275.2,275.3,275.2,275.2,1725,275.233,35
AAPL,2026-02-05T23:40:00Z,275.33,275.35,275.201,275.35,1534,275.306,31
AAPL,2026-02-05T23:41:00Z,275.8,275.8,275.2,275.293,825,275.615,30
AAPL,2026-02-05T23:42:00Z,275.2,275.21,275.2,275.21,654,275.205,32
AAPL,2026-02-05T23:43:00Z,275.2,275.2,275.2,275.2,500,275.2,45
AAPL,2026-02-05T23:44:00Z,275.2,275.58,275.2,275.58,568,275.415,21
AAPL,2026-02-05T23:45:00Z,275.2,275.46,275.2,275.46,2485,275.444,39
AAPL,2026-02-05T23:46:00Z,275.21,275.21,275.21,275.21,822,275.21,36
AAPL,2026-02-05T23:47:00Z,275.45,275.45,275.45,275.45,495,275.45,38
AAPL,2026-02-05T23:49:00Z,275.6,275.6,275.6,275.6,648,275.6,50
AAPL,2026-02-05T23:50:00Z,275.41,275.5,275.4,275.5,1079,275.451,30
AAPL,2026-02-05T23:51:00Z,275.5,275.5,275.43,275.45,918,275.46,41
AAPL,2026-02-05T23:52:00Z,275.15,275.15,275.02,275.02,933,275.103,31
AAPL,2026-02-05T23:53:00Z,275.074,275.074,275.074,275.074,923,275.074,52
AAPL,2026-02-05T23:54:00Z,275.01,275.01,274.88,274.88,2783,274.891,32
AAPL,2026-02-05T23:55:00Z,274.88,274.88,274.88,274.88,830,274.88,32
AAPL,2026-02-05T23:56:00Z,274.88,274.88,274.533,274.57,2559,274.622,50
AAPL,2026-02-05T23:57:00Z,274.89,274.89,274.89,274.89,1159,274.89,73
AAPL,2026-02-05T23:58:00Z,275.01,275.01,275.01,275.01,778,275.01,29
AAPL,2026-02-05T23:59:00Z,275.1,275.44,275.01,275.44,1434,275.113,58
AAPL,2026-02-06T00:01:00Z,275.01,275.01,274.78,274.78,713,274.918,37
AAPL,2026-02-06T00:02:00Z,274.636,274.636,274.5,274.5,934,274.613,29
AAPL,2026-02-06T00:03:00Z,274.559,274.71,274.559,274.71,779,274.608,38
AAPL,2026-02-06T00:04:00Z,274.51,274.61,274.51,274.61,666,274.546,44
AAPL,2026-02-06T00:05:00Z,274.5,274.5,274.5,274.5,662,274.5,44
AAPL,2026-02-06T00:06:00Z,274.5,274.81,274.5,274.8,904,274.691,59
AAPL,2026-02-06T00:07:00Z,274.553,274.82,274.553,274.82,7533,274.618,71
AAPL,2026-02-06T00:08:00Z,274.664,274.74,274.664,274.74,874,274.688,52
AAPL,2026-02-06T00:09:00Z,274.65,274.65,274.62,274.62,759,274.627,23
AAPL,2026-02-06T00:10:00Z,274.74,274.8,274.74,274.8,1316,274.758,67
AAPL,2026-02-06T00:12:00Z,274.556,274.556,274.5,274.5,1076,274.54,60
AAPL,2026-02-06T00:13:00Z,275,275,274.523,274.523,4493,274.975,38
AAPL,2026-02-06T00:14:00Z,274.5,274.5,274.5,274.5,662,274.5,42
AAPL,2026-02-06T00:15:00Z,274.554,274.554,274.5,274.5,4131,274.502,55
AAPL,2026-02-06T00:16:00Z,274.5,274.53,274.1,274.25,2218,274.22,71
AAPL,2026-02-06T00:17:00Z,274.59,274.97,274,274.97,6847,274.59,148
AAPL,2026-02-06T00:18:00Z,274.97,275.2,274.97,275.2,4345,275.075,132
AAPL,2026-02-06T00:19:00Z,275.47,275.47,275.47,275.47,900,275.47,50
AAPL,2026-02-06T00:20:00Z,275.39,275.5,275.13,275.13,4512,275.441,108
AAPL,2026-02-06T00:21:00Z,275.55,275.67,275.2,275.24,2178,275.374,123
AAPL,2026-02-06T00:22:00Z,275.85,275.85,275.85,275.85,1054,275.85,71
AAPL,2026-02-06T00:23:00Z,275.34,275.9,275.34,275.75,2088,275.768,66
AAPL,2026-02-06T00:24:00Z,275.87,275.91,275.77,275.9,4035,275.887,104
AAPL,2026-02-06T00:25:00Z,275.89,275.91,275.6,275.63,3795,275.718,81
AAPL,2026-02-06T00:26:00Z,276,276,275.86,275.97,2942,275.974,34
AAPL,2026-02-06T00:27:00Z,275.95,276,275.91,275.91,2010,275.942,85
AAPL,2026-02-06T00:28:00Z,275.91,275.91,275.91,275.91,344,275.91,25
AAPL,2026-02-06T00:29:00Z,275.58,275.98,275.58,275.89,2314,275.645,86
AAPL,2026-02-06T00:30:00Z,276.5,276.5,275.99,275.99,2178,276.198,122
AAPL,2026-02-06T00:31:00Z,275.61,275.61,275.61,275.61,658,275.61,37
AAPL,2026-02-06T00:33:00Z,275.91,275.91,275.91,275.91,1463,275.91,57
AAPL,2026-02-06T00:34:00Z,276.31,276.37,276.31,276.36,1246,276.353,65
AAPL,2026-02-06T00:35:00Z,276.43,276.82,276,276.82,2975,276.558,157
AAPL,2026-02-06T00:36:00Z,276.8,276.8,276.8,276.8,1059,276.8,62
AAPL,2026-02-06T00:37:00Z,276.77,276.77,276.77,276.77,797,276.77,61
AAPL,2026-02-06T00:38:00Z,276.77,276.9,276.7,276.7,2903,276.794,131
AAPL,2026-02-06T00:40:00Z,276.753,276.753,276.25,276.25,760,276.417,33
AAPL,2026-02-06T00:41:00Z,276.15,276.15,276.15,276.15,328,276.15,24
AAPL,2026-02-06T00:42:00Z,276.25,276.25,276.25,276.25,571,276.25,35
AAPL,2026-02-06T00:43:00Z,276.15,276.422,276.15,276.422,456,276.328,22
AAPL,2026-02-06T00:44:00Z,275.81,276.2,275.81,275.831,852,275.947,49
AAPL,2026-02-06T00:46:00Z,276.08,276.08,276.08,276.08,590,276.08,26
AAPL,2026-02-06T00:47:00Z,276.191,276.191,276.191,276.191,478,276.191,18
AAPL,2026-02-06T00:48:00Z,276.08,276.08,275.86,275.86,475,276.005,13
AAPL,2026-02-06T00:49:00Z,276.2,276.2,276.2,276.2,1057,276.2,54
AAPL,2026-02-06T00:50:00Z,276.49,276.49,276.08,276.08,1225,276.2,58
AAPL,2026-02-06T00:51:00Z,276.45,276.45,276.11,276.11,651,276.231,21
AAPL,2026-02-06T00:53:00Z,276.22,276.45,276.22,276.45,969,276.352,51
AAPL,2026-02-06T00:55:00Z,276.533,276.533,276.4,276.4,1534,276.505,40
AAPL,2026-02-06T00:56:00Z,276.6,276.62,276.06,276.26,4786,276.312,55
AAPL,2026-02-06T00:57:00Z,276.31,276.31,276.31,276.31,440,276.31,26
AAPL,2026-02-06T00:58:00Z,276.58,276.62,276.33,276.5,4158,276.553,115
AAPL,2026-02-06T00:59:00Z,276.62,276.99,276.11,276.97,4400,276.713,172
AAPL,2026-02-06T09:00:00Z,275.65,275.92,275.65,275.68,5556,275.897,216
AAPL,2026-02-06T09:01:00Z,275.7,275.91,275.7,275.91,5450,275.902,157
AAPL,2026-02-06T09:02:00Z,275.61,275.61,275.56,275.56,782,275.576,25
AAPL,2026-02-06T09:03:00Z,275.52,275.52,275.5,275.5,622,275.51,21
AAPL,2026-02-06T09:04:00Z,275.34,275.34,275.27,275.34,1498,275.317,54
AAPL,2026-02-06T09:05:00Z,275.5,275.5,275.16,275.16,1589,275.416,51
AAPL,2026-02-06T09:07:00Z,275.75,275.81,275.56,275.6,1568,275.711,32
AAPL,2026-02-06T09:08:00Z,275.8,275.82,275.5,275.5,2577,275.703,46
AAPL,2026-02-06T09:09:00Z,275.6,275.6,275.5,275.5,1494,275.571,62
AAPL,2026-02-06T09:10:00Z,275.6,275.6,275.4,275.4,796,275.533,32
AAPL,2026-02-06T09:11:00Z,275.6,275.6,275.14,275.14,2184,275.318,71
AAPL,2026-02-06T09:12:00Z,275.28,275.28,275.14,275.14,1292,275.165,78
AAPL,2026-02-06T09:13:00Z,275.14,275.29,275.14,275.29,4151,275.25,118
AAPL,2026-02-06T09:14:00Z,275.28,275.4,275.28,275.4,2487,275.349,74
AAPL,2026-02-06T09:15:00Z,275.24,275.48,275.1,275.48,3637,275.33,73
AAPL,2026-02-06T09:16:00Z,275.11,275.4,275.11,275.4,1284,275.219,33
AAPL,2026-02-06T09:17:00Z,275.16,275.44,275.16,275.39,1210,275.308,32
AAPL,2026-02-06T09:18:00Z,275.1,275.1,274.56,274.56,2722,274.955,102
AAPL,2026-02-06T09:19:00Z,274.51,274.51,274.5,274.5,836,274.506,33
AAPL,2026-02-06T09:20:00Z,274.7,274.83,274.7,274.83,968,274.738,25
AAPL,2026-02-06T09:21:00Z,274.51,274.51,274.36,274.36,873,274.458,42
AAPL,2026-02-06T09:23:00Z,274.88,274.88,274.6,274.63,2049,274.652,64
AAPL,2026-02-06T09:24:00Z,274.88,274.88,274.64,274.65,2925,274.747,103
AAPL,2026-02-06T09:32:00Z,274.4,274.4,274.4,274.4,1100,274.4,35
AAPL,2026-02-06T09:33:00Z,274.45,274.45,274.38,274.4,2479,274.417,67
AAPL,2026-02-06T09:34:00Z,274.45,274.5,274.4,274.4,1515,274.483,99
AAPL,2026-02-06T09:35:00Z,274.3,274.3,274.19,274.2,1652,274.247,56
AAPL,2026-02-06T09:36:00Z,274.14,274.14,274,274.01,2304,274.023,86
AAPL,2026-02-06T09:37:00Z,274.03,274.04,274.03,274.04,1009,274.036,35
AAPL,2026-02-06T09:38:00Z,274.13,274.13,274.13,274.13,379,274.13,16
AAPL,2026-02-06T09:39:00Z,274.15,274.16,274.15,274.16,1126,274.155,38
AAPL,2026-02-06T09:40:00Z,274.25,274.27,274.25,274.26,1312,274.257,46
AAPL,2026-02-06T09:41:00Z,274.36,274.36,274.35,274.35,2100,274.351,39
AAPL,2026-02-06T09:42:00Z,274.5,274.5,274.4,274.4,4924,274.474,111
AAPL,2026-02-06T09:46:00Z,274.4,274.5,274.32,274.32,1803,274.402,66
AAPL,2026-02-06T09:47:00Z,274.25,274.32,274.25,274.32,2249,274.256,20
AAPL,2026-02-06T09:48:00Z,274.34,274.34,274.34,274.34,239,274.34,23
AAPL,2026-02-06T09:50:00Z,274.34,274.34,274.31,274.31,832,274.324,34
AAPL,2026-02-06T09:51:00Z,274.15,274.2,274,274.03,2182,274.075,68
AAPL,2026-02-06T09:53:00Z,274.39,274.39,274.39,274.39,383,274.39,15
AAPL,2026-02-06T09:54:00Z,274.37,274.5,274.37,274.5,2612,274.475,68
AAPL,2026-02-06T09:55:00Z,274.08,274.08,273.99,274,4218,274.014,83
AAPL,2026-02-06T09:56:00Z,273.88,273.88,273.77,273.77,2182,273.802,103
AAPL,2026-02-06T09:57:00Z,274.04,274.04,274.01,274.01,488,274.025,22
AAPL,2026-02-06T09:58:00Z,274,274.03,273.99,274.03,958,274.008,30
AAPL,2026-02-06T10:00:00Z,274.15,274.15,274.15,274.15,382,274.15,28
AAPL,2026-02-06T10:01:00Z,274,274,274,274,288,274,29
AAPL,2026-02-06T10:02:00Z,274.01,274.01,274.01,274.01,474,274.01,29
AAPL,2026-02-06T10:04:00Z,274.01,274.07,273.98,273.98,2121,274.019,69
AAPL,2026-02-06T10:05:00Z,273.9,273.9,273.9,273.9,473,273.9,28
AAPL,2026-02-06T10:06:00Z,274.13,274.31,274.13,274.31,713,274.264,28
AAPL,2026-02-06T10:08:00Z,274.14,274.14,274.01,274.03,2623,274.029,73
AAPL,2026-02-06T10:11:00Z,274.15,274.15,274.15,274.15,558,274.15,22
AAPL,2026-02-06T10:12:00Z,274.1,274.1,274.1,274.1,606,274.1,24
AAPL,2026-02-06T10:14:00Z,274.04,274.13,274.01,274.12,2193,274.064,54
AAPL,2026-02-06T10:15:00Z,274.06,274.15,274.06,274.06,1451,274.072,33
AAPL,2026-02-06T10:16:00Z,274.15,274.15,274.15,274.15,877,274.15,22
AAPL,2026-02-06T10:17:00Z,274.16,274.19,274.16,274.19,610,274.171,33
AAPL,2026-02-06T10:18:00Z,274.32,274.32,274.32,274.32,1127,274.32,63
AAPL,2026-02-06T10:20:00Z,274.44,274.5,274.44,274.5,1045,274.486,43
AAPL,2026-02-06T10:21:00Z,274.3,274.3,274.3,274.3,884,274.3,41
AAPL,2026-02-06T10:23:00Z,274.15,274.15,274.15,274.15,1591,274.15,82
AAPL,2026-02-06T10:24:00Z,274.05,274.05,274.04,274.04,2490,274.041,143
AAPL,2026-02-06T10:25:00Z,274.09,274.13,274.09,274.13,399,274.11,24
AAPL,2026-02-06T10:26:00Z,274.03,274.03,274.01,274.01,989,274.015,41
AAPL,2026-02-06T10:27:00Z,274.04,274.3,274.04,274.3,2246,274.244,63
AAPL,2026-02-06T10:28:00Z,274.36,274.36,274.1,274.1,988,274.318,31
AAPL,2026-02-06T10:30:00Z,274.07,274.07,274.04,274.05,1424,274.056,48
AAPL,2026-02-06T10:32:00Z,274.08,274.08,274.08,274.08,304,274.08,20
AAPL,2026-02-06T10:34:00Z,274.13,274.13,274.13,274.13,919,274.13,59
AAPL,2026-02-06T10:36:00Z,274.22,274.22,274.22,274.22,175,274.22,12
AAPL,2026-02-06T10:38:00Z,274.05,274.05,273.98,273.98,917,274.007,33
AAPL,2026-02-06T10:39:00Z,274,274,274,274,457,274,22
AAPL,2026-02-06T10:41:00Z,274.19,274.19,274.19,274.19,429,274.19,7
AAPL,2026-02-06T10:42:00Z,274.14,274.14,274.14,274.14,444,274.14,39
AAPL,2026-02-06T10:44:00Z,274,274,273.94,273.94,385,273.97,20
AAPL,2026-02-06T10:45:00Z,273.77,273.88,273.77,273.88,1759,273.794,56
AAPL,2026-02-06T10:46:00Z,273.85,273.85,273.85,273.85,124,273.85,5
AAPL,2026-02-06T10:47:00Z,273.88,273.99,273.88,273.99,586,273.935,39
AAPL,2026-02-06T10:48:00Z,274.05,274.09,274.03,274.03,771,274.064,17
AAPL,2026-02-06T10:49:00Z,273.81,273.81,273.81,273.81,680,273.81,20
AAPL,2026-02-06T10:52:00Z,273.88,273.88,273.88,273.88,709,273.88,39
AAPL,2026-02-06T10:53:00Z,273.79,273.81,273.5,273.5,3744,273.615,108
AAPL,2026-02-06T10:54:00Z,273.5,273.53,273.5,273.53,544,273.518,14
AAPL,2026-02-06T10:55:00Z,273.58,273.58,273.57,273.57,863,273.576,44
AAPL,2026-02-06T10:56:00Z,273.57,273.57,273.53,273.53,1327,273.55,45
AAPL,2026-02-06T10:57:00Z,273.42,273.42,273.42,273.42,697,273.42,39
AAPL,2026-02-06T10:59:00Z,273.5,273.6,273.45,273.6,3073,273.486,101
AAPL,2026-02-06T11:00:00Z,273.47,273.6,273.47,273.58,4457,273.547,98
AAPL,2026-02-06T11:01:00Z,273.58,273.8,273.58,273.8,3750,273.654,125
AAPL,2026-02-06T11:02:00Z,273.9,273.9,273.9,273.9,692,273.9,37
AAPL,2026-02-06T11:03:00Z,274,274,274,274,590,274,24
AAPL,2026-02-06T11:05:00Z,273.97,274,273.97,273.98,572,273.989,20
AAPL,2026-02-06T11:06:00Z,274.01,274.01,274.01,274.01,196,274.01,6
AAPL,2026-02-06T11:07:00Z,274.11,274.11,274.11,274.11,460,274.11,29
AAPL,2026-02-06T11:09:00Z,274.38,274.43,274.3,274.32,2675,274.393,88
AAPL,2026-02-06T11:10:00Z,274.29,274.29,274.16,274.24,1005,274.237,28
AAPL,2026-02-06T11:12:00Z,274.34,274.39,274.34,274.39,1318,274.372,33
AAPL,2026-02-06T11:13:00Z,274.36,274.36,274.3,274.3,487,274.33,17
AAPL,2026-02-06T11:15:00Z,274.27,274.27,274.08,274.08,2192,274.166,92
AAPL,2026-02-06T11:20:00Z,274.2,274.2,274.2,274.2,400,274.2,30
AAPL,2026-02-06T11:21:00Z,274.19,274.19,274.18,274.18,655,274.187,23
AAPL,2026-02-06T11:24:00Z,274.18,274.5,274.18,274.5,2922,274.396,64
AAPL,2026-02-06T11:25:00Z,274.33,274.33,274.33,274.33,531,274.33,19
AAPL,2026-02-06T11:30:00Z,274.18,274.18,274.01,274.01,1707,274.047,63
AAPL,2026-02-06T11:36:00Z,274.37,274.37,274.37,274.37,330,274.37,21
AAPL,2026-02-06T11:38:00Z,274.45,274.5,274.45,274.45,1987,274.478,50
AAPL,2026-02-06T11:39:00Z,274.44,274.44,274.44,274.44,180,274.44,12
AAPL,2026-02-06T11:40:00Z,274.45,274.45,274.45,274.45,343,274.45,12
AAPL,2026-02-06T11:41:00Z,274.44,274.44,274.44,274.44,284,274.44,23
AAPL,2026-02-06T11:42:00Z,274.41,274.41,274.4,274.4,1993,274.401,36
AAPL,2026-02-06T11:44:00Z,274.14,274.2,274.14,274.2,716,274.16,15
AAPL,2026-02-06T11:45:00Z,274.16,274.16,274.01,274.01,2093,274.053,57
AAPL,2026-02-06T11:47:00Z,274.04,274.04,274.04,274.04,182,274.04,9
AAPL,2026-02-06T11:51:00Z,274.13,274.48,274.13,274.44,6845,274.347,175
AAPL,2026-02-06T11:53:00Z,274.4,274.4,274.4,274.4,404,274.4,15
AAPL,2026-02-06T11:56:00Z,274.46,274.5,274.46,274.5,4381,274.496,43
AAPL,2026-02-06T11:58:00Z,274.45,274.5,274.45,274.5,3128,274.475,93
AAPL,2026-02-06T12:00:00Z,274.27,274.83,274.25,274.83,6521,274.455,225
AAPL,2026-02-06T12:01:00Z,274.77,274.77,274.77,274.77,466,274.77,15
AAPL,2026-02-06T12:02:00Z,274.89,275.01,274.89,274.97,3815,274.95,144
AAPL,2026-02-06T12:03:00Z,275.07,275.07,275.07,275.07,1164,275.07,40
AAPL,2026-02-06T12:04:00Z,275,275,274.86,274.86,2429,274.992,36
AAPL,2026-02-06T12:05:00Z,274.9,274.9,274.9,274.9,960,274.9,70
AAPL,2026-02-06T12:06:00Z,274.88,274.97,274.88,274.97,235,274.925,6
AAPL,2026-02-06T12:08:00Z,274.98,274.98,274.98,274.98,417,274.98,16
AAPL,2026-02-06T12:11:00Z,274.87,274.87,274.87,274.87,478,274.87,11
AAPL,2026-02-06T12:12:00Z,274.78,274.78,274.78,274.78,375,274.78,17
AAPL,2026-02-06T12:13:00Z,274.75,274.75,274.69,274.69,889,274.72,29
AAPL,2026-02-06T12:15:00Z,274.55,274.55,274.5,274.5,3898,274.504,65
AAPL,2026-02-06T12:16:00Z,274.5,274.75,274.5,274.75,968,274.607,23
AAPL,2026-02-06T12:18:00Z,274.6,274.6,274.6,274.6,379,274.6,23
AAPL,2026-02-06T12:19:00Z,274.62,274.64,274.62,274.64,1309,274.627,41
AAPL,2026-02-06T12:22:00Z,274.79,274.79,274.79,274.79,194,274.79,16
AAPL,2026-02-06T12:23:00Z,274.73,274.73,274.73,274.73,400,274.73,14
AAPL,2026-02-06T12:26:00Z,274.61,274.61,274.61,274.61,491,274.61,26
AAPL,2026-02-06T12:27:00Z,274.66,274.66,274.66,274.66,1140,274.66,64
AAPL,2026-02-06T12:28:00Z,274.96,274.96,274.95,274.95,727,274.953,28
AAPL,2026-02-06T12:29:00Z,274.81,274.81,274.81,274.81,498,274.81,24
AAPL,2026-02-06T12:34:00Z,274.84,274.84,274.67,274.67,768,274.775,15
AAPL,2026-02-06T12:35:00Z,274.8,274.8,274.8,274.8,299,274.8,11
AAPL,2026-02-06T12:37:00Z,274.7,274.7,274.7,274.7,323,274.7,7
AAPL,2026-02-06T12:40:00Z,274.91,274.95,274.91,274.95,1066,274.93,67
AAPL,2026-02-06T12:42:00Z,274.96,274.97,274.96,274.97,845,274.965,33
AAPL,2026-02-06T12:44:00Z,274.9,274.9,274.6,274.74,1712,274.728,86
AAPL,2026-02-06T12:45:00Z,274.95,274.98,274.95,274.98,1118,274.973,44
AAPL,2026-02-06T12:47:00Z,274.85,274.97,274.85,274.97,1144,274.932,15
AAPL,2026-02-06T12:49:00Z,274.95,274.95,274.75,274.75,2039,274.89,88
AAPL,2026-02-06T12:50:00Z,274.94,274.94,274.6,274.61,4681,274.687,70
AAPL,2026-02-06T12:51:00Z,274.61,274.61,274.61,274.61,548,274.61,13
AAPL,2026-02-06T12:54:00Z,274.5,274.51,274.49,274.5,1894,274.5,48
AAPL,2026-02-06T12:55:00Z,274.48,274.5,274.4,274.41,2288,274.478,27
AAPL,2026-02-06T12:56:00Z,274.79,274.84,274.77,274.8,3735,274.803,100
AAPL,2026-02-06T12:57:00Z,274.61,274.61,274.61,274.61,290,274.61,13
AAPL,2026-02-06T12:59:00Z,274.75,274.75,274.75,274.75,507,274.75,18
AAPL,2026-02-06T13:00:00Z,274.01,275.53,273.5,274.82,48740,274.594,2036
AAPL,2026-02-06T13:01:00Z,275.75,276.5,274.78,275.66,48232,275.312,2855
AAPL,2026-02-06T13:02:00Z,274.97,274.97,274.75,274.8,993,274.841,117
AAPL,2026-02-06T13:03:00Z,274.8,274.834,274.8,274.834,689,274.826,42
AAPL,2026-02-06T13:04:00Z,274.8,274.95,274.8,274.95,1130,274.857,35
AAPL,2026-02-06T13:05:00Z,274.91,274.92,274.91,274.92,622,274.915,31
AAPL,2026-02-06T13:06:00Z,274.78,275,274.7,275,2060,274.781,57
AAPL,2026-02-06T13:07:00Z,275.35,275.35,275.35,275.35,2263,275.35,120
AAPL,2026-02-06T13:08:00Z,274.93,274.954,274.91,274.91,4225,274.936,179
AAPL,2026-02-06T13:10:00Z,274.79,274.79,274.79,274.79,294,274.79,17
AAPL,2026-02-06T13:11:00Z,274.79,274.79,274.79,274.79,709,274.79,84
AAPL,2026-02-06T13:12:00Z,274.86,275,274.84,275,4200,274.955,114
AAPL,2026-02-06T13:13:00Z,275.14,275.29,275.14,275.2,2434,275.196,82
AAPL,2026-02-06T13:15:00Z,275,275.05,274.827,275.05,2654,275.028,32
AAPL,2026-02-06T13:17:00Z,275.14,275.27,275.1,275.1,5092,275.183,138
AAPL,2026-02-06T13:18:00Z,275.05,275.05,274.8,274.8,3262,274.866,95
AAPL,2026-02-06T13:19:00Z,275.17,275.17,275.04,275.06,3774,275.06,88
AAPL,2026-02-06T13:20:00Z,275.16,275.3,275.16,275.3,1336,275.213,52
AAPL,2026-02-06T13:21:00Z,275.3,275.3,275.14,275.29,1175,275.269,50
AAPL,2026-02-06T13:22:00Z,275.3,275.31,275.3,275.31,715,275.305,24
AAPL,2026-02-06T13:23:00Z,275.23,275.23,275.23,275.23,278,275.23,17
AAPL,2026-02-06T13:24:00Z,275.34,275.74,275.22,275.22,7833,275.473,197
AAPL,2026-02-06T13:25:00Z,275.65,275.65,275.27,275.27,2055,275.554,64
AAPL,2026-02-06T13:26:00Z,275.27,275.27,275.27,275.27,202,275.27,18
AAPL,2026-02-06T13:27:00Z,275.2,275.3,275.17,275.3,1797,275.196,47
AAPL,2026-02-06T13:28:00Z,275.19,275.19,275.12,275.12,2683,275.165,38
AAPL,2026-02-06T13:29:00Z,275.01,275.02,275.01,275.02,793,275.013,55
AAPL,2026-02-06T13:30:00Z,274.89,275.42,274.84,275.42,3448,275.152,142
AAPL,2026-02-06T13:31:00Z,275.395,275.4,275.31,275.4,2936,275.389,49
AAPL,2026-02-06T13:32:00Z,275.25,275.46,275.25,275.25,1051,275.337,32
AAPL,2026-02-06T13:35:00Z,275.14,275.14,275,275,1620,275.043,21
AAPL,2026-02-06T13:36:00Z,275.182,275.182,275.1,275.1,1293,275.122,29
AAPL,2026-02-06T13:37:00Z,275.21,275.21,274.98,274.98,10404,275.002,63
AAPL,2026-02-06T13:39:00Z,275.32,275.5,275.29,275.46,4769,275.388,163
AAPL,2026-02-06T13:40:00Z,275.5,275.5,275.3,275.39,1934,275.396,33
AAPL,2026-02-06T13:41:00Z,275.13,275.13,275.13,275.13,1168,275.13,48
AAPL,2026-02-06T13:42:00Z,275.14,275.78,275.02,275.49,12764,275.509,393
AAPL,2026-02-06T13:43:00Z,275.28,275.546,275.16,275.16,1576,275.294,66
AAPL,2026-02-06T13:44:00Z,275.23,275.36,275.15,275.36,1848,275.193,60
AAPL,2026-02-06T13:45:00Z,275.151,275.151,275.151,275.151,312,275.151,23
AAPL,2026-02-06T13:46:00Z,275.15,275.15,275.01,275.01,935,275.115,55
AAPL,2026-02-06T13:47:00Z,275.01,275.15,275.01,275.15,978,275.111,39
AAPL,2026-02-06T13:49:00Z,275.299,275.299,275.299,275.299,266,275.299,15
AAPL,2026-02-06T13:50:00Z,275.1,275.1,275.01,275.01,2176,275.068,58
AAPL,2026-02-06T13:51:00Z,275.01,275.28,275.01,275.28,1622,275.152,51
AAPL,2026-02-06T13:52:00Z,275.27,275.55,275.27,275.55,4731,275.418,133
AAPL,2026-02-06T13:53:00Z,275.55,275.55,275.163,275.54,1157,275.447,37
AAPL,2026-02-06T13:54:00Z,275.37,275.63,275.35,275.6,3461,275.51,99
AAPL,2026-02-06T13:55:00Z,275.61,275.78,275.6,275.78,4493,275.667,89
AAPL,2026-02-06T13:56:00Z,275.64,275.75,275.63,275.75,5922,275.726,87
AAPL,2026-02-06T13:57:00Z,275.77,276.02,275.77,276.02,5203,275.956,227
AAPL,2026-02-06T13:58:00Z,276,276,275.89,275.89,1237,275.96,52
AAPL,2026-02-06T13:59:00Z,275.92,276.23,275.92,276.2,5768,276.127,175
AAPL,2026-02-06T14:00:00Z,276.2,276.2,276.1,276.1,2533,276.122,52
AAPL,2026-02-06T14:01:00Z,275.997,276.36,275.997,276.36,3989,276.22,176
AAPL,2026-02-06T14:02:00Z,276.36,276.39,276.36,276.39,1023,276.375,69
AAPL,2026-02-06T14:03:00Z,276.39,276.88,276.35,276.35,14824,276.55,566
AAPL,2026-02-06T14:04:00Z,276.35,276.37,276.06,276.13,17849,276.246,84
AAPL,2026-02-06T14:05:00Z,276.25,276.25,276.25,276.25,806,276.25,43
AAPL,2026-02-06T14:06:00Z,276.08,276.21,276,276.21,3744,276.069,161
AAPL,2026-02-06T14:07:00Z,276.29,276.29,276.29,276.29,978,276.29,42
AAPL,2026-02-06T14:08:00Z,276.262,276.262,276.02,276.02,481,276.126,28
AAPL,2026-02-06T14:09:00Z,276.14,276.14,276.13,276.13,806,276.135,48
AAPL,2026-02-06T14:10:00Z,276.12,276.12,276.12,276.12,593,276.12,35
AAPL,2026-02-06T14:11:00Z,276.12,276.12,276.045,276.045,1798,276.072,47
AAPL,2026-02-06T14:12:00Z,276.168,276.168,276.168,276.168,890,276.168,78
AAPL,2026-02-06T14:13:00Z,275.96,276,275.82,276,2563,275.914,104
AAPL,2026-02-06T14:14:00Z,275.897,275.897,275.897,275.897,532,275.897,30
AAPL,2026-02-06T14:15:00Z,275.9,275.999,275.9,275.91,3047,275.965,46
AAPL,2026-02-06T14:16:00Z,275.86,275.92,275.86,275.92,2603,275.9,99
AAPL,2026-02-06T14:17:00Z,275.9,275.91,275.79,275.9,3174,275.83,55
AAPL,2026-02-06T14:18:00Z,275.91,275.97,275.9,275.9,3371,275.909,41
AAPL,2026-02-06T14:19:00Z,275.94,276.07,275.94,276.004,1381,276.003,77
AAPL,2026-02-06T14:20:00Z,275.94,275.94,275.94,275.94,510,275.94,41
AAPL,2026-02-06T14:21:00Z,275.9,276.05,275.9,276.05,3917,275.976,79
AAPL,2026-02-06T14:22:00Z,276.05,276.26,276.03,276.133,6940,276.179,177
AAPL,2026-02-06T14:23:00Z,276.09,276.09,276.09,276.09,386,276.09,23
AAPL,2026-02-06T14:24:00Z,276.13,276.13,275.9,276,2316,275.93,141
AAPL,2026-02-06T14:25:00Z,276,276,275.87,276,3138,275.947,76
AAPL,2026-02-06T14:26:00Z,276,276,275.78,275.78,1792,275.893,95
AAPL,2026-02-06T14:27:00Z,276.08,276.8,275.974,276.8,6638,276.235,156
AAPL,2026-02-06T14:28:00Z,277,277.5,276.82,277.03,23893,277.087,820
AAPL,2026-02-06T14:29:00Z,277.13,277.19,277.05,277.19,11029,277.155,128
AAPL,2026-02-06T14:30:00Z,277.18,278.73,277,278.58,1.32027e+06,277.527,18057
AAPL,2026-02-06T14:31:00Z,278.5,279.25,277.245,277.48,466949,278.528,5664
AAPL,2026-02-06T14:32:00Z,277.515,278.558,277.48,278.528,319557,278.158,4511
AAPL,2026-02-06T14:33:00Z,278.53,279.47,278.26,279.27,338507,278.863,5204
AAPL,2026-02-06T14:34:00Z,279.25,279.35,278.44,278.53,218059,278.9,3802
AAPL,2026-02-06T14:35:00Z,278.57,278.794,277.97,277.98,221683,278.4,3591
AAPL,2026-02-06T14:36:00Z,277.97,278.8,277.65,278.76,225176,278.356,3571
AAPL,2026-02-06T14:37:00Z,278.735,279.34,278.68,279.31,293002,279.012,4207
AAPL,2026-02-06T14:38:00Z,279.3,279.925,279.3,279.765,462989,279.694,6644
AAPL,2026-02-06T14:39:00Z,279.83,279.91,278.91,279.28,311075,279.407,4682
AAPL,2026-02-06T14:40:00Z,279.25,279.871,279.2,279.61,285845,279.588,4285
AAPL,2026-02-06T14:41:00Z,279.58,279.93,279.57,279.63,200695,279.756,3563
AAPL,2026-02-06T14:42:00Z,279.63,279.85,279.03,279.19,211502,279.437,4210
AAPL,2026-02-06T14:43:00Z,279.22,279.33,278.81,279.28,199752,279.095,3988
AAPL,2026-02-06T14:44:00Z,279.29,279.59,278.916,279.17,158682,279.218,3589
AAPL,2026-02-06T14:45:00Z,279.17,279.478,278.995,279.27,167455,279.239,3629
AAPL,2026-02-06T14:46:00Z,279.3,279.59,279.04,279.295,156073,279.364,3952
AAPL,2026-02-06T14:47:00Z,279.29,279.5,279.2,279.44,177971,279.344,4520
AAPL,2026-02-06T14:48:00Z,279.45,279.465,278.96,279.192,169845,279.257,3943
AAPL,2026-02-06T14:49:00Z,279.22,279.83,279.1,279.48,254706,279.533,5530
AAPL,2026-02-06T14:50:00Z,279.493,280,279.493,279.88,338323,279.872,5187
AAPL,2026-02-06T14:51:00Z,279.875,280.49,279.85,280.31,952624,280.108,14633
AAPL,2026-02-06T14:52:00Z,280.31,280.5,279.88,280.235,214195,280.219,4154
AAPL,2026-02-06T14:53:00Z,280.25,280.45,280.18,280.35,156384,280.322,3770
AAPL,2026-02-06T14:54:00Z,280.35,280.36,279.8,279.965,155736,280.005,3364
AAPL,2026-02-06T14:55:00Z,279.99,280.12,279.7,279.99,181343,279.946,3630
AAPL,2026-02-06T14:56:00Z,280,280.07,279.32,279.47,612410,279.677,3570
AAPL,2026-02-06T14:57:00Z,279.55,280.03,279.53,279.935,203277,279.892,3492
AAPL,2026-02-06T14:58:00Z,279.96,280.48,279.92,280.42,172680,280.275,3307
AAPL,2026-02-06T14:59:00Z,280.36,280.74,280.35,280.525,226737,280.515,4562
AAPL,2026-02-06T15:00:00Z,280.54,280.71,280.44,280.65,148588,280.573,3376
AAPL,2026-02-06T15:01:00Z,280.7,280.905,280.42,280.49,158625,280.654,3508
AAPL,2026-02-06T15:02:00Z,280.47,280.475,279.66,279.8,194777,280.118,4084
AAPL,2026-02-06T15:03:00Z,279.765,280.03,279.734,279.865,175300,279.876,3699
AAPL,2026-02-06T15:04:00Z,279.86,280.35,279.59,280.35,206713,279.977,4197
AAPL,2026-02-06T15:05:00Z,280.37,280.56,280.053,280.266,180659,280.389,3906
AAPL,2026-02-06T15:06:00Z,280.31,280.34,279.48,279.59,138010,279.834,3250
AAPL,2026-02-06T15:07:00Z,279.65,280.09,279.64,280.04,140621,279.771,3318
AAPL,2026-02-06T15:08:00Z,280.06,280.12,279.78,279.97,141439,279.944,3275
AAPL,2026-02-06T15:09:00Z,279.94,280.04,279.55,279.55,223952,279.914,2865
AAPL,2026-02-06T15:10:00Z,279.56,279.93,279.48,279.93,223247,279.628,3358
AAPL,2026-02-06T15:11:00Z,279.935,280.25,279.81,279.86,187783,280.057,6050
AAPL,2026-02-06T15:12:00Z,279.9,279.915,279.49,279.53,118781,279.734,2850
AAPL,2026-02-06T15:13:00Z,279.575,279.65,279.345,279.345,125944,279.495,2968
AAPL,2026-02-06T15:14:00Z,279.35,279.38,279.04,279.14,213246,279.218,3267
AAPL,2026-02-06T15:15:00Z,279.14,279.26,278.92,279.11,289199,279.115,3517
AAPL,2026-02-06T15:16:00Z,279.12,279.13,278.55,278.75,163212,278.848,3570
AAPL,2026-02-06T15:17:00Z,278.75,278.96,278.53,278.82,206892,278.708,3425
AAPL,2026-02-06T15:18:00Z,278.8,279.12,278.51,279.02,201243,278.851,2849
AAPL,2026-02-06T15:19:00Z,279.03,279.15,278.85,279.03,113813,279.023,2560
AAPL,2026-02-06T15:20:00Z,279.05,279.3,278.99,279.01,66154,279.154,2170
AAPL,2026-02-06T15:21:00Z,279.01,279.32,278.95,279.09,123037,279.081,2765
AAPL,2026-02-06T15:22:00Z,279.09,279.25,278.99,279.22,75701,279.16,2139
AAPL,2026-02-06T15:23:00Z,279.2,279.25,279.047,279.08,133828,279.142,3087
AAPL,2026-02-06T15:24:00Z,279.09,279.12,278.85,278.86,134336,278.987,2970
AAPL,2026-02-06T15:25:00Z,278.895,279.13,278.72,279.065,111668,278.907,2688
AAPL,2026-02-06T15:26:00Z,279.14,279.9,279.1,279.83,122698,279.438,2781
AAPL,2026-02-06T15:27:00Z,279.85,279.86,279.44,279.565,122308,279.595,2544
AAPL,2026-02-06T15:28:00Z,279.575,279.82,279.28,279.34,128296,279.624,2824
AAPL,2026-02-06T15:29:00Z,279.39,279.39,279.04,279.29,80787,279.224,2309
AAPL,2026-02-06T15:30:00Z,279.3,279.58,279.19,279.415,111169,279.351,2668
AAPL,2026-02-06T15:31:00Z,279.4,279.54,279.16,279.5,138806,279.328,2643
AAPL,2026-02-06T15:32:00Z,279.53,279.75,279.45,279.495,108015,279.617,2293
AAPL,2026-02-06T15:33:00Z,279.495,279.79,279.44,279.73,131069,279.581,3006
AAPL,2026-02-06T15:34:00Z,279.735,279.95,279.46,279.56,234034,279.734,4073
AAPL,2026-02-06T15:35:00Z,279.56,279.94,279.5,279.9,93824,279.741,2764
AAPL,2026-02-06T15:36:00Z,279.92,279.94,279.48,279.54,69786,279.737,2217
AAPL,2026-02-06T15:37:00Z,279.535,279.85,279.47,279.525,82284,279.674,2142
AAPL,2026-02-06T15:38:00Z,279.48,279.72,279.47,279.58,75558,279.577,2357
AAPL,2026-02-06T15:39:00Z,279.59,279.87,279.54,279.72,65065,279.733,2351
AAPL,2026-02-06T15:40:00Z,279.73,279.9,279.64,279.76,62290,279.734,2128
AAPL,2026-02-06T15:41:00Z,279.74,279.81,279.65,279.675,53186,279.728,1866
AAPL,2026-02-06T15:42:00Z,279.755,279.84,279.65,279.69,58900,279.746,2193
AAPL,2026-02-06T15:43:00Z,279.69,279.85,279.49,279.52,80772,279.648,2392
AAPL,2026-02-06T15:44:00Z,279.515,279.64,279.49,279.51,55623,279.571,1930
AAPL,2026-02-06T15:45:00Z,279.55,279.75,279.507,279.67,58187,279.641,2070
AAPL,2026-02-06T15:46:00Z,279.725,279.77,279.59,279.7,48297,279.687,1748
AAPL,2026-02-06T15:47:00Z,279.7,279.72,279.542,279.56,41001,279.646,1683
AAPL,2026-02-06T15:48:00Z,279.55,279.575,279.34,279.37,119031,279.488,2819
AAPL,2026-02-06T15:49:00Z,279.38,279.44,279.32,279.32,70075,279.366,2226
AAPL,2026-02-06T15:50:00Z,279.33,279.36,278.902,278.97,204724,279.056,4011
AAPL,2026-02-06T15:51:00Z,278.96,279.09,278.86,278.97,193317,278.976,3129
AAPL,2026-02-06T15:52:00Z,279,279.28,278.655,278.66,145670,279.073,3634
AAPL,2026-02-06T15:53:00Z,278.64,278.82,278.63,278.715,88931,278.736,2638
AAPL,2026-02-06T15:54:00Z,278.72,278.89,278.58,278.58,88412,278.736,2387
AAPL,2026-02-06T15:55:00Z,278.61,278.93,278.35,278.85,188412,278.54,3601
AAPL,2026-02-06T15:56:00Z,278.88,279.039,278.78,278.89,86411,278.925,2368
AAPL,2026-02-06T15:57:00Z,278.905,279.02,278.83,278.92,88314,278.941,2309
AAPL,2026-02-06T15:58:00Z,278.92,279.05,278.85,278.87,79715,278.943,2252
AAPL,2026-02-06T15:59:00Z,278.87,279.08,278.79,278.815,117985,278.929,2823
AAPL,2026-02-06T16:00:00Z,278.83,278.94,278.53,278.9,126717,278.769,3073
AAPL,2026-02-06T16:01:00Z,278.905,279.28,278.88,279.245,113324,279.085,2984
AAPL,2026-02-06T16:02:00Z,279.24,279.37,279.14,279.18,94516,279.268,2827
AAPL,2026-02-06T16:03:00Z,279.19,279.31,279.095,279.21,56247,279.218,2184
AAPL,2026-02-06T16:04:00Z,279.2,279.27,278.86,279.246,76350,279.07,2227
AAPL,2026-02-06T16:05:00Z,279.26,279.44,279.225,279.235,82174,279.324,2394
AAPL,2026-02-06T16:06:00Z,279.25,279.27,279,279.245,80096,279.137,2230
AAPL,2026-02-06T16:07:00Z,279.26,279.435,279.23,279.316,74179,279.346,2278
AAPL,2026-02-06T16:08:00Z,279.31,279.36,279.21,279.33,68455,279.288,2143
AAPL,2026-02-06T16:09:00Z,279.32,279.385,279.135,279.135,64748,279.316,2220
AAPL,2026-02-06T16:10:00Z,279.13,279.215,278.99,279.05,110526,279.126,2879
AAPL,2026-02-06T16:11:00Z,279.025,279.025,278.57,278.83,114037,278.735,2984
AAPL,2026-02-06T16:12:00Z,278.82,278.915,278.49,278.493,115226,278.745,2799
AAPL,2026-02-06T16:13:00Z,278.51,278.87,278.49,278.71,91937,278.706,2417
AAPL,2026-02-06T16:14:00Z,278.735,279.055,278.68,278.995,89014,278.91,2556
AAPL,2026-02-06T16:15:00Z,278.98,279.101,278.957,278.975,81562,279.04,2384
AAPL,2026-02-06T16:16:00Z,278.98,279.09,278.89,278.925,109338,279.01,2656
AAPL,2026-02-06T16:17:00Z,278.92,279.165,278.81,279.145,108199,278.945,2504
AAPL,2026-02-06T16:18:00Z,279.14,279.28,279.09,279.16,82710,279.181,2368
AAPL,2026-02-06T16:19:00Z,279.17,279.37,279.12,279.285,82457,279.25,2187
AAPL,2026-02-06T16:20:00Z,279.3,279.65,279.3,279.4,125878,279.5,2633
AAPL,2026-02-06T16:21:00Z,279.41,279.51,279.31,279.39,76582,279.409,2328
AAPL,2026-02-06T16:22:00Z,279.38,279.44,279.055,279.14,67262,279.199,2113
AAPL,2026-02-06T16:23:00Z,279.15,279.275,279.05,279.25,167015,279.208,2255
AAPL,2026-02-06T16:24:00Z,279.25,279.66,279.22,279.64,106131,279.49,2510
AAPL,2026-02-06T16:25:00Z,279.61,279.65,279.445,279.47,62649,279.549,2067
AAPL,2026-02-06T16:26:00Z,279.47,279.47,279.07,279.18,89419,279.325,2522
AAPL,2026-02-06T16:27:00Z,279.18,279.2,279.035,279.18,134216,279.111,2497
AAPL,2026-02-06T16:28:00Z,279.2,279.26,279.04,279.19,69326,279.141,2408
AAPL,2026-02-06T16:29:00Z,279.19,279.3,278.99,279.115,125429,279.134,2872
AAPL,2026-02-06T16:30:00Z,279.09,279.26,279,279.15,111530,279.126,2428
AAPL,2026-02-06T16:31:00Z,279.15,279.425,279.05,279.425,79372,279.278,2299
AAPL,2026-02-06T16:32:00Z,279.41,279.549,279.37,279.49,61726,279.458,2127
AAPL,2026-02-06T16:33:00Z,279.48,279.53,279.095,279.12,63396,279.283,2229
AAPL,2026-02-06T16:34:00Z,279.1,279.29,279.09,279.25,63932,279.17,2099
AAPL,2026-02-06T16:35:00Z,279.28,279.425,279.16,279.4,64697,279.31,2111
AAPL,2026-02-06T16:36:00Z,279.41,279.45,279.23,279.41,81818,279.337,2306
AAPL,2026-02-06T16:37:00Z,279.415,279.418,279.21,279.35,84584,279.311,2375
AAPL,2026-02-06T16:38:00Z,279.355,279.72,279.355,279.55,92538,279.574,2402
AAPL,2026-02-06T16:39:00Z,279.545,279.724,279.545,279.65,62786,279.636,1884
AAPL,2026-02-06T16:40:00Z,279.65,279.67,279.5,279.56,61342,279.591,1961
AAPL,2026-02-06T16:41:00Z,279.57,279.67,279.46,279.52,71351,279.572,2171
AAPL,2026-02-06T16:42:00Z,279.52,279.53,279.2,279.31,99672,279.291,2648
AAPL,2026-02-06T16:43:00Z,279.31,279.51,279.305,279.385,90001,279.411,2423
AAPL,2026-02-06T16:44:00Z,279.37,279.395,279.24,279.34,89042,279.303,2209
AAPL,2026-02-06T16:45:00Z,279.37,279.37,279.23,279.24,59091,279.26,1877
AAPL,2026-02-06T16:46:00Z,279.24,279.38,279.145,279.36,118194,279.243,2548
AAPL,2026-02-06T16:47:00Z,279.37,279.42,279.21,279.24,60477,279.341,1922
AAPL,2026-02-06T16:48:00Z,279.24,279.43,279.23,279.345,58765,279.311,1847
AAPL,2026-02-06T16:49:00Z,279.3,279.465,279.24,279.41,70384,279.364,1929
AAPL,2026-02-06T16:50:00Z,279.42,279.67,279.39,279.6,137582,279.545,2680
AAPL,2026-02-06T16:51:00Z,279.62,279.74,279.59,279.72,106196,279.666,2323
AAPL,2026-02-06T16:52:00Z,279.719,279.76,279.52,279.545,106720,279.63,2187
AAPL,2026-02-06T16:53:00Z,279.55,279.7,279.55,279.68,89682,279.638,2218
AAPL,2026-02-06T16:54:00Z,279.69,279.7,279.57,279.685,105248,279.642,2399
AAPL,2026-02-06T16:55:00Z,279.68,279.775,279.141,279.165,160073,279.45,3148
AAPL,2026-02-06T16:56:00Z,279.165,279.31,279.07,279.145,114108,279.204,2512
AAPL,2026-02-06T16:57:00Z,279.15,279.32,279.1,279.32,103596,279.191,2254
AAPL,2026-02-06T16:58:00Z,279.325,279.33,279.07,279.13,93398,279.149,2147
AAPL,2026-02-06T16:59:00Z,279.12,279.22,278.87,279.085,136761,279.075,2772
AAPL,2026-02-06T17:00:00Z,279.05,279.22,278.96,279.1,60070,279.088,2042
AAPL,2026-02-06T17:01:00Z,279.11,279.34,278.999,279.335,52396,279.2,1656
AAPL,2026-02-06T17:02:00Z,279.34,279.37,279.14,279.225,50888,279.288,890
AAPL,2026-02-06T17:03:00Z,279.231,279.38,279.145,279.35,32031,279.281,835
AAPL,2026-02-06T17:04:00Z,279.34,279.46,279.31,279.415,36505,279.402,930
AAPL,2026-02-06T17:05:00Z,279.44,279.47,279.15,279.151,42629,279.272,864
AAPL,2026-02-06T17:06:00Z,279.175,279.29,279.16,279.27,737326,279.222,868
AAPL,2026-02-06T17:07:00Z,279.27,279.43,279.2,279.285,212560,279.31,1453
AAPL,2026-02-06T17:08:00Z,279.31,279.385,279.247,279.3,37208,279.316,1069
AAPL,2026-02-06T17:09:00Z,279.29,279.435,279.24,279.27,64292,279.349,1353
AAPL,2026-02-06T17:10:00Z,279.27,279.38,279.19,279.3,38510,279.276,1097
AAPL,2026-02-06T17:11:00Z,279.28,279.43,279.25,279.41,59120,279.364,1163
AAPL,2026-02-06T17:12:00Z,279.405,279.43,279,279.11,125049,279.147,1715
AAPL,2026-02-06T17:13:00Z,279.12,279.135,278.94,279.08,52932,279.052,1200
AAPL,2026-02-06T17:14:00Z,279.09,279.14,279.06,279.09,48218,279.103,997
AAPL,2026-02-06T17:15:00Z,279.09,279.12,278.83,278.852,37304,278.954,957
AAPL,2026-02-06T17:16:00Z,278.84,279.04,278.793,279.01,53000,278.907,1043
AAPL,2026-02-06T17:17:00Z,279.01,279.11,278.81,279.07,134974,278.966,2281
AAPL,2026-02-06T17:18:00Z,279.08,279.105,278.91,279.07,47704,279.004,998
AAPL,2026-02-06T17:19:00Z,279.07,279.237,279.06,279.06,63484,279.142,1108
AAPL,2026-02-06T17:20:00Z,279.06,279.06,278.8,278.82,60081,278.92,1248
AAPL,2026-02-06T17:21:00Z,278.81,278.85,278.72,278.72,51409,278.774,1141
AAPL,2026-02-06T17:22:00Z,278.72,278.72,278.61,278.695,41559,278.652,939
AAPL,2026-02-06T17:23:00Z,278.66,278.71,278.58,278.67,60827,278.662,1222
AAPL,2026-02-06T17:24:00Z,278.68,278.735,278.52,278.555,40600,278.642,1025
AAPL,2026-02-06T17:25:00Z,278.54,278.569,278.37,278.39,49900,278.443,1194
AAPL,2026-02-06T17:26:00Z,278.395,278.395,278.24,278.355,92378,278.304,1595
AAPL,2026-02-06T17:27:00Z,278.35,278.45,278.28,278.41,371962,278.338,1468
AAPL,2026-02-06T17:28:00Z,278.41,278.5,278.3,278.47,60753,278.399,1384
AAPL,2026-02-06T17:29:00Z,278.49,278.76,278.49,278.68,59429,278.67,1369
AAPL,2026-02-06T17:30:00Z,278.71,278.81,278.545,278.545,60908,278.692,1172
AAPL,2026-02-06T17:31:00Z,278.55,278.6,278.46,278.52,61374,278.54,1463
AAPL,2026-02-06T17:32:00Z,278.51,278.62,278.51,278.54,45552,278.57,1110
AAPL,2026-02-06T17:33:00Z,278.51,278.53,278.4,278.42,67488,278.45,1219
AAPL,2026-02-06T17:34:00Z,278.43,278.51,278.23,278.241,61250,278.366,1229
AAPL,2026-02-06T17:35:00Z,278.24,278.24,277.9,277.945,137851,278.049,2634
AAPL,2026-02-06T17:36:00Z,277.925,278.2,277.9,278.145,85862,278.078,1558
AAPL,2026-02-06T17:37:00Z,278.06,278.17,277.9,277.935,78224,278.065,1418
AAPL,2026-02-06T17:38:00Z,277.95,278.12,277.95,278.05,67613,278.023,1215
AAPL,2026-02-06T17:39:00Z,278.045,278.25,277.995,278.235,64362,278.132,1354
AAPL,2026-02-06T17:40:00Z,278.24,278.32,278.07,278.16,64364,278.178,1314
AAPL,2026-02-06T17:41:00Z,278.2,278.265,278.1,278.155,44581,278.195,1161
AAPL,2026-02-06T17:42:00Z,278.17,278.3,278.145,278.235,56580,278.243,985
AAPL,2026-02-06T17:43:00Z,278.225,278.249,278.04,278.19,43646,278.13,950
AAPL,2026-02-06T17:44:00Z,278.195,278.33,278.195,278.33,30122,278.259,796
AAPL,2026-02-06T17:45:00Z,278.33,278.5,278.25,278.34,85985,278.356,1705
AAPL,2026-02-06T17:46:00Z,278.335,278.45,278.31,278.32,36971,278.38,790
AAPL,2026-02-06T17:47:00Z,278.31,278.36,278.22,278.32,41193,278.296,716
AAPL,2026-02-06T17:48:00Z,278.32,278.425,278.31,278.42,44409,278.353,781
AAPL,2026-02-06T17:49:00Z,278.42,278.49,278.235,278.38,64685,278.365,1258
AAPL,2026-02-06T17:50:00Z,278.379,278.45,278.35,278.38,55169,278.406,965
AAPL,2026-02-06T17:51:00Z,278.37,278.439,278.18,278.439,60190,278.303,1150
AAPL,2026-02-06T17:52:00Z,278.42,278.42,278.2,278.228,78198,278.272,1338
AAPL,2026-02-06T17:53:00Z,278.22,278.29,278.18,278.285,73426,278.234,1605
AAPL,2026-02-06T17:54:00Z,278.29,278.37,278.19,278.195,62437,278.298,1743
AAPL,2026-02-06T17:55:00Z,278.195,278.255,278.17,278.2,38066,278.22,1084
AAPL,2026-02-06T17:56:00Z,278.21,278.28,278.15,278.16,53272,278.197,1363
AAPL,2026-02-06T17:57:00Z,278.14,278.195,278.1,278.175,44954,278.152,1091
AAPL,2026-02-06T17:58:00Z,278.175,278.285,278.16,278.24,42629,278.233,952
AAPL,2026-02-06T17:59:00Z,278.27,278.31,278.21,278.295,53948,278.27,1176
AAPL,2026-02-06T18:00:00Z,278.295,278.39,278.254,278.32,66878,278.318,1730
AAPL,2026-02-06T18:01:00Z,278.31,278.399,278.26,278.399,44942,278.299,1091
AAPL,2026-02-06T18:02:00Z,278.39,278.43,278.34,278.355,73160,278.375,1321
AAPL,2026-02-06T18:03:00Z,278.355,278.48,278.307,278.44,46579,278.382,1068
AAPL,2026-02-06T18:04:00Z,278.44,278.635,278.42,278.579,79969,278.54,1345
AAPL,2026-02-06T18:05:00Z,278.58,278.664,278.54,278.64,260539,278.604,1160
AAPL,2026-02-06T18:06:00Z,278.65,278.686,278.52,278.54,63645,278.62,1098
AAPL,2026-02-06T18:07:00Z,278.55,278.57,278.37,278.38,56018,278.438,1314
AAPL,2026-02-06T18:08:00Z,278.38,278.455,278.28,278.34,59381,278.362,1313
AAPL,2026-02-06T18:09:00Z,278.35,278.42,278.27,278.37,53642,278.344,1074
AAPL,2026-02-06T18:10:00Z,278.375,278.65,278.321,278.56,95169,278.515,1822
AAPL,2026-02-06T18:11:00Z,278.555,278.555,278.42,278.52,62730,278.496,1165
AAPL,2026-02-06T18:12:00Z,278.515,278.58,278.43,278.43,47785,278.508,1072
AAPL,2026-02-06T18:13:00Z,278.435,278.44,278.315,278.37,69062,278.374,1409
AAPL,2026-02-06T18:14:00Z,278.37,278.37,278.24,278.31,52467,278.311,1048
AAPL,2026-02-06T18:15:00Z,278.33,278.38,278.16,278.16,85709,278.322,1493
AAPL,2026-02-06T18:16:00Z,278.175,278.38,278.16,278.34,59307,278.26,1251
AAPL,2026-02-06T18:17:00Z,278.345,278.41,278.305,278.365,65261,278.356,1172
AAPL,2026-02-06T18:18:00Z,278.36,278.48,278.31,278.34,36958,278.403,850
AAPL,2026-02-06T18:19:00Z,278.34,278.43,278.31,278.41,40269,278.359,798
AAPL,2026-02-06T18:20:00Z,278.42,278.445,278.32,278.4,59219,278.394,1151
AAPL,2026-02-06T18:21:00Z,278.403,278.525,278.36,278.4,60527,278.442,1268
AAPL,2026-02-06T18:22:00Z,278.38,278.44,278.3,278.3,65100,278.378,1259
AAPL,2026-02-06T18:23:00Z,278.3,278.31,278.11,278.17,61049,278.204,1145
AAPL,2026-02-06T18:24:00Z,278.16,278.18,277.98,278.04,65870,278.074,1253
AAPL,2026-02-06T18:25:00Z,278.035,278.09,277.99,278.07,49861,278.049,1065
AAPL,2026-02-06T18:26:00Z,278.08,278.185,277.98,277.98,40069,278.063,923
AAPL,2026-02-06T18:27:00Z,277.98,277.98,277.74,277.76,52676,277.888,1058
AAPL,2026-02-06T18:28:00Z,277.76,277.85,277.55,277.55,107640,277.755,1804
AAPL,2026-02-06T18:29:00Z,277.55,277.85,277.49,277.775,94926,277.687,1783
AAPL,2026-02-06T18:30:00Z,277.8,277.815,277.61,277.613,91903,277.704,1767
AAPL,2026-02-06T18:31:00Z,277.61,277.63,277.53,277.59,51779,277.577,1216
AAPL,2026-02-06T18:32:00Z,277.57,277.57,277.38,277.39,63695,277.478,1244
AAPL,2026-02-06T18:33:00Z,277.39,277.54,277.33,277.38,62391,277.437,1159
AAPL,2026-02-06T18:34:00Z,277.394,277.44,277.31,277.37,62706,277.377,1316
AAPL,2026-02-06T18:35:00Z,277.37,277.38,277.22,277.22,58692,277.283,1127
AAPL,2026-02-06T18:36:00Z,277.23,277.34,277.19,277.27,56528,277.25,1144
AAPL,2026-02-06T18:37:00Z,277.25,277.26,277.12,277.21,55331,277.176,1195
AAPL,2026-02-06T18:38:00Z,277.21,277.21,277.09,277.135,64443,277.154,1167
AAPL,2026-02-06T18:39:00Z,277.14,277.17,277.05,277.06,43496,277.101,802
AAPL,2026-02-06T18:40:00Z,277.05,277.2,277.05,277.18,54024,277.123,959
AAPL,2026-02-06T18:41:00Z,277.17,277.215,277.044,277.07,77890,277.105,987
AAPL,2026-02-06T18:42:00Z,277.07,277.195,277.04,277.18,38272,277.097,862
AAPL,2026-02-06T18:43:00Z,277.19,277.3,277.177,277.2,58673,277.221,901
AAPL,2026-02-06T18:44:00Z,277.19,277.68,277.14,277.623,224880,277.447,2781
AAPL,2026-02-06T18:45:00Z,277.615,277.76,277.41,277.42,95646,277.595,1083
AAPL,2026-02-06T18:46:00Z,277.41,277.47,277.22,277.277,68284,277.361,961
AAPL,2026-02-06T18:47:00Z,277.27,277.409,277.24,277.32,35576,277.322,742
AAPL,2026-02-06T18:48:00Z,277.31,277.36,277.16,277.21,55187,277.23,908
AAPL,2026-02-06T18:49:00Z,277.19,277.245,277.149,277.22,40296,277.192,745
AAPL,2026-02-06T18:50:00Z,277.23,277.46,277.2,277.2,71449,277.368,1017
AAPL,2026-02-06T18:51:00Z,277.2,277.23,276.97,277.03,98957,277.082,1377
AAPL,2026-02-06T18:52:00Z,277.03,277.11,276.925,277.075,57563,277.016,984
AAPL,2026-02-06T18:53:00Z,277.075,277.16,277.025,277.1,58111,277.091,778
AAPL,2026-02-06T18:54:00Z,277.11,277.15,277.01,277.09,59811,277.092,1140
AAPL,2026-02-06T18:55:00Z,277.07,277.21,277,277.17,74584,277.084,1247
AAPL,2026-02-06T18:56:00Z,277.17,277.28,277.09,277.167,46622,277.178,840
AAPL,2026-02-06T18:57:00Z,277.15,277.19,277.05,277.19,257708,277.117,972
AAPL,2026-02-06T18:58:00Z,277.19,277.348,277.175,277.22,66744,277.264,941
AAPL,2026-02-06T18:59:00Z,277.22,277.495,277.14,277.48,74783,277.364,1239
AAPL,2026-02-06T19:00:00Z,277.49,277.54,277.38,277.46,64055,277.475,1133
AAPL,2026-02-06T19:01:00Z,277.48,277.58,277.401,277.565,67137,277.51,920
AAPL,2026-02-06T19:02:00Z,277.58,277.73,277.56,277.68,87871,277.658,1010
AAPL,2026-02-06T19:03:00Z,277.67,277.7,277.571,277.63,38087,277.647,677
AAPL,2026-02-06T19:04:00Z,277.603,277.74,277.505,277.505,61775,277.66,864
AAPL,2026-02-06T19:05:00Z,277.505,277.695,277.505,277.66,42204,277.611,773
AAPL,2026-02-06T19:06:00Z,277.67,277.74,277.54,277.69,49851,277.651,776
AAPL,2026-02-06T19:07:00Z,277.687,277.87,277.687,277.87,51403,277.779,812
AAPL,2026-02-06T19:08:00Z,277.855,277.96,277.84,277.89,58858,277.909,802
AAPL,2026-02-06T19:09:00Z,277.89,277.92,277.621,277.69,47143,277.715,830
AAPL,2026-02-06T19:10:00Z,277.69,277.725,277.61,277.715,42768,277.668,683
AAPL,2026-02-06T19:11:00Z,277.72,277.785,277.55,277.55,32382,277.692,729
AAPL,2026-02-06T19:12:00Z,277.56,277.675,277.44,277.465,58285,277.526,978
AAPL,2026-02-06T19:13:00Z,277.465,277.54,277.376,277.38,49821,277.456,870
AAPL,2026-02-06T19:14:00Z,277.38,277.48,277.34,277.44,65122,277.394,1017
AAPL,2026-02-06T19:15:00Z,277.44,277.68,277.44,277.611,40190,277.567,701
AAPL,2026-02-06T19:16:00Z,277.611,277.69,277.53,277.53,37882,277.608,768
AAPL,2026-02-06T19:17:00Z,277.51,277.53,277.42,277.53,43344,277.465,821
AAPL,2026-02-06T19:18:00Z,277.54,277.94,277.54,277.82,132628,277.787,2003
AAPL,2026-02-06T19:19:00Z,277.825,277.85,277.74,277.79,51335,277.794,888
AAPL,2026-02-06T19:20:00Z,277.81,277.9,277.66,277.66,44793,277.82,929
AAPL,2026-02-06T19:21:00Z,277.67,277.67,277.46,277.495,40375,277.566,800
AAPL,2026-02-06T19:22:00Z,277.5,277.67,277.47,277.62,54333,277.596,882
AAPL,2026-02-06T19:23:00Z,277.61,277.735,277.596,277.66,32501,277.669,701
AAPL,2026-02-06T19:24:00Z,277.66,277.671,277.54,277.62,36151,277.599,672
AAPL,2026-02-06T19:25:00Z,277.62,277.635,277.41,277.41,51401,277.552,913
AAPL,2026-02-06T19:26:00Z,277.405,277.41,277.215,277.22,56732,277.321,899
AAPL,2026-02-06T19:27:00Z,277.23,277.315,277.15,277.21,56578,277.226,910
AAPL,2026-02-06T19:28:00Z,277.22,277.32,277.2,277.28,37634,277.265,733
AAPL,2026-02-06T19:29:00Z,277.28,277.28,277.125,277.13,32725,277.196,715
AAPL,2026-02-06T19:30:00Z,277.13,277.21,277.08,277.16,63686,277.138,1029
AAPL,2026-02-06T19:31:00Z,277.17,277.185,277.05,277.105,44749,277.119,772
AAPL,2026-02-06T19:32:00Z,277.09,277.14,277.02,277.04,46928,277.068,877
AAPL,2026-02-06T19:33:00Z,277.05,277.11,277,277.09,37345,277.058,755
AAPL,2026-02-06T19:34:00Z,277.09,277.11,276.995,277.09,55831,277.059,860
AAPL,2026-02-06T19:35:00Z,277.09,277.19,277.07,277.18,44054,277.145,787
AAPL,2026-02-06T19:36:00Z,277.19,277.42,277.19,277.365,41932,277.31,809
AAPL,2026-02-06T19:37:00Z,277.35,277.355,277.11,277.11,31134,277.217,664
AAPL,2026-02-06T19:38:00Z,277.11,277.37,277.11,277.265,47242,277.278,900
AAPL,2026-02-06T19:39:00Z,277.26,277.28,277.19,277.27,39554,277.228,855
AAPL,2026-02-06T19:40:00Z,277.27,277.34,277.21,277.25,28784,277.28,724
AAPL,2026-02-06T19:41:00Z,277.25,277.28,277.19,277.26,26617,277.246,773
AAPL,2026-02-06T19:42:00Z,277.265,277.3,277.19,277.26,40139,277.248,779
AAPL,2026-02-06T19:43:00Z,277.25,277.285,277.17,277.2,41887,277.216,724
AAPL,2026-02-06T19:44:00Z,277.2,277.32,277.185,277.23,58296,277.239,1099
AAPL,2026-02-06T19:45:00Z,277.24,277.42,277.22,277.405,54588,277.333,952
AAPL,2026-02-06T19:46:00Z,277.405,277.47,277.36,277.47,47946,277.397,841
AAPL,2026-02-06T19:47:00Z,277.48,277.75,277.44,277.74,53520,277.526,841
AAPL,2026-02-06T19:48:00Z,277.74,277.935,277.69,277.92,76223,277.826,1125
AAPL,2026-02-06T19:49:00Z,277.92,277.94,277.72,277.75,59371,277.817,842
AAPL,2026-02-06T19:50:00Z,277.725,277.92,277.72,277.92,75323,277.846,1088
AAPL,2026-02-06T19:51:00Z,277.92,278.19,277.92,278.15,145700,278.055,1718
AAPL,2026-02-06T19:52:00Z,278.15,278.272,278.08,278.24,135049,278.192,1777
AAPL,2026-02-06T19:53:00Z,278.23,278.26,278.07,278.2,70704,278.183,1023
AAPL,2026-02-06T19:54:00Z,278.205,278.31,278.19,278.27,126543,278.25,1061
AAPL,2026-02-06T19:55:00Z,278.27,278.6,278.27,278.568,120165,278.473,1589
AAPL,2026-02-06T19:56:00Z,278.57,278.57,278.405,278.44,94572,278.501,1072
AAPL,2026-02-06T19:57:00Z,278.425,278.572,278.425,278.5,104994,278.503,1312
AAPL,2026-02-06T19:58:00Z,278.49,278.62,278.46,278.6,71475,278.556,931
AAPL,2026-02-06T19:59:00Z,278.62,278.645,278.55,278.58,82541,278.603,1057
AAPL,2026-02-06T20:00:00Z,278.565,278.63,278.49,278.565,77389,278.569,1287
AAPL,2026-02-06T20:01:00Z,278.57,278.58,278.48,278.58,60584,278.529,1047
AAPL,2026-02-06T20:02:00Z,278.59,278.75,278.55,278.75,69710,278.638,1093
AAPL,2026-02-06T20:03:00Z,278.75,278.75,278.62,278.711,56517,278.699,973
AAPL,2026-02-06T20:04:00Z,278.715,278.735,278.59,278.687,78534,278.661,1174
AAPL,2026-02-06T20:05:00Z,278.69,278.72,278.395,278.42,88449,278.604,1407
AAPL,2026-02-06T20:06:00Z,278.41,278.44,278.22,278.38,80868,278.35,1415
AAPL,2026-02-06T20:07:00Z,278.38,278.39,278.22,278.225,38580,278.309,831
AAPL,2026-02-06T20:08:00Z,278.225,278.33,278.19,278.28,109819,278.242,1474
AAPL,2026-02-06T20:09:00Z,278.27,278.33,278.065,278.07,90366,278.206,1126
AAPL,2026-02-06T20:10:00Z,278.06,278.333,278.03,278.285,81646,278.192,954
AAPL,2026-02-06T20:11:00Z,278.28,278.31,278.18,278.2,45808,278.256,992
AAPL,2026-02-06T20:12:00Z,278.21,278.285,278.07,278.12,73518,278.186,1236
AAPL,2026-02-06T20:13:00Z,278.12,278.13,277.87,277.925,90780,277.969,1187
AAPL,2026-02-06T20:14:00Z,277.925,277.95,277.845,277.85,72066,277.882,1067
AAPL,2026-02-06T20:15:00Z,277.85,277.94,277.815,277.894,70242,277.884,1049
AAPL,2026-02-06T20:16:00Z,277.89,277.91,277.76,277.808,72707,277.834,933
AAPL,2026-02-06T20:17:00Z,277.8,277.85,277.735,277.74,74540,277.802,1075
AAPL,2026-02-06T20:18:00Z,277.731,278.08,277.725,278.04,179976,277.881,1472
AAPL,2026-02-06T20:19:00Z,278.04,278.07,277.7,277.84,75728,277.885,1282
AAPL,2026-02-06T20:20:00Z,277.83,278.02,277.68,277.845,99468,277.851,1436
AAPL,2026-02-06T20:21:00Z,277.845,277.86,277.705,277.74,114772,277.781,1292
AAPL,2026-02-06T20:22:00Z,277.745,277.88,277.715,277.81,62530,277.801,1129
AAPL,2026-02-06T20:23:00Z,277.8,277.96,277.765,277.95,93777,277.848,1274
AAPL,2026-02-06T20:24:00Z,277.96,278.33,277.954,278.09,142765,278.174,1958
AAPL,2026-02-06T20:25:00Z,278.1,278.1,277.66,277.705,133446,277.94,1406
AAPL,2026-02-06T20:26:00Z,277.69,277.74,277.59,277.65,72937,277.665,1205
AAPL,2026-02-06T20:27:00Z,277.64,277.94,277.56,277.78,134013,277.803,1822
AAPL,2026-02-06T20:28:00Z,277.79,277.87,277.745,277.775,60241,277.801,1191
AAPL,2026-02-06T20:29:00Z,277.76,277.78,277.61,277.645,64438,277.687,1201
AAPL,2026-02-06T20:30:00Z,277.655,277.895,277.57,277.895,310271,277.709,1868
AAPL,2026-02-06T20:31:00Z,277.9,278.17,277.83,278.082,104256,278.033,1477
AAPL,2026-02-06T20:32:00Z,278.09,278.09,277.95,278.04,59831,278.021,1197
AAPL,2026-02-06T20:33:00Z,278.04,278.06,277.97,278.01,59982,278.02,1150
AAPL,2026-02-06T20:34:00Z,278.005,278.04,277.9,277.9,74597,277.987,1190
AAPL,2026-02-06T20:35:00Z,277.87,277.98,277.845,277.87,57644,277.909,1211
AAPL,2026-02-06T20:36:00Z,277.88,277.88,277.65,277.66,58547,277.76,1186
AAPL,2026-02-06T20:37:00Z,277.665,277.765,277.664,277.765,47859,277.724,985
AAPL,2026-02-06T20:38:00Z,277.76,277.83,277.741,277.81,46766,277.797,945
AAPL,2026-02-06T20:39:00Z,277.8,277.85,277.73,277.85,57299,277.782,1016
AAPL,2026-02-06T20:40:00Z,277.85,277.941,277.79,277.815,54371,277.849,1049
AAPL,2026-02-06T20:41:00Z,277.81,277.95,277.8,277.95,226920,277.894,1453
AAPL,2026-02-06T20:42:00Z,277.95,278.315,277.95,278.1,93586,278.166,1703
AAPL,2026-02-06T20:43:00Z,278.089,278.15,277.945,277.945,90093,278.059,1459
AAPL,2026-02-06T20:44:00Z,277.945,278.12,277.93,278.11,76881,278.053,1399
AAPL,2026-02-06T20:45:00Z,278.1,278.23,278.08,278.22,57262,278.168,1062
AAPL,2026-02-06T20:46:00Z,278.22,278.45,278.21,278.39,83860,278.345,1473
AAPL,2026-02-06T20:47:00Z,278.38,278.58,278.27,278.55,102861,278.398,1960
AAPL,2026-02-06T20:48:00Z,278.55,278.58,278.3,278.32,81618,278.443,1334
AAPL,2026-02-06T20:49:00Z,278.31,278.31,278.06,278.155,78069,278.158,1599
AAPL,2026-02-06T20:50:00Z,278.16,278.5,278.07,278.43,139677,278.378,2485
AAPL,2026-02-06T20:51:00Z,278.44,278.66,278.36,278.63,181958,278.504,2570
AAPL,2026-02-06T20:52:00Z,278.635,278.83,278.58,278.62,155937,278.675,2517
AAPL,2026-02-06T20:53:00Z,278.63,278.93,278.535,278.87,175596,278.764,2691
AAPL,2026-02-06T20:54:00Z,278.87,278.87,278.56,278.79,186842,278.719,3295
AAPL,2026-02-06T20:55:00Z,278.8,279.01,278.5,278.76,224015,278.842,4410
AAPL,2026-02-06T20:56:00Z,278.74,278.76,278.585,278.59,168873,278.678,2864
AAPL,2026-02-06T20:57:00Z,278.598,278.67,278.42,278.55,181640,278.553,3062
AAPL,2026-02-06T20:58:00Z,278.51,278.58,278.3,278.3,374314,278.451,5137
AAPL,2026-02-06T20:59:00Z,278.3,278.48,278.01,278.03,1.21972e+06,278.278,14196
AAPL,2026-02-06T21:00:00Z,278.02,278.12,277.688,277.84,5.63118e+06,278.12,349
AAPL,2026-02-06T21:01:00Z,277.86,277.881,277.7,277.75,63450,277.742,117
AAPL,2026-02-06T21:02:00Z,277.751,277.751,277.65,277.65,139835,277.686,120
AAPL,2026-02-06T21:03:00Z,277.59,277.98,277.5,277.69,639926,277.664,248
AAPL,2026-02-06T21:04:00Z,277.66,277.66,277.55,277.604,6752,277.593,48
AAPL,2026-02-06T21:05:00Z,277.561,277.63,277.42,277.42,55346,277.554,123
AAPL,2026-02-06T21:06:00Z,277.44,277.53,277.44,277.51,12324,277.471,40
AAPL,2026-02-06T21:07:00Z,277.51,277.733,277.51,277.7,4038,277.609,209
AAPL,2026-02-06T21:08:00Z,277.701,277.701,277.701,277.701,387,277.701,18
AAPL,2026-02-06T21:09:00Z,277.7,277.79,277.7,277.77,364446,277.74,75
AAPL,2026-02-06T21:10:00Z,277.75,277.96,277.613,277.613,861,277.774,28
AAPL,2026-02-06T21:12:00Z,277.61,277.61,277.601,277.601,1066,277.602,16
AAPL,2026-02-06T21:13:00Z,277.63,277.63,277.63,277.63,713,277.63,47
AAPL,2026-02-06T21:14:00Z,277.59,277.59,277.59,277.59,241,277.59,16
AAPL,2026-02-06T21:15:00Z,277.53,277.541,277.47,277.47,4938,277.502,73
AAPL,2026-02-06T21:16:00Z,278.12,278.12,277.435,277.435,9131,278.098,19
AAPL,2026-02-06T21:17:00Z,277.43,277.43,277.42,277.42,1031,277.423,37
AAPL,2026-02-06T21:18:00Z,277.44,277.44,277.44,277.44,321,277.44,19
AAPL,2026-02-06T21:19:00Z,277.48,277.48,277.48,277.48,814,277.48,32
AAPL,2026-02-06T21:20:00Z,277.43,277.43,277.423,277.423,988,277.425,31
AAPL,2026-02-06T21:21:00Z,277.42,277.44,277.42,277.44,4208,277.435,72
AAPL,2026-02-06T21:22:00Z,277.42,277.439,277.42,277.42,3270,277.423,88
AAPL,2026-02-06T21:23:00Z,277.43,277.43,277.31,277.31,5431,277.393,88
AAPL,2026-02-06T21:24:00Z,277.32,277.37,277.32,277.35,2827,277.349,67
AAPL,2026-02-06T21:25:00Z,277.44,277.44,277.4,277.4,706,277.423,24
AAPL,2026-02-06T21:26:00Z,277.438,277.438,277.4,277.41,3785,277.405,60
AAPL,2026-02-06T21:27:00Z,277.4,277.41,277.37,277.41,4041,277.399,48
AAPL,2026-02-06T21:28:00Z,277.41,277.45,277.38,277.38,5735,277.426,58
AAPL,2026-02-06T21:29:00Z,277.39,277.39,277.38,277.38,1041,277.385,33
AAPL,2026-02-06T21:30:00Z,277.38,277.38,277.38,277.38,1971,277.38,28
AAPL,2026-02-06T21:31:00Z,277.38,278.12,277.32,277.32,33398,278.097,37
AAPL,2026-02-06T21:32:00Z,277.3,277.3,277.19,277.19,3230,277.279,54
AAPL,2026-02-06T21:33:00Z,277.29,277.3,277.28,277.29,2513,277.287,45
AAPL,2026-02-06T21:35:00Z,277.32,277.33,277.32,277.33,830,277.327,37
AAPL,2026-02-06T21:36:00Z,277.31,277.4,277.31,277.36,2290,277.385,75
AAPL,2026-02-06T21:37:00Z,277.32,277.34,277.32,277.32,2499,277.326,76
AAPL,2026-02-06T21:38:00Z,277.34,277.34,277.32,277.34,1997,277.33,49
AAPL,2026-02-06T21:39:00Z,277.33,277.33,277.27,277.27,2743,277.316,77
AAPL,2026-02-06T21:40:00Z,277.26,277.26,277.26,277.26,372,277.26,20
AAPL,2026-02-06T21:41:00Z,277.28,277.311,277.28,277.311,733,277.302,12
AAPL,2026-02-06T21:43:00Z,277.33,278.12,277.19,277.19,70280,278.099,67
AAPL,2026-02-06T21:44:00Z,277.18,277.18,277.16,277.17,2064,277.174,39
AAPL,2026-02-06T21:45:00Z,277.2,277.31,277.2,277.21,2364,277.248,39
AAPL,2026-02-06T21:47:00Z,277.18,277.31,277.18,277.21,1105,277.25,28
AAPL,2026-02-06T21:48:00Z,277.26,277.31,277.18,277.18,928,277.244,17
AAPL,2026-02-06T21:49:00Z,277.21,277.22,277.08,277.22,2400,277.189,60
AAPL,2026-02-06T21:50:00Z,277.14,277.14,277,277.07,2714,277.093,76
AAPL,2026-02-06T21:51:00Z,277.04,277.2,277.04,277.2,2611,277.18,24
AAPL,2026-02-06T21:52:00Z,277.19,277.19,277.19,277.19,507,277.19,32
AAPL,2026-02-06T21:53:00Z,277.19,277.19,277.19,277.19,57449,277.19,18
AAPL,2026-02-06T21:54:00Z,277.2,277.2,277.08,277.08,1288,277.155,36
AAPL,2026-02-06T21:55:00Z,277.08,277.08,277.03,277.03,1321,277.063,23
AAPL,2026-02-06T21:56:00Z,277.04,277.04,277.03,277.03,490,277.033,9
AAPL,2026-02-06T21:57:00Z,277.04,277.19,277.04,277.19,445,277.115,22
AAPL,2026-02-06T21:58:00Z,277.2,277.2,277.19,277.19,808,277.193,43
AAPL,2026-02-06T21:59:00Z,277.13,277.13,277.13,277.13,444,277.13,48
AAPL,2026-02-06T22:00:00Z,277.25,277.25,277.25,277.25,1033,277.25,52
AAPL,2026-02-06T22:01:00Z,277.25,277.25,277.25,277.25,310,277.25,13
AAPL,2026-02-06T22:02:00Z,277.32,277.4,277.31,277.4,13664,277.357,110
AAPL,2026-02-06T22:03:00Z,277.34,277.34,277.34,277.34,1141,277.34,9
AAPL,2026-02-06T22:04:00Z,277.39,277.46,277.39,277.45,5565,277.437,66
AAPL,2026-02-06T22:05:00Z,277.45,277.45,277.44,277.44,2608,277.448,45
AAPL,2026-02-06T22:06:00Z,277.45,277.48,277.34,277.34,1061,277.413,35
AAPL,2026-02-06T22:07:00Z,277.46,277.46,277.46,277.46,1180,277.46,40
AAPL,2026-02-06T22:08:00Z,277.48,277.49,277.46,277.47,1469,277.471,29
AAPL,2026-02-06T22:09:00Z,277.473,277.473,277.47,277.47,323,277.472,7
AAPL,2026-02-06T22:10:00Z,277.47,277.49,277.47,277.49,2894,277.489,66
AAPL,2026-02-06T22:11:00Z,277.5,277.5,277.5,277.5,103,277.5,4
AAPL,2026-02-06T22:13:00Z,277.47,277.47,277.46,277.46,1312,277.468,36
AAPL,2026-02-06T22:14:00Z,277.46,277.46,277.46,277.46,210,277.46,4
AAPL,2026-02-06T22:15:00Z,277.49,277.49,277.49,277.49,659,277.49,25
AAPL,2026-02-06T22:16:00Z,277.52,277.52,277.52,277.52,382,277.52,22
AAPL,2026-02-06T22:19:00Z,277.536,277.536,277.536,277.536,764,277.536,27
AAPL,2026-02-06T22:21:00Z,277.46,277.46,277.46,277.46,512,277.46,42
AAPL,2026-02-06T22:22:00Z,277.46,277.46,277.46,277.46,326,277.46,18
AAPL,2026-02-06T22:23:00Z,277.49,277.49,277.49,277.49,223,277.49,11
AAPL,2026-02-06T22:24:00Z,277.536,277.536,277.46,277.46,674,277.483,11
AAPL,2026-02-06T22:25:00Z,277.49,277.49,277.49,277.49,145,277.49,6
AAPL,2026-02-06T22:26:00Z,277.5,277.5,277.5,277.5,622,277.5,25
AAPL,2026-02-06T22:29:00Z,277.54,277.54,277.54,277.54,307,277.54,9
AAPL,2026-02-06T22:30:00Z,277.508,277.59,277.508,277.55,3301,277.575,40
AAPL,2026-02-06T22:31:00Z,277.55,277.55,277.54,277.54,510,277.548,11
AAPL,2026-02-06T22:32:00Z,277.55,277.55,277.55,277.55,223,277.55,8
AAPL,2026-02-06T22:34:00Z,277.5,278.12,277.5,277.51,38005,278.114,18
AAPL,2026-02-06T22:35:00Z,277.5,277.5,277.47,277.47,666,277.486,19
AAPL,2026-02-06T22:36:00Z,277.46,277.477,277.46,277.46,2159,277.461,39
AAPL,2026-02-06T22:37:00Z,277.46,277.49,277.46,277.49,219,277.475,6
AAPL,2026-02-06T22:40:00Z,277.46,277.46,277.46,277.46,508,277.46,16
AAPL,2026-02-06T22:41:00Z,277.49,277.49,277.47,277.47,636,277.487,7
AAPL,2026-02-06T22:45:00Z,277.49,277.51,277.49,277.51,632,277.506,24
AAPL,2026-02-06T22:46:00Z,277.5,277.5,277.5,277.5,342,277.5,13
AAPL,2026-02-06T22:47:00Z,277.49,277.49,277.49,277.49,590,277.49,9
AAPL,2026-02-06T22:48:00Z,277.49,277.49,277.19,277.2,18938,277.405,48
AAPL,2026-02-06T22:49:00Z,277.22,277.22,277.187,277.187,868,277.207,14
AAPL,2026-02-06T22:51:00Z,277.26,277.26,277.26,277.26,438,277.26,23
AAPL,2026-02-06T22:56:00Z,277.25,277.25,277.25,277.25,455,277.25,14
AAPL,2026-02-06T23:06:00Z,277.3,277.3,277.3,277.3,245,277.3,5
AAPL,2026-02-06T23:08:00Z,277.26,277.26,277.25,277.25,678,277.252,14
AAPL,2026-02-06T23:10:00Z,277.25,277.25,277.25,277.25,607,277.25,15
AAPL,2026-02-06T23:11:00Z,277.31,277.31,277.31,277.31,1009,277.31,4
AAPL,2026-02-06T23:12:00Z,277.2,277.2,277.14,277.14,329,277.163,18
AAPL,2026-02-06T23:15:00Z,277.26,277.26,277.26,277.26,225,277.26,12
AAPL,2026-02-06T23:18:00Z,277.25,277.25,277.25,277.25,605,277.25,23
AAPL,2026-02-06T23:19:00Z,277.26,277.26,277.26,277.26,1697,277.26,9
AAPL,2026-02-06T23:22:00Z,277.34,277.34,277.34,277.34,535,277.34,19
AAPL,2026-02-06T23:23:00Z,277.34,277.34,277.34,277.34,156,277.34,4
AAPL,2026-02-06T23:24:00Z,277.18,277.18,277.15,277.15,2616,277.153,30
AAPL,2026-02-06T23:25:00Z,277.3,277.3,277.3,277.3,276,277.3,8
AAPL,2026-02-06T23:26:00Z,277.2,277.2,277.199,277.199,615,277.199,8
AAPL,2026-02-06T23:27:00Z,277.17,277.17,277.17,277.17,163,277.17,9
AAPL,2026-02-06T23:28:00Z,277.19,277.19,277.19,277.19,208,277.19,6
AAPL,2026-02-06T23:29:00Z,277.18,277.18,277.15,277.15,1050,277.156,7
AAPL,2026-02-06T23:31:00Z,277.3,277.3,277.3,277.3,1929,277.3,33
AAPL,2026-02-06T23:35:00Z,277.2,277.2,277.2,277.2,396,277.2,11
AAPL,2026-02-06T23:37:00Z,277.15,277.15,277.15,277.15,219,277.15,9
AAPL,2026-02-06T23:38:00Z,277.021,277.021,277.021,277.021,652,277.021,7
AAPL,2026-02-06T23:39:00Z,277.06,277.08,277.03,277.03,1345,277.062,35
AAPL,2026-02-06T23:42:00Z,277.16,277.17,277.16,277.17,415,277.165,16
AAPL,2026-02-06T23:43:00Z,277.02,277.02,277.02,277.02,272,277.02,4
AAPL,2026-02-06T23:44:00Z,277.1,277.1,277.1,277.1,147,277.1,5
AAPL,2026-02-06T23:47:00Z,277.1,277.1,277.1,277.1,880,277.1,13
AAPL,2026-02-06T23:48:00Z,277.03,277.03,277.03,277.03,145,277.03,5
AAPL,2026-02-06T23:50:00Z,277.1,277.1,277.1,277.1,359,277.1,11
AAPL,2026-02-06T23:54:00Z,277.16,277.16,277.15,277.15,695,277.153,19
AAPL,2026-02-06T23:56:00Z,277.18,277.18,277.18,277.18,559,277.18,9
AAPL,2026-02-06T23:57:00Z,277.177,277.177,277.177,277.177,778,277.177,20
AAPL,2026-02-07T00:00:00Z,277.16,277.16,277.16,277.16,127,277.16,6
AAPL,2026-02-07T00:02:00Z,277.056,277.056,277.056,277.056,166,277.056,5
AAPL,2026-02-07T00:03:00Z,277.06,277.06,277.06,277.06,431,277.06,18
AAPL,2026-02-07T00:08:00Z,277.01,277.01,277,277,944,277.002,30
AAPL,2026-02-07T00:13:00Z,277.151,277.151,277.151,277.151,274,277.151,6
AAPL,2026-02-07T00:20:00Z,277.07,277.07,277.068,277.068,283,277.069,17
AAPL,2026-02-07T00:23:00Z,277.11,277.11,277.11,277.11,219,277.11,14
AAPL,2026-02-07T00:24:00Z,277.05,277.07,277.05,277.07,681,277.06,13
AAPL,2026-02-07T00:25:00Z,277.16,277.16,277.16,277.16,336,277.16,16
AAPL,2026-02-07T00:26:00Z,277.02,277.036,277.02,277.036,1271,277.028,27
AAPL,2026-02-07T00:27:00Z,277.07,277.07,277.07,277.07,105,277.07,4
AAPL,2026-02-07T00:32:00Z,277.17,277.19,277.17,277.19,428,277.177,15
AAPL,2026-02-07T00:34:00Z,277.02,277.02,277.02,277.02,232,277.02,9
AAPL,2026-02-07T00:36:00Z,277.124,277.124,277.124,277.124,401,277.124,2
AAPL,2026-02-07T00:37:00Z,277.17,277.17,277.17,277.17,249,277.17,8
AAPL,2026-02-07T00:38:00Z,277.15,277.17,277.15,277.17,503,277.16,13
AAPL,2026-02-07T00:40:00Z,277.05,277.05,277.05,277.05,256,277.05,17
AAPL,2026-02-07T00:41:00Z,277.03,277.03,277.03,277.03,122,277.03,4
AAPL,2026-02-07T00:45:00Z,277.17,277.2,277.17,277.2,924,277.185,32
AAPL,2026-02-07T00:46:00Z,277.25,277.25,277.25,277.25,247,277.25,6
AAPL,2026-02-07T00:47:00Z,277.26,277.26,277.26,277.26,138,277.26,9
AAPL,2026-02-07T00:52:00Z,277.141,277.141,277.141,277.141,165,277.141,4
AAPL,2026-02-07T00:53:00Z,277.19,277.19,277.19,277.19,280,277.19,10
AAPL,2026-02-07T00:54:00Z,277.24,277.24,277.24,277.24,221,277.24,6
AAPL,2026-02-07T00:55:00Z,277.16,277.16,277.16,277.16,545,277.16,16
AAPL,2026-02-07T00:56:00Z,277.15,277.15,277.15,277.15,830,277.15,8
AAPL,2026-02-07T00:57:00Z,277.1,277.1,277.1,277.1,381,277.1,12
AAPL,2026-02-07T00:58:00Z,277.059,277.1,277.059,277.1,478,277.08,10
AAPL,2026-02-07T00:59:00Z,277.08,277.08,277.08,277.08,1159,277.08,11
AAPL,2026-02-09T09:00:00Z,277.1,277.65,277.1,277.25,1677,277.312,132
AAPL,2026-02-09T09:01:00Z,276.95,276.95,276.64,276.65,1709,276.801,69
AAPL,2026-02-09T09:02:00Z,276.82,276.82,276.82,276.82,291,276.82,14
AAPL,2026-02-09T09:05:00Z,276.96,276.96,276.96,276.96,462,276.96,15
AAPL,2026-02-09T09:09:00Z,277,277,277,277,564,277,36
AAPL,2026-02-09T09:10:00Z,277.06,277.13,277.06,277.13,2634,277.121,35
AAPL,2026-02-09T09:14:00Z,277.13,277.15,277.13,277.14,2934,277.14,55
AAPL,2026-02-09T09:15:00Z,277.13,277.13,277.13,277.13,880,277.13,112
AAPL,2026-02-09T09:18:00Z,277.12,277.12,277.12,277.12,323,277.12,24
AAPL,2026-02-09T09:20:00Z,277.18,277.18,277.18,277.18,642,277.18,15
AAPL,2026-02-09T09:22:00Z,277.18,277.18,277.18,277.18,673,277.18,37
AAPL,2026-02-09T09:26:00Z,277.19,277.19,277.19,277.19,594,277.19,56
AAPL,2026-02-09T09:32:00Z,277.2,277.2,277.2,277.2,315,277.2,7
AAPL,2026-02-09T09:33:00Z,277.2,277.2,277.2,277.2,836,277.2,31
AAPL,2026-02-09T09:38:00Z,277.28,277.28,277.28,277.28,369,277.28,14
AAPL,2026-02-09T09:39:00Z,277.11,277.11,277.11,277.11,428,277.11,26
AAPL,2026-02-09T09:40:00Z,277.11,277.11,276.98,277,1407,277.01,36
AAPL,2026-02-09T09:46:00Z,277.1,277.1,277.1,277.1,496,277.1,39
AAPL,2026-02-09T09:50:00Z,277.06,277.06,276.98,276.98,434,277.022,10
AAPL,2026-02-09T09:53:00Z,276.98,276.98,276.98,276.98,265,276.98,14
AAPL,2026-02-09T09:54:00Z,276.98,276.98,276.88,276.88,1482,276.906,31
AAPL,2026-02-09T09:55:00Z,276.88,276.88,276.88,276.88,858,276.88,36
AAPL,2026-02-09T09:56:00Z,276.7,276.7,276.58,276.58,1402,276.636,43
AAPL,2026-02-09T09:58:00Z,276.7,276.7,276.7,276.7,591,276.7,24
AAPL,2026-02-09T09:59:00Z,276.64,276.64,276.64,276.64,170,276.64,4
AAPL,2026-02-09T10:03:00Z,276.5,276.5,276.5,276.5,860,276.5,26
AAPL,2026-02-09T10:08:00Z,276.65,276.66,276.65,276.66,381,276.654,8
AAPL,2026-02-09T10:09:00Z,276.51,276.51,276.51,276.51,329,276.51,11
AAPL,2026-02-09T10:16:00Z,276.46,276.46,276.46,276.46,351,276.46,20
AAPL,2026-02-09T10:18:00Z,276.47,276.5,276.47,276.5,1912,276.48,39
AAPL,2026-02-09T10:23:00Z,276.49,276.49,276.43,276.43,964,276.456,16
AAPL,2026-02-09T10:24:00Z,276.64,276.64,276.64,276.64,419,276.64,34
AAPL,2026-02-09T10:27:00Z,276.61,276.61,276.61,276.61,996,276.61,24
AAPL,2026-02-09T10:31:00Z,276.42,276.42,276.42,276.42,484,276.42,17
AAPL,2026-02-09T10:35:00Z,276.35,276.35,276.28,276.28,446,276.326,11
AAPL,2026-02-09T10:37:00Z,276.3,276.35,276.3,276.35,742,276.337,18
AAPL,2026-02-09T10:39:00Z,276.4,276.4,276.4,276.4,602,276.4,10
AAPL,2026-02-09T10:41:00Z,276.33,276.33,276.33,276.33,714,276.33,24
AAPL,2026-02-09T10:48:00Z,276.53,276.55,276.53,276.55,1290,276.535,17
AAPL,2026-02-09T10:50:00Z,276.58,276.68,276.58,276.68,1610,276.626,54
AAPL,2026-02-09T10:51:00Z,276.7,276.7,276.7,276.7,1188,276.7,56
AAPL,2026-02-09T10:52:00Z,276.96,276.96,276.93,276.93,298,276.945,12
AAPL,2026-02-09T10:53:00Z,277,277,276.99,277,1866,276.997,44
AAPL,2026-02-09T10:55:00Z,276.79,276.79,276.79,276.79,242,276.79,5
AAPL,2026-02-09T10:56:00Z,276.99,277,276.99,277,1698,276.998,18
AAPL,2026-02-09T11:01:00Z,277.01,277.01,276.98,276.98,713,276.998,18
AAPL,2026-02-09T11:02:00Z,276.98,276.98,276.98,276.98,165,276.98,7
AAPL,2026-02-09T11:07:00Z,276.62,276.62,276.62,276.62,452,276.62,14
AAPL,2026-02-09T11:08:00Z,276.85,276.85,276.85,276.85,518,276.85,11
AAPL,2026-02-09T11:19:00Z,276.94,276.94,276.94,276.94,616,276.94,21
AAPL,2026-02-09T11:25:00Z,276.78,276.78,276.78,276.78,208,276.78,5
AAPL,2026-02-09T11:27:00Z,276.89,276.9,276.89,276.9,485,276.895,64
AAPL,2026-02-09T11:28:00Z,276.94,276.94,276.75,276.78,2931,276.828,67
AAPL,2026-02-09T11:29:00Z,276.96,276.96,276.96,276.96,323,276.96,14
AAPL,2026-02-09T11:31:00Z,276.94,276.94,276.94,276.94,103,276.94,4
AAPL,2026-02-09T11:32:00Z,276.89,276.99,276.89,276.98,1651,276.964,45
AAPL,2026-02-09T11:35:00Z,276.94,277,276.94,277,1285,276.95,42
AAPL,2026-02-09T11:37:00Z,277.08,277.08,277.08,277.08,116,277.08,3
AAPL,2026-02-09T11:44:00Z,276.98,276.98,276.98,276.98,128,276.98,2
AAPL,2026-02-09T11:45:00Z,277.05,277.05,277.05,277.05,420,277.05,11
AAPL,2026-02-09T11:47:00Z,276.95,276.95,276.94,276.94,804,276.942,21
AAPL,2026-02-09T11:48:00Z,277.02,277.02,277.02,277.02,209,277.02,9
AAPL,2026-02-09T11:52:00Z,276.94,276.97,276.94,276.97,812,276.946,16
AAPL,2026-02-09T11:53:00Z,276.95,276.95,276.95,276.95,113,276.95,10
AAPL,2026-02-09T12:00:00Z,276.96,276.96,276.75,276.75,2027,276.9,101
AAPL,2026-02-09T12:02:00Z,276.63,276.63,276.63,276.63,311,276.63,17
AAPL,2026-02-09T12:04:00Z,277,277.1,277,277.1,1572,277.041,68
AAPL,2026-02-09T12:05:00Z,277.24,277.3,277.24,277.3,1595,277.281,57
AAPL,2026-02-09T12:06:00Z,277.3,277.4,277.3,277.4,1511,277.323,58
AAPL,2026-02-09T12:07:00Z,277.4,277.4,277.4,277.4,655,277.4,14
AAPL,2026-02-09T12:08:00Z,277.48,277.5,277.48,277.5,2977,277.481,89
AAPL,2026-02-09T12:09:00Z,277.54,277.6,277.54,277.6,1357,277.566,59
AAPL,2026-02-09T12:10:00Z,277.86,277.95,277.86,277.95,900,277.882,34
AAPL,2026-02-09T12:13:00Z,277.87,277.89,277.85,277.89,3053,277.875,148
AAPL,2026-02-09T12:14:00Z,277.9,278,277.88,277.9,12520,277.905,216
AAPL,2026-02-09T12:17:00Z,277.72,277.72,277.72,277.72,249,277.72,9
AAPL,2026-02-09T12:18:00Z,277.63,277.63,277.63,277.63,245,277.63,14
AAPL,2026-02-09T12:22:00Z,277.6,277.6,277.6,277.6,847,277.6,40
AAPL,2026-02-09T12:24:00Z,277.66,277.66,277.66,277.66,277,277.66,12
AAPL,2026-02-09T12:27:00Z,277.63,277.63,277.6,277.6,1135,277.615,19
AAPL,2026-02-09T12:30:00Z,277.66,277.78,277.64,277.74,3486,277.69,76
AAPL,2026-02-09T12:33:00Z,277.72,277.72,277.7,277.7,676,277.71,19
AAPL,2026-02-09T12:34:00Z,277.72,277.79,277.71,277.79,910,277.73,34
AAPL,2026-02-09T12:35:00Z,277.73,277.73,277.68,277.68,543,277.705,18
AAPL,2026-02-09T12:38:00Z,277.64,277.65,277.64,277.65,897,277.647,17
AAPL,2026-02-09T12:39:00Z,277.7,277.78,277.7,277.78,1334,277.722,38
AAPL,2026-02-09T12:42:00Z,277.78,277.78,277.78,277.78,736,277.78,29
AAPL,2026-02-09T12:44:00Z,277.83,277.88,277.83,277.88,1422,277.863,42
AAPL,2026-02-09T12:45:00Z,277.89,277.89,277.89,277.89,234,277.89,17
AAPL,2026-02-09T12:46:00Z,277.85,277.9,277.85,277.9,1642,277.874,43
AAPL,2026-02-09T12:47:00Z,277.94,278.02,277.94,278.02,4507,277.991,150
AAPL,2026-02-09T12:49:00Z,278.06,278.06,278.04,278.06,401,278.053,7
AAPL,2026-02-09T12:51:00Z,278.02,278.02,278.02,278.02,206,278.02,5
AAPL,2026-02-09T12:53:00Z,278.07,278.16,278.07,278.16,3029,278.105,119
AAPL,2026-02-09T12:54:00Z,278.17,278.17,278.17,278.17,325,278.17,27
AAPL,2026-02-09T12:55:00Z,278.2,278.21,278.2,278.21,1121,278.205,44
AAPL,2026-02-09T12:56:00Z,278.13,278.13,278.13,278.13,258,278.13,10
AAPL,2026-02-09T12:57:00Z,278.04,278.04,277.97,277.97,2191,278.003,50
AAPL,2026-02-09T12:58:00Z,278.09,278.1,278.09,278.1,1046,278.097,30
AAPL,2026-02-09T12:59:00Z,278.25,278.29,278.25,278.29,1132,278.263,58
AAPL,2026-02-09T13:00:00Z,277.5,278.3,276.42,278.3,35999,277.653,2293
AAPL,2026-02-09T13:01:00Z,278.46,278.46,276.15,277.08,28781,276.911,2321
AAPL,2026-02-09T13:02:00Z,276.67,278.3,276.67,278.102,2327,277.944,214
AAPL,2026-02-09T13:03:00Z,278.136,278.2,278.1,278.2,1744,278.128,34
AAPL,2026-02-09T13:04:00Z,278.275,278.275,278.275,278.275,1028,278.275,70
AAPL,2026-02-09T13:05:00Z,278.1,278.3,278.1,278.3,5407,278.153,246
AAPL,2026-02-09T13:06:00Z,278.11,278.11,278.11,278.11,830,278.11,63
AAPL,2026-02-09T13:07:00Z,278.2,278.25,278.2,278.25,1068,278.234,38
AAPL,2026-02-09T13:08:00Z,278.37,278.47,278.37,278.47,1208,278.42,80
AAPL,2026-02-09T13:09:00Z,278.43,278.43,278.38,278.38,1932,278.419,67
AAPL,2026-02-09T13:10:00Z,278.39,278.41,278.38,278.41,2509,278.393,68
AAPL,2026-02-09T13:11:00Z,278.458,278.458,278.03,278.06,5104,278.247,147
AAPL,2026-02-09T13:12:00Z,278.09,278.09,278.02,278.02,2850,278.038,57
AAPL,2026-02-09T13:13:00Z,278.03,278.03,278.03,278.03,426,278.03,26
AAPL,2026-02-09T13:14:00Z,278.144,278.144,277.87,277.87,1145,277.959,87
AAPL,2026-02-09T13:15:00Z,277.81,277.92,277.78,277.9,4279,277.82,89
AAPL,2026-02-09T13:16:00Z,277.686,277.86,277.686,277.86,1119,277.756,36
AAPL,2026-02-09T13:17:00Z,277.72,277.72,277.72,277.72,807,277.72,42
AAPL,2026-02-09T13:18:00Z,277.69,277.69,277.69,277.69,1059,277.69,46
AAPL,2026-02-09T13:19:00Z,277.71,277.71,277.69,277.7,2192,277.701,51
AAPL,2026-02-09T13:20:00Z,277.7,277.74,277.656,277.74,1951,277.708,42
AAPL,2026-02-09T13:21:00Z,277.703,277.703,277.703,277.703,477,277.703,24
AAPL,2026-02-09T13:22:00Z,277.69,277.69,277.56,277.59,4445,277.608,91
AAPL,2026-02-09T13:23:00Z,277.725,277.725,277.64,277.64,556,277.672,26
AAPL,2026-02-09T13:24:00Z,277.6,277.75,277.6,277.72,1118,277.627,23
AAPL,2026-02-09T13:25:00Z,277.711,277.711,277.6,277.6,3090,277.668,125
AAPL,2026-02-09T13:27:00Z,277.6,277.6,277.6,277.6,884,277.6,41
AAPL,2026-02-09T13:28:00Z,277.66,277.66,277.61,277.61,805,277.637,29
AAPL,2026-02-09T13:29:00Z,277.6,277.61,277.6,277.61,1174,277.608,36
AAPL,2026-02-09T13:30:00Z,277.6,277.6,277.6,277.6,231,277.6,18
AAPL,2026-02-09T13:31:00Z,277.57,277.65,277.57,277.626,847,277.635,26
AAPL,2026-02-09T13:32:00Z,277.51,277.57,277.51,277.56,2111,277.556,75
AAPL,2026-02-09T13:33:00Z,277.56,277.59,277.55,277.59,1272,277.571,55
AAPL,2026-02-09T13:34:00Z,277.5,277.5,277.5,277.5,471,277.5,28
AAPL,2026-02-09T13:35:00Z,277.437,277.44,277.437,277.44,859,277.439,46
AAPL,2026-02-09T13:36:00Z,277.53,277.53,277.53,277.53,220,277.53,18
AAPL,2026-02-09T13:38:00Z,277.633,277.633,277.6,277.6,524,277.608,26
AAPL,2026-02-09T13:39:00Z,277.55,277.55,277.46,277.46,13173,277.501,112
AAPL,2026-02-09T13:40:00Z,277.5,277.51,277.41,277.5,4061,277.468,102
AAPL,2026-02-09T13:41:00Z,277.5,277.65,277.5,277.65,1526,277.573,50
AAPL,2026-02-09T13:42:00Z,277.65,277.65,277.6,277.6,654,277.613,35
AAPL,2026-02-09T13:43:00Z,277.55,277.75,277.55,277.75,2320,277.634,55
AAPL,2026-02-09T13:45:00Z,277.69,277.69,277.66,277.66,844,277.673,24
AAPL,2026-02-09T13:46:00Z,277.64,277.66,277.64,277.64,553,277.645,23
AAPL,2026-02-09T13:48:00Z,277.65,277.65,277.65,277.65,189,277.65,9
AAPL,2026-02-09T13:49:00Z,277.6,277.6,277.51,277.51,874,277.536,23
AAPL,2026-02-09T13:50:00Z,277.53,277.53,277.53,277.53,154,277.53,14
AAPL,2026-02-09T13:51:00Z,277.55,277.6,277.55,277.55,961,277.575,33
AAPL,2026-02-09T13:53:00Z,277.51,277.51,277.51,277.51,1090,277.51,29
AAPL,2026-02-09T13:54:00Z,277.51,277.51,277.51,277.51,409,277.51,20
AAPL,2026-02-09T13:55:00Z,277.57,277.63,277.57,277.63,1628,277.6,50
AAPL,2026-02-09T13:56:00Z,277.662,277.662,277.662,277.662,633,277.662,24
AAPL,2026-02-09T13:57:00Z,277.57,277.6,277.57,277.58,1060,277.581,25
AAPL,2026-02-09T13:58:00Z,277.532,277.532,277.518,277.518,872,277.521,24
AAPL,2026-02-09T13:59:00Z,277.532,277.532,277.516,277.516,313,277.522,14
AAPL,2026-02-09T14:00:00Z,277.63,277.63,277.63,277.63,482,277.63,30
AAPL,2026-02-09T14:01:00Z,277.54,277.54,277.54,277.54,180,277.54,11
AAPL,2026-02-09T14:02:00Z,277.54,277.542,277.54,277.54,1051,277.541,19
AAPL,2026-02-09T14:03:00Z,277.633,277.633,277.54,277.54,1238,277.583,33
AAPL,2026-02-09T14:04:00Z,277.51,277.51,277.51,277.51,413,277.51,27
AAPL,2026-02-09T14:05:00Z,277.54,277.57,277.51,277.57,1384,277.545,48
AAPL,2026-02-09T14:06:00Z,277.57,277.57,277.57,277.57,517,277.57,44
AAPL,2026-02-09T14:07:00Z,277.59,277.69,277.59,277.62,2940,277.65,87
AAPL,2026-02-09T14:08:00Z,277.64,277.72,277.64,277.72,2653,277.689,87
AAPL,2026-02-09T14:10:00Z,277.79,277.85,277.79,277.83,897,277.825,56
AAPL,2026-02-09T14:11:00Z,277.83,277.83,277.83,277.83,426,277.83,29
AAPL,2026-02-09T14:12:00Z,277.794,277.794,277.7,277.7,1438,277.741,57
AAPL,2026-02-09T14:13:00Z,277.84,277.84,277.84,277.84,443,277.84,38
AAPL,2026-02-09T14:14:00Z,277.79,277.79,277.79,277.79,204,277.79,14
AAPL,2026-02-09T14:15:00Z,277.85,277.94,277.8,277.94,4748,277.838,67
AAPL,2026-02-09T14:16:00Z,278,278,278,278,2719,278,27
AAPL,2026-02-09T14:17:00Z,277.969,277.969,277.9,277.9,309,277.935,18
AAPL,2026-02-09T14:18:00Z,278,278,277.77,277.77,3387,277.806,49
AAPL,2026-02-09T14:19:00Z,277.7,277.94,277.62,277.84,4001,277.81,109
AAPL,2026-02-09T14:20:00Z,277.66,277.844,277.62,277.62,1054,277.696,34
AAPL,2026-02-09T14:21:00Z,277.7,277.773,277.67,277.69,2845,277.71,52
AAPL,2026-02-09T14:22:00Z,277.765,277.765,277.75,277.75,655,277.756,111
AAPL,2026-02-09T14:23:00Z,277.75,278,277.75,277.896,5831,277.839,236
AAPL,2026-02-09T14:24:00Z,277.87,277.99,277.8,277.99,2771,277.892,100
AAPL,2026-02-09T14:25:00Z,277.67,278.12,277.67,277.76,17161,277.809,169
AAPL,2026-02-09T14:26:00Z,277.9,277.92,277.65,277.91,3748,277.775,97
AAPL,2026-02-09T14:27:00Z,277.68,277.787,277.51,277.787,3300,277.656,93
AAPL,2026-02-09T14:28:00Z,277.8,277.81,277.76,277.81,2905,277.771,97
AAPL,2026-02-09T14:29:00Z,277.8,277.86,277.63,277.85,4959,277.828,124
AAPL,2026-02-09T14:30:00Z,277.87,278.2,276.7,276.7,823877,277.75,22585
AAPL,2026-02-09T14:31:00Z,276.79,277.35,276.07,276.3,207534,276.643,3626
AAPL,2026-02-09T14:32:00Z,276.368,276.59,275.98,276.085,175626,276.169,2744
AAPL,2026-02-09T14:33:00Z,276.05,276.16,274.74,274.83,204896,275.471,3893
AAPL,2026-02-09T14:34:00Z,274.76,275.17,274.36,274.84,190092,274.753,3456
AAPL,2026-02-09T14:35:00Z,274.73,274.73,273.78,273.81,292998,274.182,4954
AAPL,2026-02-09T14:36:00Z,273.845,274.16,273.55,273.79,208283,273.82,4122
AAPL,2026-02-09T14:37:00Z,273.79,274.69,273.79,273.89,186799,274.245,3576
AAPL,2026-02-09T14:38:00Z,273.85,273.98,273.48,273.84,214975,273.688,3605
AAPL,2026-02-09T14:39:00Z,273.835,274.82,273.74,274.36,210207,274.498,3527
AAPL,2026-02-09T14:40:00Z,274.33,274.65,273.82,273.96,188942,274.228,3762
AAPL,2026-02-09T14:41:00Z,273.94,274.695,273.88,274.263,104973,274.343,2308
AAPL,2026-02-09T14:42:00Z,274.26,274.4,273.94,274.36,143169,274.109,2780
AAPL,2026-02-09T14:43:00Z,274.32,274.79,274.192,274.27,178380,274.555,3707
AAPL,2026-02-09T14:44:00Z,274.275,274.42,274.085,274.311,133950,274.256,3162
AAPL,2026-02-09T14:45:00Z,274.35,274.94,273.88,273.925,283504,274.397,5367
AAPL,2026-02-09T14:46:00Z,273.94,274.38,273.94,274.35,161408,274.223,3015
AAPL,2026-02-09T14:47:00Z,274.36,274.77,273.73,274.38,286591,274.245,5520
AAPL,2026-02-09T14:48:00Z,274.38,274.5,273.74,273.93,143737,274.181,3126
AAPL,2026-02-09T14:49:00Z,273.89,274.03,273.47,273.635,173732,273.724,3783
AAPL,2026-02-09T14:50:00Z,273.64,274.04,273.42,273.49,158485,273.799,3436
AAPL,2026-02-09T14:51:00Z,273.54,274,273.47,273.95,215892,273.74,2970
AAPL,2026-02-09T14:52:00Z,273.95,274.04,273.16,273.28,163023,273.608,3617
AAPL,2026-02-09T14:53:00Z,273.275,273.88,273.24,273.7,110998,273.549,2836
AAPL,2026-02-09T14:54:00Z,273.63,274.457,273.61,274.457,116671,274.096,3055
AAPL,2026-02-09T14:55:00Z,274.47,274.78,274.3,274.335,136043,274.558,3414
AAPL,2026-02-09T14:56:00Z,274.33,274.53,274.14,274.515,108917,274.288,2543
AAPL,2026-02-09T14:57:00Z,274.515,274.515,274.03,274.165,65023,274.237,2204
AAPL,2026-02-09T14:58:00Z,274.14,274.21,273.68,273.695,148250,273.925,3208
AAPL,2026-02-09T14:59:00Z,273.7,274.06,273.6,273.96,117176,273.847,3071
AAPL,2026-02-09T15:00:00Z,273.95,274.08,273.67,273.7,116632,273.88,2874
AAPL,2026-02-09T15:01:00Z,273.67,273.74,273.36,273.36,159602,273.555,3468
AAPL,2026-02-09T15:02:00Z,273.44,273.56,273.05,273.05,155836,273.252,3464
AAPL,2026-02-09T15:03:00Z,273.075,273.85,273.05,273.75,168806,273.546,3422
AAPL,2026-02-09T15:04:00Z,273.78,273.86,273.525,273.71,93788,273.692,2572
AAPL,2026-02-09T15:05:00Z,273.665,273.98,273.61,273.635,127303,273.787,2648
AAPL,2026-02-09T15:06:00Z,273.64,273.67,273.44,273.49,107739,273.526,2560
AAPL,2026-02-09T15:07:00Z,273.51,273.99,273.47,273.82,82209,273.756,2274
AAPL,2026-02-09T15:08:00Z,273.79,274.07,273.74,273.74,83034,273.918,2441
AAPL,2026-02-09T15:09:00Z,273.735,273.74,273.37,273.55,73327,273.53,2512
AAPL,2026-02-09T15:10:00Z,273.5,273.8,273.46,273.74,89784,273.591,2494
AAPL,2026-02-09T15:11:00Z,273.734,273.89,273.31,273.35,119932,273.717,2966
AAPL,2026-02-09T15:12:00Z,273.35,273.48,273.2,273.395,105804,273.342,2863
AAPL,2026-02-09T15:13:00Z,273.395,273.58,273.34,273.38,85858,273.426,2385
AAPL,2026-02-09T15:14:00Z,273.395,273.689,273.36,273.515,61314,273.548,2148
AAPL,2026-02-09T15:15:00Z,273.52,273.72,273.47,273.54,82023,273.608,2307
AAPL,2026-02-09T15:16:00Z,273.555,273.676,273.35,273.49,91047,273.524,2723
AAPL,2026-02-09T15:17:00Z,273.52,273.61,273.47,273.59,75885,273.535,2376
AAPL,2026-02-09T15:18:00Z,273.6,273.82,273.597,273.665,88936,273.712,2484
AAPL,2026-02-09T15:19:00Z,273.675,274.01,273.675,274,114812,273.902,3053
AAPL,2026-02-09T15:20:00Z,274.04,274.1,273.903,274.03,80736,274.015,2284
AAPL,2026-02-09T15:21:00Z,274.03,274.26,273.9,274.22,106213,274.057,2648
AAPL,2026-02-09T15:22:00Z,274.225,274.225,273.83,274.09,108164,274.029,2456
AAPL,2026-02-09T15:23:00Z,274.1,274.19,273.85,273.92,103913,274.038,2748
AAPL,2026-02-09T15:24:00Z,273.925,273.94,273.7,273.75,96716,273.824,4784
AAPL,2026-02-09T15:25:00Z,273.79,273.82,273.46,273.48,101940,273.652,3565
AAPL,2026-02-09T15:26:00Z,273.48,273.51,273.28,273.36,91215,273.384,2859
AAPL,2026-02-09T15:27:00Z,273.34,273.53,273.08,273.16,114825,273.309,3121
AAPL,2026-02-09T15:28:00Z,273.14,273.265,273.07,273.235,70859,273.178,2428
AAPL,2026-02-09T15:29:00Z,273.21,273.31,273.06,273.083,74691,273.197,2341
AAPL,2026-02-09T15:30:00Z,273.09,273.36,273.06,273.35,94338,273.235,2696
AAPL,2026-02-09T15:31:00Z,273.3,273.49,273.14,273.285,89995,273.354,2386
AAPL,2026-02-09T15:32:00Z,273.29,273.34,273.11,273.266,57961,273.197,2014
AAPL,2026-02-09T15:33:00Z,273.28,273.46,273.18,273.46,57873,273.333,2104
AAPL,2026-02-09T15:34:00Z,273.41,273.61,273.41,273.485,73256,273.491,2157
AAPL,2026-02-09T15:35:00Z,273.485,273.55,273.23,273.355,70906,273.372,2173
AAPL,2026-02-09T15:36:00Z,273.36,273.53,273.3,273.33,60982,273.4,2042
AAPL,2026-02-09T15:37:00Z,273.325,273.44,273.17,273.35,59484,273.276,1988
AAPL,2026-02-09T15:38:00Z,273.39,273.47,273.32,273.46,42791,273.406,1925
AAPL,2026-02-09T15:39:00Z,273.42,273.52,273.12,273.16,64530,273.271,2013
AAPL,2026-02-09T15:40:00Z,273.15,273.58,273.15,273.56,65080,273.367,2220
AAPL,2026-02-09T15:41:00Z,273.579,273.75,273.41,273.43,76466,273.588,2047
AAPL,2026-02-09T15:42:00Z,273.438,273.47,273.2,273.215,46603,273.334,1854
AAPL,2026-02-09T15:43:00Z,273.2,273.43,273.18,273.43,46305,273.351,1947
AAPL,2026-02-09T15:44:00Z,273.428,273.52,273.31,273.43,55621,273.424,1837
AAPL,2026-02-09T15:45:00Z,273.43,273.53,273.39,273.51,48527,273.446,1913
AAPL,2026-02-09T15:46:00Z,273.5,273.525,273.22,273.25,77760,273.431,2465
AAPL,2026-02-09T15:47:00Z,273.23,273.29,273.104,273.195,51603,273.192,2120
AAPL,2026-02-09T15:48:00Z,273.19,273.3,273.08,273.08,64271,273.193,2172
AAPL,2026-02-09T15:49:00Z,273.08,273.27,273,273.21,120193,273.061,3262
AAPL,2026-02-09T15:50:00Z,273.22,273.23,272.81,272.82,117606,273.047,2839
AAPL,2026-02-09T15:51:00Z,272.82,272.93,272.77,272.825,95726,272.838,2724
AAPL,2026-02-09T15:52:00Z,272.85,272.96,272.834,272.91,56699,272.903,1908
AAPL,2026-02-09T15:53:00Z,272.9,273.07,272.79,273.04,70991,272.932,2089
AAPL,2026-02-09T15:54:00Z,273.04,273.375,273.02,273.34,119965,273.283,2676
AAPL,2026-02-09T15:55:00Z,273.36,273.45,273.119,273.119,67153,273.306,2256
AAPL,2026-02-09T15:56:00Z,273.12,273.35,273.1,273.22,86441,273.249,2493
AAPL,2026-02-09T15:57:00Z,273.235,273.39,273.13,273.16,90926,273.251,2495
AAPL,2026-02-09T15:58:00Z,273.17,273.3,273.14,273.23,66178,273.209,2078
AAPL,2026-02-09T15:59:00Z,273.26,273.45,273.1,273.25,92591,273.282,2453
AAPL,2026-02-09T16:00:00Z,273.268,273.43,273.26,273.37,77711,273.361,2251
AAPL,2026-02-09T16:01:00Z,273.39,273.44,273.275,273.34,78675,273.38,2407
AAPL,2026-02-09T16:02:00Z,273.32,273.445,273.14,273.168,80204,273.259,2380
AAPL,2026-02-09T16:03:00Z,273.152,273.26,273.08,273.125,54714,273.144,2108
AAPL,2026-02-09T16:04:00Z,273.13,273.51,273.115,273.42,82289,273.351,2249
AAPL,2026-02-09T16:05:00Z,273.39,273.7,273.37,273.665,79653,273.578,2404
AAPL,2026-02-09T16:06:00Z,273.665,273.69,273.335,273.34,69640,273.548,2269
AAPL,2026-02-09T16:07:00Z,273.326,273.38,273.235,273.28,52317,273.318,2042
AAPL,2026-02-09T16:08:00Z,273.291,273.33,273.1,273.23,57236,273.196,1927
AAPL,2026-02-09T16:09:00Z,273.245,273.343,273.158,273.26,47424,273.239,2003
AAPL,2026-02-09T16:10:00Z,273.26,273.305,273.18,273.305,29759,273.239,1714
AAPL,2026-02-09T16:11:00Z,273.32,273.42,273.292,273.37,45205,273.369,1813
AAPL,2026-02-09T16:12:00Z,273.4,273.58,273.37,273.475,56952,273.469,1914
AAPL,2026-02-09T16:13:00Z,273.521,273.521,273.25,273.305,36996,273.34,1928
AAPL,2026-02-09T16:14:00Z,273.31,273.41,273.25,273.32,47764,273.32,1975
AAPL,2026-02-09T16:15:00Z,273.35,273.44,273.3,273.41,40844,273.381,2063
AAPL,2026-02-09T16:16:00Z,273.39,273.42,273.261,273.305,37731,273.338,1715
AAPL,2026-02-09T16:17:00Z,273.31,273.387,273.26,273.32,41786,273.318,1956
AAPL,2026-02-09T16:18:00Z,273.31,273.32,273.09,273.16,67838,273.196,2274
AAPL,2026-02-09T16:19:00Z,273.14,273.21,272.91,272.99,114144,273.046,2977
AAPL,2026-02-09T16:20:00Z,273,273.15,272.95,272.99,54314,273.063,2033
AAPL,2026-02-09T16:21:00Z,272.996,273,272.85,272.98,56753,272.933,1963
AAPL,2026-02-09T16:22:00Z,272.99,273.13,272.99,273.09,36274,273.069,1734
AAPL,2026-02-09T16:23:00Z,273.09,273.11,272.96,273.015,60380,273.027,1928
AAPL,2026-02-09T16:24:00Z,273.03,273.1,273.01,273.08,53886,273.059,2175
AAPL,2026-02-09T16:25:00Z,273.08,273.08,272.94,273.05,85397,273.011,2144
AAPL,2026-02-09T16:26:00Z,273.06,273.38,273.06,273.285,71052,273.227,2411
AAPL,2026-02-09T16:27:00Z,273.295,273.35,273.21,273.345,71155,273.3,2010
AAPL,2026-02-09T16:28:00Z,273.345,273.39,273.17,273.24,49504,273.29,1869
AAPL,2026-02-09T16:29:00Z,273.235,273.47,273.235,273.398,55385,273.4,1932
AAPL,2026-02-09T16:30:00Z,273.37,273.56,273.37,273.47,61360,273.477,1949
AAPL,2026-02-09T16:31:00Z,273.46,273.79,273.445,273.77,122287,273.652,2481
AAPL,2026-02-09T16:32:00Z,273.769,273.8,273.61,273.705,53119,273.711,1990
AAPL,2026-02-09T16:33:00Z,273.68,273.68,273.31,273.36,62759,273.471,2051
AAPL,2026-02-09T16:34:00Z,273.365,273.61,273.26,273.57,82617,273.472,2205
AAPL,2026-02-09T16:35:00Z,273.59,273.68,273.43,273.43,57411,273.593,1918
AAPL,2026-02-09T16:36:00Z,273.415,273.47,273.295,273.375,39912,273.382,1787
AAPL,2026-02-09T16:37:00Z,273.37,273.39,273.29,273.32,42738,273.338,1751
AAPL,2026-02-09T16:38:00Z,273.33,273.37,273.26,273.3,32288,273.307,1708
AAPL,2026-02-09T16:39:00Z,273.305,273.36,273.26,273.34,32514,273.296,1550
AAPL,2026-02-09T16:40:00Z,273.345,273.52,273.315,273.47,45720,273.433,1741
AAPL,2026-02-09T16:41:00Z,273.49,273.55,273.44,273.55,40284,273.474,1722
AAPL,2026-02-09T16:42:00Z,273.535,273.541,273.38,273.415,31356,273.488,1618
AAPL,2026-02-09T16:43:00Z,273.43,273.46,273.31,273.4,37788,273.375,1672
AAPL,2026-02-09T16:44:00Z,273.4,273.5,273.36,273.42,50258,273.415,1908
AAPL,2026-02-09T16:45:00Z,273.38,273.39,273.25,273.361,54287,273.295,1918
AAPL,2026-02-09T16:46:00Z,273.37,273.39,273.24,273.25,41055,273.292,1757
AAPL,2026-02-09T16:47:00Z,273.24,273.27,273.2,273.255,38659,273.228,1835
AAPL,2026-02-09T16:48:00Z,273.26,273.26,273.162,273.195,73628,273.198,2100
AAPL,2026-02-09T16:49:00Z,273.19,273.25,273.14,273.19,41873,273.211,1679
AAPL,2026-02-09T16:50:00Z,273.21,273.25,273.125,273.17,59011,273.178,1910
AAPL,2026-02-09T16:51:00Z,273.15,273.22,273.09,273.13,73315,273.16,2126
AAPL,2026-02-09T16:52:00Z,273.14,273.19,273.1,273.13,41994,273.143,1741
AAPL,2026-02-09T16:53:00Z,273.12,273.265,273.05,273.265,61046,273.123,1966
AAPL,2026-02-09T16:54:00Z,273.27,273.45,273.27,273.355,58225,273.341,2119
AAPL,2026-02-09T16:55:00Z,273.35,273.44,273.04,273.05,58737,273.299,2070
AAPL,2026-02-09T16:56:00Z,273.052,273.057,272.821,272.85,115233,272.954,2677
AAPL,2026-02-09T16:57:00Z,272.88,272.975,272.87,272.96,64271,272.914,2130
AAPL,2026-02-09T16:58:00Z,272.97,272.99,272.75,272.8,116973,272.843,2597
AAPL,2026-02-09T16:59:00Z,272.81,272.89,272.79,272.8,56339,272.846,1988
AAPL,2026-02-09T17:00:00Z,272.81,272.859,272.705,272.715,102102,272.781,2658
AAPL,2026-02-09T17:01:00Z,272.73,273.06,272.67,273.05,110765,272.856,2651
AAPL,2026-02-09T17:02:00Z,273.055,273.11,272.95,272.95,70841,273.063,2031
AAPL,2026-02-09T17:03:00Z,272.95,272.97,272.65,272.69,114966,272.772,2515
AAPL,2026-02-09T17:04:00Z,272.69,272.75,272.61,272.64,67604,272.675,2103
AAPL,2026-02-09T17:05:00Z,272.65,272.7,272.455,272.475,144971,272.556,3047
AAPL,2026-02-09T17:06:00Z,272.479,272.54,272.36,272.43,105344,272.429,2438
AAPL,2026-02-09T17:07:00Z,272.425,272.425,272.14,272.14,123389,272.264,2950
AAPL,2026-02-09T17:08:00Z,272.145,272.36,272.11,272.29,119762,272.264,3082
AAPL,2026-02-09T17:09:00Z,272.31,272.37,272.085,272.085,115073,272.168,2566
AAPL,2026-02-09T17:10:00Z,272.09,272.23,272.06,272.09,86739,272.146,2393
AAPL,2026-02-09T17:11:00Z,272.09,272.27,272.08,272.22,160466,272.198,3093
AAPL,2026-02-09T17:12:00Z,272.21,272.28,271.9,272.105,180597,272.09,3896
AAPL,2026-02-09T17:13:00Z,272.1,272.367,272.1,272.22,86136,272.244,1590
AAPL,2026-02-09T17:14:00Z,272.21,272.43,272.21,272.35,83568,272.336,1220
AAPL,2026-02-09T17:15:00Z,272.345,272.48,272.28,272.46,94455,272.374,1337
AAPL,2026-02-09T17:16:00Z,272.46,272.525,272.32,272.4,117117,272.407,2206
AAPL,2026-02-09T17:17:00Z,272.4,272.44,272.18,272.228,88909,272.32,1588
AAPL,2026-02-09T17:18:00Z,272.235,272.25,272.08,272.11,54036,272.185,1416
AAPL,2026-02-09T17:19:00Z,272.13,272.2,272.075,272.08,57586,272.125,1305
AAPL,2026-02-09T17:20:00Z,272.07,272.08,271.75,271.78,108645,271.9,2117
AAPL,2026-02-09T17:21:00Z,271.785,272.08,271.775,272.039,59752,271.927,1233
AAPL,2026-02-09T17:22:00Z,272.044,272.1,272,272.04,53825,272.05,1182
AAPL,2026-02-09T17:23:00Z,272.045,272.05,271.7,271.745,107660,271.78,1772
AAPL,2026-02-09T17:24:00Z,271.745,272.02,271.71,272.02,82183,271.844,1518
AAPL,2026-02-09T17:25:00Z,272.02,272.11,271.8,271.84,107053,271.998,1609
AAPL,2026-02-09T17:26:00Z,271.835,271.97,271.745,271.95,57960,271.847,1253
AAPL,2026-02-09T17:27:00Z,271.955,272.15,271.91,272.027,54150,272.013,1127
AAPL,2026-02-09T17:28:00Z,272.05,272.12,271.89,272.11,72350,272,1182
AAPL,2026-02-09T17:29:00Z,272.12,272.13,271.94,272.01,47573,272.054,969
AAPL,2026-02-09T17:30:00Z,272.04,272.21,271.988,272.11,56415,272.095,1185
AAPL,2026-02-09T17:31:00Z,272.085,272.085,271.92,272.02,69129,272.016,1344
AAPL,2026-02-09T17:32:00Z,272.01,272.12,271.98,272.05,44991,272.04,902
AAPL,2026-02-09T17:33:00Z,272.045,272.09,271.92,271.99,35108,272.001,937
AAPL,2026-02-09T17:34:00Z,271.99,272.075,271.97,272.01,35459,272.019,864
AAPL,2026-02-09T17:35:00Z,272.01,272.09,271.957,272.063,40254,272.026,808
AAPL,2026-02-09T17:36:00Z,272.06,272.31,272.05,272.216,71291,272.181,1454
AAPL,2026-02-09T17:37:00Z,272.225,272.275,272.11,272.22,52723,272.206,1168
AAPL,2026-02-09T17:38:00Z,272.243,272.34,272.16,272.275,66136,272.288,1275
AAPL,2026-02-09T17:39:00Z,272.26,272.266,272.1,272.14,46199,272.162,992
AAPL,2026-02-09T17:40:00Z,272.15,272.26,272.12,272.17,55486,272.183,1039
AAPL,2026-02-09T17:41:00Z,272.17,272.215,272.08,272.138,30344,272.13,840
AAPL,2026-02-09T17:42:00Z,272.11,272.12,272.02,272.025,50331,272.067,1055
AAPL,2026-02-09T17:43:00Z,272.03,272.03,271.88,271.95,76052,271.942,1424
AAPL,2026-02-09T17:44:00Z,271.95,271.96,271.83,271.845,44261,271.903,1039
AAPL,2026-02-09T17:45:00Z,271.85,271.9,271.77,271.79,54302,271.844,1215
AAPL,2026-02-09T17:46:00Z,271.784,271.88,271.76,271.86,48313,271.822,1083
AAPL,2026-02-09T17:47:00Z,271.865,271.98,271.79,271.821,50404,271.868,1229
AAPL,2026-02-09T17:48:00Z,271.83,271.87,271.78,271.837,39015,271.818,996
AAPL,2026-02-09T17:49:00Z,271.86,271.95,271.81,271.87,34855,271.88,946
AAPL,2026-02-09T17:50:00Z,271.87,271.99,271.8,271.92,55321,271.858,1276
AAPL,2026-02-09T17:51:00Z,271.9,271.915,271.82,271.88,37149,271.882,945
AAPL,2026-02-09T17:52:00Z,271.89,272.06,271.89,271.955,47109,271.983,1091
AAPL,2026-02-09T17:53:00Z,271.925,272.15,271.83,271.98,54058,272.001,1258
AAPL,2026-02-09T17:54:00Z,271.98,272.215,271.93,272.19,36858,272.064,983
AAPL,2026-02-09T17:55:00Z,272.2,272.25,272.14,272.225,49145,272.192,995
AAPL,2026-02-09T17:56:00Z,272.24,272.34,272.23,272.232,45524,272.296,978
AAPL,2026-02-09T17:57:00Z,272.23,272.24,272.12,272.154,43841,272.173,834
AAPL,2026-02-09T17:58:00Z,272.155,272.19,272.02,272.09,40687,272.095,1010
AAPL,2026-02-09T17:59:00Z,272.09,272.17,271.96,271.965,34108,272.04,847
AAPL,2026-02-09T18:00:00Z,271.965,272.01,271.83,271.995,44671,271.904,1053
AAPL,2026-02-09T18:01:00Z,271.99,272.11,271.925,272.09,42213,272.035,987
AAPL,2026-02-09T18:02:00Z,272.06,272.13,272.03,272.07,27324,272.077,647
AAPL,2026-02-09T18:03:00Z,272.06,272.18,272.02,272.18,60747,272.099,1171
AAPL,2026-02-09T18:04:00Z,272.19,272.19,272.02,272.03,37085,272.131,864
AAPL,2026-02-09T18:05:00Z,272.01,272.01,271.89,271.95,42171,271.967,998
AAPL,2026-02-09T18:06:00Z,271.95,271.97,271.85,271.89,31137,271.903,776
AAPL,2026-02-09T18:07:00Z,271.9,271.97,271.86,271.865,32286,271.924,836
AAPL,2026-02-09T18:08:00Z,271.87,271.9,271.79,271.87,46925,271.829,964
AAPL,2026-02-09T18:09:00Z,271.88,271.98,271.86,271.98,29207,271.907,764
AAPL,2026-02-09T18:10:00Z,271.968,272.01,271.93,271.98,33270,271.965,705
AAPL,2026-02-09T18:11:00Z,271.982,272,271.85,271.853,35664,271.915,846
AAPL,2026-02-09T18:12:00Z,271.84,271.905,271.81,271.88,40078,271.845,876
AAPL,2026-02-09T18:13:00Z,271.87,271.905,271.825,271.88,18585,271.872,663
AAPL,2026-02-09T18:14:00Z,271.885,271.93,271.835,271.925,34825,271.885,780
AAPL,2026-02-09T18:15:00Z,271.94,271.979,271.84,271.84,32004,271.915,788
AAPL,2026-02-09T18:16:00Z,271.83,271.99,271.83,271.965,31925,271.904,865
AAPL,2026-02-09T18:17:00Z,271.97,272.05,271.96,271.96,33254,272.009,860
AAPL,2026-02-09T18:18:00Z,271.96,272.12,271.96,271.98,32210,272.049,924
AAPL,2026-02-09T18:19:00Z,271.97,272,271.93,271.96,27481,271.96,774
AAPL,2026-02-09T18:20:00Z,271.97,272.22,271.945,272.22,34363,272.102,939
AAPL,2026-02-09T18:21:00Z,272.23,272.235,271.92,272.05,117353,272.062,2603
AAPL,2026-02-09T18:22:00Z,272.07,272.25,272.07,272.25,58692,272.191,1170
AAPL,2026-02-09T18:23:00Z,272.245,272.29,272.05,272.19,42876,272.202,993
AAPL,2026-02-09T18:24:00Z,272.19,272.25,272.03,272.096,23550,272.124,669
AAPL,2026-02-09T18:25:00Z,272.11,272.18,271.995,272.17,35896,272.079,975
AAPL,2026-02-09T18:26:00Z,272.16,272.25,272.105,272.105,28476,272.182,829
AAPL,2026-02-09T18:27:00Z,272.12,272.12,271.975,272.04,191967,272.028,915
AAPL,2026-02-09T18:28:00Z,272.03,272.03,271.9,271.923,25242,271.942,724
AAPL,2026-02-09T18:29:00Z,271.94,272.025,271.94,271.98,39644,271.982,709
AAPL,2026-02-09T18:30:00Z,271.98,272.025,271.83,271.925,38146,271.913,944
AAPL,2026-02-09T18:31:00Z,271.925,272.096,271.92,272.096,25837,271.995,759
AAPL,2026-02-09T18:32:00Z,272.09,272.24,272.09,272.195,39395,272.181,957
AAPL,2026-02-09T18:33:00Z,272.2,272.44,272.157,272.36,68954,272.303,1211
AAPL,2026-02-09T18:34:00Z,272.355,272.38,272.288,272.33,28942,272.329,704
AAPL,2026-02-09T18:35:00Z,272.315,272.53,272.28,272.48,48588,272.445,912
AAPL,2026-02-09T18:36:00Z,272.475,272.53,272.45,272.47,33865,272.489,722
AAPL,2026-02-09T18:37:00Z,272.46,272.46,272.23,272.34,39716,272.311,808
AAPL,2026-02-09T18:38:00Z,272.358,272.49,272.33,272.42,37254,272.42,735
AAPL,2026-02-09T18:39:00Z,272.42,272.53,272.42,272.52,35968,272.461,674
AAPL,2026-02-09T18:40:00Z,272.53,272.59,272.45,272.48,42705,272.528,831
AAPL,2026-02-09T18:41:00Z,272.46,272.55,272.42,272.55,33220,272.479,766
AAPL,2026-02-09T18:42:00Z,272.56,272.62,272.51,272.59,63900,272.566,1126
AAPL,2026-02-09T18:43:00Z,272.585,272.82,272.52,272.795,93471,272.64,1208
AAPL,2026-02-09T18:44:00Z,272.79,273.01,272.76,272.935,204650,272.925,2150
AAPL,2026-02-09T18:45:00Z,272.92,273.01,272.81,272.855,66642,272.917,1058
AAPL,2026-02-09T18:46:00Z,272.86,272.98,272.85,272.915,52849,272.913,1011
AAPL,2026-02-09T18:47:00Z,272.91,272.96,272.84,272.85,56711,272.891,965
AAPL,2026-02-09T18:48:00Z,272.87,272.905,272.79,272.88,59605,272.84,850
AAPL,2026-02-09T18:49:00Z,272.87,272.87,272.74,272.82,34654,272.798,704
AAPL,2026-02-09T18:50:00Z,272.84,273.065,272.82,272.97,65605,272.963,1155
AAPL,2026-02-09T18:51:00Z,272.95,273.05,272.87,272.885,50826,272.972,771
AAPL,2026-02-09T18:52:00Z,272.88,273.01,272.85,272.96,46703,272.949,752
AAPL,2026-02-09T18:53:00Z,272.954,272.96,272.88,272.96,34248,272.922,754
AAPL,2026-02-09T18:54:00Z,272.94,272.989,272.92,272.97,39243,272.95,804
AAPL,2026-02-09T18:55:00Z,272.945,272.98,272.9,272.97,46564,272.937,847
AAPL,2026-02-09T18:56:00Z,272.97,273.085,272.96,272.97,83352,273.022,1130
AAPL,2026-02-09T18:57:00Z,272.99,273.17,272.96,273.122,79187,273.048,1005
AAPL,2026-02-09T18:58:00Z,273.14,273.22,272.94,272.98,66255,273.099,1127
AAPL,2026-02-09T18:59:00Z,272.97,273.045,272.9,272.9,36581,272.959,816
AAPL,2026-02-09T19:00:00Z,272.9,273.02,272.84,272.85,50272,272.922,975
AAPL,2026-02-09T19:01:00Z,272.85,272.98,272.84,272.88,51745,272.893,870
AAPL,2026-02-09T19:02:00Z,272.89,273.06,272.89,273.059,51964,272.979,957
AAPL,2026-02-09T19:03:00Z,273.055,273.27,273.05,273.26,72347,273.196,1306
AAPL,2026-02-09T19:04:00Z,273.25,273.26,273.09,273.14,55842,273.174,1025
AAPL,2026-02-09T19:05:00Z,273.16,273.2,272.94,272.96,65972,273.09,1107
AAPL,2026-02-09T19:06:00Z,272.94,273.155,272.92,273.08,43711,273.063,946
AAPL,2026-02-09T19:07:00Z,273.09,273.205,273.04,273.07,52808,273.143,991
AAPL,2026-02-09T19:08:00Z,273.04,273.13,273.015,273.015,58814,273.066,883
AAPL,2026-02-09T19:09:00Z,273.03,273.06,272.98,273.01,29475,273.022,781
AAPL,2026-02-09T19:10:00Z,273.01,273.17,273,273.125,89253,273.088,1345
AAPL,2026-02-09T19:11:00Z,273.14,273.36,273.125,273.36,63615,273.26,923
AAPL,2026-02-09T19:12:00Z,273.36,273.38,273.25,273.29,53268,273.317,798
AAPL,2026-02-09T19:13:00Z,273.285,273.43,273.28,273.365,71109,273.349,923
AAPL,2026-02-09T19:14:00Z,273.365,273.42,273.16,273.27,59368,273.282,977
AAPL,2026-02-09T19:15:00Z,273.289,273.32,273.23,273.26,53907,273.28,949
AAPL,2026-02-09T19:16:00Z,273.27,273.31,273.2,273.2,60543,273.251,1029
AAPL,2026-02-09T19:17:00Z,273.19,273.206,273.005,273.015,73337,273.089,1201
AAPL,2026-02-09T19:18:00Z,273.02,273.24,273.02,273.18,44314,273.135,739
AAPL,2026-02-09T19:19:00Z,273.18,273.2,273.09,273.14,60041,273.125,744
AAPL,2026-02-09T19:20:00Z,273.14,273.21,273.03,273.185,47986,273.099,815
AAPL,2026-02-09T19:21:00Z,273.195,273.29,273.16,273.205,106116,273.217,1098
AAPL,2026-02-09T19:22:00Z,273.205,273.38,273.2,273.355,27426,273.328,700
AAPL,2026-02-09T19:23:00Z,273.355,273.6,273.35,273.59,113999,273.471,1279
AAPL,2026-02-09T19:24:00Z,273.59,273.69,273.57,273.68,90493,273.65,1063
AAPL,2026-02-09T19:25:00Z,273.67,273.69,273.52,273.59,50000,273.624,727
AAPL,2026-02-09T19:26:00Z,273.595,273.65,273.56,273.59,21569,273.595,611
AAPL,2026-02-09T19:27:00Z,273.59,273.64,273.57,273.62,31834,273.594,563
AAPL,2026-02-09T19:28:00Z,273.615,273.71,273.54,273.66,67387,273.626,1129
AAPL,2026-02-09T19:29:00Z,273.67,273.67,273.6,273.62,31073,273.63,633
AAPL,2026-02-09T19:30:00Z,273.62,273.701,273.61,273.64,34014,273.653,742
AAPL,2026-02-09T19:31:00Z,273.65,273.65,273.57,273.59,56186,273.612,947
AAPL,2026-02-09T19:32:00Z,273.6,273.69,273.55,273.685,44540,273.615,846
AAPL,2026-02-09T19:33:00Z,273.69,273.725,273.6,273.62,53984,273.675,1006
AAPL,2026-02-09T19:34:00Z,273.625,273.67,273.32,273.325,62268,273.467,1249
AAPL,2026-02-09T19:35:00Z,273.31,273.37,273.16,273.175,51802,273.271,969
AAPL,2026-02-09T19:36:00Z,273.18,273.245,273.08,273.095,58561,273.168,969
AAPL,2026-02-09T19:37:00Z,273.095,273.25,273.095,273.24,26417,273.161,605
AAPL,2026-02-09T19:38:00Z,273.23,273.44,273.228,273.42,37171,273.332,822
AAPL,2026-02-09T19:39:00Z,273.415,273.48,273.39,273.41,45000,273.439,869
AAPL,2026-02-09T19:40:00Z,273.4,273.4,273.195,273.21,32260,273.308,838
AAPL,2026-02-09T19:41:00Z,273.195,273.26,273.15,273.23,25652,273.203,584
AAPL,2026-02-09T19:42:00Z,273.24,273.3,273.2,273.2,35262,273.253,666
AAPL,2026-02-09T19:43:00Z,273.2,273.245,273.15,273.15,27976,273.209,672
AAPL,2026-02-09T19:44:00Z,273.147,273.16,273.09,273.11,22586,273.125,602
AAPL,2026-02-09T19:45:00Z,273.11,273.175,273.09,273.146,31760,273.121,666
AAPL,2026-02-09T19:46:00Z,273.155,273.23,273.12,273.185,30013,273.186,704
AAPL,2026-02-09T19:47:00Z,273.21,273.21,273.11,273.17,21792,273.152,616
AAPL,2026-02-09T19:48:00Z,273.16,273.2,273.1,273.14,38973,273.132,806
AAPL,2026-02-09T19:49:00Z,273.14,273.29,273.14,273.265,29373,273.223,709
AAPL,2026-02-09T19:50:00Z,273.27,273.29,273.23,273.24,24291,273.26,606
AAPL,2026-02-09T19:51:00Z,273.25,273.255,273.13,273.15,29599,273.2,676
AAPL,2026-02-09T19:52:00Z,273.165,273.205,273.14,273.16,27645,273.171,658
AAPL,2026-02-09T19:53:00Z,273.15,273.215,273.14,273.2,28571,273.18,599
AAPL,2026-02-09T19:54:00Z,273.2,273.25,273.16,273.17,40916,273.206,809
AAPL,2026-02-09T19:55:00Z,273.15,273.17,272.98,273.08,80502,273.045,1350
AAPL,2026-02-09T19:56:00Z,273.09,273.105,273.02,273.1,36093,273.061,819
AAPL,2026-02-09T19:57:00Z,273.09,273.1,273,273.03,31431,273.037,758
AAPL,2026-02-09T19:58:00Z,273.03,273.1,273.02,273.02,22177,273.063,563
AAPL,2026-02-09T19:59:00Z,273.039,273.039,272.915,272.96,48534,272.966,836
AAPL,2026-02-09T20:00:00Z,272.96,273.18,272.96,273.145,67305,273.052,1168
AAPL,2026-02-09T20:01:00Z,273.16,273.24,273.06,273.195,39178,273.167,815
AAPL,2026-02-09T20:02:00Z,273.195,273.32,273.139,273.265,40915,273.206,807
AAPL,2026-02-09T20:03:00Z,273.265,273.45,273.255,273.29,61808,273.335,1156
AAPL,2026-02-09T20:04:00Z,273.29,273.36,273.217,273.36,58519,273.302,1068
AAPL,2026-02-09T20:05:00Z,273.354,273.55,273.28,273.52,120305,273.454,1710
AAPL,2026-02-09T20:06:00Z,273.51,273.65,273.37,273.37,99658,273.507,1594
AAPL,2026-02-09T20:07:00Z,273.365,273.58,273.365,273.5,46535,273.515,1050
AAPL,2026-02-09T20:08:00Z,273.51,273.69,273.51,273.67,67114,273.612,1042
AAPL,2026-02-09T20:09:00Z,273.66,273.69,273.53,273.542,43341,273.619,915
AAPL,2026-02-09T20:10:00Z,273.53,273.64,273.5,273.63,43194,273.584,844
AAPL,2026-02-09T20:11:00Z,273.635,273.64,273.565,273.61,43375,273.61,778
AAPL,2026-02-09T20:12:00Z,273.62,273.68,273.57,273.61,45923,273.621,830
AAPL,2026-02-09T20:13:00Z,273.6,273.655,273.53,273.65,48991,273.594,837
AAPL,2026-02-09T20:14:00Z,273.64,273.65,273.57,273.58,50561,273.621,928
AAPL,2026-02-09T20:15:00Z,273.583,273.74,273.551,273.66,86974,273.666,1207
AAPL,2026-02-09T20:16:00Z,273.635,273.78,273.63,273.765,89055,273.725,1124
AAPL,2026-02-09T20:17:00Z,273.77,273.82,273.73,273.75,71376,273.783,1107
AAPL,2026-02-09T20:18:00Z,273.75,273.82,273.745,273.77,50595,273.786,855
AAPL,2026-02-09T20:19:00Z,273.77,273.8,273.67,273.695,72698,273.744,1206
AAPL,2026-02-09T20:20:00Z,273.695,273.75,273.67,273.72,61681,273.71,1055
AAPL,2026-02-09T20:21:00Z,273.72,273.8,273.7,273.74,79384,273.749,1232
AAPL,2026-02-09T20:22:00Z,273.74,273.99,273.68,273.985,106448,273.843,1553
AAPL,2026-02-09T20:23:00Z,273.985,274.14,273.93,274.14,131110,274.051,1898
AAPL,2026-02-09T20:24:00Z,274.12,274.25,273.99,274.1,110091,274.155,1568
AAPL,2026-02-09T20:25:00Z,274.09,274.185,273.94,273.97,98665,274.076,1432
AAPL,2026-02-09T20:26:00Z,274.01,274.19,273.96,274,96744,274.095,1355
AAPL,2026-02-09T20:27:00Z,273.995,274.07,273.884,274.05,81446,274.01,1155
AAPL,2026-02-09T20:28:00Z,274.04,274.045,273.82,273.84,73346,273.916,1284
AAPL,2026-02-09T20:29:00Z,273.84,274.04,273.84,274.04,64664,273.945,1075
AAPL,2026-02-09T20:30:00Z,274.03,274.08,273.9,273.9,106489,273.975,1527
AAPL,2026-02-09T20:31:00Z,273.91,274,273.82,273.82,59549,273.924,1072
AAPL,2026-02-09T20:32:00Z,273.835,274.064,273.81,274.02,85610,273.945,1299
AAPL,2026-02-09T20:33:00Z,274,274.12,273.92,274.08,82305,273.995,1434
AAPL,2026-02-09T20:34:00Z,274.13,274.21,273.94,273.94,94458,274.085,1481
AAPL,2026-02-09T20:35:00Z,273.91,274.13,273.84,274.065,99919,273.955,1459
AAPL,2026-02-09T20:36:00Z,274.06,274.09,273.69,273.76,128564,273.895,2162
AAPL,2026-02-09T20:37:00Z,273.75,273.785,273.67,273.72,60286,273.736,1107
AAPL,2026-02-09T20:38:00Z,273.73,273.84,273.71,273.815,66217,273.759,1148
AAPL,2026-02-09T20:39:00Z,273.8,273.86,273.66,273.74,69187,273.77,1310
AAPL,2026-02-09T20:40:00Z,273.749,273.97,273.67,273.715,98542,273.805,1563
AAPL,2026-02-09T20:41:00Z,273.71,273.71,273.51,273.61,126390,273.604,1958
AAPL,2026-02-09T20:42:00Z,273.62,273.84,273.62,273.79,77650,273.762,1394
AAPL,2026-02-09T20:43:00Z,273.79,273.88,273.69,273.84,87075,273.8,1342
AAPL,2026-02-09T20:44:00Z,273.85,273.95,273.785,273.88,100103,273.857,1518
AAPL,2026-02-09T20:45:00Z,273.86,273.95,273.81,273.95,145130,273.879,2446
AAPL,2026-02-09T20:46:00Z,273.93,274.025,273.85,273.93,88325,273.957,1391
AAPL,2026-02-09T20:47:00Z,273.92,274.21,273.9,274.135,121122,274.065,1654
AAPL,2026-02-09T20:48:00Z,274.14,274.25,274,274.25,72511,274.1,1335
AAPL,2026-02-09T20:49:00Z,274.237,274.24,274.09,274.189,86320,274.18,1414
AAPL,2026-02-09T20:50:00Z,274.17,274.77,274,274.73,279261,274.555,4303
AAPL,2026-02-09T20:51:00Z,274.72,274.87,274.58,274.8,260014,274.75,3385
AAPL,2026-02-09T20:52:00Z,274.795,274.93,274.654,274.78,180583,274.817,2851
AAPL,2026-02-09T20:53:00Z,274.78,274.8,274.345,274.36,206009,274.551,3209
AAPL,2026-02-09T20:54:00Z,274.37,274.44,273.985,274.37,205615,274.261,3463
AAPL,2026-02-09T20:55:00Z,274.38,275.095,274.32,274.79,423952,274.9,6608
AAPL,2026-02-09T20:56:00Z,274.78,274.89,274.655,274.68,262079,274.771,3743
AAPL,2026-02-09T20:57:00Z,274.69,275.11,274.685,275.08,400314,274.88,4999
AAPL,2026-02-09T20:58:00Z,275.1,275.125,274.94,274.97,349544,275.019,4877
AAPL,2026-02-09T20:59:00Z,274.98,275.01,274.45,274.53,1.12181e+06,274.738,11492
AAPL,2026-02-09T21:00:00Z,274.48,274.65,274.43,274.65,9.20668e+06,274.62,215
AAPL,2026-02-09T21:01:00Z,274.64,274.65,274.52,274.6,190005,274.62,79
AAPL,2026-02-09T21:02:00Z,274.61,274.62,274.48,274.48,281466,274.556,120
AAPL,2026-02-09T21:03:00Z,274.44,274.53,274.32,274.395,1.62972e+06,274.431,102
AAPL,2026-02-09T21:04:00Z,274.37,274.5,274.3,274.5,3139,274.386,58
AAPL,2026-02-09T21:05:00Z,274.434,274.54,274.36,274.49,7972,274.407,38
AAPL,2026-02-09T21:06:00Z,274.45,274.78,274.4,274.57,6710,274.556,105
AAPL,2026-02-09T21:07:00Z,274.57,274.57,274.57,274.57,2573,274.57,72
AAPL,2026-02-09T21:08:00Z,274.57,274.57,274.57,274.57,5361,274.57,120
AAPL,2026-02-09T21:09:00Z,274.57,274.59,274.57,274.59,1430,274.574,56
AAPL,2026-02-09T21:10:00Z,274.59,274.62,274.55,274.55,2143,274.607,75
AAPL,2026-02-09T21:12:00Z,274.45,274.46,274.45,274.45,1114,274.451,29
AAPL,2026-02-09T21:13:00Z,274.36,274.36,274.36,274.36,241,274.36,19
AAPL,2026-02-09T21:14:00Z,274.4,274.4,274.3,274.3,3162,274.348,99
AAPL,2026-02-09T21:15:00Z,274,274,274,274,2820,274,21
AAPL,2026-02-09T21:16:00Z,274.35,274.35,274.21,274.21,1610,274.248,45
AAPL,2026-02-09T21:17:00Z,274.12,274.13,274.12,274.13,6037,274.128,48
AAPL,2026-02-09T21:18:00Z,274.26,274.26,274.13,274.164,670,274.178,19
AAPL,2026-02-09T21:19:00Z,274.2,274.2,274.2,274.2,1275,274.2,24
AAPL,2026-02-09T21:20:00Z,274.3,274.3,274.3,274.3,7131,274.3,19
AAPL,2026-02-09T21:21:00Z,274.35,274.35,274.28,274.35,3993,274.34,86
AAPL,2026-02-09T21:22:00Z,274.41,274.41,274.41,274.41,895,274.41,37
AAPL,2026-02-09T21:23:00Z,274.38,274.4,274.38,274.4,988,274.397,23
AAPL,2026-02-09T21:24:00Z,274.4,274.4,274.34,274.35,1859,274.372,34
AAPL,2026-02-09T21:25:00Z,274.2,274.2,274.2,274.2,1082,274.2,27
AAPL,2026-02-09T21:28:00Z,274.25,274.252,274.25,274.252,598,274.251,40
AAPL,2026-02-09T21:31:00Z,274.253,274.3,274.253,274.26,915,274.265,20
AAPL,2026-02-09T21:32:00Z,274.26,274.26,274.26,274.26,468,274.26,18
AAPL,2026-02-09T21:33:00Z,274.62,274.62,274.62,274.62,31587,274.62,16
AAPL,2026-02-09T21:34:00Z,274.35,274.444,274.35,274.4,2213,274.375,61
AAPL,2026-02-09T21:36:00Z,274.374,274.374,274.374,274.374,214,274.374,20
AAPL,2026-02-09T21:37:00Z,274.36,274.4,274.3,274.31,1939,274.335,30
AAPL,2026-02-09T21:38:00Z,274.3,274.359,274.29,274.359,655,274.308,15
AAPL,2026-02-09T21:39:00Z,274.25,274.29,274.24,274.289,883,274.266,31
AAPL,2026-02-09T21:40:00Z,274.252,274.252,274.252,274.252,442,274.252,10
AAPL,2026-02-09T21:41:00Z,274.27,274.34,274.27,274.34,8774,274.299,24
AAPL,2026-02-09T21:42:00Z,274.35,274.35,274.3,274.3,290,274.322,14
AAPL,2026-02-09T21:43:00Z,274.33,274.33,274.33,274.33,128926,274.33,8
AAPL,2026-02-09T21:44:00Z,274.35,274.35,274.34,274.35,917,274.348,25
AAPL,2026-02-09T21:45:00Z,274.35,274.35,274.35,274.35,831,274.35,12
AAPL,2026-02-09T21:46:00Z,274.36,274.36,274.34,274.34,2320,274.355,55
AAPL,2026-02-09T21:47:00Z,274.34,274.34,274.34,274.34,460,274.34,24
AAPL,2026-02-09T21:49:00Z,274.35,274.35,274.35,274.35,156,274.35,12
AAPL,2026-02-09T21:51:00Z,274.34,274.34,274.34,274.34,520,274.34,18
AAPL,2026-02-09T21:52:00Z,274.36,274.36,274.36,274.36,174,274.36,12
AAPL,2026-02-09T21:53:00Z,274.34,274.34,274.34,274.34,203,274.34,21
AAPL,2026-02-09T21:54:00Z,274.311,274.311,274.311,274.311,599,274.311,23
AAPL,2026-02-09T21:55:00Z,274.31,274.31,274.3,274.3,570,274.303,24
AAPL,2026-02-09T21:57:00Z,274.3,274.3,274.3,274.3,462,274.3,5
AAPL,2026-02-09T21:58:00Z,274.35,274.36,274.35,274.36,376,274.355,15
AAPL,2026-02-09T21:59:00Z,274.3,274.3,274.3,274.3,220,274.3,6
AAPL,2026-02-09T22:01:00Z,274.3,274.3,274.3,274.3,702,274.3,17
AAPL,2026-02-09T22:04:00Z,274.3,274.3,274.3,274.3,345,274.3,22
AAPL,2026-02-09T22:05:00Z,274.29,274.36,274.29,274.36,1364,274.346,48
AAPL,2026-02-09T22:08:00Z,274.35,274.35,274.35,274.35,244,274.35,8
AAPL,2026-02-09T22:09:00Z,274.62,274.62,274.62,274.62,155847,274.62,10
AAPL,2026-02-09T22:12:00Z,274.27,274.27,274.27,274.27,399,274.27,13
AAPL,2026-02-09T22:13:00Z,274.26,274.26,274.26,274.26,331,274.26,17
AAPL,2026-02-09T22:17:00Z,274.2,274.2,274.2,274.2,300,274.2,24
AAPL,2026-02-09T22:19:00Z,274.21,274.21,274.21,274.21,620,274.21,18
AAPL,2026-02-09T22:22:00Z,274.24,274.25,274.24,274.25,296,274.245,16
AAPL,2026-02-09T22:23:00Z,274.25,274.25,274.25,274.25,357,274.25,22
AAPL,2026-02-09T22:25:00Z,274.25,274.26,274.25,274.26,966,274.252,23
AAPL,2026-02-09T22:26:00Z,274.25,274.25,274.25,274.25,347,274.25,18
AAPL,2026-02-09T22:27:00Z,274.25,274.3,274.25,274.3,524,274.268,12
AAPL,2026-02-09T22:28:00Z,274.29,274.29,274.29,274.29,396,274.29,17
AAPL,2026-02-09T22:29:00Z,274.25,274.25,274.25,274.25,522,274.25,12
AAPL,2026-02-09T22:30:00Z,274.25,274.25,274.13,274.13,1219,274.222,45
AAPL,2026-02-09T22:31:00Z,274.11,274.11,274.11,274.11,310,274.11,13
AAPL,2026-02-09T22:32:00Z,274.294,274.294,274.294,274.294,260,274.294,8
AAPL,2026-02-09T22:33:00Z,274.15,274.15,274.1,274.101,1652,274.104,10
AAPL,2026-02-09T22:36:00Z,274.122,274.2,274.122,274.2,1563,274.183,15
AAPL,2026-02-09T22:41:00Z,274.15,274.15,274.15,274.15,271,274.15,16
AAPL,2026-02-09T22:44:00Z,274.19,274.23,274.19,274.23,214,274.21,9
AAPL,2026-02-09T22:45:00Z,274.2,274.2,274.2,274.2,241,274.2,34
AAPL,2026-02-09T22:47:00Z,274.15,274.15,274.15,274.15,390,274.15,11
AAPL,2026-02-09T22:49:00Z,274.22,274.22,274.22,274.22,265,274.22,26
AAPL,2026-02-09T22:55:00Z,274.16,274.16,274.12,274.12,422,274.15,11
AAPL,2026-02-09T22:56:00Z,274.11,274.13,274.1,274.1,4658,274.106,33
AAPL,2026-02-09T22:57:00Z,274.1,274.1,274.1,274.1,480,274.1,24
AAPL,2026-02-09T22:58:00Z,274.02,274.02,274.02,274.02,342,274.02,28
AAPL,2026-02-09T23:00:00Z,274.14,274.14,274.14,274.14,475,274.14,30
AAPL,2026-02-09T23:01:00Z,274.03,274.03,274.03,274.03,469,274.03,17
AAPL,2026-02-09T23:04:00Z,274.19,274.2,274.19,274.2,516,274.195,11
AAPL,2026-02-09T23:05:00Z,274.16,274.18,274.16,274.18,1923,274.179,9
AAPL,2026-02-09T23:06:00Z,274.21,274.22,274.21,274.22,556,274.215,44
AAPL,2026-02-09T23:07:00Z,274.02,274.02,274.02,274.02,1584,274.02,16
AAPL,2026-02-09T23:10:00Z,274.01,274.01,274.01,274.01,1009,274.01,56
AAPL,2026-02-09T23:11:00Z,274.001,274.01,273.69,273.75,4869,273.955,82
AAPL,2026-02-09T23:12:00Z,273.68,273.75,273.54,273.75,7764,273.746,99
AAPL,2026-02-09T23:13:00Z,273.3,273.8,273.3,273.59,1425,273.591,20
AAPL,2026-02-09T23:14:00Z,273.61,273.61,273.61,273.61,256,273.61,21
AAPL,2026-02-09T23:15:00Z,273.51,273.52,273.1,273.26,7980,273.394,111
AAPL,2026-02-09T23:16:00Z,273.39,273.39,273.39,273.39,253,273.39,7
AAPL,2026-02-09T23:17:00Z,273.39,273.41,273.39,273.41,795,273.403,16
AAPL,2026-02-09T23:18:00Z,273.41,273.41,273.41,273.41,147,273.41,5
AAPL,2026-02-09T23:20:00Z,273.33,273.35,273.3,273.35,1183,273.33,33
AAPL,2026-02-09T23:21:00Z,273.379,273.4,273.379,273.4,911,273.39,35
AAPL,2026-02-09T23:22:00Z,273.42,273.43,273.32,273.32,1715,273.343,22
AAPL,2026-02-09T23:24:00Z,273.334,273.334,273.334,273.334,1154,273.334,6
AAPL,2026-02-09T23:25:00Z,273.34,273.35,273.34,273.35,751,273.348,21
AAPL,2026-02-09T23:26:00Z,273.32,273.32,273.3,273.3,859,273.31,16
AAPL,2026-02-09T23:27:00Z,273.454,273.454,273.454,273.454,309,273.454,11
AAPL,2026-02-09T23:30:00Z,273.23,273.24,273.23,273.24,891,273.235,59
AAPL,2026-02-09T23:31:00Z,273.25,273.26,273.25,273.26,373,273.256,14
AAPL,2026-02-09T23:32:00Z,273.289,273.289,273.28,273.28,691,273.285,21
AAPL,2026-02-09T23:36:00Z,273.32,273.32,273.32,273.32,452,273.32,9
AAPL,2026-02-09T23:37:00Z,273.25,273.25,273.25,273.25,156,273.25,5
AAPL,2026-02-09T23:38:00Z,273.27,273.27,273.26,273.26,386,273.265,19
AAPL,2026-02-09T23:40:00Z,273.49,273.62,273.49,273.62,794,273.584,22
AAPL,2026-02-09T23:41:00Z,273.61,273.71,273.61,273.63,2516,273.682,39
AAPL,2026-02-09T23:43:00Z,273.63,273.63,273.63,273.63,178,273.63,9
AAPL,2026-02-09T23:44:00Z,273.5,273.63,273.5,273.6,1487,273.613,16
AAPL,2026-02-09T23:47:00Z,273.51,273.51,273.5,273.5,848,273.508,18
AAPL,2026-02-09T23:52:00Z,273.26,273.26,273.26,273.26,558,273.26,28
AAPL,2026-02-09T23:53:00Z,273.15,273.15,273.15,273.15,982,273.15,46
AAPL,2026-02-09T23:54:00Z,273.38,273.38,273.38,273.38,212,273.38,11
AAPL,2026-02-09T23:55:00Z,273.1,273.1,273.1,273.1,847,273.1,8
AAPL,2026-02-09T23:57:00Z,273.21,273.21,273.21,273.21,302,273.21,22
AAPL,2026-02-10T00:00:00Z,273.4,273.4,273.4,273.4,116,273.4,7
AAPL,2026-02-10T00:02:00Z,273.47,273.47,273.47,273.47,107,273.47,4
AAPL,2026-02-10T00:03:00Z,273.49,273.5,273.47,273.47,571,273.487,13
AAPL,2026-02-10T00:04:00Z,273.5,273.5,273.5,273.5,179,273.5,9
AAPL,2026-02-10T00:05:00Z,273.5,273.5,273.5,273.5,150,273.5,4
AAPL,2026-02-10T00:08:00Z,273.49,273.49,273.36,273.36,761,273.425,30
AAPL,2026-02-10T00:09:00Z,273.35,273.35,273.34,273.34,1261,273.345,22
AAPL,2026-02-10T00:10:00Z,273.34,273.34,273.255,273.255,1084,273.276,36
AAPL,2026-02-10T00:11:00Z,273.2,273.2,273.2,273.2,567,273.2,21
AAPL,2026-02-10T00:12:00Z,273.21,273.3,273.21,273.3,827,273.249,26
AAPL,2026-02-10T00:13:00Z,273.15,273.21,273,273.01,4047,273.143,84
AAPL,2026-02-10T00:15:00Z,273.14,273.14,273.14,273.14,185,273.14,10
AAPL,2026-02-10T00:16:00Z,273.14,273.15,273.14,273.15,1446,273.141,13
AAPL,2026-02-10T00:17:00Z,273.18,273.18,273.18,273.18,581,273.18,13
AAPL,2026-02-10T00:18:00Z,273.25,273.25,273.25,273.25,531,273.25,16
AAPL,2026-02-10T00:19:00Z,273.07,273.07,273.07,273.07,309,273.07,20
AAPL,2026-02-10T00:21:00Z,273.06,273.06,273.06,273.06,208,273.06,12
AAPL,2026-02-10T00:24:00Z,273.04,273.04,273.04,273.04,220,273.04,17
AAPL,2026-02-10T00:25:00Z,273.04,273.27,273.04,273.27,455,273.156,19
AAPL,2026-02-10T00:30:00Z,273.29,273.29,273.29,273.29,226,273.29,13
AAPL,2026-02-10T00:34:00Z,273.4,273.43,273.39,273.43,1356,273.411,44
AAPL,2026-02-10T00:35:00Z,273.428,273.428,273.428,273.428,328,273.428,6
AAPL,2026-02-10T00:36:00Z,273.18,273.18,273.02,273.02,1069,273.087,51
AAPL,2026-02-10T00:37:00Z,273.2,273.2,273.15,273.15,1071,273.194,10
AAPL,2026-02-10T00:39:00Z,273.125,273.125,273.1,273.1,216,273.113,7
AAPL,2026-02-10T00:41:00Z,273.11,273.11,273.11,273.11,443,273.11,26
AAPL,2026-02-10T00:42:00Z,273.1,273.1,273.1,273.1,366,273.1,15
AAPL,2026-02-10T00:46:00Z,273.16,273.16,273.16,273.16,189,273.16,7
AAPL,2026-02-10T00:49:00Z,273.28,273.28,273.28,273.28,249,273.28,10
AAPL,2026-02-10T00:52:00Z,273.127,273.25,273.127,273.25,671,273.147,9
AAPL,2026-02-10T00:53:00Z,273.25,273.49,273.25,273.49,1181,273.393,33
AAPL,2026-02-10T00:54:00Z,273.32,273.32,273.32,273.32,190,273.32,7
AAPL,2026-02-10T00:55:00Z,273.49,273.49,273.301,273.301,783,273.401,20
AAPL,2026-02-10T00:56:00Z,273.39,273.39,273.39,273.39,192,273.39,9
AAPL,2026-02-10T00:57:00Z,273.38,273.52,273.38,273.52,3277,273.459,50
AAPL,2026-02-10T00:58:00Z,273.64,273.652,273.64,273.652,1995,273.647,18
AAPL,2026-02-10T00:59:00Z,273.75,273.75,273.7,273.7,1464,273.722,28
AAPL,2026-02-10T09:00:00Z,273.8,273.8,273.7,273.7,1515,273.73,40
AAPL,2026-02-10T09:01:00Z,273.7,273.7,273.7,273.7,780,273.7,20
AAPL,2026-02-10T09:06:00Z,273.83,273.83,273.83,273.83,519,273.83,16
AAPL,2026-02-10T09:07:00Z,273.83,273.84,273.8,273.84,893,273.814,27
AAPL,2026-02-10T09:11:00Z,273.89,273.94,273.89,273.94,540,273.915,7
AAPL,2026-02-10T09:12:00Z,273.89,273.95,273.89,273.95,858,273.925,11
AAPL,2026-02-10T09:14:00Z,273.81,273.83,273.81,273.83,540,273.817,6
AAPL,2026-02-10T09:15:00Z,273.95,273.96,273.95,273.96,1306,273.952,27
AAPL,2026-02-10T09:16:00Z,273.88,273.98,273.83,273.98,2618,273.915,38
AAPL,2026-02-10T09:17:00Z,273.98,273.99,273.98,273.99,1559,273.989,45
AAPL,2026-02-10T09:19:00Z,273.91,273.91,273.91,273.91,347,273.91,12
AAPL,2026-02-10T09:21:00Z,273.97,274.07,273.97,274.07,836,274.041,29
AAPL,2026-02-10T09:22:00Z,274.07,274.09,274.07,274.09,2111,274.088,13
AAPL,2026-02-10T09:26:00Z,273.99,273.99,273.99,273.99,400,273.99,5
AAPL,2026-02-10T09:29:00Z,273.99,274,273.99,274,788,273.994,17
AAPL,2026-02-10T09:30:00Z,274,274,273.99,274,662,273.997,15
AAPL,2026-02-10T09:36:00Z,273.93,273.95,273.93,273.95,566,273.94,18
AAPL,2026-02-10T09:38:00Z,273.93,273.93,273.93,273.93,195,273.93,5
AAPL,2026-02-10T09:39:00Z,273.92,273.92,273.92,273.92,297,273.92,8
AAPL,2026-02-10T09:52:00Z,273.23,273.23,273.23,273.23,281,273.23,25
AAPL,2026-02-10T10:03:00Z,273.27,273.27,273.27,273.27,199,273.27,15
AAPL,2026-02-10T10:04:00Z,273.35,273.35,273.21,273.21,1100,273.275,43
AAPL,2026-02-10T10:15:00Z,273.46,273.49,273.46,273.49,915,273.476,32
AAPL,2026-02-10T10:17:00Z,273.39,273.39,273.39,273.39,425,273.39,10
AAPL,2026-02-10T10:18:00Z,273.38,273.54,273.38,273.54,1272,273.49,40
AAPL,2026-02-10T10:19:00Z,273.48,273.48,273.48,273.48,240,273.48,9
AAPL,2026-02-10T10:21:00Z,273.4,273.55,273.4,273.55,666,273.475,31
AAPL,2026-02-10T10:29:00Z,273.43,273.43,273.43,273.43,204,273.43,5
AAPL,2026-02-10T10:30:00Z,273.4,273.4,273.4,273.4,374,273.4,14
AAPL,2026-02-10T10:31:00Z,273.4,273.4,273.39,273.39,892,273.398,11
AAPL,2026-02-10T10:36:00Z,273.33,273.33,273.33,273.33,125,273.33,7
AAPL,2026-02-10T10:38:00Z,273.33,273.33,273.33,273.33,919,273.33,34
AAPL,2026-02-10T10:52:00Z,273.56,273.6,273.56,273.6,639,273.575,15
AAPL,2026-02-10T10:54:00Z,273.6,273.6,273.59,273.6,757,273.597,10
AAPL,2026-02-10T10:55:00Z,273.6,273.6,273.58,273.6,913,273.596,11
AAPL,2026-02-10T10:57:00Z,273.55,273.55,273.52,273.52,631,273.53,17
AAPL,2026-02-10T10:58:00Z,273.49,273.49,273.48,273.48,652,273.485,20
AAPL,2026-02-10T11:01:00Z,273.46,273.46,273.46,273.46,235,273.46,19
AAPL,2026-02-10T11:11:00Z,273.65,273.73,273.6,273.7,2048,273.685,55
AAPL,2026-02-10T11:15:00Z,273.6,273.6,273.43,273.43,1001,273.468,14
AAPL,2026-02-10T11:18:00Z,273.55,273.55,273.55,273.55,115,273.55,5
AAPL,2026-02-10T11:20:00Z,273.55,273.55,273.55,273.55,327,273.55,17
AAPL,2026-02-10T11:26:00Z,273.48,273.48,273.46,273.46,845,273.468,27
AAPL,2026-02-10T11:28:00Z,273.51,273.53,273.51,273.53,873,273.522,26
AAPL,2026-02-10T11:36:00Z,273.44,273.44,273.44,273.44,1114,273.44,37
AAPL,2026-02-10T11:46:00Z,273.4,273.4,273.4,273.4,295,273.4,13
AAPL,2026-02-10T11:47:00Z,273.4,273.41,273.4,273.4,1416,273.403,28
AAPL,2026-02-10T11:49:00Z,273.4,273.4,273.4,273.4,197,273.4,20
AAPL,2026-02-10T11:54:00Z,273.36,273.36,273.36,273.36,540,273.36,33
AAPL,2026-02-10T11:57:00Z,273.36,273.36,273.36,273.36,433,273.36,21
AAPL,2026-02-10T12:00:00Z,273.47,273.54,273.44,273.45,1652,273.468,72
AAPL,2026-02-10T12:01:00Z,273.57,273.66,273.57,273.65,2213,273.597,45
AAPL,2026-02-10T12:03:00Z,273.55,273.55,273.55,273.55,240,273.55,13
AAPL,2026-02-10T12:05:00Z,273.44,273.44,273.4,273.4,328,273.422,13
AAPL,2026-02-10T12:08:00Z,273.43,273.43,273.43,273.43,337,273.43,9
AAPL,2026-02-10T12:09:00Z,273.43,273.45,273.4,273.4,2172,273.412,46
AAPL,2026-02-10T12:10:00Z,273.45,273.45,273.4,273.4,1096,273.411,18
AAPL,2026-02-10T12:12:00Z,273.32,273.32,273.3,273.3,814,273.308,37
AAPL,2026-02-10T12:13:00Z,273.35,273.35,273.34,273.34,638,273.343,13
AAPL,2026-02-10T12:14:00Z,273.4,273.4,273.4,273.4,812,273.4,13
AAPL,2026-02-10T12:18:00Z,273.38,273.38,273.38,273.38,330,273.38,8
AAPL,2026-02-10T12:20:00Z,273.27,273.27,273.2,273.25,2127,273.229,81
AAPL,2026-02-10T12:21:00Z,273.16,273.18,273.1,273.1,2302,273.154,88
AAPL,2026-02-10T12:22:00Z,273.14,273.22,273.14,273.22,4595,273.154,45
AAPL,2026-02-10T12:23:00Z,273.28,273.28,273.27,273.27,1283,273.277,26
AAPL,2026-02-10T12:24:00Z,273.23,273.23,273.22,273.22,1037,273.229,13
AAPL,2026-02-10T12:25:00Z,273.16,273.22,273.16,273.21,1326,273.201,18
AAPL,2026-02-10T12:26:00Z,273.15,273.2,273.15,273.2,932,273.168,22
AAPL,2026-02-10T12:27:00Z,273.15,273.17,273.05,273.05,4324,273.118,108
AAPL,2026-02-10T12:28:00Z,273.07,273.1,273.07,273.1,4107,273.097,36
AAPL,2026-02-10T12:29:00Z,273.08,273.17,273.08,273.17,3047,273.111,66
AAPL,2026-02-10T12:30:00Z,273.22,273.33,273.22,273.33,548,273.294,16
AAPL,2026-02-10T12:31:00Z,273.3,273.3,273.3,273.3,229,273.3,6
AAPL,2026-02-10T12:32:00Z,273.32,273.32,273.3,273.3,525,273.315,11
AAPL,2026-02-10T12:33:00Z,273.26,273.26,273.26,273.26,308,273.26,19
AAPL,2026-02-10T12:34:00Z,273.38,273.4,273.38,273.4,1905,273.392,28
AAPL,2026-02-10T12:35:00Z,273.42,273.42,273.41,273.42,1507,273.417,45
AAPL,2026-02-10T12:36:00Z,273.4,273.4,273.4,273.4,640,273.4,19
AAPL,2026-02-10T12:37:00Z,273.41,273.41,273.4,273.4,1548,273.402,54
AAPL,2026-02-10T12:38:00Z,273.43,273.5,273.43,273.5,1299,273.484,45
AAPL,2026-02-10T12:39:00Z,273.48,273.51,273.48,273.51,1103,273.492,28
AAPL,2026-02-10T12:40:00Z,273.44,273.44,273.4,273.41,700,273.413,29
AAPL,2026-02-10T12:41:00Z,273.4,273.4,273.4,273.4,1277,273.4,36
AAPL,2026-02-10T12:42:00Z,273.43,273.43,273.43,273.43,373,273.43,6
AAPL,2026-02-10T12:43:00Z,273.4,273.4,273.35,273.36,3048,273.371,35
AAPL,2026-02-10T12:44:00Z,273.41,273.45,273.41,273.45,1472,273.43,26
AAPL,2026-02-10T12:45:00Z,273.57,273.57,273.36,273.36,1711,273.399,40
AAPL,2026-02-10T12:46:00Z,273.37,273.37,273.28,273.28,1094,273.356,25
AAPL,2026-02-10T12:47:00Z,273.42,273.42,273.42,273.42,275,273.42,14
AAPL,2026-02-10T12:50:00Z,273.33,273.33,273.33,273.33,227,273.33,7
AAPL,2026-02-10T12:52:00Z,273.33,273.33,273.24,273.24,1625,273.312,40
AAPL,2026-02-10T12:53:00Z,273.13,273.13,273.05,273.05,1817,273.1,50
AAPL,2026-02-10T12:55:00Z,273.07,273.18,273.07,273.18,847,273.143,20
AAPL,2026-02-10T12:59:00Z,273.15,273.15,273.14,273.15,1543,273.149,35
AAPL,2026-02-10T13:00:00Z,273.22,274.15,273.01,273.21,49568,273.344,2296
AAPL,2026-02-10T13:01:00Z,273.74,273.91,273.17,273.17,17802,273.598,875
AAPL,2026-02-10T13:02:00Z,273.26,273.405,273.26,273.405,5350,273.275,230
AAPL,2026-02-10T13:03:00Z,273.34,273.74,273.34,273.74,2404,273.432,129
AAPL,2026-02-10T13:04:00Z,273.34,273.34,273.24,273.24,488,273.307,21
AAPL,2026-02-10T13:05:00Z,273.28,273.28,273.28,273.28,227,273.28,58
AAPL,2026-02-10T13:07:00Z,273.358,273.358,273.358,273.358,465,273.358,31
AAPL,2026-02-10T13:08:00Z,273.2,273.21,273.2,273.21,839,273.202,33
AAPL,2026-02-10T13:09:00Z,273.2,273.32,273.2,273.32,1383,273.233,58
AAPL,2026-02-10T13:10:00Z,273.34,273.37,273.2,273.35,4754,273.269,73
AAPL,2026-02-10T13:11:00Z,273.328,273.482,273.31,273.35,2000,273.363,23
AAPL,2026-02-10T13:12:00Z,273.31,273.31,273.2,273.27,3499,273.229,66
AAPL,2026-02-10T13:13:00Z,273.43,273.43,273.43,273.43,443,273.43,26
AAPL,2026-02-10T13:15:00Z,273.37,273.37,273.3,273.31,751,273.326,29
AAPL,2026-02-10T13:16:00Z,273.35,273.379,273.34,273.34,956,273.37,18
AAPL,2026-02-10T13:18:00Z,273.45,273.5,273.45,273.5,894,273.484,56
AAPL,2026-02-10T13:19:00Z,273.51,273.51,273.51,273.51,500,273.51,22
AAPL,2026-02-10T13:20:00Z,273.44,273.44,273.4,273.4,1127,273.42,53
AAPL,2026-02-10T13:21:00Z,273.35,273.35,273.35,273.35,383,273.35,17
AAPL,2026-02-10T13:22:00Z,273.4,273.55,273.35,273.36,800,273.401,23
AAPL,2026-02-10T13:25:00Z,273.45,273.45,273.45,273.45,471,273.45,29
AAPL,2026-02-10T13:26:00Z,273.37,273.37,273.37,273.37,229,273.37,18
AAPL,2026-02-10T13:27:00Z,273.43,273.47,273.43,273.47,556,273.444,17
AAPL,2026-02-10T13:28:00Z,273.485,273.485,273.485,273.485,653,273.485,17
AAPL,2026-02-10T13:29:00Z,273.4,273.4,273.3,273.3,3711,273.337,88
AAPL,2026-02-10T13:30:00Z,273.3,273.31,273.3,273.3,2214,273.301,41
AAPL,2026-02-10T13:32:00Z,273.35,273.35,273.35,273.35,259,273.35,17
AAPL,2026-02-10T13:33:00Z,273.49,273.49,273.49,273.49,300,273.49,11
AAPL,2026-02-10T13:34:00Z,273.42,273.56,273.42,273.56,4926,273.469,99
AAPL,2026-02-10T13:35:00Z,273.55,273.58,273.54,273.54,1029,273.564,26
AAPL,2026-02-10T13:36:00Z,273.49,273.5,273.49,273.5,517,273.495,22
AAPL,2026-02-10T13:37:00Z,273.46,273.5,273.46,273.46,1177,273.483,25
AAPL,2026-02-10T13:38:00Z,273.587,273.587,273.587,273.587,1093,273.587,15
AAPL,2026-02-10T13:39:00Z,273.56,273.56,273.54,273.54,1187,273.554,29
AAPL,2026-02-10T13:41:00Z,273.4,273.4,273.4,273.4,230,273.4,21
AAPL,2026-02-10T13:42:00Z,273.42,273.58,273.42,273.58,722,273.546,20
AAPL,2026-02-10T13:44:00Z,273.453,273.453,273.453,273.453,227,273.453,16
AAPL,2026-02-10T13:45:00Z,273.47,273.59,273.459,273.59,636,273.528,22
AAPL,2026-02-10T13:46:00Z,273.59,273.59,273.59,273.59,1242,273.59,18
AAPL,2026-02-10T13:47:00Z,273.59,273.6,273.54,273.6,2824,273.574,58
AAPL,2026-02-10T13:48:00Z,273.58,273.588,273.58,273.588,851,273.585,16
AAPL,2026-02-10T13:49:00Z,273.6,273.6,273.6,273.6,218,273.6,24
AAPL,2026-02-10T13:51:00Z,273.65,273.65,273.65,273.65,957,273.65,35
AAPL,2026-02-10T13:52:00Z,273.77,273.8,273.76,273.76,1640,273.774,74
AAPL,2026-02-10T13:53:00Z,273.77,273.77,273.71,273.71,1462,273.748,36
AAPL,2026-02-10T13:54:00Z,273.52,273.52,273.52,273.52,1813,273.52,16
AAPL,2026-02-10T13:55:00Z,273.67,273.67,273.67,273.67,1280,273.67,9
AAPL,2026-02-10T13:56:00Z,273.75,273.86,273.75,273.86,1244,273.814,45
AAPL,2026-02-10T13:58:00Z,273.9,273.9,273.9,273.9,281,273.9,19
AAPL,2026-02-10T14:00:00Z,273.8,273.9,273.8,273.83,1945,273.853,53
AAPL,2026-02-10T14:01:00Z,273.83,273.83,273.83,273.83,529,273.83,24
AAPL,2026-02-10T14:02:00Z,273.88,273.96,273.88,273.96,1740,273.935,68
AAPL,2026-02-10T14:03:00Z,273.93,273.99,273.91,273.99,2911,273.975,38
AAPL,2026-02-10T14:05:00Z,273.99,273.99,273.86,273.86,2720,273.937,59
AAPL,2026-02-10T14:06:00Z,273.84,273.84,273.8,273.832,2394,273.816,51
AAPL,2026-02-10T14:07:00Z,273.81,273.82,273.81,273.82,1075,273.816,43
AAPL,2026-02-10T14:08:00Z,273.73,273.84,273.73,273.78,711,273.764,37
AAPL,2026-02-10T14:09:00Z,273.93,273.93,273.93,273.93,382,273.93,16
AAPL,2026-02-10T14:10:00Z,273.72,273.72,273.72,273.72,627,273.72,41
AAPL,2026-02-10T14:11:00Z,273.83,273.83,273.82,273.82,552,273.824,19
AAPL,2026-02-10T14:12:00Z,273.81,273.81,273.76,273.76,1997,273.766,39
AAPL,2026-02-10T14:13:00Z,273.72,273.9,273.697,273.9,1024,273.766,55
AAPL,2026-02-10T14:14:00Z,273.7,273.75,273.675,273.75,192104,273.695,34
AAPL,2026-02-10T14:15:00Z,273.8,273.889,273.77,273.82,5763,273.808,127
AAPL,2026-02-10T14:16:00Z,273.91,274.16,273.91,274.04,6158,274.054,199
AAPL,2026-02-10T14:17:00Z,274.036,274.036,273.86,273.86,939,273.949,26
AAPL,2026-02-10T14:19:00Z,273.94,273.94,273.879,273.879,1046,273.926,36
AAPL,2026-02-10T14:20:00Z,273.89,274,273.89,273.95,3901,273.913,90
AAPL,2026-02-10T14:21:00Z,273.98,274.15,273.96,273.96,3244,274.041,85
AAPL,2026-02-10T14:22:00Z,273.94,273.977,273.94,273.977,1183,273.969,36
AAPL,2026-02-10T14:23:00Z,273.876,273.95,273.84,273.84,1084,273.902,44
AAPL,2026-02-10T14:24:00Z,273.94,274,273.8,273.88,3459,273.86,93
AAPL,2026-02-10T14:25:00Z,274,274.08,273.95,274.051,4367,274.048,82
AAPL,2026-02-10T14:26:00Z,274.08,274.17,274.05,274.17,3427,274.11,109
AAPL,2026-02-10T14:27:00Z,274.407,274.51,274.18,274.46,9125,274.413,136
AAPL,2026-02-10T14:28:00Z,274.74,274.84,274.52,274.75,16073,274.705,262
AAPL,2026-02-10T14:29:00Z,274.77,275,274.77,274.87,9987,274.908,187
AAPL,2026-02-10T14:30:00Z,274.885,275.32,273.3,273.435,742665,274.673,13684
AAPL,2026-02-10T14:31:00Z,273.38,274.54,273.3,274.4,206281,273.933,2600
AAPL,2026-02-10T14:32:00Z,274.4,274.8,274.26,274.51,111618,274.511,2260
AAPL,2026-02-10T14:33:00Z,274.48,274.75,274,274.065,134568,274.385,2763
AAPL,2026-02-10T14:34:00Z,274.086,274.74,273.99,274.27,133805,274.354,2606
AAPL,2026-02-10T14:35:00Z,274.24,274.415,273.91,273.97,148625,274.176,2482
AAPL,2026-02-10T14:36:00Z,273.966,274.22,273.61,273.893,126234,273.931,1941
AAPL,2026-02-10T14:37:00Z,273.93,274.24,273.75,274.2,113672,274.008,1895
AAPL,2026-02-10T14:38:00Z,274.2,274.25,273.71,273.87,95116,273.964,1681
AAPL,2026-02-10T14:39:00Z,273.89,274.74,273.89,274.375,151847,274.337,2487
AAPL,2026-02-10T14:40:00Z,274.39,274.7,274.34,274.545,111605,274.52,1704
AAPL,2026-02-10T14:41:00Z,274.54,274.73,274.205,274.26,118731,274.522,1782
AAPL,2026-02-10T14:42:00Z,274.285,274.55,274.08,274.22,98699,274.289,1983
AAPL,2026-02-10T14:43:00Z,274.22,274.33,273.99,274.315,114282,274.188,2493
AAPL,2026-02-10T14:44:00Z,274.3,274.43,274.161,274.195,87645,274.32,2038
AAPL,2026-02-10T14:45:00Z,274.21,274.34,274.03,274.08,67051,274.192,1960
AAPL,2026-02-10T14:46:00Z,274.1,274.1,273.71,273.81,139660,273.93,2718
AAPL,2026-02-10T14:47:00Z,273.83,274.08,273.765,273.77,113659,273.919,2463
AAPL,2026-02-10T14:48:00Z,273.75,273.76,273.37,273.48,109192,273.616,2659
AAPL,2026-02-10T14:49:00Z,273.447,273.57,273.35,273.45,81397,273.47,2185
AAPL,2026-02-10T14:50:00Z,273.43,273.73,273.21,273.55,133633,273.47,3112
AAPL,2026-02-10T14:51:00Z,273.55,273.595,273.26,273.26,93878,273.386,2541
AAPL,2026-02-10T14:52:00Z,273.235,273.83,273.23,273.83,70979,273.504,2102
AAPL,2026-02-10T14:53:00Z,273.835,273.95,273.55,273.95,67504,273.79,2114
AAPL,2026-02-10T14:54:00Z,273.94,274.55,273.93,274.43,120775,274.243,2641
AAPL,2026-02-10T14:55:00Z,274.41,274.65,274.38,274.51,81826,274.51,2017
AAPL,2026-02-10T14:56:00Z,274.5,274.56,274.19,274.45,97244,274.355,2151
AAPL,2026-02-10T14:57:00Z,274.45,274.46,274.3,274.33,41663,274.394,1696
AAPL,2026-02-10T14:58:00Z,274.34,274.95,274.31,274.89,108512,274.66,2518
AAPL,2026-02-10T14:59:00Z,274.91,274.94,274.58,274.76,101275,274.713,2480
AAPL,2026-02-10T15:00:00Z,274.8,274.94,274.67,274.79,99644,274.806,2661
AAPL,2026-02-10T15:01:00Z,274.84,275.03,274.72,274.84,89875,274.894,2499
AAPL,2026-02-10T15:02:00Z,274.84,274.92,274.7,274.733,50000,274.774,2057
AAPL,2026-02-10T15:03:00Z,274.75,274.85,274.7,274.75,54165,274.758,2019
AAPL,2026-02-10T15:04:00Z,274.775,274.889,274.6,274.88,96879,274.706,2411
AAPL,2026-02-10T15:05:00Z,274.84,275.02,274.725,274.935,57764,274.874,2066
AAPL,2026-02-10T15:06:00Z,274.95,275.36,274.78,275.345,172135,275.174,4884
AAPL,2026-02-10T15:07:00Z,275.35,275.37,274.81,274.915,71745,275.146,2003
AAPL,2026-02-10T15:08:00Z,274.915,274.962,274.75,274.8,63607,274.822,1901
AAPL,2026-02-10T15:09:00Z,274.824,274.824,274.62,274.66,82333,274.737,1915
AAPL,2026-02-10T15:10:00Z,274.65,274.88,274.43,274.875,116225,274.664,2732
AAPL,2026-02-10T15:11:00Z,274.86,274.88,274.746,274.82,60859,274.806,1993
AAPL,2026-02-10T15:12:00Z,274.81,274.9,274.73,274.84,89952,274.815,2249
AAPL,2026-02-10T15:13:00Z,274.835,274.85,273.96,274.02,132739,274.392,3238
AAPL,2026-02-10T15:14:00Z,274.01,274.3,273.86,274.26,127185,273.998,2968
AAPL,2026-02-10T15:15:00Z,274.25,274.47,274.131,274.43,80018,274.263,2312
AAPL,2026-02-10T15:16:00Z,274.43,274.47,274.24,274.32,57818,274.36,1763
AAPL,2026-02-10T15:17:00Z,274.32,274.37,274.115,274.18,50093,274.233,1785
AAPL,2026-02-10T15:18:00Z,274.17,274.4,274.13,274.37,78289,274.246,1865
AAPL,2026-02-10T15:19:00Z,274.35,274.35,274.15,274.3,56082,274.227,1806
AAPL,2026-02-10T15:20:00Z,274.325,274.346,274.1,274.14,46510,274.187,1770
AAPL,2026-02-10T15:21:00Z,274.16,274.27,274.11,274.18,47335,274.185,1686
AAPL,2026-02-10T15:22:00Z,274.175,274.345,274.15,274.325,55132,274.237,1662
AAPL,2026-02-10T15:23:00Z,274.31,274.4,274.2,274.205,46602,274.315,1775
AAPL,2026-02-10T15:24:00Z,274.19,274.27,274.08,274.24,67876,274.186,2214
AAPL,2026-02-10T15:25:00Z,274.27,274.357,274.12,274.3,78257,274.221,1817
AAPL,2026-02-10T15:26:00Z,274.297,274.55,274.27,274.545,61023,274.39,2001
AAPL,2026-02-10T15:27:00Z,274.55,274.74,274.44,274.69,43383,274.581,1629
AAPL,2026-02-10T15:28:00Z,274.72,274.75,274.55,274.6,41794,274.654,1669
AAPL,2026-02-10T15:29:00Z,274.56,274.62,274.38,274.42,59913,274.483,1839
AAPL,2026-02-10T15:30:00Z,274.39,274.599,274.18,274.555,67098,274.448,2047
AAPL,2026-02-10T15:31:00Z,274.58,274.67,274.5,274.515,44884,274.585,1808
AAPL,2026-02-10T15:32:00Z,274.507,274.632,274.46,274.56,35969,274.541,1419
AAPL,2026-02-10T15:33:00Z,274.565,274.61,274.49,274.55,43960,274.556,1685
AAPL,2026-02-10T15:34:00Z,274.55,274.65,274.48,274.615,54000,274.581,2101
AAPL,2026-02-10T15:35:00Z,274.63,274.64,274.49,274.5,56191,274.548,1948
AAPL,2026-02-10T15:36:00Z,274.51,274.51,274.22,274.37,53126,274.401,1852
AAPL,2026-02-10T15:37:00Z,274.39,274.48,274.25,274.38,60534,274.36,1750
AAPL,2026-02-10T15:38:00Z,274.38,274.46,274.344,274.38,41005,274.41,1530
AAPL,2026-02-10T15:39:00Z,274.37,274.481,274.28,274.43,45086,274.405,1625
AAPL,2026-02-10T15:40:00Z,274.44,274.52,274.41,274.44,25004,274.456,1276
AAPL,2026-02-10T15:41:00Z,274.47,274.62,274.415,274.53,48362,274.511,1608
AAPL,2026-02-10T15:42:00Z,274.532,274.63,274.49,274.58,41107,274.555,1416
AAPL,2026-02-10T15:43:00Z,274.585,274.6,274.42,274.565,64951,274.481,1650
AAPL,2026-02-10T15:44:00Z,274.55,274.7,274.54,274.66,49768,274.633,1552
AAPL,2026-02-10T15:45:00Z,274.695,274.73,274.61,274.73,40578,274.688,1620
AAPL,2026-02-10T15:46:00Z,274.7,274.9,274.64,274.87,86787,274.819,1892
AAPL,2026-02-10T15:47:00Z,274.875,274.92,274.755,274.82,47343,274.824,1456
AAPL,2026-02-10T15:48:00Z,274.81,274.87,274.595,274.595,54467,274.786,1637
AAPL,2026-02-10T15:49:00Z,274.605,274.66,274.5,274.62,40219,274.587,1513
AAPL,2026-02-10T15:50:00Z,274.62,274.625,274.536,274.59,25326,274.579,1310
AAPL,2026-02-10T15:51:00Z,274.59,274.71,274.51,274.545,30113,274.598,1391
AAPL,2026-02-10T15:52:00Z,274.56,274.61,274.51,274.61,35090,274.548,1377
AAPL,2026-02-10T15:53:00Z,274.6,274.71,274.59,274.61,33326,274.668,1354
AAPL,2026-02-10T15:54:00Z,274.62,274.675,274.51,274.575,31241,274.598,1472
AAPL,2026-02-10T15:55:00Z,274.56,274.56,274.355,274.36,48541,274.471,1599
AAPL,2026-02-10T15:56:00Z,274.355,274.37,274.22,274.24,48984,274.287,1674
AAPL,2026-02-10T15:57:00Z,274.25,274.42,274.25,274.406,46373,274.341,1594
AAPL,2026-02-10T15:58:00Z,274.44,274.46,274.325,274.4,42751,274.407,1542
AAPL,2026-02-10T15:59:00Z,274.4,274.481,274.14,274.14,33883,274.312,1481
AAPL,2026-02-10T16:00:00Z,274.145,274.35,274.14,274.35,77730,274.222,1730
AAPL,2026-02-10T16:01:00Z,274.36,274.387,274.215,274.215,34147,274.31,1498
AAPL,2026-02-10T16:02:00Z,274.24,274.35,274.16,274.25,49251,274.252,1661
AAPL,2026-02-10T16:03:00Z,274.255,274.32,274.21,274.26,30471,274.258,1601
AAPL,2026-02-10T16:04:00Z,274.28,274.29,274.18,274.23,27318,274.242,1513
AAPL,2026-02-10T16:05:00Z,274.23,274.275,274.11,274.22,35004,274.186,1519
AAPL,2026-02-10T16:06:00Z,274.23,274.29,274.15,274.156,29677,274.214,1532
AAPL,2026-02-10T16:07:00Z,274.18,274.34,274.18,274.28,35354,274.269,1542
AAPL,2026-02-10T16:08:00Z,274.27,274.39,274.17,274.37,34866,274.273,1654
AAPL,2026-02-10T16:09:00Z,274.36,274.39,274.22,274.22,32437,274.313,1608
AAPL,2026-02-10T16:10:00Z,274.24,274.39,274.21,274.32,43226,274.338,1655
AAPL,2026-02-10T16:11:00Z,274.33,274.48,274.28,274.39,43574,274.4,1707
AAPL,2026-02-10T16:12:00Z,274.39,274.4,274.22,274.27,50114,274.292,1688
AAPL,2026-02-10T16:13:00Z,274.28,274.39,274.265,274.38,40964,274.334,1761
AAPL,2026-02-10T16:14:00Z,274.39,274.4,274.17,274.19,37428,274.261,1629
AAPL,2026-02-10T16:15:00Z,274.195,274.317,274.08,274.28,78697,274.203,2221
AAPL,2026-02-10T16:16:00Z,274.28,274.35,274.24,274.26,29085,274.292,1551
AAPL,2026-02-10T16:17:00Z,274.25,274.374,274.21,274.355,30373,274.316,1551
AAPL,2026-02-10T16:18:00Z,274.36,274.57,274.31,274.56,56175,274.466,1789
AAPL,2026-02-10T16:19:00Z,274.57,274.6,274.28,274.28,36617,274.452,1456
AAPL,2026-02-10T16:20:00Z,274.29,274.36,274.173,274.3,42551,274.234,1780
AAPL,2026-02-10T16:21:00Z,274.29,274.29,274.13,274.22,39049,274.198,1615
AAPL,2026-02-10T16:22:00Z,274.22,274.22,274.01,274.04,48017,274.096,1890
AAPL,2026-02-10T16:23:00Z,274.04,274.24,274.02,274.19,27673,274.146,1563
AAPL,2026-02-10T16:24:00Z,274.19,274.227,274.12,274.12,20218,274.179,1334
AAPL,2026-02-10T16:25:00Z,274.16,274.21,274.023,274.15,28903,274.124,1529
AAPL,2026-02-10T16:26:00Z,274.165,274.185,274.1,274.169,29249,274.137,1473
AAPL,2026-02-10T16:27:00Z,274.145,274.197,273.99,274.065,37276,274.063,1770
AAPL,2026-02-10T16:28:00Z,274.065,274.23,274.04,274.23,30691,274.131,1565
AAPL,2026-02-10T16:29:00Z,274.24,274.25,274.021,274.06,30615,274.106,1524
AAPL,2026-02-10T16:30:00Z,274.03,274.05,273.9,273.94,48491,273.957,1813
AAPL,2026-02-10T16:31:00Z,273.93,273.94,273.74,273.8,41157,273.834,1645
AAPL,2026-02-10T16:32:00Z,273.81,273.83,273.61,273.685,42988,273.712,1637
AAPL,2026-02-10T16:33:00Z,273.67,273.73,273.6,273.63,41112,273.663,1689
AAPL,2026-02-10T16:34:00Z,273.63,273.73,273.6,273.645,65411,273.656,2128
AAPL,2026-02-10T16:35:00Z,273.64,273.67,273.54,273.54,47108,273.618,1670
AAPL,2026-02-10T16:36:00Z,273.56,273.56,273.35,273.418,86828,273.451,2379
AAPL,2026-02-10T16:37:00Z,273.42,273.49,273.36,273.4,49447,273.41,1708
AAPL,2026-02-10T16:38:00Z,273.41,273.43,273.2,273.33,66046,273.321,1912
AAPL,2026-02-10T16:39:00Z,273.33,273.34,273.29,273.33,19023,273.32,1362
AAPL,2026-02-10T16:40:00Z,273.32,273.44,273.32,273.39,38596,273.368,1609
AAPL,2026-02-10T16:41:00Z,273.38,273.475,273.35,273.475,36684,273.402,1575
AAPL,2026-02-10T16:42:00Z,273.46,273.51,273.3,273.3,39068,273.423,1516
AAPL,2026-02-10T16:43:00Z,273.31,273.39,273.27,273.3,26754,273.311,1442
AAPL,2026-02-10T16:44:00Z,273.29,273.42,273.29,273.4,36824,273.343,1504
AAPL,2026-02-10T16:45:00Z,273.42,273.57,273.36,273.56,39906,273.45,1597
AAPL,2026-02-10T16:46:00Z,273.57,273.59,273.41,273.47,47467,273.485,1756
AAPL,2026-02-10T16:47:00Z,273.485,273.59,273.43,273.43,30753,273.535,1400
AAPL,2026-02-10T16:48:00Z,273.43,273.46,273.27,273.29,42528,273.375,1558
AAPL,2026-02-10T16:49:00Z,273.29,273.32,273.14,273.23,50365,273.22,1802
AAPL,2026-02-10T16:50:00Z,273.24,273.26,273.09,273.23,58217,273.175,1938
AAPL,2026-02-10T16:51:00Z,273.23,273.23,273.12,273.14,24690,273.177,1478
AAPL,2026-02-10T16:52:00Z,273.139,273.2,273.1,273.16,34710,273.162,1536
AAPL,2026-02-10T16:53:00Z,273.17,273.24,273.165,273.2,39054,273.207,1507
AAPL,2026-02-10T16:54:00Z,273.2,273.4,273.19,273.37,51240,273.31,1690
AAPL,2026-02-10T16:55:00Z,273.36,273.37,273.25,273.36,45064,273.321,1450
AAPL,2026-02-10T16:56:00Z,273.36,273.52,273.36,273.43,28206,273.454,1402
AAPL,2026-02-10T16:57:00Z,273.42,273.43,273.3,273.365,22199,273.355,1374
AAPL,2026-02-10T16:58:00Z,273.37,273.44,273.25,273.35,38858,273.325,1433
AAPL,2026-02-10T16:59:00Z,273.34,273.355,273.22,273.304,36070,273.279,1397
AAPL,2026-02-10T17:00:00Z,273.29,273.4,273.27,273.38,28732,273.36,1459
AAPL,2026-02-10T17:01:00Z,273.34,273.43,273.33,273.36,21851,273.372,1051
AAPL,2026-02-10T17:02:00Z,273.36,273.41,273.33,273.38,23538,273.369,530
AAPL,2026-02-10T17:03:00Z,273.391,273.63,273.36,273.45,58098,273.476,1421
AAPL,2026-02-10T17:04:00Z,273.45,273.54,273.4,273.535,45141,273.47,844
AAPL,2026-02-10T17:05:00Z,273.54,273.68,273.54,273.66,48754,273.626,838
AAPL,2026-02-10T17:06:00Z,273.664,273.725,273.59,273.675,43334,273.68,805
AAPL,2026-02-10T17:07:00Z,273.677,273.688,273.47,273.545,46650,273.562,921
AAPL,2026-02-10T17:08:00Z,273.545,273.67,273.4,273.405,47455,273.536,953
AAPL,2026-02-10T17:09:00Z,273.4,273.46,273.355,273.41,37091,273.403,867
AAPL,2026-02-10T17:10:00Z,273.43,273.66,273.42,273.48,76125,273.52,1224
AAPL,2026-02-10T17:11:00Z,273.49,273.69,273.47,273.6,34020,273.581,786
AAPL,2026-02-10T17:12:00Z,273.61,273.8,273.61,273.687,37214,273.714,843
AAPL,2026-02-10T17:13:00Z,273.65,273.66,273.54,273.545,31826,273.58,805
AAPL,2026-02-10T17:14:00Z,273.54,273.55,273.44,273.48,37170,273.501,991
AAPL,2026-02-10T17:15:00Z,273.47,273.49,273.425,273.45,31055,273.455,893
AAPL,2026-02-10T17:16:00Z,273.42,273.49,273.34,273.427,70877,273.436,939
AAPL,2026-02-10T17:17:00Z,273.44,273.44,273.32,273.32,17172,273.38,560
AAPL,2026-02-10T17:18:00Z,273.33,273.34,273.24,273.24,38871,273.297,831
AAPL,2026-02-10T17:19:00Z,273.24,273.25,273.14,273.17,37607,273.189,826
AAPL,2026-02-10T17:20:00Z,273.16,273.16,273.03,273.043,55056,273.108,984
AAPL,2026-02-10T17:21:00Z,273.05,273.25,272.94,273.25,179040,273.035,2378
AAPL,2026-02-10T17:22:00Z,273.26,273.27,273.06,273.095,45278,273.192,953
AAPL,2026-02-10T17:23:00Z,273.08,273.17,273.03,273.11,81080,273.141,980
AAPL,2026-02-10T17:24:00Z,273.105,273.13,273.04,273.1,21070,273.087,711
AAPL,2026-02-10T17:25:00Z,273.1,273.11,273.06,273.09,21184,273.082,673
AAPL,2026-02-10T17:26:00Z,273.09,273.17,273.08,273.17,33740,273.121,867
AAPL,2026-02-10T17:27:00Z,273.17,273.2,273.08,273.17,53612,273.135,1157
AAPL,2026-02-10T17:28:00Z,273.165,273.25,273.12,273.17,23752,273.195,672
AAPL,2026-02-10T17:29:00Z,273.16,273.4,273.14,273.35,49937,273.31,915
AAPL,2026-02-10T17:30:00Z,273.35,273.405,273.245,273.29,69854,273.323,1194
AAPL,2026-02-10T17:31:00Z,273.285,273.42,273.285,273.39,27922,273.379,682
AAPL,2026-02-10T17:32:00Z,273.4,273.52,273.37,273.51,28123,273.435,714
AAPL,2026-02-10T17:33:00Z,273.51,273.53,273.48,273.49,22727,273.505,618
AAPL,2026-02-10T17:34:00Z,273.46,273.461,273.25,273.3,25772,273.36,730
AAPL,2026-02-10T17:35:00Z,273.29,273.315,273.15,273.17,26754,273.257,755
AAPL,2026-02-10T17:36:00Z,273.155,273.285,273.15,273.23,39086,273.236,729
AAPL,2026-02-10T17:37:00Z,273.24,273.41,273.2,273.4,31950,273.324,824
AAPL,2026-02-10T17:38:00Z,273.43,273.53,273.405,273.52,37432,273.482,741
AAPL,2026-02-10T17:39:00Z,273.55,273.58,273.49,273.52,274069,273.535,661
AAPL,2026-02-10T17:40:00Z,273.53,273.64,273.4,273.45,66054,273.529,798
AAPL,2026-02-10T17:41:00Z,273.448,273.53,273.44,273.49,58639,273.476,933
AAPL,2026-02-10T17:42:00Z,273.5,273.59,273.49,273.545,22557,273.555,699
AAPL,2026-02-10T17:43:00Z,273.53,273.67,273.5,273.67,37012,273.588,859
AAPL,2026-02-10T17:44:00Z,273.69,273.71,273.52,273.701,29793,273.625,801
AAPL,2026-02-10T17:45:00Z,273.72,273.86,273.68,273.85,46855,273.754,922
AAPL,2026-02-10T17:46:00Z,273.85,273.97,273.845,273.97,38237,273.905,810
AAPL,2026-02-10T17:47:00Z,273.96,274.07,273.94,273.985,53021,273.997,888
AAPL,2026-02-10T17:48:00Z,273.99,274.01,273.905,273.92,36436,273.962,711
AAPL,2026-02-10T17:49:00Z,273.93,274,273.85,273.87,35377,273.931,732
AAPL,2026-02-10T17:50:00Z,273.88,273.92,273.8,273.9,32656,273.845,723
AAPL,2026-02-10T17:51:00Z,273.9,274.01,273.89,274.01,22781,273.964,711
AAPL,2026-02-10T17:52:00Z,274.015,274.05,273.855,273.875,32802,273.98,826
AAPL,2026-02-10T17:53:00Z,273.89,273.92,273.82,273.91,21254,273.88,659
AAPL,2026-02-10T17:54:00Z,273.9,273.92,273.849,273.89,27586,273.885,696
AAPL,2026-02-10T17:55:00Z,273.9,273.95,273.88,273.94,24547,273.914,665
AAPL,2026-02-10T17:56:00Z,273.95,273.98,273.89,273.95,26851,273.927,613
AAPL,2026-02-10T17:57:00Z,273.955,274.05,273.885,274.03,57635,273.943,780
AAPL,2026-02-10T17:58:00Z,274.045,274.08,273.98,273.98,21277,274.032,566
AAPL,2026-02-10T17:59:00Z,273.995,274.11,273.995,274.09,17621,274.077,663
AAPL,2026-02-10T18:00:00Z,274.105,274.105,273.99,274.06,19884,274.06,652
AAPL,2026-02-10T18:01:00Z,274.01,274.051,273.983,274.01,19487,274.024,596
AAPL,2026-02-10T18:02:00Z,274.02,274.13,274.02,274.05,27569,274.068,694
AAPL,2026-02-10T18:03:00Z,274.02,274.085,274.02,274.065,16529,274.058,555
AAPL,2026-02-10T18:04:00Z,274.06,274.15,274,274.09,28036,274.077,775
AAPL,2026-02-10T18:05:00Z,274.095,274.099,273.87,273.89,29574,274.004,824
AAPL,2026-02-10T18:06:00Z,273.91,273.93,273.8,273.88,32568,273.873,767
AAPL,2026-02-10T18:07:00Z,273.895,273.93,273.83,273.87,29322,273.894,771
AAPL,2026-02-10T18:08:00Z,273.86,273.97,273.8,273.91,30846,273.888,826
AAPL,2026-02-10T18:09:00Z,273.93,274.05,273.9,274.03,33201,273.983,755
AAPL,2026-02-10T18:10:00Z,274.01,274.04,273.93,273.98,52071,273.982,1174
AAPL,2026-02-10T18:11:00Z,273.97,274,273.9,273.985,31462,273.95,710
AAPL,2026-02-10T18:12:00Z,273.98,274.026,273.93,274.026,18121,273.965,656
AAPL,2026-02-10T18:13:00Z,274.01,274.09,273.99,274.085,19316,274.04,568
AAPL,2026-02-10T18:14:00Z,274.09,274.18,273.97,273.98,32574,274.079,834
AAPL,2026-02-10T18:15:00Z,273.99,274.111,273.97,274,61719,274.023,778
AAPL,2026-02-10T18:16:00Z,273.99,274.07,273.94,274.033,25074,274.019,636
AAPL,2026-02-10T18:17:00Z,274.04,274.06,273.885,273.9,30778,273.979,604
AAPL,2026-02-10T18:18:00Z,273.925,274.02,273.896,273.93,27389,273.951,585
AAPL,2026-02-10T18:19:00Z,273.93,274.01,273.79,273.8,71530,273.898,1187
AAPL,2026-02-10T18:20:00Z,273.805,273.83,273.62,273.7,56166,273.732,941
AAPL,2026-02-10T18:21:00Z,273.68,273.75,273.4,273.45,53090,273.596,1012
AAPL,2026-02-10T18:22:00Z,273.46,273.67,273.46,273.6,33589,273.589,717
AAPL,2026-02-10T18:23:00Z,273.6,273.73,273.595,273.65,67952,273.662,1071
AAPL,2026-02-10T18:24:00Z,273.645,273.8,273.64,273.77,44673,273.732,698
AAPL,2026-02-10T18:25:00Z,273.76,273.76,273.54,273.67,44900,273.607,705
AAPL,2026-02-10T18:26:00Z,273.675,273.82,273.49,273.8,75853,273.607,1057
AAPL,2026-02-10T18:27:00Z,273.8,274.08,273.77,274.08,74794,273.947,925
AAPL,2026-02-10T18:28:00Z,274.08,274.19,273.97,274.08,54150,274.111,948
AAPL,2026-02-10T18:29:00Z,274.08,274.15,274,274.055,28298,274.066,574
AAPL,2026-02-10T18:30:00Z,274.055,274.22,274.025,274.14,41105,274.14,919
AAPL,2026-02-10T18:31:00Z,274.14,274.22,273.89,273.94,49324,274.091,952
AAPL,2026-02-10T18:32:00Z,273.96,274.1,273.872,274.06,26781,273.986,803
AAPL,2026-02-10T18:33:00Z,274.075,274.08,273.98,273.99,24420,274.02,576
AAPL,2026-02-10T18:34:00Z,273.99,274.16,273.97,274.028,72311,274.058,1551
AAPL,2026-02-10T18:35:00Z,274.04,274.13,274.01,274.085,1.03199e+06,274.068,867
AAPL,2026-02-10T18:36:00Z,274.06,274.21,274.05,274.06,47845,274.128,986
AAPL,2026-02-10T18:37:00Z,274.05,274.09,273.94,274.05,54168,274.013,1153
AAPL,2026-02-10T18:38:00Z,274.06,274.13,274.05,274.085,30831,274.084,570
AAPL,2026-02-10T18:39:00Z,274.08,274.19,274.045,274.115,28780,274.124,692
AAPL,2026-02-10T18:40:00Z,274.1,274.12,274.043,274.1,18439,274.091,498
AAPL,2026-02-10T18:41:00Z,274.11,274.13,274.05,274.05,26706,274.094,608
AAPL,2026-02-10T18:42:00Z,274.05,274.08,274.031,274.065,22955,274.06,531
AAPL,2026-02-10T18:43:00Z,274.05,274.27,274.035,274.27,40603,274.145,748
AAPL,2026-02-10T18:44:00Z,274.241,274.27,274.219,274.225,24913,274.251,430
AAPL,2026-02-10T18:45:00Z,274.23,274.26,274.18,274.23,35849,274.212,700
AAPL,2026-02-10T18:46:00Z,274.23,274.259,274.115,274.13,26670,274.205,614
AAPL,2026-02-10T18:47:00Z,274.12,274.26,274.12,274.19,29120,274.206,713
AAPL,2026-02-10T18:48:00Z,274.195,274.21,274.06,274.145,22247,274.148,521
AAPL,2026-02-10T18:49:00Z,274.15,274.161,274.08,274.135,14412,274.119,404
AAPL,2026-02-10T18:50:00Z,274.15,274.175,274.05,274.09,35845,274.12,730
AAPL,2026-02-10T18:51:00Z,274.11,274.11,273.84,273.84,61921,273.971,841
AAPL,2026-02-10T18:52:00Z,273.85,273.88,273.8,273.87,28954,273.836,590
AAPL,2026-02-10T18:53:00Z,273.87,273.91,273.82,273.86,25934,273.85,596
AAPL,2026-02-10T18:54:00Z,273.86,273.86,273.72,273.72,27602,273.784,652
AAPL,2026-02-10T18:55:00Z,273.71,273.81,273.71,273.75,28732,273.761,665
AAPL,2026-02-10T18:56:00Z,273.75,273.938,273.75,273.89,28451,273.862,738
AAPL,2026-02-10T18:57:00Z,273.86,273.88,273.67,273.695,30549,273.765,664
AAPL,2026-02-10T18:58:00Z,273.695,273.77,273.69,273.71,20891,273.714,487
AAPL,2026-02-10T18:59:00Z,273.73,273.95,273.73,273.93,37180,273.857,862
AAPL,2026-02-10T19:00:00Z,273.95,274.015,273.79,273.91,60910,273.93,1054
AAPL,2026-02-10T19:01:00Z,273.91,274.07,273.91,274.06,24338,274.009,571
AAPL,2026-02-10T19:02:00Z,274.1,274.11,274,274.027,23836,274.067,622
AAPL,2026-02-10T19:03:00Z,274.03,274.09,274,274.025,19750,274.039,497
AAPL,2026-02-10T19:04:00Z,274.025,274.07,274.02,274.05,25635,274.046,485
AAPL,2026-02-10T19:05:00Z,274.04,274.06,273.965,273.995,24782,274.02,631
AAPL,2026-02-10T19:06:00Z,274.02,274.03,273.8,273.82,37619,273.926,688
AAPL,2026-02-10T19:07:00Z,273.837,273.84,273.71,273.772,34095,273.756,569
AAPL,2026-02-10T19:08:00Z,273.8,273.82,273.74,273.76,26656,273.779,549
AAPL,2026-02-10T19:09:00Z,273.755,273.94,273.75,273.875,34986,273.851,641
AAPL,2026-02-10T19:10:00Z,273.875,274.01,273.87,274.01,16171,273.948,468
AAPL,2026-02-10T19:11:00Z,274,274.06,273.93,274.055,33257,274.014,576
AAPL,2026-02-10T19:12:00Z,274.06,274.09,273.98,274.085,31777,274.043,607
AAPL,2026-02-10T19:13:00Z,274.09,274.1,273.98,273.98,27719,274.045,504
AAPL,2026-02-10T19:14:00Z,273.985,274.07,273.975,273.99,26112,274.022,457
AAPL,2026-02-10T19:15:00Z,273.96,274.06,273.93,273.975,30228,273.986,591
AAPL,2026-02-10T19:16:00Z,273.97,274.01,273.94,273.97,22494,273.981,396
AAPL,2026-02-10T19:17:00Z,273.99,273.99,273.87,273.949,29378,273.932,560
AAPL,2026-02-10T19:18:00Z,273.948,273.948,273.7,273.73,36000,273.786,745
AAPL,2026-02-10T19:19:00Z,273.73,273.75,273.66,273.725,49248,273.711,645
AAPL,2026-02-10T19:20:00Z,273.73,273.89,273.73,273.86,27298,273.813,591
AAPL,2026-02-10T19:21:00Z,273.9,273.95,273.827,273.94,24611,273.884,514
AAPL,2026-02-10T19:22:00Z,273.95,274,273.905,273.985,25831,273.964,511
AAPL,2026-02-10T19:23:00Z,274,274,273.91,273.915,19023,273.942,430
AAPL,2026-02-10T19:24:00Z,273.93,273.99,273.91,273.98,24974,273.948,470
AAPL,2026-02-10T19:25:00Z,273.99,274,273.92,273.94,13605,273.96,438
AAPL,2026-02-10T19:26:00Z,273.92,273.935,273.835,273.87,14025,273.893,467
AAPL,2026-02-10T19:27:00Z,273.87,273.93,273.81,273.85,26035,273.876,647
AAPL,2026-02-10T19:28:00Z,273.88,274.03,273.86,274.01,30151,273.944,684
AAPL,2026-02-10T19:29:00Z,274.015,274.02,273.92,273.98,23118,273.965,570
AAPL,2026-02-10T19:30:00Z,273.97,274,273.91,273.945,23613,273.957,614
AAPL,2026-02-10T19:31:00Z,273.945,274.01,273.917,274.01,19251,273.961,442
AAPL,2026-02-10T19:32:00Z,274.02,274.07,274.01,274.02,27143,274.044,627
AAPL,2026-02-10T19:33:00Z,274.01,274.04,273.96,273.96,24265,273.992,464
AAPL,2026-02-10T19:34:00Z,273.96,274.039,273.91,273.97,46682,273.97,954
AAPL,2026-02-10T19:35:00Z,273.98,274.05,273.95,274.02,27897,274.002,516
AAPL,2026-02-10T19:36:00Z,274.01,274.025,273.8,273.846,35366,273.894,667
AAPL,2026-02-10T19:37:00Z,273.855,273.9,273.83,273.875,18379,273.867,489
AAPL,2026-02-10T19:38:00Z,273.875,273.89,273.84,273.885,19350,273.864,433
AAPL,2026-02-10T19:39:00Z,273.88,273.9,273.79,273.82,32286,273.833,542
AAPL,2026-02-10T19:40:00Z,273.835,273.85,273.73,273.8,43555,273.789,840
AAPL,2026-02-10T19:41:00Z,273.78,273.79,273.69,273.74,31970,273.727,601
AAPL,2026-02-10T19:42:00Z,273.74,273.83,273.71,273.71,28998,273.764,619
AAPL,2026-02-10T19:43:00Z,273.71,273.717,273.61,273.61,48343,273.672,734
AAPL,2026-02-10T19:44:00Z,273.61,273.757,273.6,273.74,54398,273.666,678
AAPL,2026-02-10T19:45:00Z,273.75,273.82,273.74,273.8,45215,273.78,676
AAPL,2026-02-10T19:46:00Z,273.82,273.82,273.686,273.77,22997,273.744,492
AAPL,2026-02-10T19:47:00Z,273.77,273.77,273.69,273.73,37968,273.712,608
AAPL,2026-02-10T19:48:00Z,273.73,273.77,273.7,273.71,31395,273.723,496
AAPL,2026-02-10T19:49:00Z,273.72,273.85,273.72,273.77,44726,273.776,780
AAPL,2026-02-10T19:50:00Z,273.77,273.78,273.72,273.73,30133,273.754,549
AAPL,2026-02-10T19:51:00Z,273.72,273.75,273.7,273.75,37523,273.726,540
AAPL,2026-02-10T19:52:00Z,273.77,273.805,273.72,273.765,24327,273.771,511
AAPL,2026-02-10T19:53:00Z,273.75,273.77,273.52,273.52,48717,273.69,669
AAPL,2026-02-10T19:54:00Z,273.51,273.68,273.51,273.68,24272,273.624,508
AAPL,2026-02-10T19:55:00Z,273.67,273.755,273.645,273.74,26867,273.701,634
AAPL,2026-02-10T19:56:00Z,273.75,273.92,273.72,273.917,63716,273.861,660
AAPL,2026-02-10T19:57:00Z,273.9,273.95,273.85,273.87,29480,273.892,570
AAPL,2026-02-10T19:58:00Z,273.89,273.91,273.74,273.84,21493,273.843,509
AAPL,2026-02-10T19:59:00Z,273.85,274.03,273.825,274.03,30582,273.897,680
AAPL,2026-02-10T20:00:00Z,274.01,274.12,273.96,274.1,34701,274.064,731
AAPL,2026-02-10T20:01:00Z,274.12,274.22,274.09,274.2,30474,274.166,720
AAPL,2026-02-10T20:02:00Z,274.195,274.22,274.061,274.061,35105,274.181,695
AAPL,2026-02-10T20:03:00Z,274.06,274.06,273.79,273.79,31571,273.963,677
AAPL,2026-02-10T20:04:00Z,273.795,273.83,273.74,273.8,40665,273.784,737
AAPL,2026-02-10T20:05:00Z,273.781,273.92,273.76,273.87,40962,273.844,745
AAPL,2026-02-10T20:06:00Z,273.86,273.94,273.74,273.75,46699,273.877,923
AAPL,2026-02-10T20:07:00Z,273.73,273.99,273.73,273.94,24288,273.895,629
AAPL,2026-02-10T20:08:00Z,273.94,273.96,273.91,273.935,21464,273.941,524
AAPL,2026-02-10T20:09:00Z,273.92,274.09,273.82,274.08,39378,273.901,731
AAPL,2026-02-10T20:10:00Z,274,274.15,274,274.05,38004,274.066,749
AAPL,2026-02-10T20:11:00Z,274.065,274.119,273.89,273.97,46871,274.025,843
AAPL,2026-02-10T20:12:00Z,273.99,274.035,273.92,273.98,27709,273.97,566
AAPL,2026-02-10T20:13:00Z,273.97,274.175,273.95,274.175,37689,274.05,715
AAPL,2026-02-10T20:14:00Z,274.175,274.22,274.085,274.14,31811,274.152,667
AAPL,2026-02-10T20:15:00Z,274.15,274.185,274.07,274.1,32812,274.123,592
AAPL,2026-02-10T20:16:00Z,274.105,274.18,274.09,274.14,36319,274.138,704
AAPL,2026-02-10T20:17:00Z,274.155,274.29,274.155,274.205,50940,274.236,791
AAPL,2026-02-10T20:18:00Z,274.2,274.3,274.19,274.222,51956,274.245,773
AAPL,2026-02-10T20:19:00Z,274.225,274.28,274.17,274.2,30601,274.221,628
AAPL,2026-02-10T20:20:00Z,274.19,274.3,274.165,274.27,40090,274.253,829
AAPL,2026-02-10T20:21:00Z,274.26,274.27,274.08,274.08,41725,274.194,929
AAPL,2026-02-10T20:22:00Z,274.08,274.08,273.96,274.04,28501,274.025,685
AAPL,2026-02-10T20:23:00Z,274.04,274.04,273.925,273.96,41449,273.987,713
AAPL,2026-02-10T20:24:00Z,273.93,274.02,273.89,273.99,33917,273.953,696
AAPL,2026-02-10T20:25:00Z,273.99,274.05,273.93,273.93,33904,273.998,753
AAPL,2026-02-10T20:26:00Z,273.935,274.05,273.935,273.99,43930,274.004,886
AAPL,2026-02-10T20:27:00Z,273.96,274.08,273.96,274.08,23483,274.024,553
AAPL,2026-02-10T20:28:00Z,274.07,274.09,274.01,274.01,55309,274.073,666
AAPL,2026-02-10T20:29:00Z,274.02,274.1,274.02,274.07,22415,274.071,561
AAPL,2026-02-10T20:30:00Z,274.08,274.18,274.05,274.12,44806,274.119,963
AAPL,2026-02-10T20:31:00Z,274.12,274.12,274,274.04,31764,274.041,685
AAPL,2026-02-10T20:32:00Z,274.04,274.08,273.97,273.98,49529,274.036,942
AAPL,2026-02-10T20:33:00Z,273.98,274.08,273.98,274.03,36307,274.019,720
AAPL,2026-02-10T20:34:00Z,274.02,274.14,274.015,274.111,34418,274.078,813
AAPL,2026-02-10T20:35:00Z,274.11,274.12,274,274.12,39412,274.055,943
AAPL,2026-02-10T20:36:00Z,274.12,274.2,274.1,274.17,36258,274.15,974
AAPL,2026-02-10T20:37:00Z,274.2,274.27,274.11,274.26,55111,274.179,1060
AAPL,2026-02-10T20:38:00Z,274.255,274.255,274.06,274.13,34427,274.118,728
AAPL,2026-02-10T20:39:00Z,274.14,274.231,274.11,274.13,57577,274.171,1040
AAPL,2026-02-10T20:40:00Z,274.15,274.24,274.031,274.115,37393,274.146,883
AAPL,2026-02-10T20:41:00Z,274.115,274.32,274.05,274.3,55838,274.165,1276
AAPL,2026-02-10T20:42:00Z,274.26,274.29,274.18,274.24,39466,274.24,942
AAPL,2026-02-10T20:43:00Z,274.24,274.39,274.23,274.28,38448,274.316,958
AAPL,2026-02-10T20:44:00Z,274.29,274.37,274.23,274.26,60109,274.296,1096
AAPL,2026-02-10T20:45:00Z,274.28,274.36,274.23,274.32,43245,274.288,1023
AAPL,2026-02-10T20:46:00Z,274.32,274.43,274.29,274.42,63689,274.347,1206
AAPL,2026-02-10T20:47:00Z,274.425,274.45,274.33,274.345,64337,274.363,1080
AAPL,2026-02-10T20:48:00Z,274.33,274.45,274.33,274.45,59832,274.4,1045
AAPL,2026-02-10T20:49:00Z,274.45,274.49,274.372,274.49,69547,274.429,1230
AAPL,2026-02-10T20:50:00Z,274.49,274.49,273.98,273.98,186308,274.14,3326
AAPL,2026-02-10T20:51:00Z,273.98,274.1,273.86,273.88,115376,274.003,1719
AAPL,2026-02-10T20:52:00Z,273.87,273.95,273.62,273.77,132520,273.805,2374
AAPL,2026-02-10T20:53:00Z,273.764,273.764,273.45,273.47,168577,273.623,2643
AAPL,2026-02-10T20:54:00Z,273.48,273.585,273.26,273.41,206142,273.433,3552
AAPL,2026-02-10T20:55:00Z,273.4,273.94,273,273.88,221805,273.764,3782
AAPL,2026-02-10T20:56:00Z,273.865,273.88,273.55,273.63,176516,273.672,3019
AAPL,2026-02-10T20:57:00Z,273.635,273.743,273.54,273.69,204406,273.655,3505
AAPL,2026-02-10T20:58:00Z,273.69,273.89,273.66,273.86,242927,273.805,3675
AAPL,2026-02-10T20:59:00Z,273.87,274,273.51,273.79,721238,273.794,10117
AAPL,2026-02-10T21:00:00Z,273.68,274.15,273.6,273.6,8.02468e+06,273.68,219
AAPL,2026-02-10T21:02:00Z,273.74,273.74,273.71,273.71,75018,273.722,24
AAPL,2026-02-10T21:03:00Z,273.706,273.74,273.68,273.74,88893,273.713,36
AAPL,2026-02-10T21:04:00Z,273.8,273.89,273.8,273.89,509760,273.847,77
AAPL,2026-02-10T21:05:00Z,273.851,273.91,273.851,273.89,1115,273.876,33
AAPL,2026-02-10T21:06:00Z,273.99,273.99,273.99,273.99,509483,273.99,33
AAPL,2026-02-10T21:08:00Z,273.82,273.82,273.82,273.82,1022,273.82,16
AAPL,2026-02-10T21:10:00Z,273.99,273.99,273.99,273.99,4839,273.99,39
AAPL,2026-02-10T21:12:00Z,273.93,273.94,273.93,273.94,645,273.938,15
AAPL,2026-02-10T21:14:00Z,273.94,273.95,273.94,273.95,1843,273.949,36
AAPL,2026-02-10T21:15:00Z,273.94,273.97,273.94,273.97,1938,273.953,40
AAPL,2026-02-10T21:16:00Z,273.99,274,273.807,274,3186,273.989,49
AAPL,2026-02-10T21:17:00Z,274.04,274.04,274.04,274.04,560,274.04,7
AAPL,2026-02-10T21:18:00Z,273.835,273.835,273.835,273.835,416,273.835,17
AAPL,2026-02-10T21:19:00Z,274,274.07,274,274.07,1383,274.023,14
AAPL,2026-02-10T21:20:00Z,273.97,273.97,273.97,273.97,222,273.97,12
AAPL,2026-02-10T21:21:00Z,273.71,273.71,273.71,273.71,269,273.71,5
AAPL,2026-02-10T21:22:00Z,274.217,274.217,273.97,273.97,1201,274.195,11
AAPL,2026-02-10T21:24:00Z,274.16,274.16,274.02,274.02,740,274.09,32
AAPL,2026-02-10T21:25:00Z,274.01,274.01,274.01,274.01,11128,274.01,17
AAPL,2026-02-10T21:26:00Z,274.16,274.16,274.16,274.16,144,274.16,8
AAPL,2026-02-10T21:30:00Z,274.2,274.2,273.68,273.68,3473,273.697,27
AAPL,2026-02-10T21:32:00Z,274.21,274.21,274.01,274.19,3686,274.163,53
AAPL,2026-02-10T21:33:00Z,274.09,274.23,274.08,274.23,3689,274.195,43
AAPL,2026-02-10T21:34:00Z,274.28,274.36,274.21,274.36,3771,274.294,107
AAPL,2026-02-10T21:35:00Z,274.25,274.35,274.25,274.28,2115,274.268,37
AAPL,2026-02-10T21:36:00Z,274.36,274.38,274.36,274.38,1292,274.377,37
AAPL,2026-02-10T21:40:00Z,274.35,274.35,274.25,274.25,814,274.276,27
AAPL,2026-02-10T21:41:00Z,274.25,274.25,274.25,274.25,838,274.25,21
AAPL,2026-02-10T21:42:00Z,274.25,274.25,274.21,274.21,1563,274.219,28
AAPL,2026-02-10T21:43:00Z,274.2,274.2,274.2,274.2,668,274.2,13
AAPL,2026-02-10T21:44:00Z,274.25,274.3,274.25,274.3,762,274.276,21
AAPL,2026-02-10T21:46:00Z,274.18,274.18,274.18,274.18,164,274.18,8
AAPL,2026-02-10T21:48:00Z,274.32,274.35,274.32,274.35,1153,274.332,45
AAPL,2026-02-10T21:53:00Z,274.26,274.26,274.26,274.26,401,274.26,25
AAPL,2026-02-10T21:55:00Z,274.15,274.15,274.15,274.15,376,274.15,19
AAPL,2026-02-10T21:56:00Z,274.103,274.103,274.103,274.103,1118,274.103,16
AAPL,2026-02-10T21:58:00Z,274.35,274.39,274.31,274.39,1.23056e+06,274.371,39
AAPL,2026-02-10T22:00:00Z,274.42,274.42,274.42,274.42,841,274.42,32
AAPL,2026-02-10T22:01:00Z,274.4,274.4,274.4,274.4,343,274.4,12
AAPL,2026-02-10T22:02:00Z,274.378,274.378,274.378,274.378,225,274.378,10
AAPL,2026-02-10T22:05:00Z,274.3,274.3,274.3,274.3,534,274.3,14
AAPL,2026-02-10T22:09:00Z,274.26,274.26,274.26,274.26,230,274.26,4
AAPL,2026-02-10T22:11:00Z,274.41,274.41,274.41,274.41,245,274.41,8
AAPL,2026-02-10T22:13:00Z,274.24,274.24,274.2,274.2,567,274.218,21
AAPL,2026-02-10T22:14:00Z,274.177,274.177,274.177,274.177,135,274.177,5
AAPL,2026-02-10T22:16:00Z,274.38,274.38,274.38,274.38,691,274.38,26
AAPL,2026-02-10T22:17:00Z,274.39,274.39,274.39,274.39,307,274.39,21
AAPL,2026-02-10T22:22:00Z,274.25,274.25,274.25,274.25,374,274.25,9
AAPL,2026-02-10T22:25:00Z,274.24,274.24,274.24,274.24,269,274.24,12
AAPL,2026-02-10T22:26:00Z,274.25,274.25,274.25,274.25,159,274.25,5
AAPL,2026-02-10T22:32:00Z,274.21,274.214,274.21,274.214,220,274.212,3
AAPL,2026-02-10T22:33:00Z,274.22,274.22,274.216,274.216,610,274.217,3
AAPL,2026-02-10T22:40:00Z,274.2,274.2,274.2,274.2,474,274.2,17
AAPL,2026-02-10T22:41:00Z,274.2,274.2,274.2,274.2,1387,274.2,7
AAPL,2026-02-10T22:42:00Z,274.203,274.203,274.203,274.203,130,274.203,3
AAPL,2026-02-10T22:59:00Z,274.02,274.02,274.02,274.02,441,274.02,12
AAPL,2026-02-10T23:00:00Z,274.26,274.53,274.26,274.49,6010,274.416,162
AAPL,2026-02-10T23:01:00Z,274.197,274.197,274.197,274.197,5536,274.197,31
AAPL,2026-02-10T23:02:00Z,274.41,274.41,274.41,274.41,151,274.41,6
AAPL,2026-02-10T23:04:00Z,274.52,274.52,274.52,274.52,325,274.52,10
AAPL,2026-02-10T23:06:00Z,274.7,274.8,274.63,274.71,4582,274.669,90
AAPL,2026-02-10T23:07:00Z,274.7,274.7,274.458,274.458,481,274.619,14
AAPL,2026-02-10T23:08:00Z,274.63,274.66,274.63,274.66,513,274.645,9
AAPL,2026-02-10T23:11:00Z,274.63,274.64,274.63,274.64,846,274.639,8
AAPL,2026-02-10T23:12:00Z,274.64,274.64,274.64,274.64,835,274.64,10
AAPL,2026-02-10T23:13:00Z,274.228,274.228,274.228,274.228,326,274.228,17
AAPL,2026-02-10T23:14:00Z,274.55,274.55,274.5,274.5,1147,274.524,18
AAPL,2026-02-10T23:15:00Z,274.74,274.75,274.74,274.75,475,274.747,21
AAPL,2026-02-10T23:16:00Z,274.679,274.679,274.67,274.67,910,274.673,30
AAPL,2026-02-10T23:17:00Z,274.84,274.85,274.84,274.85,1239,274.848,25
AAPL,2026-02-10T23:18:00Z,274.284,274.284,274.284,274.284,101,274.284,2
AAPL,2026-02-10T23:19:00Z,274.65,274.85,274.23,274.23,1909,274.754,30
AAPL,2026-02-10T23:21:00Z,274.8,274.8,274.8,274.8,284,274.8,7
AAPL,2026-02-10T23:22:00Z,274.83,274.85,274.78,274.85,1879,274.836,37
AAPL,2026-02-10T23:26:00Z,274.75,274.75,274.75,274.75,136,274.75,8
AAPL,2026-02-10T23:31:00Z,274.6,274.6,274.59,274.59,407,274.595,9
AAPL,2026-02-10T23:34:00Z,274.272,274.272,274.272,274.272,269,274.272,21
AAPL,2026-02-10T23:36:00Z,274.48,274.48,274.48,274.48,158,274.48,9
AAPL,2026-02-10T23:37:00Z,274.361,274.361,274.361,274.361,184,274.361,8
AAPL,2026-02-10T23:39:00Z,274.46,274.5,274.46,274.5,889,274.491,15
AAPL,2026-02-10T23:43:00Z,274.55,274.55,274.5,274.51,1474,274.513,32
AAPL,2026-02-10T23:45:00Z,274.3,274.3,274.3,274.3,113,274.3,8
AAPL,2026-02-10T23:54:00Z,274.51,274.51,274.51,274.51,955,274.51,25
AAPL,2026-02-10T23:55:00Z,274.55,274.55,274.55,274.55,2422,274.55,4
AAPL,2026-02-10T23:57:00Z,274.55,274.55,274.55,274.55,1022,274.55,7
AAPL,2026-02-10T23:58:00Z,274.5,274.5,274.3,274.3,5109,274.338,43
AAPL,2026-02-10T23:59:00Z,274.363,274.363,274.363,274.363,606,274.363,3
AAPL,2026-02-11T00:06:00Z,274.35,274.49,274.35,274.49,519,274.42,15
AAPL,2026-02-11T00:10:00Z,274.65,274.67,274.65,274.67,1154,274.667,14
AAPL,2026-02-11T00:12:00Z,274.656,274.656,274.656,274.656,166,274.656,5
AAPL,2026-02-11T00:21:00Z,274.51,274.51,274.51,274.51,308,274.51,7
AAPL,2026-02-11T00:23:00Z,274.5,274.5,274.5,274.5,215,274.5,7
AAPL,2026-02-11T00:24:00Z,274.61,274.61,274.61,274.61,276,274.61,13
AAPL,2026-02-11T00:25:00Z,274.6,274.6,274.6,274.6,241,274.6,8
AAPL,2026-02-11T00:26:00Z,274.37,274.37,274.25,274.25,2150,274.311,28
AAPL,2026-02-11T00:36:00Z,274.5,274.6,274.5,274.55,715,274.545,22
AAPL,2026-02-11T00:38:00Z,274.59,274.594,274.59,274.594,837,274.592,10
AAPL,2026-02-11T00:40:00Z,274.59,274.59,274.59,274.59,527,274.59,7
AAPL,2026-02-11T00:41:00Z,274.51,274.51,274.51,274.51,102,274.51,2
AAPL,2026-02-11T00:43:00Z,274.5,274.61,274.5,274.61,649,274.552,25
AAPL,2026-02-11T00:44:00Z,274.61,274.61,274.271,274.272,553,274.429,9
AAPL,2026-02-11T00:53:00Z,274.455,274.5,274.455,274.5,444,274.485,16
AAPL,2026-02-11T00:54:00Z,274.61,274.61,274.61,274.61,187,274.61,7
AAPL,2026-02-11T00:55:00Z,274.585,274.61,274.55,274.55,337,274.582,7
AAPL,2026-02-11T00:56:00Z,274.55,274.55,274.55,274.55,405,274.55,12
AAPL,2026-02-11T00:59:00Z,274.54,274.54,274.54,274.54,443,274.54,19
AAPL,2026-02-11T09:00:00Z,273.81,273.87,273.76,273.76,800,273.814,52
AAPL,2026-02-11T09:06:00Z,273.87,273.87,273.87,273.87,666,273.87,14
AAPL,2026-02-11T09:13:00Z,273.94,273.94,273.9,273.9,847,273.92,26
AAPL,2026-02-11T09:15:00Z,274.02,274.02,274.02,274.02,940,274.02,28
AAPL,2026-02-11T09:17:00Z,273.87,273.87,273.87,273.87,655,273.87,9
AAPL,2026-02-11T09:19:00Z,273.73,273.73,273.73,273.73,734,273.73,44
AAPL,2026-02-11T09:20:00Z,273.73,273.73,273.73,273.73,996,273.73,45
AAPL,2026-02-11T09:21:00Z,273.73,273.73,273.73,273.73,724,273.73,83
AAPL,2026-02-11T09:23:00Z,273.46,273.55,273.46,273.47,2394,273.483,77
AAPL,2026-02-11T09:27:00Z,273.72,273.78,273.72,273.78,741,273.751,20
AAPL,2026-02-11T09:30:00Z,273.85,273.85,273.85,273.85,555,273.85,5
AAPL,2026-02-11T09:31:00Z,273.8,273.8,273.79,273.79,474,273.793,8
AAPL,2026-02-11T09:32:00Z,273.68,273.68,273.53,273.53,967,273.663,8
AAPL,2026-02-11T09:33:00Z,273.5,273.5,273.5,273.5,749,273.5,18
AAPL,2026-02-11T09:34:00Z,273.31,273.31,273.31,273.31,190,273.31,5
AAPL,2026-02-11T09:36:00Z,273.36,273.36,273.36,273.36,330,273.36,9
AAPL,2026-02-11T09:38:00Z,273.16,273.16,273.16,273.16,130,273.16,7
AAPL,2026-02-11T09:39:00Z,273.12,273.13,273.12,273.13,499,273.124,8
AAPL,2026-02-11T09:43:00Z,273.33,273.33,273.33,273.33,117,273.33,4
AAPL,2026-02-11T09:44:00Z,273.15,273.15,273.15,273.15,165,273.15,3
AAPL,2026-02-11T09:47:00Z,273.32,273.32,273.32,273.32,370,273.32,13
AAPL,2026-02-11T09:49:00Z,273.13,273.13,273.13,273.13,218,273.13,9
AAPL,2026-02-11T09:51:00Z,273.09,273.09,273.09,273.09,254,273.09,11
AAPL,2026-02-11T09:54:00Z,273.49,273.49,273.49,273.49,690,273.49,28
AAPL,2026-02-11T09:55:00Z,273.57,273.57,273.57,273.57,161,273.57,8
AAPL,2026-02-11T09:56:00Z,273.47,273.47,273.47,273.47,578,273.47,18
AAPL,2026-02-11T09:59:00Z,273.29,273.29,273.29,273.29,503,273.29,20
AAPL,2026-02-11T10:01:00Z,273.13,273.13,273,273,1438,273.102,58
AAPL,2026-02-11T10:11:00Z,273.14,273.14,273.14,273.14,621,273.14,60
AAPL,2026-02-11T10:12:00Z,273.25,273.25,273.25,273.25,150,273.25,2
AAPL,2026-02-11T10:28:00Z,273.14,273.14,273.14,273.14,210,273.14,8
AAPL,2026-02-11T10:29:00Z,273.14,273.15,273.14,273.15,784,273.146,22
AAPL,2026-02-11T10:32:00Z,273.24,273.26,273.24,273.26,1980,273.255,24
AAPL,2026-02-11T10:38:00Z,273.16,273.16,273.16,273.16,591,273.16,20
AAPL,2026-02-11T10:43:00Z,273.15,273.15,273.15,273.15,423,273.15,9
AAPL,2026-02-11T10:53:00Z,273.08,273.08,273.08,273.08,139,273.08,6
AAPL,2026-02-11T11:00:00Z,273.3,273.3,273.3,273.3,393,273.3,16
AAPL,2026-02-11T11:14:00Z,273.41,273.41,273.41,273.41,437,273.41,20
AAPL,2026-02-11T11:18:00Z,273.39,273.39,273.39,273.39,875,273.39,36
AAPL,2026-02-11T11:32:00Z,273.6,273.6,273.6,273.6,673,273.6,20
AAPL,2026-02-11T11:39:00Z,273.46,273.46,273.46,273.46,313,273.46,14
AAPL,2026-02-11T11:40:00Z,273.48,273.48,273.48,273.48,835,273.48,25
AAPL,2026-02-11T11:43:00Z,273.1,273.1,273,273.01,3324,273.023,118
AAPL,2026-02-11T11:44:00Z,273.07,273.07,273,273,2196,273.007,39
AAPL,2026-02-11T11:51:00Z,273.09,273.09,273.09,273.09,132,273.09,8
AAPL,2026-02-11T11:59:00Z,273.12,273.12,273.09,273.11,1300,273.104,55
AAPL,2026-02-11T12:00:00Z,273.25,273.39,273.24,273.39,1264,273.297,50
AAPL,2026-02-11T12:01:00Z,273.39,273.47,273.39,273.47,421,273.43,17
AAPL,2026-02-11T12:03:00Z,273.73,273.73,273.73,273.73,533,273.73,20
AAPL,2026-02-11T12:09:00Z,273.75,273.75,273.75,273.75,1323,273.75,68
AAPL,2026-02-11T12:16:00Z,273.75,273.75,273.74,273.74,484,273.744,11
AAPL,2026-02-11T12:17:00Z,273.77,273.77,273.77,273.77,100,273.77,1
AAPL,2026-02-11T12:18:00Z,273.73,273.73,273.73,273.73,222,273.73,10
AAPL,2026-02-11T12:19:00Z,273.77,273.77,273.73,273.73,398,273.75,11
AAPL,2026-02-11T12:24:00Z,273.8,273.8,273.8,273.8,382,273.8,7
AAPL,2026-02-11T12:26:00Z,273.73,273.73,273.64,273.64,920,273.673,18
AAPL,2026-02-11T12:31:00Z,273.61,273.61,273.56,273.56,705,273.574,25
AAPL,2026-02-11T12:41:00Z,273.58,273.58,273.58,273.58,279,273.58,8
AAPL,2026-02-11T12:42:00Z,273.64,273.64,273.56,273.56,506,273.6,25
AAPL,2026-02-11T12:43:00Z,273.51,273.56,273.5,273.53,1797,273.508,42
AAPL,2026-02-11T12:50:00Z,273.5,273.5,273.5,273.5,285,273.5,15
AAPL,2026-02-11T12:51:00Z,273.4,273.4,273.4,273.4,405,273.4,9
AAPL,2026-02-11T12:55:00Z,273.37,273.37,273.35,273.35,1389,273.353,28
AAPL,2026-02-11T13:00:00Z,273.49,274.5,272.91,273.54,3.39624e+06,273.731,3065
AAPL,2026-02-11T13:01:00Z,273.58,274.38,273.58,274.38,7892,273.767,654
AAPL,2026-02-11T13:03:00Z,273.82,273.92,273.66,273.9,2256,273.854,147
AAPL,2026-02-11T13:04:00Z,273.88,273.88,273.46,273.6,3583,273.569,141
AAPL,2026-02-11T13:08:00Z,273.6,273.65,273.6,273.65,644,273.626,27
AAPL,2026-02-11T13:09:00Z,273.68,273.68,273.68,273.68,620,273.68,23
AAPL,2026-02-11T13:10:00Z,273.6,273.6,273.6,273.6,420,273.6,24
AAPL,2026-02-11T13:11:00Z,273.631,273.82,273.631,273.75,3289,273.717,118
AAPL,2026-02-11T13:12:00Z,274,274,274,274,1162,274,26
AAPL,2026-02-11T13:13:00Z,273.88,273.88,273.88,273.88,545,273.88,39
AAPL,2026-02-11T13:15:00Z,273.763,274.08,273.763,274.08,3582,273.989,118
AAPL,2026-02-11T13:19:00Z,274.12,274.12,274.12,274.12,577,274.12,52
AAPL,2026-02-11T13:20:00Z,274.14,274.14,274.01,274.01,738,274.083,37
AAPL,2026-02-11T13:21:00Z,274,274.04,274,274.04,1178,274.025,48
AAPL,2026-02-11T13:22:00Z,273.727,273.727,273.727,273.727,371,273.727,27
AAPL,2026-02-11T13:23:00Z,273.89,273.89,273.89,273.89,702,273.89,35
AAPL,2026-02-11T13:24:00Z,273.91,273.91,273.9,273.9,688,273.903,40
AAPL,2026-02-11T13:26:00Z,273.94,273.94,273.94,273.94,498,273.94,40
AAPL,2026-02-11T13:28:00Z,273.9,273.9,273.9,273.9,427,273.9,36
AAPL,2026-02-11T13:29:00Z,273.88,274,273.88,274,1388,273.964,63
AAPL,2026-02-11T13:30:00Z,274.06,274.61,273.9,274.07,9246,274.199,253
AAPL,2026-02-11T13:31:00Z,274.23,274.5,274.23,274.41,3988,274.33,82
AAPL,2026-02-11T13:32:00Z,274.4,274.53,274.4,274.53,1623,274.443,55
AAPL,2026-02-11T13:33:00Z,274.5,274.53,274.44,274.44,1784,274.489,56
AAPL,2026-02-11T13:34:00Z,274.45,274.5,274.4,274.4,2755,274.442,50
AAPL,2026-02-11T13:35:00Z,274.27,274.27,274.23,274.25,1397,274.248,39
AAPL,2026-02-11T13:36:00Z,274.19,274.479,274.15,274.15,1631,274.408,167
AAPL,2026-02-11T13:37:00Z,274.16,274.16,274.01,274.01,1602,274.089,49
AAPL,2026-02-11T13:38:00Z,274.22,274.22,274.1,274.1,1588,274.119,39
AAPL,2026-02-11T13:39:00Z,274.23,274.311,274.1,274.17,1431,274.149,40
AAPL,2026-02-11T13:40:00Z,274.05,274.06,274.05,274.06,323,274.053,12
AAPL,2026-02-11T13:41:00Z,274.05,274.05,274.04,274.04,761,274.044,45
AAPL,2026-02-11T13:42:00Z,274.065,274.09,273.99,274.05,14075,274.022,118
AAPL,2026-02-11T13:43:00Z,274.1,274.11,274.1,274.1,926,274.103,60
AAPL,2026-02-11T13:44:00Z,273.974,274.1,273.974,274.1,909,274.007,51
AAPL,2026-02-11T13:45:00Z,274.17,274.26,274.13,274.13,1385,274.199,50
AAPL,2026-02-11T13:46:00Z,274.3,274.5,274.25,274.5,3055,274.345,137
AAPL,2026-02-11T13:47:00Z,274.36,274.45,274.3,274.45,6563,274.377,155
AAPL,2026-02-11T13:48:00Z,274.31,274.391,274.23,274.23,1774,274.305,74
AAPL,2026-02-11T13:49:00Z,274.4,274.4,274.15,274.15,1519,274.259,59
AAPL,2026-02-11T13:50:00Z,274.16,274.16,273.899,273.899,14324,273.963,217
AAPL,2026-02-11T13:51:00Z,273.8,273.9,273.8,273.9,813,273.875,30
AAPL,2026-02-11T13:52:00Z,273.845,273.845,273.845,273.845,1167,273.845,69
AAPL,2026-02-11T13:54:00Z,273.95,273.95,273.95,273.95,512,273.95,40
AAPL,2026-02-11T13:55:00Z,274,274,274,274,660,274,40
AAPL,2026-02-11T13:56:00Z,274.18,274.31,274.18,274.31,3891,274.303,70
AAPL,2026-02-11T13:57:00Z,274.2,274.24,274.16,274.2,2297,274.184,50
AAPL,2026-02-11T13:58:00Z,274.15,274.15,274.14,274.14,457,274.145,22
AAPL,2026-02-11T13:59:00Z,274.292,274.31,274.166,274.2,3703,274.246,115
AAPL,2026-02-11T14:00:00Z,274.23,274.33,274.14,274.2,3678,274.246,69
AAPL,2026-02-11T14:02:00Z,274.465,274.465,274.36,274.36,467,274.411,28
AAPL,2026-02-11T14:04:00Z,274.25,274.25,274.2,274.23,3838,274.221,66
AAPL,2026-02-11T14:05:00Z,274.25,274.25,273.99,274.01,8106,274.074,146
AAPL,2026-02-11T14:06:00Z,274.1,274.1,274.1,274.1,515,274.1,34
AAPL,2026-02-11T14:07:00Z,274.134,274.134,274.06,274.06,1408,274.107,42
AAPL,2026-02-11T14:08:00Z,274.11,274.141,274.11,274.14,2209,274.133,52
AAPL,2026-02-11T14:09:00Z,274.13,274.13,274.06,274.06,1875,274.09,58
AAPL,2026-02-11T14:10:00Z,274.06,274.06,273.96,273.96,3945,274.008,135
AAPL,2026-02-11T14:11:00Z,274,274,273.9,273.9,1411,273.937,62
AAPL,2026-02-11T14:12:00Z,274,274.11,274,274.11,1036,274.034,62
AAPL,2026-02-11T14:13:00Z,274.03,274.05,274.03,274.05,635,274.039,19
AAPL,2026-02-11T14:14:00Z,274.14,274.15,274.14,274.15,3491,274.149,64
AAPL,2026-02-11T14:15:00Z,274.208,274.25,274.208,274.25,1290,274.229,29
AAPL,2026-02-11T14:16:00Z,274.209,274.4,274.2,274.271,3613,274.255,71
AAPL,2026-02-11T14:17:00Z,274.35,274.35,274.2,274.2,8842,274.251,106
AAPL,2026-02-11T14:18:00Z,274.22,274.22,274.22,274.22,314,274.22,36
AAPL,2026-02-11T14:19:00Z,274.2,274.29,274.2,274.2,2434,274.262,67
AAPL,2026-02-11T14:21:00Z,274.16,274.17,274.16,274.17,1332,274.161,22
AAPL,2026-02-11T14:22:00Z,274.05,274.09,274,274.09,3092,274.029,62
AAPL,2026-02-11T14:23:00Z,274.05,274.14,274.05,274.14,1627,274.097,61
AAPL,2026-02-11T14:24:00Z,274.1,274.29,274.09,274.09,2004,274.115,113
AAPL,2026-02-11T14:25:00Z,274.02,274.08,273.95,274.08,4408,274.005,165
AAPL,2026-02-11T14:26:00Z,274.04,274.19,274.03,274.11,3343,274.089,86
AAPL,2026-02-11T14:27:00Z,274.09,274.35,274.06,274.35,4872,274.213,127
AAPL,2026-02-11T14:28:00Z,274.5,275,274.5,274.88,22835,274.852,466
AAPL,2026-02-11T14:29:00Z,274.91,274.93,274.7,274.71,4449,274.791,80
AAPL,2026-02-11T14:30:00Z,274.68,276.37,274.68,276.13,832534,275.303,13425
AAPL,2026-02-11T14:31:00Z,276.12,276.82,276,276.64,252551,276.306,3366
AAPL,2026-02-11T14:32:00Z,276.635,276.83,275.24,275.315,172201,276.058,2781
AAPL,2026-02-11T14:33:00Z,275.29,275.53,274.87,274.995,157641,275.181,2589
AAPL,2026-02-11T14:34:00Z,274.95,275.14,274.61,274.84,168046,274.885,2373
AAPL,2026-02-11T14:35:00Z,274.81,275.28,274.75,275.02,177270,275.039,2521
AAPL,2026-02-11T14:36:00Z,274.98,275.17,274.45,275.091,131792,274.85,2226
AAPL,2026-02-11T14:37:00Z,275.13,275.91,275.02,275.75,184767,275.521,2964
AAPL,2026-02-11T14:38:00Z,275.75,275.82,275.17,275.59,128171,275.563,1987
AAPL,2026-02-11T14:39:00Z,275.565,275.72,275.37,275.51,77017,275.541,1553
AAPL,2026-02-11T14:40:00Z,275.51,275.94,275.46,275.76,110287,275.728,2226
AAPL,2026-02-11T14:41:00Z,275.79,276.46,275.76,276.24,237868,276.089,3324
AAPL,2026-02-11T14:42:00Z,276.19,276.19,275.53,275.85,105598,275.904,2572
AAPL,2026-02-11T14:43:00Z,275.835,276,275.495,275.6,94518,275.707,2822
AAPL,2026-02-11T14:44:00Z,275.57,275.71,275.34,275.59,102318,275.515,2659
AAPL,2026-02-11T14:45:00Z,275.59,276.105,275.54,276.065,159670,275.747,3411
AAPL,2026-02-11T14:46:00Z,276.06,276.3,275.97,276.054,139941,276.104,3223
AAPL,2026-02-11T14:47:00Z,276.065,276.34,275.685,276.3,180777,275.985,3617
AAPL,2026-02-11T14:48:00Z,276.32,276.459,276.1,276.44,176337,276.244,3385
AAPL,2026-02-11T14:49:00Z,276.44,276.47,275.99,276.25,126987,276.283,2799
AAPL,2026-02-11T14:50:00Z,276.26,276.38,275.99,276.23,125750,276.216,3203
AAPL,2026-02-11T14:51:00Z,276.25,276.45,276,276.39,117673,276.205,2355
AAPL,2026-02-11T14:52:00Z,276.36,276.8,276.25,276.765,195405,276.567,3528
AAPL,2026-02-11T14:53:00Z,276.762,277,276.592,276.955,211650,276.825,4059
AAPL,2026-02-11T14:54:00Z,276.952,277.34,276.9,277.27,232690,277.083,3645
AAPL,2026-02-11T14:55:00Z,277.23,277.44,276.54,276.63,143772,277.037,3028
AAPL,2026-02-11T14:56:00Z,276.585,276.64,276.21,276.25,96636,276.355,2620
AAPL,2026-02-11T14:57:00Z,276.25,276.77,275.99,276.685,190170,276.288,4046
AAPL,2026-02-11T14:58:00Z,276.7,276.73,276.15,276.23,87396,276.438,2479
AAPL,2026-02-11T14:59:00Z,276.266,276.42,276.195,276.4,75987,276.32,2276
AAPL,2026-02-11T15:00:00Z,276.41,276.65,276.16,276.57,154924,276.368,3547
AAPL,2026-02-11T15:01:00Z,276.58,277.03,276.54,276.97,187760,276.859,3567
AAPL,2026-02-11T15:02:00Z,276.97,277.03,276.545,276.65,90690,276.773,2630
AAPL,2026-02-11T15:03:00Z,276.65,276.9,276.58,276.84,106864,276.747,2587
AAPL,2026-02-11T15:04:00Z,276.87,276.919,276.39,276.49,82777,276.654,2615
AAPL,2026-02-11T15:05:00Z,276.46,276.53,276.24,276.491,96545,276.387,2672
AAPL,2026-02-11T15:06:00Z,276.47,276.5,276.24,276.3,86371,276.382,2260
AAPL,2026-02-11T15:07:00Z,276.29,276.36,276.16,276.21,131942,276.259,2780
AAPL,2026-02-11T15:08:00Z,276.205,276.58,276.18,276.43,98410,276.43,2646
AAPL,2026-02-11T15:09:00Z,276.41,276.45,276.29,276.354,81250,276.375,2466
AAPL,2026-02-11T15:10:00Z,276.34,276.46,276.08,276.41,102163,276.275,2531
AAPL,2026-02-11T15:11:00Z,276.39,276.39,276.19,276.28,65680,276.285,2194
AAPL,2026-02-11T15:12:00Z,276.26,276.295,275.95,276.025,157657,276.079,4696
AAPL,2026-02-11T15:13:00Z,276.02,276.11,275.77,276,117617,275.937,3020
AAPL,2026-02-11T15:14:00Z,275.995,276.36,275.995,276.285,117895,276.135,2891
AAPL,2026-02-11T15:15:00Z,276.29,276.29,275.75,275.84,132870,276.006,3236
AAPL,2026-02-11T15:16:00Z,275.85,276.11,275.831,276.051,93899,275.963,2742
AAPL,2026-02-11T15:17:00Z,276.05,276.49,276.05,276.45,132144,276.313,3634
AAPL,2026-02-11T15:18:00Z,276.43,276.86,276.357,276.83,159537,276.605,3475
AAPL,2026-02-11T15:19:00Z,276.81,277.18,276.67,277.1,175986,276.921,4250
AAPL,2026-02-11T15:20:00Z,277.14,277.25,276.62,276.805,168220,276.932,4000
AAPL,2026-02-11T15:21:00Z,276.82,276.82,276.29,276.445,137613,276.459,3345
AAPL,2026-02-11T15:22:00Z,276.47,276.78,276.28,276.72,161591,276.585,3429
AAPL,2026-02-11T15:23:00Z,276.71,276.82,276.551,276.738,100023,276.681,3079
AAPL,2026-02-11T15:24:00Z,276.72,276.78,276.39,276.61,70944,276.603,2385
AAPL,2026-02-11T15:25:00Z,276.57,276.78,276.5,276.618,116685,276.623,3216
AAPL,2026-02-11T15:26:00Z,276.62,276.62,276.35,276.385,143674,276.468,3496
AAPL,2026-02-11T15:27:00Z,276.41,276.73,276.32,276.64,130711,276.469,3059
AAPL,2026-02-11T15:28:00Z,276.66,276.99,276.635,276.95,165343,276.806,3228
AAPL,2026-02-11T15:29:00Z,276.93,277.15,276.87,277.05,135129,277.024,2883
AAPL,2026-02-11T15:30:00Z,277.1,277.68,277.03,277.62,202561,277.418,4084
AAPL,2026-02-11T15:31:00Z,277.64,277.95,277.31,277.93,356594,277.652,4764
AAPL,2026-02-11T15:32:00Z,277.85,278.25,277.85,278.12,333717,278.073,5966
AAPL,2026-02-11T15:33:00Z,278.12,278.44,277.84,278.41,211294,278.136,4316
AAPL,2026-02-11T15:34:00Z,278.4,278.91,278.4,278.88,251204,278.654,5138
AAPL,2026-02-11T15:35:00Z,278.87,279.04,278.67,278.95,261214,278.87,5190
AAPL,2026-02-11T15:36:00Z,278.97,279.05,278.66,278.76,159683,278.885,3651
AAPL,2026-02-11T15:37:00Z,278.735,278.86,278.48,278.53,183666,278.647,3650
AAPL,2026-02-11T15:38:00Z,278.54,278.56,278.25,278.545,137377,278.414,3633
AAPL,2026-02-11T15:39:00Z,278.515,278.7,278.32,278.385,111471,278.528,2946
AAPL,2026-02-11T15:40:00Z,278.39,278.43,277.93,278.025,141096,278.148,3272
AAPL,2026-02-11T15:41:00Z,278.05,278.34,277.914,278.06,132707,278.172,2995
AAPL,2026-02-11T15:42:00Z,278.07,278.28,277.94,277.99,105950,278.102,2717
AAPL,2026-02-11T15:43:00Z,277.99,278.24,277.85,277.92,83732,278.047,2349
AAPL,2026-02-11T15:44:00Z,277.906,278.26,277.905,278.15,80195,278.086,2173
AAPL,2026-02-11T15:45:00Z,278.14,278.25,278.025,278.12,71080,278.136,2163
AAPL,2026-02-11T15:46:00Z,278.11,278.26,278.04,278.08,85249,278.147,2408
AAPL,2026-02-11T15:47:00Z,278.03,278.29,277.98,278.27,50739,278.126,1968
AAPL,2026-02-11T15:48:00Z,278.29,278.6,278.23,278.564,130266,278.45,3231
AAPL,2026-02-11T15:49:00Z,278.55,278.67,278.43,278.49,114510,278.518,2795
AAPL,2026-02-11T15:50:00Z,278.47,278.66,278.45,278.573,120801,278.554,2728
AAPL,2026-02-11T15:51:00Z,278.58,278.82,278.565,278.82,100017,278.682,2480
AAPL,2026-02-11T15:52:00Z,278.83,279.16,278.82,278.978,177882,279.023,3790
AAPL,2026-02-11T15:53:00Z,278.99,279.459,278.97,279.3,177684,279.271,3780
AAPL,2026-02-11T15:54:00Z,279.3,279.74,279.23,279.71,172609,279.488,3358
AAPL,2026-02-11T15:55:00Z,279.69,279.88,279.61,279.715,240063,279.748,3850
AAPL,2026-02-11T15:56:00Z,279.71,279.905,279.645,279.655,139835,279.769,3136
AAPL,2026-02-11T15:57:00Z,279.65,279.73,279.49,279.5,104952,279.647,2765
AAPL,2026-02-11T15:58:00Z,279.52,279.74,279.5,279.671,105634,279.637,2840
AAPL,2026-02-11T15:59:00Z,279.69,279.78,279.565,279.755,142462,279.675,3296
AAPL,2026-02-11T16:00:00Z,279.755,279.85,279.29,279.39,125020,279.524,3336
AAPL,2026-02-11T16:01:00Z,279.4,279.616,279.29,279.32,110515,279.444,2507
AAPL,2026-02-11T16:02:00Z,279.31,279.36,279,279.05,130115,279.146,3156
AAPL,2026-02-11T16:03:00Z,279.025,279.2,278.81,278.98,110737,278.971,2634
AAPL,2026-02-11T16:04:00Z,278.96,279.25,278.93,279.19,83817,279.109,2507
AAPL,2026-02-11T16:05:00Z,279.18,279.405,279.15,279.16,91491,279.272,2480
AAPL,2026-02-11T16:06:00Z,279.14,279.46,279.11,279.24,65856,279.272,2267
AAPL,2026-02-11T16:07:00Z,279.245,279.38,279.04,279.32,109454,279.183,2238
AAPL,2026-02-11T16:08:00Z,279.32,279.682,279.28,279.682,107633,279.472,2704
AAPL,2026-02-11T16:09:00Z,279.67,279.91,279.64,279.795,110111,279.761,2658
AAPL,2026-02-11T16:10:00Z,279.785,279.98,279.69,279.88,142867,279.857,3550
AAPL,2026-02-11T16:11:00Z,279.92,279.948,279.59,279.78,129691,279.804,2563
AAPL,2026-02-11T16:12:00Z,279.79,279.8,279.653,279.72,62636,279.728,2012
AAPL,2026-02-11T16:13:00Z,279.72,279.72,279.41,279.56,118039,279.558,2657
AAPL,2026-02-11T16:14:00Z,279.55,279.69,279.46,279.675,55212,279.559,1948
AAPL,2026-02-11T16:15:00Z,279.67,279.77,279.61,279.727,77544,279.681,2295
AAPL,2026-02-11T16:16:00Z,279.716,279.95,279.68,279.94,142438,279.826,2780
AAPL,2026-02-11T16:17:00Z,279.925,279.97,279.79,279.805,57469,279.859,1991
AAPL,2026-02-11T16:18:00Z,279.8,279.84,279.66,279.74,73699,279.777,2195
AAPL,2026-02-11T16:19:00Z,279.74,279.74,279.05,279.115,109229,279.303,3037
AAPL,2026-02-11T16:20:00Z,279.135,279.31,279.1,279.3,69538,279.216,2212
AAPL,2026-02-11T16:21:00Z,279.32,279.32,279.06,279.14,81393,279.159,2281
AAPL,2026-02-11T16:22:00Z,279.14,279.25,279.05,279.25,56493,279.116,1900
AAPL,2026-02-11T16:23:00Z,279.225,279.3,279,279.01,72571,279.089,1970
AAPL,2026-02-11T16:24:00Z,279.015,279.23,279,279,47345,279.095,1869
AAPL,2026-02-11T16:25:00Z,279,279.05,278.8,278.825,71380,278.954,2057
AAPL,2026-02-11T16:26:00Z,278.825,278.88,278.54,278.57,135128,278.734,2409
AAPL,2026-02-11T16:27:00Z,278.53,278.55,278.41,278.43,68195,278.485,1961
AAPL,2026-02-11T16:28:00Z,278.444,278.48,278.249,278.31,97268,278.34,2698
AAPL,2026-02-11T16:29:00Z,278.28,278.35,278.175,278.19,137190,278.247,2123
AAPL,2026-02-11T16:30:00Z,278.19,278.54,278.15,278.49,71227,278.343,2227
AAPL,2026-02-11T16:31:00Z,278.529,278.59,278.35,278.496,62048,278.46,1969
AAPL,2026-02-11T16:32:00Z,278.51,278.59,278.42,278.475,50833,278.5,1921
AAPL,2026-02-11T16:33:00Z,278.5,278.8,278.495,278.61,80732,278.714,1973
AAPL,2026-02-11T16:34:00Z,278.62,278.8,278.49,278.765,62500,278.645,2173
AAPL,2026-02-11T16:35:00Z,278.77,278.935,278.72,278.74,66080,278.846,2071
AAPL,2026-02-11T16:36:00Z,278.73,278.78,278.59,278.61,51483,278.712,1952
AAPL,2026-02-11T16:37:00Z,278.59,278.82,278.5,278.735,42176,278.664,1741
AAPL,2026-02-11T16:38:00Z,278.75,278.9,278.66,278.66,48873,278.782,1923
AAPL,2026-02-11T16:39:00Z,278.682,278.86,278.675,278.82,39123,278.78,1651
AAPL,2026-02-11T16:40:00Z,278.775,279.11,278.75,279.109,138579,278.965,2310
AAPL,2026-02-11T16:41:00Z,279.1,279.21,279.02,279.02,55560,279.1,1926
AAPL,2026-02-11T16:42:00Z,279,279.03,278.89,278.99,37196,278.975,1735
AAPL,2026-02-11T16:43:00Z,278.994,279.01,278.88,278.91,45023,278.932,1694
AAPL,2026-02-11T16:44:00Z,278.89,279.05,278.85,279.02,32543,278.974,1701
AAPL,2026-02-11T16:45:00Z,279.035,279.11,278.91,278.99,57814,279.008,1803
AAPL,2026-02-11T16:46:00Z,279,279.03,278.69,278.81,38637,278.827,1931
AAPL,2026-02-11T16:47:00Z,278.835,278.89,278.66,278.685,35428,278.752,1692
AAPL,2026-02-11T16:48:00Z,278.7,278.756,278.66,278.71,57917,278.686,1698
AAPL,2026-02-11T16:49:00Z,278.705,278.78,278.62,278.77,86432,278.666,2080
AAPL,2026-02-11T16:50:00Z,278.76,278.825,278.7,278.73,42268,278.761,1745
AAPL,2026-02-11T16:51:00Z,278.7,278.869,278.69,278.833,31754,278.77,1633
AAPL,2026-02-11T16:52:00Z,278.82,278.83,278.72,278.75,34259,278.779,1599
AAPL,2026-02-11T16:53:00Z,278.75,278.82,278.72,278.77,24150,278.764,1599
AAPL,2026-02-11T16:54:00Z,278.82,278.86,278.755,278.755,20793,278.817,1554
AAPL,2026-02-11T16:55:00Z,278.755,278.83,278.64,278.786,31681,278.723,1658
AAPL,2026-02-11T16:56:00Z,278.78,278.788,278.63,278.65,46917,278.715,1920
AAPL,2026-02-11T16:57:00Z,278.64,278.67,278.33,278.33,49806,278.524,1878
AAPL,2026-02-11T16:58:00Z,278.325,278.477,278.26,278.355,53026,278.363,1844
AAPL,2026-02-11T16:59:00Z,278.39,278.489,278.322,278.35,34416,278.398,1635
AAPL,2026-02-11T17:00:00Z,278.34,278.51,278.26,278.44,39070,278.357,1803
AAPL,2026-02-11T17:01:00Z,278.47,278.5,278.245,278.31,44616,278.327,1789
AAPL,2026-02-11T17:02:00Z,278.335,278.4,278.18,278.4,55525,278.248,1098
AAPL,2026-02-11T17:03:00Z,278.39,278.49,278.35,278.43,45666,278.4,938
AAPL,2026-02-11T17:04:00Z,278.42,278.54,278.405,278.481,41799,278.47,1117
AAPL,2026-02-11T17:05:00Z,278.45,278.54,278.26,278.42,63159,278.42,1489
AAPL,2026-02-11T17:06:00Z,278.45,278.48,278.24,278.42,45281,278.359,935
AAPL,2026-02-11T17:07:00Z,278.44,278.71,278.44,278.66,70382,278.619,1181
AAPL,2026-02-11T17:08:00Z,278.67,278.71,278.5,278.64,43170,278.635,1190
AAPL,2026-02-11T17:09:00Z,278.65,278.755,278.62,278.735,43906,278.686,953
AAPL,2026-02-11T17:10:00Z,278.73,279.02,278.55,279,167016,278.834,1895
AAPL,2026-02-11T17:11:00Z,279.01,279.11,278.65,278.78,65820,278.854,1351
AAPL,2026-02-11T17:12:00Z,278.8,278.93,278.8,278.83,42341,278.881,927
AAPL,2026-02-11T17:13:00Z,278.81,279.01,278.75,278.79,39737,278.896,1084
AAPL,2026-02-11T17:14:00Z,278.84,278.85,278.66,278.7,86573,278.729,998
AAPL,2026-02-11T17:15:00Z,278.73,278.99,278.715,278.915,113780,278.892,1205
AAPL,2026-02-11T17:16:00Z,278.91,279.28,278.82,279.24,118889,279.114,1659
AAPL,2026-02-11T17:17:00Z,279.26,279.49,279.18,279.31,162672,279.387,1433
AAPL,2026-02-11T17:18:00Z,279.3,279.455,279.23,279.385,46287,279.33,1011
AAPL,2026-02-11T17:19:00Z,279.4,279.42,279.155,279.366,55463,279.296,1047
AAPL,2026-02-11T17:20:00Z,279.37,279.45,279.32,279.41,38715,279.394,1082
AAPL,2026-02-11T17:21:00Z,279.43,279.48,279.35,279.37,41203,279.417,1101
AAPL,2026-02-11T17:22:00Z,279.39,279.428,279.29,279.355,36459,279.344,1057
AAPL,2026-02-11T17:23:00Z,279.38,279.54,279.33,279.54,45774,279.434,1169
AAPL,2026-02-11T17:24:00Z,279.54,279.71,279.54,279.7,63940,279.654,1193
AAPL,2026-02-11T17:25:00Z,279.73,279.92,279.72,279.81,84024,279.83,1481
AAPL,2026-02-11T17:26:00Z,279.82,280.08,279.785,280.01,404748,279.984,6455
AAPL,2026-02-11T17:27:00Z,280.03,280.05,279.83,279.945,100628,279.961,1834
AAPL,2026-02-11T17:28:00Z,279.94,280.12,279.853,280.095,112574,279.988,1965
AAPL,2026-02-11T17:29:00Z,280.101,280.18,279.795,279.945,97301,280.014,1851
AAPL,2026-02-11T17:30:00Z,279.91,280.01,279.77,279.87,68985,279.856,1321
AAPL,2026-02-11T17:31:00Z,279.87,280.15,279.85,279.86,91534,280.007,1504
AAPL,2026-02-11T17:32:00Z,279.86,279.9,279.719,279.75,59612,279.808,1225
AAPL,2026-02-11T17:33:00Z,279.77,279.93,279.68,279.93,41938,279.8,1012
AAPL,2026-02-11T17:34:00Z,279.93,279.93,279.76,279.802,45487,279.855,1102
AAPL,2026-02-11T17:35:00Z,279.82,279.91,279.78,279.78,38809,279.849,942
AAPL,2026-02-11T17:36:00Z,279.795,279.86,279.76,279.83,32412,279.812,883
AAPL,2026-02-11T17:37:00Z,279.86,280.1,279.8,280.055,50909,279.961,1118
AAPL,2026-02-11T17:38:00Z,280.06,280.07,279.7,279.76,37492,279.881,940
AAPL,2026-02-11T17:39:00Z,279.73,279.74,279.4,279.48,87561,279.566,1540
AAPL,2026-02-11T17:40:00Z,279.47,279.915,279.47,279.9,45979,279.736,1086
AAPL,2026-02-11T17:41:00Z,279.884,279.884,279.739,279.785,45799,279.79,952
AAPL,2026-02-11T17:42:00Z,279.775,279.775,279.605,279.7,28276,279.691,745
AAPL,2026-02-11T17:43:00Z,279.68,279.7,279.51,279.52,33765,279.588,996
AAPL,2026-02-11T17:44:00Z,279.53,279.79,279.47,279.765,37966,279.574,829
AAPL,2026-02-11T17:45:00Z,279.75,279.898,279.72,279.725,31719,279.798,875
AAPL,2026-02-11T17:46:00Z,279.74,279.78,279.67,279.762,35158,279.728,877
AAPL,2026-02-11T17:47:00Z,279.77,279.8,279.645,279.72,25446,279.723,791
AAPL,2026-02-11T17:48:00Z,279.73,279.89,279.69,279.8,41711,279.783,936
AAPL,2026-02-11T17:49:00Z,279.82,280.01,279.78,279.94,70172,279.926,1343
AAPL,2026-02-11T17:50:00Z,279.895,279.99,279.81,279.97,48176,279.893,950
AAPL,2026-02-11T17:51:00Z,279.96,280.1,279.9,279.93,91698,280.007,1533
AAPL,2026-02-11T17:52:00Z,279.929,279.929,279.8,279.89,36216,279.855,772
AAPL,2026-02-11T17:53:00Z,279.85,279.85,279.67,279.73,37190,279.742,870
AAPL,2026-02-11T17:54:00Z,279.7,279.76,279.69,279.69,45483,279.723,1007
AAPL,2026-02-11T17:55:00Z,279.695,279.715,279.51,279.57,52892,279.651,963
AAPL,2026-02-11T17:56:00Z,279.565,279.67,279.49,279.5,79587,279.598,1406
AAPL,2026-02-11T17:57:00Z,279.52,279.53,279.41,279.48,35430,279.485,886
AAPL,2026-02-11T17:58:00Z,279.49,279.56,279.36,279.51,35849,279.471,998
AAPL,2026-02-11T17:59:00Z,279.53,279.56,279.39,279.42,38100,279.456,879
AAPL,2026-02-11T18:00:00Z,279.42,279.69,279.37,279.64,48987,279.547,1127
AAPL,2026-02-11T18:01:00Z,279.655,279.69,279.52,279.59,65752,279.617,1382
AAPL,2026-02-11T18:02:00Z,279.59,279.6,279.325,279.53,67003,279.445,1409
AAPL,2026-02-11T18:03:00Z,279.51,279.64,279.48,279.51,33669,279.569,880
AAPL,2026-02-11T18:04:00Z,279.48,279.495,279.27,279.27,62265,279.362,1125
AAPL,2026-02-11T18:05:00Z,279.27,279.3,279.15,279.15,23166,279.24,783
AAPL,2026-02-11T18:06:00Z,279.13,279.19,278.95,278.95,44712,279.065,1087
AAPL,2026-02-11T18:07:00Z,278.96,279.03,278.92,278.99,24396,278.963,732
AAPL,2026-02-11T18:08:00Z,279.02,279.05,278.83,278.88,28287,278.922,867
AAPL,2026-02-11T18:09:00Z,278.92,278.92,278.81,278.83,37186,278.862,861
AAPL,2026-02-11T18:10:00Z,278.83,278.83,278.54,278.558,82575,278.685,1389
AAPL,2026-02-11T18:11:00Z,278.565,278.8,278.5,278.704,67587,278.604,1109
AAPL,2026-02-11T18:12:00Z,278.69,278.83,278.585,278.73,37372,278.693,980
AAPL,2026-02-11T18:13:00Z,278.745,278.85,278.69,278.775,26112,278.761,911
AAPL,2026-02-11T18:14:00Z,278.77,278.79,278.635,278.67,39841,278.724,907
AAPL,2026-02-11T18:15:00Z,278.66,278.72,278.56,278.63,116996,278.623,1317
AAPL,2026-02-11T18:16:00Z,278.64,278.808,278.64,278.8,58736,278.742,1203
AAPL,2026-02-11T18:17:00Z,278.785,278.83,278.68,278.82,32690,278.77,938
AAPL,2026-02-11T18:18:00Z,278.82,278.96,278.82,278.855,122417,278.868,1310
AAPL,2026-02-11T18:19:00Z,278.88,278.99,278.82,278.94,55302,278.929,936
AAPL,2026-02-11T18:20:00Z,278.94,278.98,278.79,278.8,52017,278.867,1191
AAPL,2026-02-11T18:21:00Z,278.805,278.93,278.78,278.89,23736,278.871,502
AAPL,2026-02-11T18:22:00Z,278.9,278.96,278.74,278.96,32624,278.85,789
AAPL,2026-02-11T18:23:00Z,278.96,279.165,278.93,279.135,57642,279.044,943
AAPL,2026-02-11T18:24:00Z,279.135,279.135,278.96,278.97,25300,279.063,765
AAPL,2026-02-11T18:25:00Z,278.96,278.97,278.85,278.915,22966,278.907,617
AAPL,2026-02-11T18:26:00Z,278.915,278.975,278.82,278.975,31035,278.894,712
AAPL,2026-02-11T18:27:00Z,279.01,279.03,278.87,278.91,30374,278.941,662
AAPL,2026-02-11T18:28:00Z,278.91,279.07,278.88,279.041,32323,278.984,705
AAPL,2026-02-11T18:29:00Z,279.05,279.05,278.89,278.95,27383,278.995,733
AAPL,2026-02-11T18:30:00Z,278.935,279.07,278.92,278.925,40849,279.012,961
AAPL,2026-02-11T18:31:00Z,278.935,279.03,278.92,279.03,35138,278.996,951
AAPL,2026-02-11T18:32:00Z,279.035,279.035,278.86,278.915,35594,278.945,793
AAPL,2026-02-11T18:33:00Z,278.915,279.04,278.9,278.91,28906,278.944,701
AAPL,2026-02-11T18:34:00Z,278.925,278.95,278.83,278.85,37010,278.881,713
AAPL,2026-02-11T18:35:00Z,278.845,279.05,278.8,278.8,53336,278.965,916
AAPL,2026-02-11T18:36:00Z,278.795,278.87,278.75,278.8,23757,278.814,667
AAPL,2026-02-11T18:37:00Z,278.79,278.88,278.79,278.865,20016,278.838,570
AAPL,2026-02-11T18:38:00Z,278.85,278.91,278.78,278.86,31458,278.827,807
AAPL,2026-02-11T18:39:00Z,278.875,278.94,278.875,278.91,15405,278.912,564
AAPL,2026-02-11T18:40:00Z,278.89,278.91,278.73,278.74,27534,278.822,741
AAPL,2026-02-11T18:41:00Z,278.735,278.76,278.65,278.685,44737,278.705,787
AAPL,2026-02-11T18:42:00Z,278.72,278.74,278.62,278.735,78663,278.651,914
AAPL,2026-02-11T18:43:00Z,278.75,278.81,278.67,278.81,33015,278.714,775
AAPL,2026-02-11T18:44:00Z,278.81,278.82,278.69,278.805,23766,278.76,620
AAPL,2026-02-11T18:45:00Z,278.819,278.9,278.805,278.855,52323,278.867,797
AAPL,2026-02-11T18:46:00Z,278.84,279.01,278.8,278.99,51116,278.937,747
AAPL,2026-02-11T18:47:00Z,278.99,279,278.88,278.91,33280,278.925,738
AAPL,2026-02-11T18:48:00Z,278.88,278.905,278.8,278.865,21948,278.853,584
AAPL,2026-02-11T18:49:00Z,278.895,278.945,278.875,278.875,26975,278.907,446
AAPL,2026-02-11T18:50:00Z,278.89,278.898,278.76,278.805,57485,278.817,1479
AAPL,2026-02-11T18:51:00Z,278.82,278.86,278.77,278.77,21702,278.814,520
AAPL,2026-02-11T18:52:00Z,278.76,278.86,278.67,278.845,31425,278.735,615
AAPL,2026-02-11T18:53:00Z,278.83,278.84,278.75,278.76,31942,278.801,666
AAPL,2026-02-11T18:54:00Z,278.769,278.88,278.72,278.775,39895,278.784,979
AAPL,2026-02-11T18:55:00Z,278.79,278.79,278.69,278.745,62938,278.722,741
AAPL,2026-02-11T18:56:00Z,278.745,278.87,278.74,278.86,19813,278.805,561
AAPL,2026-02-11T18:57:00Z,278.86,278.91,278.834,278.86,23985,278.865,551
AAPL,2026-02-11T18:58:00Z,278.86,278.895,278.75,278.85,55031,278.84,836
AAPL,2026-02-11T18:59:00Z,278.86,278.95,278.85,278.893,37002,278.892,793
AAPL,2026-02-11T19:00:00Z,278.88,278.94,278.81,278.905,28468,278.874,778
AAPL,2026-02-11T19:01:00Z,278.91,278.95,278.795,278.8,29051,278.873,701
AAPL,2026-02-11T19:02:00Z,278.78,278.92,278.771,278.865,29714,278.851,852
AAPL,2026-02-11T19:03:00Z,278.86,278.875,278.79,278.79,29415,278.842,699
AAPL,2026-02-11T19:04:00Z,278.79,279.03,278.78,279.015,73304,278.956,1006
AAPL,2026-02-11T19:05:00Z,279.02,279.05,278.96,278.99,41451,279.001,858
AAPL,2026-02-11T19:06:00Z,278.98,278.98,278.85,278.85,20562,278.901,625
AAPL,2026-02-11T19:07:00Z,278.855,278.86,278.72,278.77,29631,278.786,750
AAPL,2026-02-11T19:08:00Z,278.75,278.79,278.725,278.745,25032,278.762,728
AAPL,2026-02-11T19:09:00Z,278.74,278.76,278.5,278.7,223961,278.606,3750
AAPL,2026-02-11T19:10:00Z,278.71,278.71,278.51,278.615,47645,278.593,1026
AAPL,2026-02-11T19:11:00Z,278.615,278.73,278.55,278.73,40030,278.617,905
AAPL,2026-02-11T19:12:00Z,278.72,278.73,278.65,278.7,46108,278.69,746
AAPL,2026-02-11T19:13:00Z,278.715,278.96,278.715,278.9,138549,278.811,1339
AAPL,2026-02-11T19:14:00Z,278.93,278.94,278.83,278.86,34170,278.902,738
AAPL,2026-02-11T19:15:00Z,278.84,278.9,278.84,278.86,23923,278.869,606
AAPL,2026-02-11T19:16:00Z,278.85,278.98,278.85,278.97,36477,278.923,789
AAPL,2026-02-11T19:17:00Z,278.95,279.02,278.89,278.975,45770,278.973,741
AAPL,2026-02-11T19:18:00Z,278.965,278.99,278.91,278.95,35932,278.956,774
AAPL,2026-02-11T19:19:00Z,278.95,279.05,278.95,279.05,37131,279.012,715
AAPL,2026-02-11T19:20:00Z,279.03,279.04,278.925,278.99,43883,278.996,844
AAPL,2026-02-11T19:21:00Z,278.985,278.99,278.84,278.94,36140,278.939,674
AAPL,2026-02-11T19:22:00Z,278.92,278.92,278.76,278.78,43225,278.854,974
AAPL,2026-02-11T19:23:00Z,278.76,278.86,278.76,278.845,40524,278.825,798
AAPL,2026-02-11T19:24:00Z,278.845,279.04,278.84,278.95,67140,278.922,1058
AAPL,2026-02-11T19:25:00Z,278.96,279.44,278.96,279.43,137095,279.131,1771
AAPL,2026-02-11T19:26:00Z,279.43,279.5,279.39,279.45,74517,279.455,1443
AAPL,2026-02-11T19:27:00Z,279.453,279.67,279.45,279.62,63539,279.557,992
AAPL,2026-02-11T19:28:00Z,279.62,279.66,279.56,279.58,51959,279.611,884
AAPL,2026-02-11T19:29:00Z,279.58,279.61,279.5,279.58,45745,279.563,725
AAPL,2026-02-11T19:30:00Z,279.58,279.61,279.335,279.35,53682,279.485,1062
AAPL,2026-02-11T19:31:00Z,279.36,279.4,279.21,279.25,62159,279.283,1244
AAPL,2026-02-11T19:32:00Z,279.25,279.25,279.08,279.14,40980,279.146,889
AAPL,2026-02-11T19:33:00Z,279.11,279.2,279.025,279.17,49243,279.119,1063
AAPL,2026-02-11T19:34:00Z,279.18,279.18,278.95,278.97,56225,279.039,791
AAPL,2026-02-11T19:35:00Z,278.96,279.095,278.94,279,34279,279.033,801
AAPL,2026-02-11T19:36:00Z,279.02,279.05,278.95,279.015,26509,278.997,585
AAPL,2026-02-11T19:37:00Z,279.014,279.02,278.85,278.87,41737,278.93,705
AAPL,2026-02-11T19:38:00Z,278.873,278.96,278.82,278.91,31005,278.899,808
AAPL,2026-02-11T19:39:00Z,278.89,278.97,278.85,278.86,45392,278.902,631
AAPL,2026-02-11T19:40:00Z,278.853,278.99,278.83,278.859,49253,278.874,667
AAPL,2026-02-11T19:41:00Z,278.86,279.1,278.84,279,80145,278.974,1367
AAPL,2026-02-11T19:42:00Z,278.99,279.05,278.75,278.765,48191,278.836,639
AAPL,2026-02-11T19:43:00Z,278.765,278.765,278.59,278.61,38416,278.679,822
AAPL,2026-02-11T19:44:00Z,278.61,278.91,278.58,278.87,52946,278.732,1014
AAPL,2026-02-11T19:45:00Z,278.85,278.89,274.958,275.22,1.06089e+06,276.783,21153
AAPL,2026-02-11T19:46:00Z,275.2,277.46,274.8,277.065,994399,276.391,14250
AAPL,2026-02-11T19:47:00Z,277.09,277.39,276.55,277.3,484814,276.997,6134
AAPL,2026-02-11T19:48:00Z,277.3,277.85,277.05,277.62,298258,277.428,3839
AAPL,2026-02-11T19:49:00Z,277.62,277.76,275.63,276.29,502585,276.484,8010
AAPL,2026-02-11T19:50:00Z,276.31,276.74,275.67,276.7,265511,276.228,3598
AAPL,2026-02-11T19:51:00Z,276.68,277.16,276.5,277.03,171144,276.847,2296
AAPL,2026-02-11T19:52:00Z,277.02,277.06,276.24,276.36,170048,276.648,2426
AAPL,2026-02-11T19:53:00Z,276.35,276.39,275.75,275.9,165346,276.031,2385
AAPL,2026-02-11T19:54:00Z,275.917,276.19,275.36,276.14,322859,275.847,4673
AAPL,2026-02-11T19:55:00Z,276.14,276.57,276.13,276.225,156228,276.384,1995
AAPL,2026-02-11T19:56:00Z,276.265,276.48,276.025,276.45,139894,276.271,1793
AAPL,2026-02-11T19:57:00Z,276.44,276.62,276.13,276.52,93338,276.38,1305
AAPL,2026-02-11T19:58:00Z,276.48,276.84,276.353,276.435,192585,276.602,2383
AAPL,2026-02-11T19:59:00Z,276.4,277.26,276.312,276.57,329566,276.7,4331
AAPL,2026-02-11T20:00:00Z,276.58,276.79,276.27,276.79,138022,276.461,1992
AAPL,2026-02-11T20:01:00Z,276.76,277.2,276.66,276.96,219897,276.91,2858
AAPL,2026-02-11T20:02:00Z,276.925,276.97,276.45,276.58,130289,276.688,1556
AAPL,2026-02-11T20:03:00Z,276.615,276.62,276.17,276.288,133769,276.29,1392
AAPL,2026-02-11T20:04:00Z,276.3,276.58,276.25,276.43,65368,276.476,942
AAPL,2026-02-11T20:05:00Z,276.405,276.6,276.35,276.555,46491,276.458,863
AAPL,2026-02-11T20:06:00Z,276.555,277.29,276.531,277.15,165968,276.931,1853
AAPL,2026-02-11T20:07:00Z,277.19,277.23,276.95,277.06,110746,277.083,1333
AAPL,2026-02-11T20:08:00Z,277.03,277.07,276.84,276.905,59134,276.946,935
AAPL,2026-02-11T20:09:00Z,276.89,276.9,276.55,276.55,52435,276.728,992
AAPL,2026-02-11T20:10:00Z,276.585,276.8,276.48,276.62,60767,276.654,1029
AAPL,2026-02-11T20:11:00Z,276.63,277,276.63,276.94,90435,276.821,1301
AAPL,2026-02-11T20:12:00Z,276.945,276.945,276.59,276.66,46616,276.733,779
AAPL,2026-02-11T20:13:00Z,276.66,276.696,276.32,276.33,45521,276.501,787
AAPL,2026-02-11T20:14:00Z,276.336,276.36,276.2,276.243,62086,276.293,946
AAPL,2026-02-11T20:15:00Z,276.23,276.29,276.15,276.2,72795,276.221,924
AAPL,2026-02-11T20:16:00Z,276.193,276.24,276.01,276.225,85862,276.113,1254
AAPL,2026-02-11T20:17:00Z,276.21,276.21,276.02,276.02,63705,276.082,972
AAPL,2026-02-11T20:18:00Z,276.04,276.07,275.9,275.95,101776,275.96,1480
AAPL,2026-02-11T20:19:00Z,275.95,276.04,275.786,275.875,110626,275.915,1490
AAPL,2026-02-11T20:20:00Z,275.86,275.87,275.56,275.632,157694,275.673,1991
AAPL,2026-02-11T20:21:00Z,275.62,275.62,275.14,275.16,124231,275.393,1975
AAPL,2026-02-11T20:22:00Z,275.16,275.52,275.07,275.4,161692,275.288,2181
AAPL,2026-02-11T20:23:00Z,275.4,275.46,275.1,275.46,120471,275.248,1755
AAPL,2026-02-11T20:24:00Z,275.49,275.52,275.11,275.29,96879,275.325,1595
AAPL,2026-02-11T20:25:00Z,275.27,275.46,275.02,275.44,151459,275.211,2041
AAPL,2026-02-11T20:26:00Z,275.47,275.7,275.39,275.69,98646,275.556,1495
AAPL,2026-02-11T20:27:00Z,275.675,276,275.57,275.88,97238,275.849,1456
AAPL,2026-02-11T20:28:00Z,275.89,275.98,275.735,275.785,62894,275.863,1185
AAPL,2026-02-11T20:29:00Z,275.8,276.08,275.69,276.05,97527,275.898,1794
AAPL,2026-02-11T20:30:00Z,276.01,276.115,275.86,275.93,72228,275.981,1421
AAPL,2026-02-11T20:31:00Z,275.91,276.23,275.9,276.21,71354,276.035,1188
AAPL,2026-02-11T20:32:00Z,276.185,276.35,276.125,276.26,61037,276.252,1040
AAPL,2026-02-11T20:33:00Z,276.245,276.338,276.149,276.23,69993,276.248,1050
AAPL,2026-02-11T20:34:00Z,276.22,276.31,276.07,276.16,55372,276.187,975
AAPL,2026-02-11T20:35:00Z,276.13,276.275,276.09,276.12,52201,276.185,939
AAPL,2026-02-11T20:36:00Z,276.12,276.35,276.06,276.34,73230,276.193,1289
AAPL,2026-02-11T20:37:00Z,276.34,276.42,276.06,276.08,84441,276.223,1351
AAPL,2026-02-11T20:38:00Z,276.08,276.183,276,276.17,48397,276.096,977
AAPL,2026-02-11T20:39:00Z,276.15,276.26,276.06,276.245,82062,276.166,1283
AAPL,2026-02-11T20:40:00Z,276.255,276.48,276.24,276.44,67098,276.36,1190
AAPL,2026-02-11T20:41:00Z,276.425,276.55,276.34,276.415,78032,276.441,1048
AAPL,2026-02-11T20:42:00Z,276.38,276.47,276.31,276.36,73632,276.384,1150
AAPL,2026-02-11T20:43:00Z,276.335,276.45,276.3,276.45,72329,276.375,996
AAPL,2026-02-11T20:44:00Z,276.469,276.469,276.22,276.285,68081,276.338,1215
AAPL,2026-02-11T20:45:00Z,276.281,276.35,276.062,276.175,59942,276.203,1154
AAPL,2026-02-11T20:46:00Z,276.16,276.259,276.12,276.19,55747,276.196,1103
AAPL,2026-02-11T20:47:00Z,276.19,276.28,276.14,276.2,47744,276.222,858
AAPL,2026-02-11T20:48:00Z,276.16,276.19,276.04,276.13,51716,276.118,1095
AAPL,2026-02-11T20:49:00Z,276.13,276.13,275.94,276.055,70244,276.026,1461
AAPL,2026-02-11T20:50:00Z,276.06,276.08,275.613,275.685,167993,275.8,3103
AAPL,2026-02-11T20:51:00Z,275.69,275.74,275.51,275.7,110204,275.656,1794
AAPL,2026-02-11T20:52:00Z,275.69,275.85,275.665,275.78,130128,275.727,2078
AAPL,2026-02-11T20:53:00Z,275.82,276.22,275.82,276.22,156604,276.094,2374
AAPL,2026-02-11T20:54:00Z,276.21,276.32,276,276.28,142060,276.145,2495
AAPL,2026-02-11T20:55:00Z,276.28,276.28,275.5,275.78,353134,275.783,4765
AAPL,2026-02-11T20:56:00Z,275.79,275.87,275.69,275.72,228202,275.766,2872
AAPL,2026-02-11T20:57:00Z,275.72,275.92,275.65,275.77,252794,275.798,3160
AAPL,2026-02-11T20:58:00Z,275.77,276.01,275.71,275.755,380730,275.802,4701
AAPL,2026-02-11T20:59:00Z,275.78,276.04,275.37,275.49,889841,275.724,10391
AAPL,2026-02-11T21:00:00Z,275.49,276.03,275.47,275.75,6.94965e+06,275.501,311
AAPL,2026-02-11T21:01:00Z,275.6,275.9,275.53,275.63,30524,275.721,119
AAPL,2026-02-11T21:02:00Z,275.73,275.84,275.7,275.7,443144,275.771,81
AAPL,2026-02-11T21:03:00Z,275.74,275.74,275.72,275.72,1289,275.723,34
AAPL,2026-02-11T21:04:00Z,275.71,275.71,275.5,275.65,8847,275.631,68
AAPL,2026-02-11T21:05:00Z,275.69,275.69,275.69,275.69,68998,275.69,46
AAPL,2026-02-11T21:06:00Z,275.6,275.62,275.59,275.59,2535,275.607,73
AAPL,2026-02-11T21:07:00Z,275.67,275.67,275.59,275.59,681,275.632,15
AAPL,2026-02-11T21:08:00Z,275.74,275.74,275.74,275.74,531,275.74,13
AAPL,2026-02-11T21:09:00Z,275.74,275.77,275.74,275.77,1453,275.758,87
AAPL,2026-02-11T21:10:00Z,275.77,275.77,275.5,275.5,40805,275.545,171
AAPL,2026-02-11T21:11:00Z,275.857,276,275.6,275.8,23686,275.905,210
AAPL,2026-02-11T21:12:00Z,275.8,275.92,275.75,275.79,4349,275.802,90
AAPL,2026-02-11T21:13:00Z,275.79,275.79,275.78,275.78,741,275.784,15
AAPL,2026-02-11T21:14:00Z,275.87,275.88,275.7,275.7,6515,275.758,76
AAPL,2026-02-11T21:15:00Z,275.64,275.94,275.64,275.94,7617,275.704,55
AAPL,2026-02-11T21:16:00Z,275.95,276.08,275.95,276.08,1422,276.015,47
AAPL,2026-02-11T21:17:00Z,276,276.11,276,276.07,2749,276.045,32
AAPL,2026-02-11T21:18:00Z,276.01,276.13,275.884,275.884,2803,276.043,44
AAPL,2026-02-11T21:20:00Z,276.05,276.05,275.99,275.99,9783,275.996,18
AAPL,2026-02-11T21:21:00Z,275.94,276.11,275.94,276.01,1480,276.023,40
AAPL,2026-02-11T21:22:00Z,276.01,276.01,275.75,275.75,7038,275.804,67
AAPL,2026-02-11T21:23:00Z,275.8,275.8,275.75,275.75,3084,275.753,28
AAPL,2026-02-11T21:24:00Z,275.84,275.84,275.825,275.825,420,275.832,15
AAPL,2026-02-11T21:25:00Z,275.85,275.85,275.85,275.85,2238,275.85,21
AAPL,2026-02-11T21:26:00Z,275.91,275.91,275.91,275.91,471,275.91,19
AAPL,2026-02-11T21:27:00Z,275.88,275.88,275.8,275.8,1997,275.837,16
AAPL,2026-02-11T21:29:00Z,275.99,275.99,275.99,275.99,565,275.99,12
AAPL,2026-02-11T21:30:00Z,275.97,275.97,275.88,275.88,1132,275.959,29
AAPL,2026-02-11T21:31:00Z,275.76,275.76,275.76,275.76,396,275.76,14
AAPL,2026-02-11T21:32:00Z,275.76,275.99,275.76,275.99,341,275.875,15
AAPL,2026-02-11T21:34:00Z,275.5,275.966,275.5,275.966,24446,275.502,8
AAPL,2026-02-11T21:35:00Z,275.99,275.99,275.96,275.96,868,275.968,27
AAPL,2026-02-11T21:36:00Z,275.82,275.82,275.82,275.82,274,275.82,5
AAPL,2026-02-11T21:39:00Z,275.9,275.9,275.9,275.9,1233,275.9,33
AAPL,2026-02-11T21:40:00Z,275.89,275.89,275.88,275.88,882,275.887,16
AAPL,2026-02-11T21:41:00Z,275.96,275.96,275.96,275.96,790,275.96,39
AAPL,2026-02-11T21:42:00Z,275.98,275.98,275.97,275.97,1350,275.971,29
AAPL,2026-02-11T21:44:00Z,275.97,275.97,275.97,275.97,232,275.97,20
AAPL,2026-02-11T21:45:00Z,276,276.17,276,276.17,4685,276.126,62
AAPL,2026-02-11T21:46:00Z,276.08,276.1,276.08,276.1,506,276.093,8
AAPL,2026-02-11T21:47:00Z,276.01,276.01,276.01,276.01,223,276.01,16
AAPL,2026-02-11T21:48:00Z,276.06,276.06,276.06,276.06,285,276.06,9
AAPL,2026-02-11T21:49:00Z,276.02,276.05,276.02,276.05,700343,276.035,18
AAPL,2026-02-11T21:53:00Z,276.06,276.06,276.03,276.03,186791,276.036,41
AAPL,2026-02-11T21:55:00Z,276.2,276.2,276.2,276.2,321,276.2,6
AAPL,2026-02-11T21:56:00Z,276.15,276.15,276.08,276.08,574,276.117,18
AAPL,2026-02-11T21:57:00Z,276.1,276.1,276.1,276.1,1596,276.1,40
AAPL,2026-02-11T21:59:00Z,275.96,275.96,275.92,275.92,497,275.94,20
AAPL,2026-02-11T22:01:00Z,275.9,275.9,275.9,275.9,303,275.9,14
AAPL,2026-02-11T22:03:00Z,275.9,275.93,275.9,275.92,2068,275.913,16
AAPL,2026-02-11T22:04:00Z,275.92,276.02,275.92,276.02,1955,275.978,9
AAPL,2026-02-11T22:05:00Z,276.02,276.02,276.02,276.02,168,276.02,3
AAPL,2026-02-11T22:07:00Z,275.98,275.98,275.9,275.9,2933,275.946,26
AAPL,2026-02-11T22:09:00Z,275.89,275.89,275.89,275.89,871,275.89,27
AAPL,2026-02-11T22:11:00Z,275.92,275.92,275.88,275.88,752,275.892,9
AAPL,2026-02-11T22:13:00Z,275.882,275.882,275.882,275.882,124,275.882,3
AAPL,2026-02-11T22:14:00Z,275.88,275.885,275.83,275.85,1089,275.866,33
AAPL,2026-02-11T22:17:00Z,275.81,275.81,275.81,275.81,213,275.81,16
AAPL,2026-02-11T22:21:00Z,275.798,275.798,275.798,275.798,125,275.798,8
AAPL,2026-02-11T22:22:00Z,275.801,275.89,275.801,275.89,422,275.851,15
AAPL,2026-02-11T22:26:00Z,275.77,275.77,275.77,275.77,205,275.77,14
AAPL,2026-02-11T22:27:00Z,275.821,275.821,275.821,275.821,116,275.821,9
AAPL,2026-02-11T22:28:00Z,275.83,275.83,275.75,275.8,3668,275.768,41
AAPL,2026-02-11T22:29:00Z,275.808,275.808,275.808,275.808,558,275.808,9
AAPL,2026-02-11T22:30:00Z,275.82,275.82,275.82,275.82,347,275.82,18
AAPL,2026-02-11T22:33:00Z,275.75,275.75,275.75,275.75,433787,275.75,6
AAPL,2026-02-11T22:34:00Z,275.91,275.95,275.91,275.95,522,275.938,17
AAPL,2026-02-11T22:36:00Z,275.94,275.94,275.79,275.79,1588,275.89,9
AAPL,2026-02-11T22:39:00Z,275.798,275.798,275.798,275.798,271,275.798,15
AAPL,2026-02-11T22:40:00Z,275.8,275.8,275.8,275.8,723,275.8,16
AAPL,2026-02-11T22:46:00Z,275.94,275.94,275.828,275.828,370,275.902,6
AAPL,2026-02-11T22:47:00Z,275.82,275.82,275.82,275.82,272,275.82,7
AAPL,2026-02-11T22:49:00Z,275.84,275.84,275.8,275.8,710,275.811,11
AAPL,2026-02-11T22:50:00Z,275.9,275.9,275.9,275.9,1056,275.9,4
AAPL,2026-02-11T22:51:00Z,275.9,275.94,275.9,275.94,528,275.92,12
AAPL,2026-02-11T22:53:00Z,275.94,276.16,275.94,276.14,3366,276.082,35
AAPL,2026-02-11T22:55:00Z,276.166,276.166,276.166,276.166,300,276.166,2
AAPL,2026-02-11T22:57:00Z,276.2,276.2,276.2,276.2,565,276.2,11
AAPL,2026-02-11T22:59:00Z,276.02,276.02,276.02,276.02,209,276.02,5
AAPL,2026-02-11T23:00:00Z,276,276,275.81,275.81,1389,275.911,32
AAPL,2026-02-11T23:01:00Z,275.82,276.1,275.82,276.1,676,275.915,18
AAPL,2026-02-11T23:04:00Z,275.86,276.15,275.84,276.15,600,276.002,4
AAPL,2026-02-11T23:08:00Z,275.84,275.84,275.84,275.84,295,275.84,12
AAPL,2026-02-11T23:09:00Z,275.84,275.84,275.84,275.84,395,275.84,15
AAPL,2026-02-11T23:10:00Z,275.82,275.85,275.82,275.85,549,275.842,18
AAPL,2026-02-11T23:12:00Z,275.83,275.83,275.75,275.81,7956,275.768,27
AAPL,2026-02-11T23:13:00Z,275.75,275.75,275.75,275.75,5200,275.75,11
AAPL,2026-02-11T23:14:00Z,275.81,275.92,275.81,275.9,5546,275.862,31
AAPL,2026-02-11T23:15:00Z,275.75,275.77,275.65,275.65,2905,275.718,44
AAPL,2026-02-11T23:17:00Z,275.87,275.87,275.87,275.87,177,275.87,7
AAPL,2026-02-11T23:20:00Z,275.7,275.85,275.7,275.85,255,275.782,9
AAPL,2026-02-11T23:21:00Z,275.72,275.72,275.72,275.72,225,275.72,8
AAPL,2026-02-11T23:22:00Z,275.83,275.83,275.83,275.83,103,275.83,4
AAPL,2026-02-11T23:28:00Z,275.77,275.97,275.77,275.95,8303,275.947,63
AAPL,2026-02-11T23:33:00Z,275.79,275.79,275.7,275.7,1373,275.745,49
AAPL,2026-02-11T23:34:00Z,275.77,275.77,275.651,275.651,338,275.691,5
AAPL,2026-02-11T23:36:00Z,275.66,275.66,275.66,275.66,495,275.66,20
AAPL,2026-02-11T23:42:00Z,275.728,275.728,275.728,275.728,154,275.728,7
AAPL,2026-02-11T23:43:00Z,275.65,275.65,275.65,275.65,325,275.65,7
AAPL,2026-02-11T23:44:00Z,275.678,275.678,275.678,275.678,191,275.678,8
AAPL,2026-02-11T23:45:00Z,275.65,275.65,275.65,275.65,199,275.65,6
AAPL,2026-02-11T23:46:00Z,275.67,275.8,275.67,275.8,2063,275.751,16
AAPL,2026-02-11T23:47:00Z,275.812,275.812,275.81,275.81,1058,275.81,3
AAPL,2026-02-11T23:48:00Z,275.66,275.66,275.66,275.66,105,275.66,2
AAPL,2026-02-11T23:49:00Z,275.75,275.75,275.75,275.75,1052,275.75,9
AAPL,2026-02-11T23:51:00Z,275.75,275.75,275.75,275.75,931,275.75,13
AAPL,2026-02-11T23:52:00Z,275.63,275.63,275.61,275.61,683,275.626,12
AAPL,2026-02-11T23:53:00Z,275.61,275.61,275.603,275.603,1728,275.604,6
AAPL,2026-02-11T23:55:00Z,275.65,275.65,275.6,275.6,1626,275.618,14
AAPL,2026-02-12T00:00:00Z,275.6,275.6,275.6,275.6,572,275.6,7
AAPL,2026-02-12T00:02:00Z,275.65,275.65,275.65,275.65,238,275.65,10
AAPL,2026-02-12T00:05:00Z,275.68,275.68,275.68,275.68,316,275.68,9
AAPL,2026-02-12T00:09:00Z,275.67,275.67,275.67,275.67,160,275.67,9
AAPL,2026-02-12T00:11:00Z,275.66,275.66,275.66,275.66,630,275.66,4
AAPL,2026-02-12T00:15:00Z,275.7,275.74,275.7,275.74,354,275.72,11
AAPL,2026-02-12T00:16:00Z,275.7,275.7,275.7,275.7,240,275.7,7
AAPL,2026-02-12T00:20:00Z,275.7,275.75,275.7,275.7,308,275.717,7
AAPL,2026-02-12T00:21:00Z,275.71,275.71,275.71,275.71,156,275.71,8
AAPL,2026-02-12T00:22:00Z,275.71,275.71,275.7,275.7,308,275.703,6
AAPL,2026-02-12T00:23:00Z,275.72,275.72,275.72,275.72,151,275.72,9
AAPL,2026-02-12T00:24:00Z,275.78,275.78,275.78,275.78,156,275.78,9
AAPL,2026-02-12T00:26:00Z,275.74,275.74,275.74,275.74,307,275.74,26
AAPL,2026-02-12T00:27:00Z,275.83,275.83,275.76,275.76,582,275.795,16
AAPL,2026-02-12T00:31:00Z,275.84,275.84,275.76,275.76,340,275.785,6
AAPL,2026-02-12T00:33:00Z,275.76,275.84,275.76,275.84,449,275.814,12
AAPL,2026-02-12T00:34:00Z,276.12,276.12,276.12,276.12,1003,276.12,3
AAPL,2026-02-12T00:35:00Z,275.76,275.83,275.76,275.83,1597,275.766,57
AAPL,2026-02-12T00:44:00Z,275.799,276.08,275.799,276.08,871,275.94,50
AAPL,2026-02-12T00:48:00Z,276.06,276.06,276.06,276.06,335,276.06,8
AAPL,2026-02-12T00:52:00Z,276,276,276,276,332,276,11
AAPL,2026-02-12T00:53:00Z,275.91,275.91,275.77,275.77,1600,275.833,22
AAPL,2026-02-12T00:54:00Z,275.98,275.98,275.98,275.98,803,275.98,15
AAPL,2026-02-12T00:55:00Z,275.99,275.99,275.99,275.99,696,275.99,7
AAPL,2026-02-12T00:56:00Z,275.99,275.99,275.99,275.99,196,275.99,2
AAPL,2026-02-12T00:57:00Z,275.9,275.99,275.801,275.99,774,275.899,12
AAPL,2026-02-12T00:58:00Z,275.99,275.99,275.76,275.76,1504,275.826,11
AAPL,2026-02-12T00:59:00Z,275.99,275.99,275.76,275.9,2402,275.802,10
AAPL,2026-02-12T09:00:00Z,276,276,275.41,275.5,1895,275.552,46
AAPL,2026-02-12T09:01:00Z,275.5,275.52,275.5,275.5,1215,275.504,32
AAPL,2026-02-12T09:06:00Z,275.5,275.5,275.5,275.5,630,275.5,8
AAPL,2026-02-12T09:07:00Z,275.5,275.5,275.5,275.5,205,275.5,5
AAPL,2026-02-12T09:08:00Z,275.4,275.4,275.38,275.38,1146,275.385,16
AAPL,2026-02-12T09:09:00Z,275.49,275.5,275.49,275.5,509,275.496,12
AAPL,2026-02-12T09:10:00Z,275.5,275.5,275.21,275.21,2963,275.441,36
AAPL,2026-02-12T09:11:00Z,275.28,275.28,275.25,275.25,1110,275.254,16
AAPL,2026-02-12T09:12:00Z,275.28,275.3,275.25,275.25,1691,275.275,24
AAPL,2026-02-12T09:14:00Z,275.22,275.22,275.21,275.21,433,275.214,12
AAPL,2026-02-12T09:23:00Z,275.2,275.2,275.15,275.15,729,275.191,23
AAPL,2026-02-12T09:28:00Z,275.3,275.3,275.09,275.09,2429,275.123,35
AAPL,2026-02-12T09:29:00Z,275.05,275.06,275.05,275.05,2316,275.051,50
AAPL,2026-02-12T09:32:00Z,275.18,275.18,275.18,275.18,201,275.18,4
AAPL,2026-02-12T09:36:00Z,275.05,275.15,275.05,275.15,1995,275.086,68
AAPL,2026-02-12T09:39:00Z,275.13,275.13,275.06,275.06,552,275.09,16
AAPL,2026-02-12T09:44:00Z,275.07,275.07,275.07,275.07,229,275.07,4
AAPL,2026-02-12T09:46:00Z,275.06,275.06,274.96,274.96,2335,275.006,74
AAPL,2026-02-12T09:48:00Z,275,275,275,275,575,275,18
AAPL,2026-02-12T09:50:00Z,275.09,275.09,275.09,275.09,439,275.09,9
AAPL,2026-02-12T10:01:00Z,275.17,275.17,275.17,275.17,338,275.17,17
AAPL,2026-02-12T10:03:00Z,275.25,275.25,275.25,275.25,184,275.25,19
AAPL,2026-02-12T10:07:00Z,275.3,275.3,275.29,275.3,1300,275.299,33
AAPL,2026-02-12T10:11:00Z,275.24,275.3,275.22,275.22,1639,275.271,31
AAPL,2026-02-12T10:15:00Z,275.1,275.1,275.08,275.08,1017,275.09,43
AAPL,2026-02-12T10:20:00Z,275,275,274.8,274.8,2466,274.887,92
AAPL,2026-02-12T10:21:00Z,274.8,274.83,274.79,274.81,2019,274.803,36
AAPL,2026-02-12T10:24:00Z,274.99,275,274.99,275,1341,274.999,21
AAPL,2026-02-12T10:27:00Z,274.99,275,274.99,275,600,274.996,3
AAPL,2026-02-12T10:28:00Z,275,275,274.99,275,1656,274.999,44
AAPL,2026-02-12T10:29:00Z,274.99,275,274.99,275,1084,274.999,13
AAPL,2026-02-12T10:30:00Z,275,275,274.99,275,953,274.998,17
AAPL,2026-02-12T10:34:00Z,274.99,275,274.99,275,563,274.998,4
AAPL,2026-02-12T10:35:00Z,274.95,274.95,274.95,274.95,2271,274.95,29
AAPL,2026-02-12T10:41:00Z,274.98,274.98,274.98,274.98,180,274.98,3
AAPL,2026-02-12T10:44:00Z,274.92,274.92,274.92,274.92,202,274.92,4
AAPL,2026-02-12T10:45:00Z,274.9,274.9,274.9,274.9,403,274.9,6
AAPL,2026-02-12T10:46:00Z,274.9,274.9,274.9,274.9,1936,274.9,18
AAPL,2026-02-12T11:02:00Z,274.86,274.86,274.84,274.84,314,274.85,17
AAPL,2026-02-12T11:03:00Z,274.93,275,274.81,274.81,3618,274.925,122
AAPL,2026-02-12T11:04:00Z,274.8,274.85,274.69,274.69,1286,274.797,50
AAPL,2026-02-12T11:07:00Z,274.74,274.74,274.71,274.71,521,274.731,17
AAPL,2026-02-12T11:09:00Z,274.72,274.72,274.67,274.67,1826,274.699,42
AAPL,2026-02-12T11:10:00Z,274.7,274.7,274.7,274.7,294,274.7,13
AAPL,2026-02-12T11:11:00Z,274.68,274.68,274.68,274.68,181,274.68,8
AAPL,2026-02-12T11:13:00Z,274.65,274.65,274.62,274.62,406,274.635,25
AAPL,2026-02-12T11:14:00Z,274.6,274.61,274.6,274.61,825,274.603,31
AAPL,2026-02-12T11:15:00Z,274.65,274.68,274.65,274.68,633,274.673,16
AAPL,2026-02-12T11:16:00Z,274.69,274.7,274.69,274.7,1728,274.698,35
AAPL,2026-02-12T11:22:00Z,274.6,274.6,274.5,274.5,2125,274.546,51
AAPL,2026-02-12T11:23:00Z,274.61,274.69,274.61,274.69,2002,274.668,35
AAPL,2026-02-12T11:27:00Z,274.59,274.59,274.59,274.59,220,274.59,11
AAPL,2026-02-12T11:29:00Z,274.7,274.7,274.7,274.7,897,274.7,59
AAPL,2026-02-12T11:30:00Z,274.7,274.7,274.7,274.7,1182,274.7,22
AAPL,2026-02-12T11:32:00Z,274.61,274.61,274.61,274.61,846,274.61,36
AAPL,2026-02-12T11:36:00Z,274.58,274.6,274.58,274.6,321,274.59,7
AAPL,2026-02-12T11:37:00Z,274.55,274.55,274.55,274.55,230,274.55,9
AAPL,2026-02-12T11:39:00Z,274.52,274.52,273.88,274.01,13548,274.139,344
AAPL,2026-02-12T11:40:00Z,274.2,274.2,274.2,274.2,173,274.2,7
AAPL,2026-02-12T11:43:00Z,274.22,274.22,274.22,274.22,382,274.22,12
AAPL,2026-02-12T11:49:00Z,274.32,274.32,274.32,274.32,111,274.32,3
AAPL,2026-02-12T11:51:00Z,274.4,274.4,274.4,274.4,1325,274.4,18
AAPL,2026-02-12T11:53:00Z,274.45,274.52,274.45,274.5,2471,274.469,66
AAPL,2026-02-12T11:56:00Z,274.48,274.5,274.47,274.5,2061,274.485,79
AAPL,2026-02-12T11:57:00Z,274.43,274.43,274.43,274.43,161,274.43,19
AAPL,2026-02-12T11:58:00Z,274.5,274.5,274.5,274.5,9341,274.5,114
AAPL,2026-02-12T12:00:00Z,274.91,274.95,274.74,274.94,2793,274.915,99
AAPL,2026-02-12T12:01:00Z,274.71,274.72,274.46,274.46,3513,274.52,63
AAPL,2026-02-12T12:11:00Z,274.56,274.58,274.56,274.58,1654,274.566,28
AAPL,2026-02-12T12:15:00Z,274.72,274.75,274.72,274.75,1128,274.743,12
AAPL,2026-02-12T12:16:00Z,274.9,274.9,274.9,274.9,592,274.9,11
AAPL,2026-02-12T12:17:00Z,274.9,274.9,274.9,274.9,479,274.9,12
AAPL,2026-02-12T12:18:00Z,274.85,274.85,274.85,274.85,257,274.85,6
AAPL,2026-02-12T12:21:00Z,274.83,274.83,274.7,274.7,3623,274.764,30
AAPL,2026-02-12T12:22:00Z,274.75,274.75,274.75,274.75,380,274.75,10
AAPL,2026-02-12T12:24:00Z,274.7,274.75,274.7,274.75,547,274.725,19
AAPL,2026-02-12T12:25:00Z,274.82,274.82,274.82,274.82,654,274.82,7
AAPL,2026-02-12T12:26:00Z,274.75,274.75,274.75,274.75,327,274.75,20
AAPL,2026-02-12T12:28:00Z,274.77,274.77,274.77,274.77,201,274.77,6
AAPL,2026-02-12T12:38:00Z,274.77,274.77,274.77,274.77,214,274.77,9
AAPL,2026-02-12T12:39:00Z,274.76,274.76,274.76,274.76,116,274.76,6
AAPL,2026-02-12T12:41:00Z,274.75,274.75,274.74,274.74,455,274.745,17
AAPL,2026-02-12T12:42:00Z,274.8,274.8,274.8,274.8,386,274.8,4
AAPL,2026-02-12T12:43:00Z,274.72,274.72,274.54,274.54,6434,274.573,80
AAPL,2026-02-12T12:46:00Z,274.58,274.58,274.56,274.56,826,274.568,22
AAPL,2026-02-12T12:47:00Z,274.57,274.59,274.57,274.59,303,274.58,6
AAPL,2026-02-12T12:48:00Z,274.56,274.56,274.41,274.41,4145,274.493,118
AAPL,2026-02-12T12:49:00Z,274.36,274.36,274.36,274.36,337,274.36,14
AAPL,2026-02-12T12:50:00Z,274.37,274.37,274.37,274.37,306,274.37,6
AAPL,2026-02-12T12:51:00Z,274.37,274.37,274.08,274.11,11041,274.155,167
AAPL,2026-02-12T12:52:00Z,274.15,274.15,274.15,274.15,1220,274.15,13
AAPL,2026-02-12T12:53:00Z,274.2,274.24,274.2,274.24,669,274.213,11
AAPL,2026-02-12T12:54:00Z,274.24,274.25,274.15,274.15,6062,274.24,13
AAPL,2026-02-12T12:55:00Z,274.14,274.2,274.14,274.2,1261,274.194,17
AAPL,2026-02-12T12:59:00Z,274.29,274.3,274.29,274.29,2975,274.297,32
AAPL,2026-02-12T13:00:00Z,274.74,276.68,274,275.09,92948,274.991,3564
AAPL,2026-02-12T13:01:00Z,274.89,276.16,274.05,274.1,11335,274.442,413
AAPL,2026-02-12T13:02:00Z,274.1,274.1,274.03,274.04,11684,274.044,386
AAPL,2026-02-12T13:03:00Z,274.02,275.42,273.85,275.42,9841,274.103,320
AAPL,2026-02-12T13:04:00Z,273.988,273.988,273.5,273.9,4554,273.789,158
AAPL,2026-02-12T13:05:00Z,273.69,273.84,273.545,273.77,2137,273.737,73
AAPL,2026-02-12T13:06:00Z,273.77,273.77,273.77,273.77,317,273.77,19
AAPL,2026-02-12T13:07:00Z,273.75,273.75,273.75,273.75,369,273.75,23
AAPL,2026-02-12T13:08:00Z,273.866,273.866,273.8,273.8,1066,273.83,28
AAPL,2026-02-12T13:09:00Z,273.766,273.78,273.766,273.78,1445,273.776,15
AAPL,2026-02-12T13:10:00Z,273.77,273.77,273.7,273.75,686,273.74,31
AAPL,2026-02-12T13:11:00Z,273.793,273.84,273.793,273.8,1114,273.816,43
AAPL,2026-02-12T13:12:00Z,273.75,273.79,273.75,273.75,774,273.76,33
AAPL,2026-02-12T13:13:00Z,273.73,273.75,273.61,273.72,4080,273.704,64
AAPL,2026-02-12T13:14:00Z,273.7,273.7,273.7,273.7,1016,273.7,27
AAPL,2026-02-12T13:15:00Z,273.67,273.67,273.64,273.64,1003,273.66,46
AAPL,2026-02-12T13:16:00Z,273.57,273.64,273.57,273.58,2697,273.613,58
AAPL,2026-02-12T13:17:00Z,273.52,273.6,273.47,273.6,7299,273.513,133
AAPL,2026-02-12T13:18:00Z,273.63,273.63,273.63,273.63,702,273.63,26
AAPL,2026-02-12T13:19:00Z,273.639,273.7,273.49,273.7,4913,273.592,91
AAPL,2026-02-12T13:20:00Z,273.5,273.699,273.5,273.699,794,273.566,18
AAPL,2026-02-12T13:21:00Z,273.7,273.7,273.68,273.7,909,273.694,27
AAPL,2026-02-12T13:22:00Z,273.7,273.78,273.5,273.62,4401,273.665,98
AAPL,2026-02-12T13:23:00Z,273.76,273.76,273.6,273.65,2034,273.666,35
AAPL,2026-02-12T13:24:00Z,273.702,273.702,273.518,273.63,1832,273.598,34
AAPL,2026-02-12T13:25:00Z,273.65,273.65,273.577,273.577,1386,273.63,33
AAPL,2026-02-12T13:26:00Z,273.62,273.67,273.62,273.67,991,273.652,41
AAPL,2026-02-12T13:27:00Z,273.644,273.65,273.6,273.6,2155,273.616,60
AAPL,2026-02-12T13:28:00Z,273.56,273.65,273.56,273.56,2420,273.602,63
AAPL,2026-02-12T13:29:00Z,273.565,273.565,273.565,273.565,500,273.565,23
AAPL,2026-02-12T13:30:00Z,273.55,273.55,273.5,273.5,2034,273.521,68
AAPL,2026-02-12T13:31:00Z,273.54,273.54,273.54,273.54,550,273.54,20
AAPL,2026-02-12T13:32:00Z,273.648,273.65,273.642,273.642,1481,273.646,33
AAPL,2026-02-12T13:33:00Z,273.64,273.65,273.59,273.62,1810,273.625,58
AAPL,2026-02-12T13:34:00Z,273.63,273.89,273.63,273.89,3383,273.781,90
AAPL,2026-02-12T13:35:00Z,273.81,273.81,273.8,273.8,1062,273.805,28
AAPL,2026-02-12T13:36:00Z,273.78,274.812,273.78,274.812,709,274.201,20
AAPL,2026-02-12T13:37:00Z,273.85,274.17,273.85,274.17,5526,274.008,125
AAPL,2026-02-12T13:38:00Z,274.13,274.26,274.06,274.07,3170,274.165,84
AAPL,2026-02-12T13:39:00Z,274.1,274.2,274.067,274.2,2772,274.109,51
AAPL,2026-02-12T13:40:00Z,274.09,274.25,274,274.25,6737,274.112,178
AAPL,2026-02-12T13:41:00Z,274.25,274.44,274.25,274.44,938,274.351,60
AAPL,2026-02-12T13:42:00Z,274.35,274.41,274.25,274.32,2984,274.323,69
AAPL,2026-02-12T13:43:00Z,274.3,274.41,274.3,274.41,1461,274.371,34
AAPL,2026-02-12T13:44:00Z,274.4,274.4,274.275,274.31,1718,274.383,30
AAPL,2026-02-12T13:45:00Z,274.25,274.35,274.25,274.35,2013,274.284,61
AAPL,2026-02-12T13:46:00Z,274.3,274.35,274.3,274.35,465,274.33,21
AAPL,2026-02-12T13:47:00Z,274.3,274.38,274.2,274.2,4728,274.264,98
AAPL,2026-02-12T13:48:00Z,274.2,274.2,274.184,274.184,1151,274.196,24
AAPL,2026-02-12T13:49:00Z,274.17,274.22,274.17,274.19,1707,274.201,49
AAPL,2026-02-12T13:50:00Z,274.2,274.2,274.1,274.1,3337,274.146,70
AAPL,2026-02-12T13:51:00Z,274,274.1,274,274.1,2012,274.086,55
AAPL,2026-02-12T13:52:00Z,274.22,274.22,274.22,274.22,431,274.22,18
AAPL,2026-02-12T13:53:00Z,274.18,274.23,274.18,274.23,2017,274.196,46
AAPL,2026-02-12T13:54:00Z,274.2,274.2,274.2,274.2,772,274.2,37
AAPL,2026-02-12T13:55:00Z,274.16,274.188,274.15,274.188,1684,274.164,103
AAPL,2026-02-12T13:56:00Z,274.17,274.3,274.17,274.3,3116,274.271,69
AAPL,2026-02-12T13:57:00Z,274.32,274.45,274.32,274.45,2844,274.349,73
AAPL,2026-02-12T13:58:00Z,274.446,274.46,274.44,274.46,1115,274.453,26
AAPL,2026-02-12T13:59:00Z,274.4,274.46,274.4,274.4,3885,274.413,71
AAPL,2026-02-12T14:00:00Z,274.416,274.47,274.35,274.35,7268,274.402,128
AAPL,2026-02-12T14:01:00Z,274.33,274.33,274.27,274.27,2056,274.287,66
AAPL,2026-02-12T14:02:00Z,274.3,274.32,274.28,274.32,3023,274.301,45
AAPL,2026-02-12T14:03:00Z,274.25,274.25,274.2,274.2,1369,274.214,53
AAPL,2026-02-12T14:04:00Z,274.225,274.225,274.19,274.19,3108,274.2,46
AAPL,2026-02-12T14:05:00Z,274.24,274.32,274.24,274.32,696,274.268,27
AAPL,2026-02-12T14:06:00Z,274.298,274.298,274.264,274.28,1066,274.284,29
AAPL,2026-02-12T14:07:00Z,274.25,274.25,274.16,274.16,520,274.206,19
AAPL,2026-02-12T14:08:00Z,274.28,274.32,274.25,274.312,1457,274.276,43
AAPL,2026-02-12T14:09:00Z,274.319,274.319,274.28,274.28,1060,274.297,42
AAPL,2026-02-12T14:10:00Z,274.28,274.29,274.23,274.24,3906,274.258,100
AAPL,2026-02-12T14:11:00Z,274.22,274.22,274.18,274.21,4507,274.197,80
AAPL,2026-02-12T14:12:00Z,274.19,274.2,274.16,274.16,3931,274.172,88
AAPL,2026-02-12T14:13:00Z,274.18,274.25,274.17,274.23,3252,274.197,72
AAPL,2026-02-12T14:14:00Z,274.18,274.21,274.1,274.13,6388,274.176,99
AAPL,2026-02-12T14:15:00Z,274.07,274.07,274.07,274.07,1274,274.07,29
AAPL,2026-02-12T14:16:00Z,274.11,274.24,274.11,274.24,2645,274.167,53
AAPL,2026-02-12T14:17:00Z,274.2,274.25,274.2,274.24,1769,274.24,66
AAPL,2026-02-12T14:18:00Z,274.29,274.33,274.27,274.33,4275,274.282,80
AAPL,2026-02-12T14:19:00Z,274.33,274.4,274.33,274.4,2634,274.391,65
AAPL,2026-02-12T14:20:00Z,274.4,274.43,274.4,274.43,2208,274.42,47
AAPL,2026-02-12T14:21:00Z,274.45,274.63,274.45,274.63,10448,274.574,155
AAPL,2026-02-12T14:22:00Z,274.55,274.929,274.55,274.7,9827,274.754,204
AAPL,2026-02-12T14:23:00Z,274.8,274.825,274.67,274.67,4067,274.742,83
AAPL,2026-02-12T14:24:00Z,274.55,274.62,274.265,274.55,2099,274.359,54
AAPL,2026-02-12T14:25:00Z,274.68,274.97,274.68,274.97,6737,274.829,164
AAPL,2026-02-12T14:26:00Z,274.97,275.35,274.97,275.24,22118,275.192,346
AAPL,2026-02-12T14:27:00Z,275.25,275.25,274.46,274.86,23713,274.994,390
AAPL,2026-02-12T14:28:00Z,275,275.46,275,275.41,14325,275.236,124
AAPL,2026-02-12T14:29:00Z,275.443,275.6,275.4,275.6,12442,275.515,125
AAPL,2026-02-12T14:30:00Z,275.59,275.72,274.15,274.355,986013,275.301,11610
AAPL,2026-02-12T14:31:00Z,274.39,274.4,272.71,272.825,260832,273.791,4355
AAPL,2026-02-12T14:32:00Z,272.826,273.03,272.13,272.87,302483,272.63,4960
AAPL,2026-02-12T14:33:00Z,272.825,273.11,272.28,272.38,226642,272.685,3992
AAPL,2026-02-12T14:34:00Z,272.362,272.67,272.03,272.55,182835,272.37,3964
AAPL,2026-02-12T14:35:00Z,272.57,273.408,272.54,272.88,190980,272.899,3781
AAPL,2026-02-12T14:36:00Z,272.97,273.64,272.55,273.45,249546,273.181,3973
AAPL,2026-02-12T14:37:00Z,273.5,273.66,273.11,273.2,139814,273.394,2863
AAPL,2026-02-12T14:38:00Z,273.18,273.55,273.11,273.33,132599,273.345,2526
AAPL,2026-02-12T14:39:00Z,273.28,273.315,272.64,272.87,164832,272.894,3116
AAPL,2026-02-12T14:40:00Z,272.86,273.34,272.76,273.25,163964,273.074,3067
AAPL,2026-02-12T14:41:00Z,273.21,273.27,272.6,272.73,186447,272.863,3637
AAPL,2026-02-12T14:42:00Z,272.72,272.97,272.37,272.96,158450,272.684,3530
AAPL,2026-02-12T14:43:00Z,272.92,273,272.46,272.485,104658,272.608,2917
AAPL,2026-02-12T14:44:00Z,272.48,272.53,271.91,272.04,312963,272.173,5567
AAPL,2026-02-12T14:45:00Z,272,272.2,271.646,271.68,199381,271.851,4321
AAPL,2026-02-12T14:46:00Z,271.64,272.13,271.55,272.105,227171,271.782,4616
AAPL,2026-02-12T14:47:00Z,272.105,272.892,272.055,272.88,251820,272.508,4654
AAPL,2026-02-12T14:48:00Z,272.89,272.925,272.45,272.68,137192,272.669,3171
AAPL,2026-02-12T14:49:00Z,272.7,272.729,271.92,272.08,118565,272.395,3073
AAPL,2026-02-12T14:50:00Z,272.1,272.86,271.81,272.76,136086,272.228,3245
AAPL,2026-02-12T14:51:00Z,272.74,273,272.54,272.725,121136,272.792,2789
AAPL,2026-02-12T14:52:00Z,272.73,272.75,272.357,272.61,85921,272.538,2406
AAPL,2026-02-12T14:53:00Z,272.58,272.78,272.54,272.63,76469,272.682,2293
AAPL,2026-02-12T14:54:00Z,272.62,272.92,272.37,272.83,87895,272.623,2391
AAPL,2026-02-12T14:55:00Z,272.815,272.815,272.325,272.41,116082,272.524,2809
AAPL,2026-02-12T14:56:00Z,272.42,272.61,272.36,272.51,87673,272.487,2445
AAPL,2026-02-12T14:57:00Z,272.51,272.51,272.15,272.27,84264,272.272,2414
AAPL,2026-02-12T14:58:00Z,272.225,272.47,272.19,272.365,88234,272.326,2635
AAPL,2026-02-12T14:59:00Z,272.35,272.39,271.92,272.16,145165,272.129,3116
AAPL,2026-02-12T15:00:00Z,272.16,272.2,271.75,271.81,166130,271.97,4289
AAPL,2026-02-12T15:01:00Z,271.83,272,271.57,271.61,140339,271.776,3284
AAPL,2026-02-12T15:02:00Z,271.6,271.98,271.57,271.95,100857,271.809,2693
AAPL,2026-02-12T15:03:00Z,271.9,272.23,271.57,271.645,138968,271.899,3361
AAPL,2026-02-12T15:04:00Z,271.62,271.64,271.1,271.12,189388,271.321,4228
AAPL,2026-02-12T15:05:00Z,271.14,271.41,270.986,271.1,194028,271.133,4165
AAPL,2026-02-12T15:06:00Z,271.08,271.43,270.77,270.86,287304,271.127,5965
AAPL,2026-02-12T15:07:00Z,270.9,270.95,270.52,270.6,250941,270.76,5206
AAPL,2026-02-12T15:08:00Z,270.57,270.749,270.25,270.48,245969,270.529,5864
AAPL,2026-02-12T15:09:00Z,270.46,270.88,270.32,270.54,179929,270.611,4183
AAPL,2026-02-12T15:10:00Z,270.6,270.69,270.31,270.57,204421,270.546,4090
AAPL,2026-02-12T15:11:00Z,270.565,270.68,270.26,270.398,102719,270.504,3008
AAPL,2026-02-12T15:12:00Z,270.39,270.68,270.18,270.24,147557,270.429,3450
AAPL,2026-02-12T15:13:00Z,270.255,270.31,270.13,270.17,159782,270.222,3292
AAPL,2026-02-12T15:14:00Z,270.15,270.32,270.06,270.255,164647,270.19,3382
AAPL,2026-02-12T15:15:00Z,270.26,270.73,270.255,270.6,156258,270.427,3363
AAPL,2026-02-12T15:16:00Z,270.601,270.76,270.46,270.72,156580,270.6,3479
AAPL,2026-02-12T15:17:00Z,270.729,271.03,270.52,270.69,268003,270.818,3763
AAPL,2026-02-12T15:18:00Z,270.66,271.15,270.66,271.13,147621,270.967,3156
AAPL,2026-02-12T15:19:00Z,271.11,271.349,270.765,270.865,123657,271.08,2808
AAPL,2026-02-12T15:20:00Z,270.88,271.16,270.85,270.97,114734,270.975,2513
AAPL,2026-02-12T15:21:00Z,270.955,271.05,270.744,270.795,135433,270.907,2933
AAPL,2026-02-12T15:22:00Z,270.78,271.09,270.62,270.83,165012,270.849,3488
AAPL,2026-02-12T15:23:00Z,270.83,271.26,270.685,271.21,87206,271.07,2391
AAPL,2026-02-12T15:24:00Z,271.21,271.23,270.86,271.07,89972,271.002,2257
AAPL,2026-02-12T15:25:00Z,271.04,271.165,270.885,270.885,55846,271.042,1807
AAPL,2026-02-12T15:26:00Z,270.87,271.36,270.87,271.33,88004,271.118,2460
AAPL,2026-02-12T15:27:00Z,271.325,271.65,271.16,271.608,100800,271.383,2639
AAPL,2026-02-12T15:28:00Z,271.608,271.74,271.51,271.642,89391,271.649,2371
AAPL,2026-02-12T15:29:00Z,271.62,271.75,271,271.23,239471,271.36,4421
AAPL,2026-02-12T15:30:00Z,271.26,271.56,271.26,271.505,104854,271.41,2567
AAPL,2026-02-12T15:31:00Z,271.49,271.52,271.17,271.335,70331,271.318,2059
AAPL,2026-02-12T15:32:00Z,271.37,271.535,271.26,271.4,74086,271.399,2132
AAPL,2026-02-12T15:33:00Z,271.405,271.42,271.21,271.28,55286,271.301,2001
AAPL,2026-02-12T15:34:00Z,271.27,271.615,271.26,271.58,73461,271.447,2059
AAPL,2026-02-12T15:35:00Z,271.6,271.62,271.39,271.44,86909,271.51,2361
AAPL,2026-02-12T15:36:00Z,271.35,271.63,271.32,271.55,103006,271.486,2883
AAPL,2026-02-12T15:37:00Z,271.54,271.74,271.51,271.64,61981,271.636,1929
AAPL,2026-02-12T15:38:00Z,271.64,271.66,271.27,271.35,96688,271.439,2333
AAPL,2026-02-12T15:39:00Z,271.35,271.56,271.19,271.55,70454,271.357,2139
AAPL,2026-02-12T15:40:00Z,271.54,271.75,271.315,271.315,70137,271.61,1884
AAPL,2026-02-12T15:41:00Z,271.315,271.34,271.07,271.22,78112,271.193,2122
AAPL,2026-02-12T15:42:00Z,271.215,271.41,271.14,271.3,63230,271.248,2204
AAPL,2026-02-12T15:43:00Z,271.275,271.52,271.09,271.13,78676,271.264,2324
AAPL,2026-02-12T15:44:00Z,271.15,271.18,270.9,270.929,204217,271.028,4305
AAPL,2026-02-12T15:45:00Z,270.89,271.14,270.83,271.11,80462,270.933,2441
AAPL,2026-02-12T15:46:00Z,271.08,271.185,270.99,270.99,83882,271.088,2093
AAPL,2026-02-12T15:47:00Z,270.95,271.19,270.91,271.18,81603,271.048,2042
AAPL,2026-02-12T15:48:00Z,271.18,271.18,270.51,270.6,172315,270.689,3197
AAPL,2026-02-12T15:49:00Z,270.58,270.72,270.45,270.45,94283,270.553,2580
AAPL,2026-02-12T15:50:00Z,270.43,270.44,270.1,270.18,109640,270.252,2742
AAPL,2026-02-12T15:51:00Z,270.175,270.35,269.88,270.25,364148,270.089,6839
AAPL,2026-02-12T15:52:00Z,270.28,270.28,269.87,270,84813,270.047,2176
AAPL,2026-02-12T15:53:00Z,269.93,269.955,269.53,269.53,174290,269.771,3561
AAPL,2026-02-12T15:54:00Z,269.53,269.63,269.36,269.405,175980,269.486,3456
AAPL,2026-02-12T15:55:00Z,269.42,269.47,269.12,269.195,144481,269.279,2906
AAPL,2026-02-12T15:56:00Z,269.2,269.24,269.02,269.075,112905,269.088,2587
AAPL,2026-02-12T15:57:00Z,269.071,269.09,268.31,268.345,225006,268.691,4794
AAPL,2026-02-12T15:58:00Z,268.35,268.66,268.34,268.51,262402,268.48,4357
AAPL,2026-02-12T15:59:00Z,268.51,268.54,268.13,268.19,203485,268.325,3969
AAPL,2026-02-12T16:00:00Z,268.173,268.2,267.78,267.84,302266,267.965,5568
AAPL,2026-02-12T16:01:00Z,267.83,268.17,267.72,267.94,174273,267.946,3673
AAPL,2026-02-12T16:02:00Z,267.94,268.05,267.835,267.835,114067,267.974,2958
AAPL,2026-02-12T16:03:00Z,267.87,268.21,267.87,268.155,165618,268.085,3872
AAPL,2026-02-12T16:04:00Z,268.155,268.24,267.82,267.835,125910,268.003,3323
AAPL,2026-02-12T16:05:00Z,267.85,267.905,267.69,267.73,134337,267.81,3106
AAPL,2026-02-12T16:06:00Z,267.72,267.87,267.64,267.7,93982,267.747,2905
AAPL,2026-02-12T16:07:00Z,267.72,267.88,267.54,267.695,146502,267.729,3582
AAPL,2026-02-12T16:08:00Z,267.72,268.2,267.66,268.112,126285,268.031,3223
AAPL,2026-02-12T16:09:00Z,268.105,268.21,267.9,267.915,137579,268.05,3483
AAPL,2026-02-12T16:10:00Z,267.89,267.99,267.58,267.59,100143,267.765,2761
AAPL,2026-02-12T16:11:00Z,267.615,267.81,267.39,267.54,147621,267.616,3448
AAPL,2026-02-12T16:12:00Z,267.57,267.84,267.458,267.78,116577,267.605,3023
AAPL,2026-02-12T16:13:00Z,267.78,267.83,267.605,267.8,122385,267.753,2544
AAPL,2026-02-12T16:14:00Z,267.82,268.01,267.78,267.96,104428,267.878,2910
AAPL,2026-02-12T16:15:00Z,267.93,267.945,267.3,267.355,160308,267.671,3725
AAPL,2026-02-12T16:16:00Z,267.34,267.57,267.215,267.51,120859,267.348,3004
AAPL,2026-02-12T16:17:00Z,267.55,267.69,267.21,267.35,141630,267.447,3089
AAPL,2026-02-12T16:18:00Z,267.37,267.46,267.14,267.19,93216,267.318,2903
AAPL,2026-02-12T16:19:00Z,267.22,267.35,267.07,267.275,109809,267.221,2686
AAPL,2026-02-12T16:20:00Z,267.29,267.31,266.9,266.91,135736,267.066,3519
AAPL,2026-02-12T16:21:00Z,266.92,267.355,266.9,267.33,143245,267.174,3273
AAPL,2026-02-12T16:22:00Z,267.36,267.4,267.03,267.08,835236,267.194,2739
AAPL,2026-02-12T16:23:00Z,267.09,267.32,266.861,267.291,206784,267.046,3859
AAPL,2026-02-12T16:24:00Z,267.29,267.35,267.01,267.05,110512,267.177,2818
AAPL,2026-02-12T16:25:00Z,267.02,267.02,266.74,266.85,176335,266.887,3648
AAPL,2026-02-12T16:26:00Z,266.81,267,266.72,266.77,141322,266.812,3311
AAPL,2026-02-12T16:27:00Z,266.76,266.79,266.5,266.645,216906,266.667,4259
AAPL,2026-02-12T16:28:00Z,266.635,266.65,266.33,266.39,217722,266.456,3910
AAPL,2026-02-12T16:29:00Z,266.385,266.56,266.15,266.17,191995,266.33,3464
AAPL,2026-02-12T16:30:00Z,266.19,266.39,266.09,266.13,246573,266.223,4011
AAPL,2026-02-12T16:31:00Z,266.139,266.45,266.05,266.3,202676,266.254,4024
AAPL,2026-02-12T16:32:00Z,266.27,266.67,266.24,266.46,224331,266.407,4018
AAPL,2026-02-12T16:33:00Z,266.48,266.5,266.2,266.206,136117,266.363,3068
AAPL,2026-02-12T16:34:00Z,266.21,266.45,266.13,266.21,127348,266.27,2863
AAPL,2026-02-12T16:35:00Z,266.21,266.53,266.175,266.21,124966,266.347,2887
AAPL,2026-02-12T16:36:00Z,266.24,266.34,266.06,266.25,149260,266.195,3312
AAPL,2026-02-12T16:37:00Z,266.255,267.04,266.21,266.89,252020,266.634,4323
AAPL,2026-02-12T16:38:00Z,266.895,266.99,266.54,266.79,152822,266.762,3378
AAPL,2026-02-12T16:39:00Z,266.78,266.86,266.57,266.77,134844,266.737,3182
AAPL,2026-02-12T16:40:00Z,266.75,266.97,266.46,266.505,198085,266.793,2879
AAPL,2026-02-12T16:41:00Z,266.52,266.715,266.48,266.65,93086,266.593,2551
AAPL,2026-02-12T16:42:00Z,266.65,266.66,266.33,266.355,77215,266.499,2307
AAPL,2026-02-12T16:43:00Z,266.37,266.44,265.765,265.8,196316,266.026,4459
AAPL,2026-02-12T16:44:00Z,265.785,265.93,265.57,265.61,143774,265.689,3188
AAPL,2026-02-12T16:45:00Z,265.6,265.89,265.585,265.88,97608,265.76,2700
AAPL,2026-02-12T16:46:00Z,265.9,265.97,265.65,265.805,87814,265.82,2542
AAPL,2026-02-12T16:47:00Z,265.795,265.88,265.36,265.37,121336,265.613,3243
AAPL,2026-02-12T16:48:00Z,265.36,265.41,265.15,265.2,114619,265.274,3074
AAPL,2026-02-12T16:49:00Z,265.2,265.38,265.16,265.18,165051,265.276,3557
AAPL,2026-02-12T16:50:00Z,265.175,265.37,265.01,265.05,111484,265.174,2970
AAPL,2026-02-12T16:51:00Z,265.04,265.4,265,265.195,199420,265.248,4264
AAPL,2026-02-12T16:52:00Z,265.24,265.29,265.11,265.235,96175,265.211,2476
AAPL,2026-02-12T16:53:00Z,265.2,265.35,265.075,265.275,104317,265.225,2545
AAPL,2026-02-12T16:54:00Z,265.27,265.29,264.83,264.83,116985,265.032,3790
AAPL,2026-02-12T16:55:00Z,264.83,264.84,264.62,264.83,200299,264.704,4297
AAPL,2026-02-12T16:56:00Z,264.82,264.85,264.63,264.675,76767,264.74,2406
AAPL,2026-02-12T16:57:00Z,264.66,265.19,264.625,265.19,127440,264.849,2903
AAPL,2026-02-12T16:58:00Z,265.19,265.385,265.19,265.265,101339,265.297,2331
AAPL,2026-02-12T16:59:00Z,265.28,265.63,265.28,265.43,132925,265.511,2892
AAPL,2026-02-12T17:00:00Z,265.444,265.45,265.04,265.12,105385,265.236,2294
AAPL,2026-02-12T17:01:00Z,265.13,265.275,264.92,265.23,81263,265.086,1505
AAPL,2026-02-12T17:02:00Z,265.25,265.5,265.19,265.5,66667,265.312,1189
AAPL,2026-02-12T17:03:00Z,265.53,265.56,265.416,265.49,63724,265.491,1464
AAPL,2026-02-12T17:04:00Z,265.49,265.55,265.37,265.54,69887,265.436,1438
AAPL,2026-02-12T17:05:00Z,265.55,265.56,265.269,265.4,108937,265.39,2014
AAPL,2026-02-12T17:06:00Z,265.385,265.85,265.27,265.7,138022,265.637,2222
AAPL,2026-02-12T17:07:00Z,265.69,265.74,265.09,265.16,174643,265.408,2787
AAPL,2026-02-12T17:08:00Z,265.15,265.23,265.03,265.085,131454,265.128,1918
AAPL,2026-02-12T17:09:00Z,265.07,265.14,264.98,265.06,114646,265.072,2093
AAPL,2026-02-12T17:10:00Z,265.05,265.05,264.779,264.87,70310,264.909,1478
AAPL,2026-02-12T17:11:00Z,264.88,264.931,264.74,264.77,59455,264.848,1311
AAPL,2026-02-12T17:12:00Z,264.775,264.8,264.67,264.71,63152,264.742,1275
AAPL,2026-02-12T17:13:00Z,264.72,264.88,264.61,264.87,80448,264.746,1833
AAPL,2026-02-12T17:14:00Z,264.88,265.01,264.65,264.74,77279,264.829,1748
AAPL,2026-02-12T17:15:00Z,264.73,264.83,264.67,264.694,74020,264.745,1612
AAPL,2026-02-12T17:16:00Z,264.685,264.88,264.58,264.88,67236,264.725,1514
AAPL,2026-02-12T17:17:00Z,264.85,264.85,264.44,264.48,90011,264.58,1722
AAPL,2026-02-12T17:18:00Z,264.49,264.66,264.42,264.563,98090,264.554,1814
AAPL,2026-02-12T17:19:00Z,264.57,264.65,264.54,264.55,47615,264.587,1278
AAPL,2026-02-12T17:20:00Z,264.55,264.69,264.51,264.56,83222,264.601,1684
AAPL,2026-02-12T17:21:00Z,264.57,264.6,264.44,264.6,89338,264.501,1633
AAPL,2026-02-12T17:22:00Z,264.585,264.71,264.47,264.57,82629,264.565,1375
AAPL,2026-02-12T17:23:00Z,264.57,264.81,264.55,264.67,72270,264.689,1415
AAPL,2026-02-12T17:24:00Z,264.637,264.665,264.51,264.63,53542,264.584,1330
AAPL,2026-02-12T17:25:00Z,264.61,264.67,264.51,264.52,59747,264.597,1399
AAPL,2026-02-12T17:26:00Z,264.513,264.67,264.48,264.64,59727,264.543,1476
AAPL,2026-02-12T17:27:00Z,264.61,264.656,264.49,264.49,49014,264.56,1338
AAPL,2026-02-12T17:28:00Z,264.5,264.77,264.49,264.68,85895,264.671,1710
AAPL,2026-02-12T17:29:00Z,264.69,264.73,264.48,264.59,85523,264.613,1978
AAPL,2026-02-12T17:30:00Z,264.57,264.65,264.27,264.32,103445,264.432,2436
AAPL,2026-02-12T17:31:00Z,264.34,264.48,264.16,264.22,84010,264.29,1654
AAPL,2026-02-12T17:32:00Z,264.21,264.23,264.04,264.15,90998,264.146,1760
AAPL,2026-02-12T17:33:00Z,264.13,264.22,263.952,263.99,173571,264.065,2868
AAPL,2026-02-12T17:34:00Z,263.995,264,263.84,263.92,88277,263.912,1704
AAPL,2026-02-12T17:35:00Z,263.91,264.16,263.87,263.87,76340,264.026,1556
AAPL,2026-02-12T17:36:00Z,263.865,263.89,263.78,263.83,178298,263.838,1528
AAPL,2026-02-12T17:37:00Z,263.81,264.01,263.79,263.94,73667,263.887,1511
AAPL,2026-02-12T17:38:00Z,263.96,264.06,263.93,263.97,83086,263.985,1492
AAPL,2026-02-12T17:39:00Z,263.96,263.98,263.7,263.77,110831,263.79,1719
AAPL,2026-02-12T17:40:00Z,263.75,263.805,263.4,263.46,291167,263.496,3399
AAPL,2026-02-12T17:41:00Z,263.445,263.62,263.41,263.48,213389,263.509,2279
AAPL,2026-02-12T17:42:00Z,263.479,263.57,263.41,263.525,113412,263.479,1874
AAPL,2026-02-12T17:43:00Z,263.525,263.81,263.43,263.74,100171,263.645,1842
AAPL,2026-02-12T17:44:00Z,263.72,263.75,263.5,263.54,66740,263.614,1476
AAPL,2026-02-12T17:45:00Z,263.56,263.58,263.3,263.33,73355,263.418,1597
AAPL,2026-02-12T17:46:00Z,263.35,263.44,263.21,263.22,80073,263.317,1713
AAPL,2026-02-12T17:47:00Z,263.23,263.27,263.12,263.15,92666,263.203,1701
AAPL,2026-02-12T17:48:00Z,263.15,263.15,262.9,262.9,128177,263.02,2610
AAPL,2026-02-12T17:49:00Z,262.905,263,262.803,262.909,107860,262.915,1711
AAPL,2026-02-12T17:50:00Z,262.905,262.905,262.67,262.69,112047,262.765,1978
AAPL,2026-02-12T17:51:00Z,262.68,262.79,262.62,262.63,115083,262.703,1695
AAPL,2026-02-12T17:52:00Z,262.63,262.65,262.53,262.55,66195,262.587,1460
AAPL,2026-02-12T17:53:00Z,262.55,262.608,262.3,262.35,146359,262.443,2175
AAPL,2026-02-12T17:54:00Z,262.35,262.6,262.23,262.25,329170,262.435,3575
AAPL,2026-02-12T17:55:00Z,262.24,262.49,262.2,262.28,316032,262.339,2967
AAPL,2026-02-12T17:56:00Z,262.285,262.41,262.25,262.305,162393,262.314,2144
AAPL,2026-02-12T17:57:00Z,262.305,262.305,261.94,261.955,200478,262.051,3306
AAPL,2026-02-12T17:58:00Z,261.97,262.02,261.53,261.63,134304,261.791,2438
AAPL,2026-02-12T17:59:00Z,261.64,261.91,261.63,261.779,267274,261.752,3697
AAPL,2026-02-12T18:00:00Z,261.79,261.86,261.55,261.836,156070,261.736,3443
AAPL,2026-02-12T18:01:00Z,261.83,262.08,261.74,262.015,194317,261.963,3124
AAPL,2026-02-12T18:02:00Z,262.015,262.15,261.84,261.96,197802,261.978,3425
AAPL,2026-02-12T18:03:00Z,261.91,262.04,261.85,261.88,109025,261.959,2080
AAPL,2026-02-12T18:04:00Z,261.847,262.17,261.82,261.97,270336,262.053,3161
AAPL,2026-02-12T18:05:00Z,261.98,262.65,261.955,262.62,307514,262.187,3576
AAPL,2026-02-12T18:06:00Z,262.615,262.9,262.53,262.79,236975,262.691,3588
AAPL,2026-02-12T18:07:00Z,262.8,262.98,262.395,262.8,250611,262.674,3858
AAPL,2026-02-12T18:08:00Z,262.82,262.82,262.07,262.12,267202,262.456,3605
AAPL,2026-02-12T18:09:00Z,262.125,262.2,261.85,261.952,269075,262.018,3391
AAPL,2026-02-12T18:10:00Z,261.95,261.96,261.3,261.47,441610,261.504,5056
AAPL,2026-02-12T18:11:00Z,261.48,261.68,261.27,261.35,155081,261.463,2409
AAPL,2026-02-12T18:12:00Z,261.354,261.39,261.1,261.285,151085,261.293,2340
AAPL,2026-02-12T18:13:00Z,261.285,261.32,261.01,261.03,136242,261.158,2368
AAPL,2026-02-12T18:14:00Z,261.02,261.09,260.86,260.89,125963,260.99,2710
AAPL,2026-02-12T18:15:00Z,260.89,260.94,260.7,260.73,157146,260.837,2983
AAPL,2026-02-12T18:16:00Z,260.73,260.94,260.55,260.637,227089,260.709,3569
AAPL,2026-02-12T18:17:00Z,260.637,260.645,260.4,260.4,179929,260.526,2941
AAPL,2026-02-12T18:18:00Z,260.38,260.46,260.18,260.28,153616,260.327,2577
AAPL,2026-02-12T18:19:00Z,260.27,260.51,260.2,260.315,144993,260.358,2170
AAPL,2026-02-12T18:20:00Z,260.315,260.76,260.31,260.665,163921,260.617,2564
AAPL,2026-02-12T18:21:00Z,260.65,261.1,260.55,261.06,202272,260.819,3039
AAPL,2026-02-12T18:22:00Z,261.05,261.28,260.98,261.24,126133,261.132,1792
AAPL,2026-02-12T18:23:00Z,261.24,261.44,261.09,261.37,167180,261.315,1990
AAPL,2026-02-12T18:24:00Z,261.38,261.78,261.35,261.74,127290,261.547,1896
AAPL,2026-02-12T18:25:00Z,261.71,262.05,261.63,262,169074,261.866,2182
AAPL,2026-02-12T18:26:00Z,261.995,262.28,261.88,262.21,119532,262.056,1903
AAPL,2026-02-12T18:27:00Z,262.22,262.33,261.85,261.92,137392,262.068,1963
AAPL,2026-02-12T18:28:00Z,261.9,262.27,261.89,262.01,216929,262.107,3609
AAPL,2026-02-12T18:29:00Z,262.005,262.48,261.993,262.33,208973,262.312,3347
AAPL,2026-02-12T18:30:00Z,262.31,262.35,261.83,261.905,151524,262.095,2479
AAPL,2026-02-12T18:31:00Z,261.92,262.04,261.835,261.93,103639,261.958,1579
AAPL,2026-02-12T18:32:00Z,261.935,262.1,261.88,261.94,82744,261.973,1584
AAPL,2026-02-12T18:33:00Z,261.94,262.32,261.92,262.085,123804,262.18,1922
AAPL,2026-02-12T18:34:00Z,262.06,262.085,261.85,261.865,68989,261.984,1427
AAPL,2026-02-12T18:35:00Z,261.865,262.03,261.84,261.935,93689,261.923,1392
AAPL,2026-02-12T18:36:00Z,261.97,261.99,261.56,261.615,122733,261.725,2121
AAPL,2026-02-12T18:37:00Z,261.62,261.69,261.5,261.61,88097,261.599,1581
AAPL,2026-02-12T18:38:00Z,261.6,261.77,261.51,261.71,89262,261.637,1556
AAPL,2026-02-12T18:39:00Z,261.71,262.145,261.635,262.09,110574,261.933,1791
AAPL,2026-02-12T18:40:00Z,262.12,262.345,262.05,262.3,107119,262.195,1747
AAPL,2026-02-12T18:41:00Z,262.32,262.51,262.32,262.375,106095,262.425,1914
AAPL,2026-02-12T18:42:00Z,262.375,262.53,262.31,262.46,169799,262.45,2564
AAPL,2026-02-12T18:43:00Z,262.5,262.575,262.28,262.315,82626,262.437,1582
AAPL,2026-02-12T18:44:00Z,262.32,262.365,262.19,262.32,53545,262.282,1189
AAPL,2026-02-12T18:45:00Z,262.33,262.33,262.19,262.22,60336,262.28,1316
AAPL,2026-02-12T18:46:00Z,262.23,262.39,262.14,262.38,95101,262.225,1451
AAPL,2026-02-12T18:47:00Z,262.37,262.39,262.07,262.17,115397,262.225,1869
AAPL,2026-02-12T18:48:00Z,262.2,262.289,262.16,262.16,53449,262.224,1065
AAPL,2026-02-12T18:49:00Z,262.16,262.16,261.73,261.74,96959,261.941,1629
AAPL,2026-02-12T18:50:00Z,261.73,261.79,261.61,261.65,61491,261.693,1216
AAPL,2026-02-12T18:51:00Z,261.65,261.95,261.65,261.87,85243,261.784,1426
AAPL,2026-02-12T18:52:00Z,261.875,261.875,261.635,261.74,68932,261.748,1320
AAPL,2026-02-12T18:53:00Z,261.74,261.75,261.53,261.6,108837,261.644,1908
AAPL,2026-02-12T18:54:00Z,261.61,261.8,261.42,261.46,129310,261.642,2312
AAPL,2026-02-12T18:55:00Z,261.45,261.56,261.32,261.51,104428,261.411,1725
AAPL,2026-02-12T18:56:00Z,261.52,261.52,261.23,261.245,129959,261.343,2344
AAPL,2026-02-12T18:57:00Z,261.25,261.57,261.24,261.515,107973,261.361,1717
AAPL,2026-02-12T18:58:00Z,261.54,261.68,261.23,261.28,158312,261.472,2800
AAPL,2026-02-12T18:59:00Z,261.259,261.76,261.23,261.735,139948,261.479,2188
AAPL,2026-02-12T19:00:00Z,261.71,262.12,261.57,262.065,136135,261.871,2286
AAPL,2026-02-12T19:01:00Z,262.1,262.105,261.78,261.94,134977,261.926,2051
AAPL,2026-02-12T19:02:00Z,261.94,262.12,261.9,262.07,110772,262.021,1481
AAPL,2026-02-12T19:03:00Z,262.07,262.08,261.82,261.955,70809,261.955,1252
AAPL,2026-02-12T19:04:00Z,261.95,261.95,261.6,261.77,87895,261.742,1440
AAPL,2026-02-12T19:05:00Z,261.77,261.92,261.695,261.78,64828,261.826,1083
AAPL,2026-02-12T19:06:00Z,261.78,261.82,261.525,261.56,68532,261.653,1304
AAPL,2026-02-12T19:07:00Z,261.57,261.7,261.43,261.495,67145,261.564,1192
AAPL,2026-02-12T19:08:00Z,261.48,261.66,261.48,261.58,83299,261.571,1493
AAPL,2026-02-12T19:09:00Z,261.585,261.63,261.469,261.58,63753,261.554,1280
AAPL,2026-02-12T19:10:00Z,261.58,261.72,261.52,261.575,84058,261.613,1426
AAPL,2026-02-12T19:11:00Z,261.58,261.65,261.33,261.39,101678,261.52,1920
AAPL,2026-02-12T19:12:00Z,261.385,261.45,261.28,261.37,108598,261.386,1570
AAPL,2026-02-12T19:13:00Z,261.36,261.52,261.35,261.485,74008,261.444,1321
AAPL,2026-02-12T19:14:00Z,261.49,261.56,261.33,261.337,59458,261.455,1091
AAPL,2026-02-12T19:15:00Z,261.36,261.855,261.35,261.81,66935,261.615,1253
AAPL,2026-02-12T19:16:00Z,261.8,262,261.74,261.86,126206,261.821,1859
AAPL,2026-02-12T19:17:00Z,261.85,261.9,261.705,261.79,101830,261.776,1542
AAPL,2026-02-12T19:18:00Z,261.8,261.81,261.67,261.76,73553,261.742,1320
AAPL,2026-02-12T19:19:00Z,261.75,261.86,261.7,261.83,65291,261.766,1301
AAPL,2026-02-12T19:20:00Z,261.835,262.02,261.57,261.635,94222,261.765,1736
AAPL,2026-02-12T19:21:00Z,261.635,261.96,261.63,261.91,100698,261.85,1456
AAPL,2026-02-12T19:22:00Z,261.92,261.96,261.81,261.85,73981,261.862,1400
AAPL,2026-02-12T19:23:00Z,261.845,262.27,261.84,262.25,94334,262.003,1708
AAPL,2026-02-12T19:24:00Z,262.29,262.58,262.12,262.562,155062,262.333,2264
AAPL,2026-02-12T19:25:00Z,262.56,262.67,262.32,262.41,120267,262.471,1686
AAPL,2026-02-12T19:26:00Z,262.41,262.62,262.14,262.16,146808,262.374,2646
AAPL,2026-02-12T19:27:00Z,262.17,262.22,261.986,261.99,86594,262.141,1471
AAPL,2026-02-12T19:28:00Z,261.99,262,261.74,261.78,97077,261.834,1633
AAPL,2026-02-12T19:29:00Z,261.78,261.83,261.68,261.78,76104,261.762,1427
AAPL,2026-02-12T19:30:00Z,261.77,261.93,261.69,261.725,96337,261.84,1563
AAPL,2026-02-12T19:31:00Z,261.73,262.02,261.73,261.89,102332,261.864,1347
AAPL,2026-02-12T19:32:00Z,261.89,262.161,261.89,262.04,505014,262.059,1478
AAPL,2026-02-12T19:33:00Z,262.05,262.06,261.57,261.59,494602,261.808,1703
AAPL,2026-02-12T19:34:00Z,261.6,261.72,261.48,261.54,111018,261.577,2109
AAPL,2026-02-12T19:35:00Z,261.54,261.67,261.525,261.62,75523,261.59,1356
AAPL,2026-02-12T19:36:00Z,261.61,261.9,261.51,261.845,118445,261.723,1972
AAPL,2026-02-12T19:37:00Z,261.85,261.9,261.66,261.765,78563,261.792,1388
AAPL,2026-02-12T19:38:00Z,261.77,261.925,261.62,261.71,79641,261.774,1582
AAPL,2026-02-12T19:39:00Z,261.71,261.85,261.58,261.772,66387,261.681,1333
AAPL,2026-02-12T19:40:00Z,261.775,261.81,261.56,261.635,67536,261.657,1248
AAPL,2026-02-12T19:41:00Z,261.617,261.78,261.57,261.67,62146,261.664,1256
AAPL,2026-02-12T19:42:00Z,261.694,262.01,261.67,261.935,103211,261.853,2006
AAPL,2026-02-12T19:43:00Z,261.93,261.99,261.75,261.77,64160,261.83,1264
AAPL,2026-02-12T19:44:00Z,261.77,261.823,261.63,261.64,75826,261.732,1601
AAPL,2026-02-12T19:45:00Z,261.65,261.871,261.645,261.871,42963,261.744,1015
AAPL,2026-02-12T19:46:00Z,261.89,262.31,261.85,262.3,90022,262.055,1582
AAPL,2026-02-12T19:47:00Z,262.31,262.44,262.26,262.36,109816,262.347,1670
AAPL,2026-02-12T19:48:00Z,262.35,262.35,262.06,262.115,142836,262.225,2362
AAPL,2026-02-12T19:49:00Z,262.115,262.115,261.91,261.98,64123,261.986,1317
AAPL,2026-02-12T19:50:00Z,261.975,262.289,261.92,262.1,82613,262.102,1517
AAPL,2026-02-12T19:51:00Z,262.09,262.23,261.96,262.15,124635,262.077,1987
AAPL,2026-02-12T19:52:00Z,262.155,262.16,261.75,261.75,76867,261.934,1419
AAPL,2026-02-12T19:53:00Z,261.74,261.79,261.56,261.56,73894,261.678,1366
AAPL,2026-02-12T19:54:00Z,261.56,261.801,261.51,261.778,103617,261.671,1554
AAPL,2026-02-12T19:55:00Z,261.79,261.9,261.75,261.88,73912,261.825,1397
AAPL,2026-02-12T19:56:00Z,261.89,262,261.84,261.92,80093,261.915,1436
AAPL,2026-02-12T19:57:00Z,261.93,262.05,261.9,262,83859,261.955,1408
AAPL,2026-02-12T19:58:00Z,261.99,262.11,261.775,261.995,177404,261.943,3207
AAPL,2026-02-12T19:59:00Z,261.995,262.17,261.9,262.05,118179,262.022,1920
AAPL,2026-02-12T20:00:00Z,262.06,262.17,261.98,262,566107,262.087,1201
AAPL,2026-02-12T20:01:00Z,261.99,262.17,261.88,262.17,88692,262.003,1503
AAPL,2026-02-12T20:02:00Z,262.16,262.19,261.92,261.931,75266,262.07,1407
AAPL,2026-02-12T20:03:00Z,261.91,262.03,261.91,261.96,69661,261.972,1255
AAPL,2026-02-12T20:04:00Z,261.96,262.27,261.94,262.26,122616,262.144,1784
AAPL,2026-02-12T20:05:00Z,262.26,262.49,262.1,262.31,136300,262.31,1997
AAPL,2026-02-12T20:06:00Z,262.29,262.38,262.17,262.24,75072,262.256,1196
AAPL,2026-02-12T20:07:00Z,262.22,262.3,262.16,262.183,74389,262.232,1263
AAPL,2026-02-12T20:08:00Z,262.185,262.28,262.145,262.145,55952,262.201,1052
AAPL,2026-02-12T20:09:00Z,262.145,262.18,261.91,261.93,109719,262.073,1818
AAPL,2026-02-12T20:10:00Z,261.93,261.98,261.82,261.82,102158,261.906,1583
AAPL,2026-02-12T20:11:00Z,261.83,261.91,261.65,261.72,125897,261.767,1863
AAPL,2026-02-12T20:12:00Z,261.73,261.81,261.65,261.703,78531,261.734,1289
AAPL,2026-02-12T20:13:00Z,261.67,261.76,261.6,261.76,74232,261.684,1301
AAPL,2026-02-12T20:14:00Z,261.751,262.01,261.75,262,92159,261.885,1401
AAPL,2026-02-12T20:15:00Z,262.005,262.02,261.81,261.93,109972,261.91,1542
AAPL,2026-02-12T20:16:00Z,261.93,262,261.84,261.89,75073,261.927,1184
AAPL,2026-02-12T20:17:00Z,261.895,261.92,261.663,261.9,97006,261.772,1646
AAPL,2026-02-12T20:18:00Z,261.92,262.03,261.62,261.67,142648,261.807,2088
AAPL,2026-02-12T20:19:00Z,261.66,261.79,261.37,261.42,172286,261.549,2461
AAPL,2026-02-12T20:20:00Z,261.39,261.51,261.1,261.14,140784,261.234,2072
AAPL,2026-02-12T20:21:00Z,261.14,261.41,261.12,261.344,84511,261.312,1525
AAPL,2026-02-12T20:22:00Z,261.348,261.4,261.14,261.185,87941,261.256,1507
AAPL,2026-02-12T20:23:00Z,261.19,261.3,261.17,261.27,74953,261.226,1365
AAPL,2026-02-12T20:24:00Z,261.27,261.49,261.26,261.4,78133,261.387,1374
AAPL,2026-02-12T20:25:00Z,261.404,261.556,261.36,261.52,87696,261.455,1469
AAPL,2026-02-12T20:26:00Z,261.5,261.55,261.38,261.53,67969,261.457,1385
AAPL,2026-02-12T20:27:00Z,261.54,261.55,261.435,261.47,51889,261.49,1126
AAPL,2026-02-12T20:28:00Z,261.46,261.63,261.37,261.595,90550,261.494,1626
AAPL,2026-02-12T20:29:00Z,261.61,261.64,261.45,261.49,92236,261.565,1662
AAPL,2026-02-12T20:30:00Z,261.48,261.564,261.415,261.545,86597,261.477,1616
AAPL,2026-02-12T20:31:00Z,261.555,261.72,261.53,261.55,105692,261.627,1838
AAPL,2026-02-12T20:32:00Z,261.56,261.585,261.361,261.41,92636,261.437,1769
AAPL,2026-02-12T20:33:00Z,261.4,261.41,261.198,261.36,91042,261.308,1752
AAPL,2026-02-12T20:34:00Z,261.37,261.49,261.13,261.306,181793,261.276,2447
AAPL,2026-02-12T20:35:00Z,261.32,261.37,261.25,261.32,75461,261.314,1500
AAPL,2026-02-12T20:36:00Z,261.31,261.31,261.11,261.22,61563,261.2,1399
AAPL,2026-02-12T20:37:00Z,261.22,261.32,261.11,261.15,85420,261.212,1620
AAPL,2026-02-12T20:38:00Z,261.18,261.26,260.95,261.025,524984,261.045,3813
AAPL,2026-02-12T20:39:00Z,261.03,261.04,260.75,260.93,362825,260.869,2555
AAPL,2026-02-12T20:40:00Z,260.915,261,260.79,260.79,148970,260.908,2010
AAPL,2026-02-12T20:41:00Z,260.77,260.95,260.765,260.82,124630,260.84,1981
AAPL,2026-02-12T20:42:00Z,260.81,260.87,260.71,260.83,132984,260.772,2187
AAPL,2026-02-12T20:43:00Z,260.81,260.904,260.74,260.79,119854,260.825,2021
AAPL,2026-02-12T20:44:00Z,260.79,260.83,260.7,260.75,203178,260.746,2821
AAPL,2026-02-12T20:45:00Z,260.745,260.88,260.665,260.68,152830,260.791,2560
AAPL,2026-02-12T20:46:00Z,260.69,260.86,260.66,260.74,155756,260.743,2457
AAPL,2026-02-12T20:47:00Z,260.73,260.83,260.665,260.72,132128,260.75,2214
AAPL,2026-02-12T20:48:00Z,260.72,260.73,260.34,260.34,218017,260.57,3442
AAPL,2026-02-12T20:49:00Z,260.36,260.46,260.27,260.41,219732,260.378,3124
AAPL,2026-02-12T20:50:00Z,260.43,260.86,260.28,260.6,471063,260.573,7525
AAPL,2026-02-12T20:51:00Z,260.6,260.94,260.52,260.85,337383,260.796,4489
AAPL,2026-02-12T20:52:00Z,260.86,261.25,260.83,261.12,325672,261.054,4292
AAPL,2026-02-12T20:53:00Z,261.11,261.76,261.11,261.66,282307,261.527,4002
AAPL,2026-02-12T20:54:00Z,261.66,262.49,261.59,262.43,400982,262.018,5584
AAPL,2026-02-12T20:55:00Z,262.46,262.55,261.86,262.085,507559,262.103,8364
AAPL,2026-02-12T20:56:00Z,262.09,262.32,261.9,261.945,511591,262.097,6552
AAPL,2026-02-12T20:57:00Z,261.95,262.17,261.9,261.955,567702,262.015,6430
AAPL,2026-02-12T20:58:00Z,261.965,262.105,261.81,261.825,632737,261.975,7022
AAPL,2026-02-12T20:59:00Z,261.83,261.88,261.41,261.54,1.63627e+06,261.711,15685
AAPL,2026-02-12T21:00:00Z,261.54,261.73,261.12,261.55,1.67068e+07,261.73,343
AAPL,2026-02-12T21:01:00Z,261.56,261.64,261.22,261.38,1.49578e+06,261.395,233
AAPL,2026-02-12T21:02:00Z,261.37,261.63,261.22,261.35,69129,261.353,175
AAPL,2026-02-12T21:03:00Z,261.26,261.45,261.21,261.45,602028,261.261,238
AAPL,2026-02-12T21:04:00Z,261.5,261.5,261.3,261.3,2827,261.388,102
AAPL,2026-02-12T21:05:00Z,261.54,261.55,261.25,261.55,19580,261.308,96
AAPL,2026-02-12T21:06:00Z,261.27,261.5,261.27,261.32,2739,261.388,77
AAPL,2026-02-12T21:07:00Z,261.39,261.469,261.326,261.469,1339,261.41,54
AAPL,2026-02-12T21:08:00Z,261.47,261.53,261.47,261.5,2606,261.489,61
AAPL,2026-02-12T21:09:00Z,261.5,261.54,261.45,261.49,4410,261.501,97
AAPL,2026-02-12T21:10:00Z,261.47,262,261.47,261.75,16399,261.657,208
AAPL,2026-02-12T21:11:00Z,261.74,261.89,261.74,261.74,3874,261.75,101
AAPL,2026-02-12T21:12:00Z,261.74,261.82,261.74,261.74,8011,261.772,105
AAPL,2026-02-12T21:13:00Z,261.79,261.8,261.74,261.74,1652,261.776,74
AAPL,2026-02-12T21:14:00Z,261.77,261.8,261.75,261.791,2161,261.782,54
AAPL,2026-02-12T21:15:00Z,261.74,261.8,261.74,261.8,3503,261.768,114
AAPL,2026-02-12T21:16:00Z,261.74,261.8,261.38,261.48,107956,261.728,179
AAPL,2026-02-12T21:17:00Z,261.48,261.59,261.48,261.59,3954,261.493,63
AAPL,2026-02-12T21:18:00Z,261.655,261.8,261.637,261.8,13497,261.752,114
AAPL,2026-02-12T21:19:00Z,261.75,261.75,261.6,261.74,1736,261.673,65
AAPL,2026-02-12T21:20:00Z,261.74,261.76,261.74,261.76,1342,261.744,38
AAPL,2026-02-12T21:21:00Z,261.71,261.77,261.7,261.75,2081,261.741,64
AAPL,2026-02-12T21:22:00Z,261.75,261.75,261.75,261.75,548,261.75,33
AAPL,2026-02-12T21:23:00Z,261.74,261.75,261.7,261.7,1515,261.74,70
AAPL,2026-02-12T21:25:00Z,261.707,261.707,261.707,261.707,450,261.707,41
AAPL,2026-02-12T21:26:00Z,261.75,261.75,261.6,261.6,718,261.705,39
AAPL,2026-02-12T21:27:00Z,261.55,261.65,261.548,261.548,963,261.583,65
AAPL,2026-02-12T21:28:00Z,261.73,261.73,261.73,261.73,10800,261.73,46
AAPL,2026-02-12T21:29:00Z,261.7,261.7,261.7,261.7,535,261.7,43
AAPL,2026-02-12T21:30:00Z,261.6,261.74,261.6,261.73,3453,261.7,94
AAPL,2026-02-12T21:31:00Z,261.7,261.73,261.7,261.73,2090,261.723,57
AAPL,2026-02-12T21:32:00Z,261.63,264.103,261.63,261.65,179826,261.763,75
AAPL,2026-02-12T21:33:00Z,261.6,261.7,261.6,261.7,2155,261.683,67
AAPL,2026-02-12T21:34:00Z,261.635,261.635,261.635,261.635,440,261.635,35
AAPL,2026-02-12T21:35:00Z,261.74,261.75,261.68,261.74,2543,261.733,128
AAPL,2026-02-12T21:36:00Z,261.74,261.75,261.733,261.75,1921,261.745,84
AAPL,2026-02-12T21:37:00Z,261.772,261.8,261.77,261.8,1542,261.781,83
AAPL,2026-02-12T21:38:00Z,261.75,261.75,261.75,261.75,76660,261.75,45
AAPL,2026-02-12T21:39:00Z,261.8,261.8,261.797,261.797,870,261.799,42
AAPL,2026-02-12T21:40:00Z,261.75,261.75,261.7,261.7,1065,261.717,101
AAPL,2026-02-12T21:41:00Z,261.75,261.8,261.661,261.8,1513,261.741,54
AAPL,2026-02-12T21:42:00Z,261.784,261.784,261.65,261.78,1037,261.706,56
AAPL,2026-02-12T21:43:00Z,261.781,261.781,261.69,261.69,1810,261.75,78
AAPL,2026-02-12T21:45:00Z,261.6,261.8,261.6,261.7,2983,261.706,150
AAPL,2026-02-12T21:46:00Z,261.7,261.7,261.7,261.7,712,261.7,44
AAPL,2026-02-12T21:47:00Z,261.7,261.7,261.7,261.7,1266,261.7,44
AAPL,2026-02-12T21:48:00Z,261.73,261.73,261.7,261.7,852,261.713,61
AAPL,2026-02-12T21:49:00Z,261.7,261.7,261.7,261.7,855,261.7,80
AAPL,2026-02-12T21:50:00Z,261.72,261.79,261.72,261.79,5080,261.756,136
AAPL,2026-02-12T21:51:00Z,261.79,261.82,261.79,261.82,2028,261.807,87
AAPL,2026-02-12T21:52:00Z,261.92,261.92,261.92,261.92,339,261.92,31
AAPL,2026-02-12T21:53:00Z,261.94,262.31,261.94,262.19,4564,262.085,152
AAPL,2026-02-12T21:54:00Z,261.85,262.139,261.85,262.139,880,261.946,67
AAPL,2026-02-12T21:56:00Z,262.139,262.139,262.01,262.01,982885,262.046,123
AAPL,2026-02-12T21:57:00Z,262.094,262.116,261.89,262.116,480,262.033,32
AAPL,2026-02-12T21:58:00Z,262.03,262.18,261.98,262.18,7687,262.105,163
AAPL,2026-02-12T21:59:00Z,261.92,262.042,261.92,262.042,799,261.963,45
AAPL,2026-02-12T22:01:00Z,262.19,262.19,262.14,262.14,372,262.165,23
AAPL,2026-02-12T22:02:00Z,262.024,262.024,262,262,1078,262.005,50
AAPL,2026-02-12T22:03:00Z,262,262,261.85,261.998,973523,261.949,56
AAPL,2026-02-12T22:04:00Z,261.99,262,261.98,262,3017,261.997,79
AAPL,2026-02-12T22:05:00Z,261.91,261.99,261.91,261.99,750,261.941,66
AAPL,2026-02-12T22:06:00Z,261.86,261.86,261.86,261.86,976,261.86,87
AAPL,2026-02-12T22:07:00Z,261.85,261.85,261.85,261.85,1120,261.85,58
AAPL,2026-02-12T22:08:00Z,261.85,261.88,261.85,261.88,1501,261.853,57
AAPL,2026-02-12T22:09:00Z,261.86,261.87,261.85,261.85,1725,261.855,66
AAPL,2026-02-12T22:10:00Z,261.87,261.87,261.8,261.8,2568,261.844,119
AAPL,2026-02-12T22:11:00Z,261.85,261.85,261.85,261.85,722,261.85,49
AAPL,2026-02-12T22:12:00Z,261.825,261.825,261.825,261.825,750,261.825,48
AAPL,2026-02-12T22:13:00Z,261.75,261.75,261.75,261.75,241,261.75,20
AAPL,2026-02-12T22:14:00Z,261.83,261.83,261.83,261.83,775,261.83,93
AAPL,2026-02-12T22:15:00Z,261.76,261.77,261.76,261.77,541,261.765,60
AAPL,2026-02-12T22:16:00Z,261.71,261.75,261.71,261.75,1180,261.74,52
AAPL,2026-02-12T22:17:00Z,261.832,261.832,261.832,261.832,211,261.832,26
AAPL,2026-02-12T22:18:00Z,261.77,261.78,261.75,261.75,1445,261.765,43
AAPL,2026-02-12T22:22:00Z,261.85,261.9,261.8,261.9,1206,261.864,33
AAPL,2026-02-12T22:23:00Z,261.87,261.87,261.85,261.85,636,261.855,26
AAPL,2026-02-12T22:28:00Z,261.84,261.84,261.81,261.81,1294,261.829,59
AAPL,2026-02-12T22:29:00Z,261.81,261.81,261.8,261.8,763,261.803,80
AAPL,2026-02-12T22:31:00Z,261.83,261.96,261.83,261.96,6324,261.858,51
AAPL,2026-02-12T22:33:00Z,261.961,261.99,261.961,261.97,806107,261.982,34
AAPL,2026-02-12T22:34:00Z,261.96,261.96,261.95,261.95,825,261.953,37
AAPL,2026-02-12T22:35:00Z,261.99,261.99,261.971,261.971,444,261.981,27
AAPL,2026-02-12T22:36:00Z,261.97,261.97,261.93,261.95,7371,261.949,53
AAPL,2026-02-12T22:37:00Z,261.96,261.98,261.96,261.98,1070,261.962,34
AAPL,2026-02-12T22:38:00Z,261.98,261.99,261.98,261.98,838,261.983,33
AAPL,2026-02-12T22:39:00Z,261.99,261.99,261.99,261.99,1164,261.99,37
AAPL,2026-02-12T22:40:00Z,261.98,261.98,261.98,261.98,515,261.98,58
AAPL,2026-02-12T22:43:00Z,262,262,262,262,379,262,41
AAPL,2026-02-12T22:44:00Z,261.98,261.98,261.98,261.98,231,261.98,25
AAPL,2026-02-12T22:45:00Z,261.98,261.98,261.92,261.92,1095,261.97,31
AAPL,2026-02-12T22:46:00Z,262,262,262,262,655,262,46
AAPL,2026-02-12T22:48:00Z,261.98,261.98,261.946,261.979,744,261.971,69
AAPL,2026-02-12T22:49:00Z,261.931,261.97,261.931,261.96,1089,261.961,50
AAPL,2026-02-12T22:50:00Z,261.94,261.94,261.94,261.94,1960,261.94,48
AAPL,2026-02-12T22:51:00Z,261.93,261.94,261.9,261.9,1009,261.927,67
AAPL,2026-02-12T22:52:00Z,261.98,262,261.98,261.986,1067,261.984,33
AAPL,2026-02-12T22:53:00Z,262,262,261.986,261.986,537,261.993,31
AAPL,2026-02-12T22:54:00Z,261.96,261.96,261.96,261.96,522,261.96,40
AAPL,2026-02-12T22:55:00Z,261.911,261.93,261.911,261.93,604,261.921,37
AAPL,2026-02-12T22:56:00Z,261.93,261.93,261.93,261.93,551,261.93,39
AAPL,2026-02-12T22:57:00Z,261.92,261.95,261.92,261.95,3055,261.935,59
AAPL,2026-02-12T23:00:00Z,261.93,261.93,261.89,261.89,7509,261.902,192
AAPL,2026-02-12T23:01:00Z,261.79,261.8,261.79,261.8,921,261.795,66
AAPL,2026-02-12T23:02:00Z,261.68,261.84,261.54,261.54,2819,261.735,176
AAPL,2026-02-12T23:03:00Z,261.83,261.83,261.83,261.83,340,261.83,20
AAPL,2026-02-12T23:04:00Z,261.93,261.99,261.93,261.99,1685,261.969,64
AAPL,2026-02-12T23:05:00Z,261.69,261.7,261.59,261.59,2527,261.661,86
AAPL,2026-02-12T23:06:00Z,261.7,262,261.7,262,6165,261.934,67
AAPL,2026-02-12T23:07:00Z,261.83,261.89,261.76,261.76,2792,261.789,51
AAPL,2026-02-12T23:08:00Z,261.673,261.673,261.673,261.673,345,261.673,21
AAPL,2026-02-12T23:09:00Z,261.781,261.781,261.781,261.781,448,261.781,24
AAPL,2026-02-12T23:10:00Z,261.79,261.8,261.78,261.8,6512,261.796,25
AAPL,2026-02-12T23:11:00Z,261.73,261.73,261.73,261.73,635,261.73,40
AAPL,2026-02-12T23:13:00Z,261.9,261.9,261.8,261.8,2295,261.893,16
AAPL,2026-02-12T23:14:00Z,261.82,261.82,261.82,261.82,574,261.82,20
AAPL,2026-02-12T23:15:00Z,261.9,261.9,261.9,261.9,576,261.9,61
AAPL,2026-02-12T23:17:00Z,261.8,261.8,261.8,261.8,195,261.8,14
AAPL,2026-02-12T23:18:00Z,261.87,261.87,261.87,261.87,310,261.87,14
AAPL,2026-02-12T23:19:00Z,261.89,261.9,261.88,261.9,850,261.89,28
AAPL,2026-02-12T23:20:00Z,261.772,261.772,261.772,261.772,1076,261.772,54
AAPL,2026-02-12T23:21:00Z,261.74,261.74,261.72,261.72,1538,261.738,63
AAPL,2026-02-12T23:22:00Z,261.81,261.81,261.81,261.81,656,261.81,32
AAPL,2026-02-12T23:23:00Z,261.81,261.81,261.81,261.81,808,261.81,31
AAPL,2026-02-12T23:24:00Z,261.79,261.79,261.79,261.79,469,261.79,14
AAPL,2026-02-12T23:25:00Z,261.779,261.779,261.779,261.779,591,261.779,22
AAPL,2026-02-12T23:26:00Z,261.88,261.88,261.87,261.87,503,261.875,48
AAPL,2026-02-12T23:29:00Z,261.78,261.83,261.78,261.83,859,261.791,19
AAPL,2026-02-12T23:31:00Z,261.85,261.85,261.85,261.85,322,261.85,24
AAPL,2026-02-12T23:32:00Z,261.86,261.89,261.85,261.89,2246,261.885,39
AAPL,2026-02-12T23:33:00Z,261.85,261.85,261.5,261.52,7529,261.647,345
AAPL,2026-02-12T23:34:00Z,261.31,261.35,261.16,261.16,2549,261.311,104
AAPL,2026-02-12T23:35:00Z,261.4,261.4,261.35,261.4,863,261.381,26
AAPL,2026-02-12T23:36:00Z,261.73,261.75,261.73,261.75,707,261.734,20
AAPL,2026-02-12T23:37:00Z,261.841,261.841,261.841,261.841,1335,261.841,73
AAPL,2026-02-12T23:38:00Z,261.762,261.762,261.15,261.15,2661,261.428,103
AAPL,2026-02-12T23:39:00Z,261.01,261.25,261,261,2671,261.067,104
AAPL,2026-02-12T23:40:00Z,261,261.1,261,261.01,4886,261.006,115
AAPL,2026-02-12T23:42:00Z,261.274,261.286,261.274,261.286,487,261.282,22
AAPL,2026-02-12T23:43:00Z,261.251,261.28,261.251,261.28,54663,261.265,27
AAPL,2026-02-12T23:45:00Z,261.34,261.456,261.34,261.456,1687,261.383,38
AAPL,2026-02-12T23:47:00Z,261.3,261.3,261.28,261.28,683,261.292,34
AAPL,2026-02-12T23:48:00Z,261.35,261.44,261.33,261.43,3673,261.389,57
AAPL,2026-02-12T23:49:00Z,261.44,261.6,261.44,261.57,2399,261.492,40
AAPL,2026-02-12T23:50:00Z,261.6,261.75,261.6,261.74,1238,261.722,27
AAPL,2026-02-12T23:52:00Z,261.73,261.8,261.73,261.8,1855,261.787,36
AAPL,2026-02-12T23:53:00Z,261.78,261.8,261.78,261.8,1597,261.783,31
AAPL,2026-02-12T23:54:00Z,261.8,261.8,261.8,261.8,1080,261.8,23
AAPL,2026-02-12T23:55:00Z,261.59,261.96,261.59,261.88,646,261.819,29
AAPL,2026-02-12T23:56:00Z,261.96,261.96,261.9,261.9,878,261.916,21
AAPL,2026-02-12T23:57:00Z,261.79,261.9,261.651,261.9,1355,261.833,38
AAPL,2026-02-12T23:58:00Z,261.82,261.85,261.8,261.8,940,261.83,38
AAPL,2026-02-12T23:59:00Z,261.85,261.9,261.85,261.9,347,261.875,16
AAPL,2026-02-13T00:00:00Z,261.6,261.6,261.6,261.6,520,261.6,42
AAPL,2026-02-13T00:01:00Z,261.82,262.01,261.82,262.01,4837,261.969,73
AAPL,2026-02-13T00:02:00Z,262,262.14,261.902,262.14,9532,262.027,91
AAPL,2026-02-13T00:03:00Z,262.12,262.12,262,262,2454,262.048,25
AAPL,2026-02-13T00:04:00Z,262.02,262.02,262,262,424,262.01,30
AAPL,2026-02-13T00:05:00Z,261.93,261.93,261.93,261.93,1687,261.93,45
AAPL,2026-02-13T00:06:00Z,262.01,262.01,262.01,262.01,301,262.01,24
AAPL,2026-02-13T00:07:00Z,262,262,261.98,261.98,335,261.99,24
AAPL,2026-02-13T00:08:00Z,262,262,261.99,261.99,506,261.993,17
AAPL,2026-02-13T00:10:00Z,261.97,261.98,261.97,261.98,579,261.978,19
AAPL,2026-02-13T00:12:00Z,262,262,262,262,384,262,34
AAPL,2026-02-13T00:14:00Z,261.95,261.95,261.95,261.95,180,261.95,21
AAPL,2026-02-13T00:16:00Z,261.9,261.95,261.9,261.95,1124,261.907,42
AAPL,2026-02-13T00:19:00Z,261.874,261.874,261.874,261.874,529,261.874,14
AAPL,2026-02-13T00:20:00Z,261.85,261.85,261.85,261.85,322,261.85,18
AAPL,2026-02-13T00:22:00Z,261.83,261.83,261.71,261.71,2975,261.76,112
AAPL,2026-02-13T00:23:00Z,261.7,261.7,261.7,261.7,712,261.7,46
AAPL,2026-02-13T00:24:00Z,261.821,261.821,261.5,261.5,1913,261.609,89
AAPL,2026-02-13T00:25:00Z,261.49,261.49,261.15,261.15,1816,261.433,130
AAPL,2026-02-13T00:26:00Z,261.2,261.3,261.2,261.3,2462,261.226,40
AAPL,2026-02-13T00:27:00Z,261.11,261.29,260.99,261.12,3958,261.097,152
AAPL,2026-02-13T00:28:00Z,261.19,261.19,261.19,261.19,430,261.19,40
AAPL,2026-02-13T00:29:00Z,261.11,261.11,260.93,260.93,2228,261.039,47
AAPL,2026-02-13T00:30:00Z,260.99,261,260.99,261,985,260.997,44
AAPL,2026-02-13T00:32:00Z,261.021,261.021,261.021,261.021,695,261.021,31
AAPL,2026-02-13T00:33:00Z,261,261.01,261,261,1285,261.003,72
AAPL,2026-02-13T00:34:00Z,261.1,261.1,261.1,261.1,375,261.1,25
AAPL,2026-02-13T00:35:00Z,261.2,261.2,261.2,261.2,254,261.2,13
AAPL,2026-02-13T00:36:00Z,261.12,261.17,261.1,261.17,1537,261.11,35
AAPL,2026-02-13T00:38:00Z,261.01,261.01,260.8,260.8,3601,260.877,104
AAPL,2026-02-13T00:41:00Z,261.1,261.1,260.82,260.82,995,261.026,55
AAPL,2026-02-13T00:42:00Z,260.81,260.81,260.5,260.68,2638,260.653,104
AAPL,2026-02-13T00:43:00Z,260.76,260.9,260.5,260.5,2998,260.567,86
AAPL,2026-02-13T00:44:00Z,260.28,260.77,260.28,260.67,1332,260.595,76
AAPL,2026-02-13T00:45:00Z,260.34,260.6,260.34,260.34,818,260.427,42
AAPL,2026-02-13T00:47:00Z,260.35,260.35,260.2,260.2,6423,260.266,237
AAPL,2026-02-13T00:48:00Z,260.03,260.108,260.01,260.102,2762,260.055,93
AAPL,2026-02-13T00:49:00Z,260.2,260.4,260.2,260.4,1573,260.291,56
AAPL,2026-02-13T00:50:00Z,260.43,260.45,260.43,260.45,3083,260.445,34
AAPL,2026-02-13T00:51:00Z,260.35,260.45,260.35,260.351,6596,260.436,43
AAPL,2026-02-13T00:52:00Z,260.35,260.35,260.01,260.281,2441,260.182,62
AAPL,2026-02-13T00:53:00Z,260.12,260.169,260,260.02,4966,260.023,183
AAPL,2026-02-13T00:54:00Z,260.16,260.25,260.01,260.01,2957,260.151,79
AAPL,2026-02-13T00:56:00Z,260.11,260.5,260.1,260.38,2425,260.278,56
AAPL,2026-02-13T00:57:00Z,260.45,260.45,260.25,260.25,1215,260.334,41
AAPL,2026-02-13T00:58:00Z,260.32,260.34,260.32,260.34,1201,260.336,46
AAPL,2026-02-13T00:59:00Z,260.46,260.46,260.34,260.35,4354,260.37,63
AAPL,2026-02-13T09:00:00Z,261.7,262.21,261.7,262,4875,261.973,140
AAPL,2026-02-13T09:01:00Z,261.98,261.98,261.98,261.98,723,261.98,10
AAPL,2026-02-13T09:02:00Z,261.74,261.74,261.74,261.74,965,261.74,37
AAPL,2026-02-13T09:05:00Z,261.73,261.85,261.73,261.85,1048,261.801,34
AAPL,2026-02-13T09:07:00Z,261.72,261.73,261.72,261.73,590,261.725,13
AAPL,2026-02-13T09:08:00Z,261.81,261.81,261.81,261.81,409,261.81,12
AAPL,2026-02-13T09:09:00Z,261.92,261.92,261.87,261.87,1238,261.9,23
AAPL,2026-02-13T09:11:00Z,261.91,262,261.91,262,1311,261.963,31
AAPL,2026-02-13T09:12:00Z,261.98,262.02,261.98,262.02,1374,261.996,31
AAPL,2026-02-13T09:13:00Z,262,262,262,262,407,262,18
AAPL,2026-02-13T09:14:00Z,262.04,262.05,262.01,262.02,2725,262.03,90
AAPL,2026-02-13T09:16:00Z,262.05,262.05,262.04,262.04,761,262.043,23
AAPL,2026-02-13T09:20:00Z,262.2,262.2,262.2,262.2,607,262.2,19
AAPL,2026-02-13T09:22:00Z,262.1,262.1,262.1,262.1,495,262.1,21
AAPL,2026-02-13T09:24:00Z,262.09,262.19,262.06,262.19,1379,262.102,31
AAPL,2026-02-13T09:26:00Z,262,262,262,262,1639,262,46
AAPL,2026-02-13T09:29:00Z,262,262,262,262,404,262,24
AAPL,2026-02-13T09:30:00Z,262,262,262,262,1252,262,42
AAPL,2026-02-13T09:33:00Z,262.01,262.01,262.01,262.01,332,262.01,6
AAPL,2026-02-13T09:34:00Z,262.08,262.1,262.08,262.08,911,262.087,22
AAPL,2026-02-13T09:35:00Z,262.06,262.06,262.06,262.06,402,262.06,2
AAPL,2026-02-13T09:36:00Z,262.03,262.03,262.03,262.03,441,262.03,20
AAPL,2026-02-13T09:40:00Z,262.06,262.08,262.06,262.08,1139,262.077,21
AAPL,2026-02-13T09:41:00Z,262.08,262.1,262.08,262.1,1235,262.088,21
AAPL,2026-02-13T09:42:00Z,262.1,262.1,262.1,262.1,280,262.1,10
AAPL,2026-02-13T09:44:00Z,262,262,262,262,639,262,28
AAPL,2026-02-13T09:47:00Z,262.01,262.01,262.01,262.01,541,262.01,16
AAPL,2026-02-13T09:52:00Z,262,262,262,262,464,262,13
AAPL,2026-02-13T09:53:00Z,262,262,261.9,261.9,1268,261.949,30
AAPL,2026-02-13T09:54:00Z,261.85,261.88,261.85,261.88,2107,261.864,62
AAPL,2026-02-13T09:55:00Z,261.83,261.98,261.81,261.81,836,261.905,21
AAPL,2026-02-13T09:59:00Z,261.9,261.9,261.9,261.9,497,261.9,12
AAPL,2026-02-13T10:02:00Z,262.03,262.06,262.03,262.06,721,262.047,19
AAPL,2026-02-13T10:03:00Z,262.08,262.17,262.08,262.16,1772,262.136,27
AAPL,2026-02-13T10:04:00Z,262.1,262.12,262,262,2523,262.032,45
AAPL,2026-02-13T10:05:00Z,262.08,262.08,262.08,262.08,299,262.08,15
AAPL,2026-02-13T10:08:00Z,262,262,262,262,441,262,16
AAPL,2026-02-13T10:15:00Z,262.08,262.1,262.08,262.1,708,262.094,28
AAPL,2026-02-13T10:19:00Z,262.13,262.13,262.12,262.12,456,262.127,13
AAPL,2026-02-13T10:21:00Z,262.09,262.15,262.09,262.15,766,262.113,18
AAPL,2026-02-13T10:28:00Z,262.07,262.07,262.06,262.06,829,262.064,39
AAPL,2026-02-13T10:31:00Z,262.01,262.01,262.01,262.01,245,262.01,15
AAPL,2026-02-13T10:32:00Z,262.09,262.09,262,262,572,262.033,25
AAPL,2026-02-13T10:35:00Z,261.9,261.92,261.9,261.9,1787,261.906,54
AAPL,2026-02-13T10:40:00Z,261.81,261.81,261.8,261.8,1052,261.802,49
AAPL,2026-02-13T10:42:00Z,261.86,261.86,261.86,261.86,450,261.86,12
AAPL,2026-02-13T10:47:00Z,261.87,261.87,261.87,261.87,214,261.87,6
AAPL,2026-02-13T10:48:00Z,261.86,261.86,261.86,261.86,621,261.86,31
AAPL,2026-02-13T10:49:00Z,261.97,261.97,261.97,261.97,232,261.97,7
AAPL,2026-02-13T10:50:00Z,261.82,261.82,261.82,261.82,378,261.82,16
AAPL,2026-02-13T10:51:00Z,261.62,261.62,261.62,261.62,903,261.62,109
AAPL,2026-02-13T10:58:00Z,261.58,261.58,261.58,261.58,303,261.58,9
AAPL,2026-02-13T11:00:00Z,261.47,261.5,261.47,261.5,568,261.488,48
AAPL,2026-02-13T11:03:00Z,261.38,261.38,261.31,261.31,787,261.354,53
AAPL,2026-02-13T11:08:00Z,261.48,261.48,261.48,261.48,753,261.48,36
AAPL,2026-02-13T11:09:00Z,261.5,261.5,261.5,261.5,580,261.5,17
AAPL,2026-02-13T11:12:00Z,261.53,261.53,261.24,261.24,1377,261.312,53
AAPL,2026-02-13T11:14:00Z,261.3,261.3,261.3,261.3,1240,261.3,35
AAPL,2026-02-13T11:15:00Z,261.11,261.11,261.1,261.1,1787,261.109,38
AAPL,2026-02-13T11:16:00Z,261.11,261.3,261.11,261.3,392,261.187,11
AAPL,2026-02-13T11:20:00Z,261.29,261.29,261.29,261.29,104,261.29,2
AAPL,2026-02-13T11:22:00Z,261,261,261,261,790,261,100
AAPL,2026-02-13T11:26:00Z,260.9,261,260.86,261,1361,260.966,24
AAPL,2026-02-13T11:27:00Z,260.92,260.92,260.92,260.92,807,260.92,29
AAPL,2026-02-13T11:28:00Z,261.15,261.15,261.15,261.15,371,261.15,18
AAPL,2026-02-13T11:29:00Z,260.99,260.99,260.99,260.99,346,260.99,5
AAPL,2026-02-13T11:30:00Z,261.11,261.11,261,261,1741,261.012,51
AAPL,2026-02-13T11:31:00Z,260.67,260.67,260.67,260.67,369,260.67,40
AAPL,2026-02-13T11:33:00Z,260.85,260.85,260.85,260.85,250,260.85,9
AAPL,2026-02-13T11:34:00Z,261.12,261.15,261.12,261.15,1468,261.146,35
AAPL,2026-02-13T11:35:00Z,261.19,261.21,261.19,261.21,915,261.199,23
AAPL,2026-02-13T11:41:00Z,261.12,261.12,261.12,261.12,268,261.12,9
AAPL,2026-02-13T11:42:00Z,261.15,261.15,261.15,261.15,190,261.15,11
AAPL,2026-02-13T11:43:00Z,261.11,261.14,261.11,261.14,695,261.125,31
AAPL,2026-02-13T11:45:00Z,261.01,261.01,261,261,875,261.004,45
AAPL,2026-02-13T11:52:00Z,261.23,261.23,261.23,261.23,308,261.23,21
AAPL,2026-02-13T11:53:00Z,261.36,261.36,261.36,261.36,917,261.36,32
AAPL,2026-02-13T11:54:00Z,261.4,261.5,261.4,261.5,883,261.474,19
AAPL,2026-02-13T11:55:00Z,261.5,261.5,261.47,261.47,389,261.485,15
AAPL,2026-02-13T12:00:00Z,261.68,262,261.68,261.83,4343,261.769,187
AAPL,2026-02-13T12:01:00Z,261.71,261.75,261.71,261.75,560,261.73,24
AAPL,2026-02-13T12:02:00Z,261.67,261.67,261.67,261.67,1160,261.67,18
AAPL,2026-02-13T12:03:00Z,261.61,261.61,261.53,261.53,1512,261.589,32
AAPL,2026-02-13T12:04:00Z,261.54,261.54,261.54,261.54,612,261.54,22
AAPL,2026-02-13T12:05:00Z,261.55,261.55,261.47,261.47,987,261.499,33
AAPL,2026-02-13T12:09:00Z,261.43,261.45,261.35,261.44,3108,261.398,49
AAPL,2026-02-13T12:10:00Z,261.28,261.28,261.2,261.2,1626,261.207,50
AAPL,2026-02-13T12:15:00Z,261.22,261.22,261.14,261.14,572,261.178,25
AAPL,2026-02-13T12:16:00Z,261.11,261.11,261.11,261.11,275,261.11,10
AAPL,2026-02-13T12:18:00Z,261.19,261.19,261.19,261.19,252,261.19,8
AAPL,2026-02-13T12:19:00Z,261.23,261.23,261.23,261.23,163,261.23,10
AAPL,2026-02-13T12:20:00Z,261.17,261.18,261.17,261.18,474,261.177,13
AAPL,2026-02-13T12:21:00Z,261.34,261.34,261.25,261.25,1291,261.272,31
AAPL,2026-02-13T12:22:00Z,261.44,261.44,261.39,261.39,920,261.399,18
AAPL,2026-02-13T12:25:00Z,261.44,261.5,261.44,261.5,857,261.472,21
AAPL,2026-02-13T12:26:00Z,261.5,261.5,261.5,261.5,662,261.5,19
AAPL,2026-02-13T12:28:00Z,261.48,261.48,261.39,261.39,624,261.436,25
AAPL,2026-02-13T12:30:00Z,261.4,261.4,261.4,261.4,751,261.4,10
AAPL,2026-02-13T12:31:00Z,261.6,261.6,261.6,261.6,807,261.6,29
AAPL,2026-02-13T12:38:00Z,261.64,261.64,261.64,261.64,623,261.64,20
AAPL,2026-02-13T12:43:00Z,261.6,261.6,261.6,261.6,148,261.6,7
AAPL,2026-02-13T12:45:00Z,261.63,261.63,261.58,261.59,1950,261.61,72
AAPL,2026-02-13T12:46:00Z,261.47,261.47,261.47,261.47,1201,261.47,59
AAPL,2026-02-13T12:47:00Z,261.47,261.47,261.42,261.42,1273,261.459,46
AAPL,2026-02-13T12:48:00Z,261.4,261.4,261.4,261.4,440,261.4,23
AAPL,2026-02-13T12:49:00Z,261.23,261.23,261.23,261.23,567,261.23,38
AAPL,2026-02-13T12:51:00Z,261.25,261.25,261.25,261.25,327,261.25,15
AAPL,2026-02-13T12:53:00Z,261.46,261.46,261.46,261.46,224,261.46,9
AAPL,2026-02-13T12:54:00Z,261.46,261.46,261.46,261.46,403,261.46,24
AAPL,2026-02-13T12:55:00Z,261.41,261.44,261.25,261.36,4894,261.361,104
AAPL,2026-02-13T12:56:00Z,261.27,261.36,261.2,261.36,1820,261.275,43
AAPL,2026-02-13T12:58:00Z,261.14,261.14,260.84,260.85,2661,260.975,223
AAPL,2026-02-13T12:59:00Z,261.03,261.08,261.03,261.05,831,261.049,21
AAPL,2026-02-13T13:00:00Z,261.52,262.19,260.28,261,79943,261.509,3942
AAPL,2026-02-13T13:01:00Z,261,262.26,260.45,260.904,20055,261.616,1218
AAPL,2026-02-13T13:02:00Z,261.37,261.37,261.08,261.08,4319,261.19,282
AAPL,2026-02-13T13:04:00Z,261.99,261.99,261.99,261.99,1940,261.99,109
AAPL,2026-02-13T13:05:00Z,261.18,261.2,261.14,261.14,5583,261.169,232
AAPL,2026-02-13T13:06:00Z,261.1,261.1,261.1,261.1,830,261.1,22
AAPL,2026-02-13T13:07:00Z,261,261,260.77,260.77,3829,260.905,176
AAPL,2026-02-13T13:08:00Z,260.69,260.69,260.5,260.5,12640,260.549,327
AAPL,2026-02-13T13:09:00Z,260.6,260.6,260.5,260.58,2.23634e+06,260.561,117
AAPL,2026-02-13T13:10:00Z,260.367,260.367,260.367,260.367,442,260.367,25
AAPL,2026-02-13T13:11:00Z,260.46,260.46,260.21,260.31,4029,260.321,194
AAPL,2026-02-13T13:12:00Z,260.7,260.7,260.7,260.7,247,260.7,12
AAPL,2026-02-13T13:13:00Z,260.5,260.5,260.2,260.28,2375,260.347,92
AAPL,2026-02-13T13:14:00Z,260.11,260.4,260.11,260.322,1565,260.258,48
AAPL,2026-02-13T13:15:00Z,260.39,260.39,260.25,260.31,2015,260.313,69
AAPL,2026-02-13T13:16:00Z,260.3,260.44,260.3,260.3,2421,260.401,65
AAPL,2026-02-13T13:17:00Z,260.5,260.59,260.5,260.59,1015,260.544,45
AAPL,2026-02-13T13:18:00Z,260.511,260.511,260.5,260.5,969,260.503,25
AAPL,2026-02-13T13:19:00Z,260.514,260.514,260.512,260.512,572,260.513,27
AAPL,2026-02-13T13:20:00Z,260.49,260.58,260.49,260.58,895,260.535,55
AAPL,2026-02-13T13:21:00Z,260.6,260.6,260.596,260.6,1104,260.599,33
AAPL,2026-02-13T13:22:00Z,260.591,260.67,260.58,260.67,2004,260.63,55
AAPL,2026-02-13T13:23:00Z,260.52,260.69,260.52,260.69,2976,260.581,54
AAPL,2026-02-13T13:24:00Z,260.94,260.99,260.77,260.8,4588,260.899,74
AAPL,2026-02-13T13:25:00Z,260.914,261,260.914,261,1220,260.969,31
AAPL,2026-02-13T13:26:00Z,260.94,261,260.94,261,2161,260.99,64
AAPL,2026-02-13T13:28:00Z,260.9,260.9,260.85,260.85,2091,260.869,109
AAPL,2026-02-13T13:29:00Z,260.9,260.9,260.8,260.8,1495,260.855,50
AAPL,2026-02-13T13:30:00Z,261.22,261.96,260.98,261.65,9876,261.4,400
AAPL,2026-02-13T13:31:00Z,261.2,261.57,261.2,261.4,4367,261.466,123
AAPL,2026-02-13T13:32:00Z,261.05,261.05,260.3,260.52,9762,260.663,494
AAPL,2026-02-13T13:33:00Z,261.35,261.35,260.9,261,3978,261.221,63
AAPL,2026-02-13T13:34:00Z,261.03,261.37,261,261.31,7762,261.106,147
AAPL,2026-02-13T13:35:00Z,261.05,261.24,260.78,260.78,7798,261.111,135
AAPL,2026-02-13T13:36:00Z,260.76,260.97,260.63,260.83,2434,260.825,81
AAPL,2026-02-13T13:37:00Z,261,261,261,261,435,261,34
AAPL,2026-02-13T13:38:00Z,261,261.2,261,261.2,24622,261.164,83
AAPL,2026-02-13T13:39:00Z,261.26,261.26,261.26,261.26,869,261.26,43
AAPL,2026-02-13T13:41:00Z,261.24,261.6,261.24,261.6,2688,261.402,84
AAPL,2026-02-13T13:42:00Z,261.6,261.6,261.41,261.47,2011,261.507,84
AAPL,2026-02-13T13:44:00Z,261.57,261.57,261.29,261.38,3197,261.44,134
AAPL,2026-02-13T13:45:00Z,261.3,261.301,261.154,261.154,4037,261.268,126
AAPL,2026-02-13T13:46:00Z,261.13,261.3,261.04,261.04,5458,261.19,115
AAPL,2026-02-13T13:47:00Z,261.03,261.29,261.03,261.27,3890,261.13,25
AAPL,2026-02-13T13:48:00Z,261.18,261.33,261.18,261.33,1544,261.267,50
AAPL,2026-02-13T13:49:00Z,261.35,261.54,261.35,261.54,2089,261.454,47
AAPL,2026-02-13T13:50:00Z,261.57,262.3,261.41,262.3,25289,261.833,484
AAPL,2026-02-13T13:51:00Z,262.26,262.922,262.028,262.577,34532,262.458,451
AAPL,2026-02-13T13:52:00Z,262.825,263.39,262.594,263.18,18368,262.988,277
AAPL,2026-02-13T13:53:00Z,263.34,263.9,263.14,263.762,76349,263.679,613
AAPL,2026-02-13T13:54:00Z,263.9,263.9,263.7,263.7,14489,263.742,178
AAPL,2026-02-13T13:55:00Z,263.75,264.17,263.75,264.03,27640,263.941,318
AAPL,2026-02-13T13:56:00Z,264.16,264.16,263.74,263.74,22367,263.996,230
AAPL,2026-02-13T13:57:00Z,263.853,263.95,263.7,263.7,5581,263.823,140
AAPL,2026-02-13T13:58:00Z,263.71,263.77,263.23,263.5,32566,263.605,451
AAPL,2026-02-13T13:59:00Z,263.48,263.55,263.38,263.39,9685,263.488,150
AAPL,2026-02-13T14:00:00Z,263.49,263.7,263.48,263.66,7369,263.584,163
AAPL,2026-02-13T14:01:00Z,263.63,263.63,262.986,263.31,18354,263.35,260
AAPL,2026-02-13T14:02:00Z,263.3,263.3,263.14,263.14,2889,263.163,45
AAPL,2026-02-13T14:03:00Z,263.18,263.327,263.13,263.327,4106,263.174,84
AAPL,2026-02-13T14:04:00Z,263.1,263.13,262.577,262.577,3115,262.914,105
AAPL,2026-02-13T14:05:00Z,262.6,262.9,262.5,262.895,8216,262.527,233
AAPL,2026-02-13T14:06:00Z,262.58,262.84,262.58,262.58,3501,262.615,132
AAPL,2026-02-13T14:07:00Z,262.5,262.61,262.2,262.31,5290,262.391,144
AAPL,2026-02-13T14:08:00Z,262.185,262.48,262.17,262.17,4260,262.224,111
AAPL,2026-02-13T14:09:00Z,262.4,262.4,262.17,262.265,6039,262.338,86
AAPL,2026-02-13T14:10:00Z,262.265,262.3,262.17,262.25,4027,262.224,107
AAPL,2026-02-13T14:11:00Z,262.26,263.13,262.25,263.13,17309,262.661,198
AAPL,2026-02-13T14:12:00Z,263.11,263.19,263,263.19,8798,263.15,118
AAPL,2026-02-13T14:13:00Z,263.151,263.151,262.8,262.8,2834,262.946,132
AAPL,2026-02-13T14:14:00Z,262.61,263.09,262.5,262.79,3036,262.911,51
AAPL,2026-02-13T14:15:00Z,263.012,263.012,262.81,262.81,3529,262.966,61
AAPL,2026-02-13T14:16:00Z,262.939,262.939,262.61,262.629,4543,262.697,142
AAPL,2026-02-13T14:17:00Z,262.83,262.83,262.63,262.63,1985,262.672,33
AAPL,2026-02-13T14:18:00Z,262.7,262.7,262.5,262.5,840,262.588,57
AAPL,2026-02-13T14:19:00Z,262.5,262.74,262.4,262.4,4444,262.544,131
AAPL,2026-02-13T14:20:00Z,262.47,262.5,262.4,262.4,3608,262.484,100
AAPL,2026-02-13T14:21:00Z,262.48,262.49,262.4,262.49,2759,262.473,80
AAPL,2026-02-13T14:22:00Z,262.3,262.47,262.14,262.47,4041,262.339,236
AAPL,2026-02-13T14:23:00Z,262.17,262.431,262,262,4088,262.079,131
AAPL,2026-02-13T14:24:00Z,262.16,262.16,261.97,262,2296,262.005,117
AAPL,2026-02-13T14:25:00Z,262.15,262.15,262.03,262.13,3573,262.098,121
AAPL,2026-02-13T14:26:00Z,262.31,262.5,262.204,262.49,5608,262.331,91
AAPL,2026-02-13T14:27:00Z,262.45,262.5,261.85,261.85,16139,262.319,327
AAPL,2026-02-13T14:28:00Z,261.95,262.49,261.94,262.27,17213,262.191,248
AAPL,2026-02-13T14:29:00Z,262.07,262.38,261.95,261.97,18693,262.048,279
AAPL,2026-02-13T14:30:00Z,261.95,262.23,261.04,261.5,979671,261.879,17711
AAPL,2026-02-13T14:31:00Z,261.44,261.51,260.24,260.36,402168,261.033,5856
AAPL,2026-02-13T14:32:00Z,260.28,261.4,259.65,260.785,472428,260.389,8695
AAPL,2026-02-13T14:33:00Z,260.825,261.36,259.56,259.96,239440,260.511,4160
AAPL,2026-02-13T14:34:00Z,259.89,260.15,258.8,259.3,297757,259.398,5252
AAPL,2026-02-13T14:35:00Z,259.34,259.89,259.12,259.19,231543,259.413,3330
AAPL,2026-02-13T14:36:00Z,259.17,259.51,258.8,259.19,272308,259.121,4137
AAPL,2026-02-13T14:37:00Z,259.29,260.26,259.02,259.02,201344,259.705,3297
AAPL,2026-02-13T14:38:00Z,259.06,259.73,259.06,259.59,160568,259.471,2437
AAPL,2026-02-13T14:39:00Z,259.625,259.75,259.15,259.385,169132,259.406,2736
AAPL,2026-02-13T14:40:00Z,259.35,259.88,259.02,259.42,176930,259.355,2999
AAPL,2026-02-13T14:41:00Z,259.42,260.06,259.39,259.88,169441,259.764,2773
AAPL,2026-02-13T14:42:00Z,259.9,260.17,259.62,260.13,154435,259.824,3493
AAPL,2026-02-13T14:43:00Z,260.13,260.19,259.09,259.24,245584,259.592,3971
AAPL,2026-02-13T14:44:00Z,259.235,259.85,259.15,259.52,146313,259.571,3224
AAPL,2026-02-13T14:45:00Z,259.51,260.18,259.4,260.055,174030,259.833,3448
AAPL,2026-02-13T14:46:00Z,260.05,260.52,259.76,260.36,229903,260.155,4153
AAPL,2026-02-13T14:47:00Z,260.35,260.58,259.83,260.38,151201,260.289,3208
AAPL,2026-02-13T14:48:00Z,260.43,260.98,260.28,260.31,136098,260.596,3043
AAPL,2026-02-13T14:49:00Z,260.26,260.605,260.17,260.275,140569,260.355,3164
AAPL,2026-02-13T14:50:00Z,260.27,260.327,259.212,259.36,206254,259.577,4190
AAPL,2026-02-13T14:51:00Z,259.29,259.4,258.84,258.93,172259,259.102,4087
AAPL,2026-02-13T14:52:00Z,258.95,259.24,258.82,259.21,115620,259.093,2887
AAPL,2026-02-13T14:53:00Z,259.26,259.82,259.11,259.525,110901,259.457,2448
AAPL,2026-02-13T14:54:00Z,259.52,259.75,259.22,259.5,149799,259.518,2784
AAPL,2026-02-13T14:55:00Z,259.52,259.81,259.4,259.71,147535,259.674,2596
AAPL,2026-02-13T14:56:00Z,259.717,259.76,259.21,259.289,103756,259.526,2430
AAPL,2026-02-13T14:57:00Z,259.26,259.57,259.11,259.11,117911,259.378,2501
AAPL,2026-02-13T14:58:00Z,259.16,259.66,259.1,259.44,96521,259.388,2355
AAPL,2026-02-13T14:59:00Z,259.45,259.5,259.23,259.33,99054,259.368,2308
AAPL,2026-02-13T15:00:00Z,259.31,259.83,259.21,259.605,268770,259.457,4962
AAPL,2026-02-13T15:01:00Z,259.63,259.85,259.26,259.292,90799,259.542,2532
AAPL,2026-02-13T15:02:00Z,259.3,259.49,259.23,259.32,81361,259.372,2288
AAPL,2026-02-13T15:03:00Z,259.32,259.52,259,259.087,122892,259.271,2868
AAPL,2026-02-13T15:04:00Z,259.09,259.46,259.04,259.31,94902,259.255,2604
AAPL,2026-02-13T15:05:00Z,259.34,259.36,258.88,258.94,82795,259.147,2632
AAPL,2026-02-13T15:06:00Z,258.9,259.55,258.88,259.55,100205,259.231,2497
AAPL,2026-02-13T15:07:00Z,259.545,259.56,259.17,259.33,70738,259.392,2059
AAPL,2026-02-13T15:08:00Z,259.35,259.71,259.21,259.67,87069,259.406,2331
AAPL,2026-02-13T15:09:00Z,259.686,259.845,259.48,259.78,190200,259.618,3257
AAPL,2026-02-13T15:10:00Z,259.81,259.81,259.41,259.56,114722,259.563,2283
AAPL,2026-02-13T15:11:00Z,259.56,259.82,259.515,259.59,79863,259.625,1997
AAPL,2026-02-13T15:12:00Z,259.55,259.85,259.54,259.78,70541,259.722,2059
AAPL,2026-02-13T15:13:00Z,259.81,260.7,259.81,260.463,116776,260.292,2686
AAPL,2026-02-13T15:14:00Z,260.485,260.56,260,260.02,59491,260.36,1950
AAPL,2026-02-13T15:15:00Z,260.05,260.32,259.87,260.2,114634,260.102,2006
AAPL,2026-02-13T15:16:00Z,260.18,260.38,259.7,259.7,70341,260.006,2123
AAPL,2026-02-13T15:17:00Z,259.685,259.87,259.66,259.845,62732,259.781,2069
AAPL,2026-02-13T15:18:00Z,259.855,260.3,259.73,260.24,62955,259.997,1906
AAPL,2026-02-13T15:19:00Z,260.275,260.285,259.63,259.68,133495,259.871,5221
AAPL,2026-02-13T15:20:00Z,259.68,259.96,259.55,259.88,124822,259.751,2786
AAPL,2026-02-13T15:21:00Z,259.86,259.86,259.42,259.46,85297,259.624,2333
AAPL,2026-02-13T15:22:00Z,259.475,259.705,259.32,259.37,64476,259.504,2051
AAPL,2026-02-13T15:23:00Z,259.36,259.68,259.33,259.61,56266,259.479,2047
AAPL,2026-02-13T15:24:00Z,259.58,259.66,259.43,259.48,45759,259.521,1662
AAPL,2026-02-13T15:25:00Z,259.5,259.88,259.44,259.85,93069,259.666,2260
AAPL,2026-02-13T15:26:00Z,259.875,259.99,259.67,259.925,99117,259.86,2531
AAPL,2026-02-13T15:27:00Z,259.92,260.3,259.89,260.275,130787,260.029,2416
AAPL,2026-02-13T15:28:00Z,260.275,260.64,260.21,260.52,99408,260.405,2322
AAPL,2026-02-13T15:29:00Z,260.525,260.82,260.49,260.6,92034,260.641,2130
AAPL,2026-02-13T15:30:00Z,260.6,260.87,260.475,260.8,95476,260.67,2352
AAPL,2026-02-13T15:31:00Z,260.79,260.8,260.49,260.62,98770,260.672,2356
AAPL,2026-02-13T15:32:00Z,260.62,261.25,260.6,260.97,198599,260.907,2803
AAPL,2026-02-13T15:33:00Z,260.96,261.41,260.96,261.25,152391,261.205,3234
AAPL,2026-02-13T15:34:00Z,261.28,261.32,261.05,261.06,93750,261.19,2425
AAPL,2026-02-13T15:35:00Z,261.08,261.45,261.04,261.425,68899,261.24,1901
AAPL,2026-02-13T15:36:00Z,261.425,261.49,261.25,261.41,92604,261.372,2241
AAPL,2026-02-13T15:37:00Z,261.39,261.41,261.05,261.1,84662,261.175,2242
AAPL,2026-02-13T15:38:00Z,261.09,261.095,260.44,260.44,133344,260.786,2588
AAPL,2026-02-13T15:39:00Z,260.45,260.68,259.95,259.98,102214,260.381,2752
AAPL,2026-02-13T15:40:00Z,259.96,260.05,259.78,260.03,74420,259.915,2415
AAPL,2026-02-13T15:41:00Z,259.99,260.455,259.99,260.41,64298,260.189,2136
AAPL,2026-02-13T15:42:00Z,260.39,260.51,259.92,259.963,63202,260.229,2098
AAPL,2026-02-13T15:43:00Z,259.93,260.45,259.45,259.48,106669,259.892,3083
AAPL,2026-02-13T15:44:00Z,259.5,259.69,259.47,259.49,64499,259.596,1868
AAPL,2026-02-13T15:45:00Z,259.51,259.61,259.345,259.36,73688,259.464,2364
AAPL,2026-02-13T15:46:00Z,259.39,259.555,258.95,258.97,102005,259.157,2966
AAPL,2026-02-13T15:47:00Z,258.96,259.09,258.84,258.89,91910,258.979,2529
AAPL,2026-02-13T15:48:00Z,258.855,259.03,258.62,258.65,121121,258.832,3042
AAPL,2026-02-13T15:49:00Z,258.63,258.72,258.37,258.56,133349,258.501,3187
AAPL,2026-02-13T15:50:00Z,258.59,259.065,258.53,259.05,85884,258.836,2525
AAPL,2026-02-13T15:51:00Z,259.035,259.44,258.95,259.4,88480,259.216,2209
AAPL,2026-02-13T15:52:00Z,259.382,259.455,259.21,259.3,66955,259.346,1870
AAPL,2026-02-13T15:53:00Z,259.29,259.56,259.17,259.51,76128,259.397,2123
AAPL,2026-02-13T15:54:00Z,259.52,259.575,259.385,259.5,115834,259.476,2487
AAPL,2026-02-13T15:55:00Z,259.5,259.83,259.47,259.77,70823,259.689,2044
AAPL,2026-02-13T15:56:00Z,259.775,259.8,259.55,259.63,71902,259.645,2085
AAPL,2026-02-13T15:57:00Z,259.63,259.81,259.62,259.77,76765,259.716,2111
AAPL,2026-02-13T15:58:00Z,259.79,259.84,259.52,259.645,87710,259.692,2166
AAPL,2026-02-13T15:59:00Z,259.64,259.65,259.35,259.39,78081,259.498,2271
AAPL,2026-02-13T16:00:00Z,259.43,259.76,259.42,259.61,83402,259.562,2332
AAPL,2026-02-13T16:01:00Z,259.6,259.69,259.385,259.64,66020,259.545,1891
AAPL,2026-02-13T16:02:00Z,259.655,259.75,259.37,259.405,54572,259.527,2043
AAPL,2026-02-13T16:03:00Z,259.41,259.51,259.315,259.44,44715,259.415,1902
AAPL,2026-02-13T16:04:00Z,259.4,259.49,259.315,259.49,42133,259.384,1804
AAPL,2026-02-13T16:05:00Z,259.45,259.54,259.262,259.39,97739,259.386,2432
AAPL,2026-02-13T16:06:00Z,259.39,259.59,259.34,259.51,104890,259.44,2637
AAPL,2026-02-13T16:07:00Z,259.52,259.57,259.145,259.24,104406,259.367,2508
AAPL,2026-02-13T16:08:00Z,259.26,259.62,259.14,259.59,83146,259.425,2340
AAPL,2026-02-13T16:09:00Z,259.585,259.745,259.4,259.454,114585,259.599,2378
AAPL,2026-02-13T16:10:00Z,259.48,259.55,259.3,259.355,64407,259.421,2216
AAPL,2026-02-13T16:11:00Z,259.37,259.43,259.2,259.335,76269,259.316,1966
AAPL,2026-02-13T16:12:00Z,259.375,259.445,259.09,259.165,50651,259.226,2020
AAPL,2026-02-13T16:13:00Z,259.14,259.15,258.94,259.04,68461,259.02,2378
AAPL,2026-02-13T16:14:00Z,259.05,259.37,258.98,259.335,53905,259.165,1879
AAPL,2026-02-13T16:15:00Z,259.345,259.63,259.17,259.56,66950,259.4,2151
AAPL,2026-02-13T16:16:00Z,259.515,259.655,259.44,259.52,39105,259.558,1672
AAPL,2026-02-13T16:17:00Z,259.515,259.78,259.445,259.7,52381,259.618,2130
AAPL,2026-02-13T16:18:00Z,259.695,259.75,259.54,259.565,32650,259.66,1676
AAPL,2026-02-13T16:19:00Z,259.52,259.54,259.42,259.475,24276,259.489,1476
AAPL,2026-02-13T16:20:00Z,259.475,259.475,259.26,259.27,32292,259.399,1664
AAPL,2026-02-13T16:21:00Z,259.21,259.385,259.11,259.26,59590,259.267,1980
AAPL,2026-02-13T16:22:00Z,259.26,259.43,259.255,259.286,45502,259.337,1789
AAPL,2026-02-13T16:23:00Z,259.283,259.34,258.77,258.858,92628,259.03,2843
AAPL,2026-02-13T16:24:00Z,258.84,258.995,258.84,258.935,74334,258.922,2037
AAPL,2026-02-13T16:25:00Z,258.94,258.97,258.695,258.77,74328,258.82,2138
AAPL,2026-02-13T16:26:00Z,258.765,259.19,258.73,259.125,67176,258.873,2114
AAPL,2026-02-13T16:27:00Z,259.14,259.5,259.056,259.5,81500,259.25,2179
AAPL,2026-02-13T16:28:00Z,259.5,259.64,259.38,259.4,70055,259.507,2274
AAPL,2026-02-13T16:29:00Z,259.395,259.395,259.12,259.288,76525,259.241,2362
AAPL,2026-02-13T16:30:00Z,259.298,259.47,259.23,259.44,57407,259.364,1868
AAPL,2026-02-13T16:31:00Z,259.445,259.48,259.09,259.35,75207,259.266,2309
AAPL,2026-02-13T16:32:00Z,259.32,259.48,259.29,259.455,69062,259.384,2068
AAPL,2026-02-13T16:33:00Z,259.46,259.62,259.41,259.6,61611,259.515,1977
AAPL,2026-02-13T16:34:00Z,259.615,259.615,259.3,259.555,59762,259.432,1897
AAPL,2026-02-13T16:35:00Z,259.54,259.56,259.16,259.22,60983,259.357,2060
AAPL,2026-02-13T16:36:00Z,259.225,259.43,259.165,259.411,95673,259.267,1990
AAPL,2026-02-13T16:37:00Z,259.41,259.45,258.6,258.62,91907,258.95,2783
AAPL,2026-02-13T16:38:00Z,258.62,259.29,258.6,259.29,104047,258.906,2477
AAPL,2026-02-13T16:39:00Z,259.28,259.38,259.18,259.38,55277,259.275,1781
AAPL,2026-02-13T16:40:00Z,259.4,259.44,259.26,259.34,43988,259.358,1728
AAPL,2026-02-13T16:41:00Z,259.34,259.44,259.25,259.35,37877,259.324,1603
AAPL,2026-02-13T16:42:00Z,259.35,259.41,259.27,259.39,35216,259.345,1567
AAPL,2026-02-13T16:43:00Z,259.38,259.57,259.24,259.53,61118,259.45,1734
AAPL,2026-02-13T16:44:00Z,259.55,259.61,259.42,259.45,72708,259.53,1911
AAPL,2026-02-13T16:45:00Z,259.48,259.73,259.42,259.64,67792,259.581,1917
AAPL,2026-02-13T16:46:00Z,259.63,259.68,259.44,259.44,64398,259.617,1841
AAPL,2026-02-13T16:47:00Z,259.43,259.535,259.35,259.52,49305,259.449,1853
AAPL,2026-02-13T16:48:00Z,259.53,259.53,259.27,259.41,49645,259.402,1946
AAPL,2026-02-13T16:49:00Z,259.39,259.46,259.3,259.43,71008,259.385,2073
AAPL,2026-02-13T16:50:00Z,259.404,259.57,259.31,259.51,62231,259.439,1773
AAPL,2026-02-13T16:51:00Z,259.53,259.615,259.385,259.58,40950,259.474,1684
AAPL,2026-02-13T16:52:00Z,259.585,259.59,259.33,259.38,49486,259.457,1831
AAPL,2026-02-13T16:53:00Z,259.4,259.45,259.22,259.3,42009,259.338,1654
AAPL,2026-02-13T16:54:00Z,259.28,259.58,259.26,259.56,44566,259.356,1641
AAPL,2026-02-13T16:55:00Z,259.6,259.77,259.55,259.55,40160,259.66,1732
AAPL,2026-02-13T16:56:00Z,259.54,259.72,259.54,259.69,69582,259.638,2068
AAPL,2026-02-13T16:57:00Z,259.68,259.78,259.58,259.65,34171,259.689,1517
AAPL,2026-02-13T16:58:00Z,259.65,259.68,259.36,259.395,71197,259.475,2132
AAPL,2026-02-13T16:59:00Z,259.395,259.47,259.15,259.18,60092,259.301,1872
AAPL,2026-02-13T17:00:00Z,259.2,259.21,258.89,259.095,72764,259.064,2159
AAPL,2026-02-13T17:01:00Z,259.105,259.38,259.105,259.35,48043,259.296,1786
AAPL,2026-02-13T17:02:00Z,259.335,259.48,259.22,259.374,40288,259.357,915
AAPL,2026-02-13T17:03:00Z,259.4,259.45,259.29,259.39,33084,259.381,748
AAPL,2026-02-13T17:04:00Z,259.42,259.57,259.36,259.47,41053,259.464,1006
AAPL,2026-02-13T17:05:00Z,259.45,259.66,259.44,259.65,45010,259.549,1007
AAPL,2026-02-13T17:06:00Z,259.65,259.65,259.509,259.6,33839,259.581,923
AAPL,2026-02-13T17:07:00Z,259.63,259.75,259.59,259.71,93647,259.683,1262
AAPL,2026-02-13T17:08:00Z,259.68,259.71,259.6,259.61,21456,259.656,759
AAPL,2026-02-13T17:09:00Z,259.63,259.68,259.43,259.53,34531,259.519,873
AAPL,2026-02-13T17:10:00Z,259.535,259.68,259.52,259.57,44351,259.591,969
AAPL,2026-02-13T17:11:00Z,259.61,259.75,259.59,259.69,35416,259.682,939
AAPL,2026-02-13T17:12:00Z,259.72,259.8,259.64,259.77,38425,259.727,989
AAPL,2026-02-13T17:13:00Z,259.77,259.77,259.53,259.635,56036,259.63,1215
AAPL,2026-02-13T17:14:00Z,259.635,259.87,259.59,259.845,45963,259.709,1049
AAPL,2026-02-13T17:15:00Z,259.86,259.97,259.802,259.92,68473,259.893,1213
AAPL,2026-02-13T17:16:00Z,259.93,260.08,259.84,260.03,81854,259.972,1471
AAPL,2026-02-13T17:17:00Z,260.02,260.08,259.84,259.93,52966,259.959,1094
AAPL,2026-02-13T17:18:00Z,259.94,260,259.8,259.95,49575,259.892,1208
AAPL,2026-02-13T17:19:00Z,259.95,260,259.765,259.79,49424,259.875,1131
AAPL,2026-02-13T17:20:00Z,259.783,259.835,259.66,259.78,41747,259.751,990
AAPL,2026-02-13T17:21:00Z,259.8,260.07,259.8,260.015,47176,259.934,1088
AAPL,2026-02-13T17:22:00Z,260,260.03,259.92,259.99,32016,259.969,831
AAPL,2026-02-13T17:23:00Z,260,260.21,259.97,260.14,62846,260.102,1297
AAPL,2026-02-13T17:24:00Z,260.15,260.19,260.01,260.09,40269,260.086,1162
AAPL,2026-02-13T17:25:00Z,260.105,260.14,259.8,259.98,46686,259.965,1281
AAPL,2026-02-13T17:26:00Z,259.995,260.08,259.69,259.745,77948,259.922,1542
AAPL,2026-02-13T17:27:00Z,259.755,259.81,259.68,259.71,75177,259.745,1469
AAPL,2026-02-13T17:28:00Z,259.71,259.88,259.62,259.63,57689,259.753,1063
AAPL,2026-02-13T17:29:00Z,259.655,259.72,259.59,259.59,44890,259.641,1032
AAPL,2026-02-13T17:30:00Z,259.61,259.68,259.49,259.65,63687,259.578,1425
AAPL,2026-02-13T17:31:00Z,259.65,259.88,259.65,259.855,84500,259.764,1149
AAPL,2026-02-13T17:32:00Z,259.85,260.04,259.827,259.98,72083,259.934,1122
AAPL,2026-02-13T17:33:00Z,259.99,260.01,259.81,259.9,51665,259.909,1030
AAPL,2026-02-13T17:34:00Z,259.9,260.017,259.9,259.99,36965,259.96,791
AAPL,2026-02-13T17:35:00Z,259.98,260.157,259.98,260.154,58256,260.057,1073
AAPL,2026-02-13T17:36:00Z,260.12,260.155,260,260.035,34041,260.107,874
AAPL,2026-02-13T17:37:00Z,260.06,260.13,259.97,260.02,63665,260.059,1188
AAPL,2026-02-13T17:38:00Z,260.012,260.085,259.9,259.99,57272,259.982,1134
AAPL,2026-02-13T17:39:00Z,259.995,260.07,259.88,260.07,40197,259.974,881
AAPL,2026-02-13T17:40:00Z,260.075,260.14,260.01,260.09,46671,260.066,963
AAPL,2026-02-13T17:41:00Z,260.075,260.267,260.07,260.23,62458,260.158,1066
AAPL,2026-02-13T17:42:00Z,260.222,260.27,260.07,260.13,62369,260.202,1141
AAPL,2026-02-13T17:43:00Z,260.12,260.158,260.05,260.11,38127,260.08,787
AAPL,2026-02-13T17:44:00Z,260.13,260.17,259.98,260.1,49287,260.063,971
AAPL,2026-02-13T17:45:00Z,260.12,260.18,260.03,260.055,37901,260.086,977
AAPL,2026-02-13T17:46:00Z,260.055,260.18,260.035,260.09,48294,260.118,969
AAPL,2026-02-13T17:47:00Z,260.09,260.09,259.767,259.83,62320,259.897,1370
AAPL,2026-02-13T17:48:00Z,259.84,259.84,259.34,259.495,209418,259.495,2479
AAPL,2026-02-13T17:49:00Z,259.495,259.57,259.46,259.505,97732,259.506,1260
AAPL,2026-02-13T17:50:00Z,259.51,259.54,259.43,259.48,92213,259.482,1126
AAPL,2026-02-13T17:51:00Z,259.48,259.55,259.37,259.39,58945,259.464,995
AAPL,2026-02-13T17:52:00Z,259.4,259.54,259.4,259.525,43264,259.46,965
AAPL,2026-02-13T17:53:00Z,259.51,259.51,259.2,259.2,51603,259.332,954
AAPL,2026-02-13T17:54:00Z,259.21,259.29,259.12,259.26,90931,259.208,1350
AAPL,2026-02-13T17:55:00Z,259.28,259.39,259.255,259.285,38152,259.315,869
AAPL,2026-02-13T17:56:00Z,259.25,259.3,259.18,259.28,88087,259.239,1140
AAPL,2026-02-13T17:57:00Z,259.28,259.31,259.195,259.22,39289,259.261,883
AAPL,2026-02-13T17:58:00Z,259.24,259.24,259.07,259.095,35651,259.18,1013
AAPL,2026-02-13T17:59:00Z,259.095,259.2,259.025,259.045,101250,259.078,1233
AAPL,2026-02-13T18:00:00Z,259.045,259.2,259.045,259.13,52328,259.128,1005
AAPL,2026-02-13T18:01:00Z,259.1,259.1,258.93,258.96,72416,259.004,1514
AAPL,2026-02-13T18:02:00Z,258.97,259.09,258.95,258.97,71364,259.023,1031
AAPL,2026-02-13T18:03:00Z,258.98,259,258.82,258.983,44204,258.908,1088
AAPL,2026-02-13T18:04:00Z,258.98,259,258.8,258.93,41262,258.88,964
AAPL,2026-02-13T18:05:00Z,258.91,258.99,258.77,258.86,62036,258.837,1129
AAPL,2026-02-13T18:06:00Z,258.86,258.98,258.81,258.84,28015,258.896,769
AAPL,2026-02-13T18:07:00Z,258.845,259,258.82,258.89,35078,258.9,846
AAPL,2026-02-13T18:08:00Z,258.92,259.01,258.862,258.88,37502,258.944,857
AAPL,2026-02-13T18:09:00Z,258.88,258.95,258.83,258.86,36423,258.88,799
AAPL,2026-02-13T18:10:00Z,258.85,259.07,258.83,259.04,40028,258.991,913
AAPL,2026-02-13T18:11:00Z,259.046,259.14,258.98,259.05,121077,259.05,1532
AAPL,2026-02-13T18:12:00Z,259.04,259.059,258.965,259.04,49744,259.01,866
AAPL,2026-02-13T18:13:00Z,259.06,259.1,258.93,258.97,34744,258.981,848
AAPL,2026-02-13T18:14:00Z,258.985,259.06,258.94,259.06,38447,259.005,736
AAPL,2026-02-13T18:15:00Z,259.05,259.13,258.94,259.08,95816,259.004,1052
AAPL,2026-02-13T18:16:00Z,259.09,259.18,259.075,259.18,31163,259.112,914
AAPL,2026-02-13T18:17:00Z,259.17,259.22,259.08,259.17,109855,259.154,1340
AAPL,2026-02-13T18:18:00Z,259.17,259.19,259.08,259.115,46749,259.131,977
AAPL,2026-02-13T18:19:00Z,259.1,259.1,258.86,258.94,68144,258.961,1421
AAPL,2026-02-13T18:20:00Z,258.94,259.15,258.93,259.13,34496,259.026,727
AAPL,2026-02-13T18:21:00Z,259.11,259.126,258.97,259.07,28025,259.053,774
AAPL,2026-02-13T18:22:00Z,259.07,259.23,259.04,259.23,74785,259.154,1062
AAPL,2026-02-13T18:23:00Z,259.23,259.49,259.1,259.255,206787,259.244,2267
AAPL,2026-02-13T18:24:00Z,259.255,259.27,259.065,259.095,57803,259.165,964
AAPL,2026-02-13T18:25:00Z,259.101,259.101,258.87,258.88,39967,258.961,957
AAPL,2026-02-13T18:26:00Z,258.88,259.005,258.8,259,48581,258.868,1002
AAPL,2026-02-13T18:27:00Z,259,259,258.82,258.82,23888,258.95,644
AAPL,2026-02-13T18:28:00Z,258.815,258.99,258.8,258.97,32448,258.918,917
AAPL,2026-02-13T18:29:00Z,258.974,259.03,258.87,258.91,70011,258.977,1898
AAPL,2026-02-13T18:30:00Z,258.935,258.96,258.8,258.91,37144,258.88,1320
AAPL,2026-02-13T18:31:00Z,258.91,259.045,258.9,259.02,46067,258.965,1464
AAPL,2026-02-13T18:32:00Z,259.015,259.08,258.94,259.02,39086,259.016,1197
AAPL,2026-02-13T18:33:00Z,259.04,259.07,258.92,258.98,26616,258.994,822
AAPL,2026-02-13T18:34:00Z,258.98,259.01,258.91,258.985,34944,258.965,851
AAPL,2026-02-13T18:35:00Z,258.98,259.01,258.93,259.01,35603,258.972,723
AAPL,2026-02-13T18:36:00Z,258.995,259.09,258.95,259.021,49383,259.027,1302
AAPL,2026-02-13T18:37:00Z,259.02,259.17,259.01,259.153,123957,259.079,1475
AAPL,2026-02-13T18:38:00Z,259.16,259.16,259.005,259.14,44885,259.097,940
AAPL,2026-02-13T18:39:00Z,259.14,259.2,259.105,259.13,38447,259.163,744
AAPL,2026-02-13T18:40:00Z,259.165,259.2,259.11,259.14,23319,259.156,647
AAPL,2026-02-13T18:41:00Z,259.145,259.145,259.06,259.12,28114,259.093,619
AAPL,2026-02-13T18:42:00Z,259.115,259.115,259.035,259.06,38359,259.074,654
AAPL,2026-02-13T18:43:00Z,259.065,259.08,258.95,258.985,52129,259.023,805
AAPL,2026-02-13T18:44:00Z,259.005,259.03,258.945,258.973,24521,258.987,619
AAPL,2026-02-13T18:45:00Z,258.985,259.15,258.985,259.135,39728,259.088,689
AAPL,2026-02-13T18:46:00Z,259.155,259.295,259.11,259.27,122966,259.185,1225
AAPL,2026-02-13T18:47:00Z,259.28,259.31,259.189,259.265,76838,259.249,1123
AAPL,2026-02-13T18:48:00Z,259.26,259.28,259.16,259.19,47835,259.242,978
AAPL,2026-02-13T18:49:00Z,259.2,259.21,258.97,259,32190,259.106,722
AAPL,2026-02-13T18:50:00Z,258.98,259.04,258.9,258.95,42156,258.98,839
AAPL,2026-02-13T18:51:00Z,258.94,258.96,258.8,258.84,241120,258.858,1050
AAPL,2026-02-13T18:52:00Z,258.85,258.88,258.59,258.61,76666,258.728,1451
AAPL,2026-02-13T18:53:00Z,258.61,258.84,258.58,258.8,49943,258.679,1069
AAPL,2026-02-13T18:54:00Z,258.84,258.89,258.8,258.8,35145,258.853,704
AAPL,2026-02-13T18:55:00Z,258.8,258.96,258.76,258.92,87888,258.877,1128
AAPL,2026-02-13T18:56:00Z,258.95,258.96,258.84,258.9,37101,258.903,837
AAPL,2026-02-13T18:57:00Z,258.93,259,258.85,258.85,68176,258.957,884
AAPL,2026-02-13T18:58:00Z,258.83,258.84,258.62,258.64,34476,258.752,805
AAPL,2026-02-13T18:59:00Z,258.64,258.83,258.64,258.7,32683,258.736,746
AAPL,2026-02-13T19:00:00Z,258.7,258.815,258.69,258.815,49898,258.723,705
AAPL,2026-02-13T19:01:00Z,258.81,258.83,258.67,258.81,24105,258.762,644
AAPL,2026-02-13T19:02:00Z,258.789,258.894,258.69,258.745,49758,258.805,752
AAPL,2026-02-13T19:03:00Z,258.73,258.74,258.63,258.705,29717,258.695,715
AAPL,2026-02-13T19:04:00Z,258.705,258.74,258.67,258.69,29660,258.712,760
AAPL,2026-02-13T19:05:00Z,258.71,258.79,258.6,258.78,26134,258.683,732
AAPL,2026-02-13T19:06:00Z,258.78,258.79,258.68,258.71,39354,258.716,762
AAPL,2026-02-13T19:07:00Z,258.715,258.87,258.715,258.78,66164,258.825,794
AAPL,2026-02-13T19:08:00Z,258.785,258.845,258.74,258.815,36911,258.804,785
AAPL,2026-02-13T19:09:00Z,258.81,258.95,258.81,258.87,140229,258.882,1568
AAPL,2026-02-13T19:10:00Z,258.86,259,258.85,258.91,53707,258.937,845
AAPL,2026-02-13T19:11:00Z,258.915,258.95,258.835,258.901,40953,258.9,945
AAPL,2026-02-13T19:12:00Z,258.915,259.02,258.9,258.99,73879,258.981,851
AAPL,2026-02-13T19:13:00Z,258.97,258.97,258.835,258.84,32270,258.888,701
AAPL,2026-02-13T19:14:00Z,258.842,258.9,258.75,258.82,30753,258.83,797
AAPL,2026-02-13T19:15:00Z,258.81,258.82,258.76,258.77,26139,258.791,618
AAPL,2026-02-13T19:16:00Z,258.76,258.84,258.74,258.82,30988,258.787,760
AAPL,2026-02-13T19:17:00Z,258.83,258.85,258.72,258.84,42998,258.769,899
AAPL,2026-02-13T19:18:00Z,258.85,258.96,258.765,258.89,58846,258.869,1021
AAPL,2026-02-13T19:19:00Z,258.92,258.95,258.855,258.95,31195,258.901,735
AAPL,2026-02-13T19:20:00Z,258.943,258.98,258.83,258.92,44691,258.904,965
AAPL,2026-02-13T19:21:00Z,258.91,258.96,258.88,258.93,24366,258.916,580
AAPL,2026-02-13T19:22:00Z,258.93,258.96,258.87,258.92,21824,258.925,623
AAPL,2026-02-13T19:23:00Z,258.93,258.96,258.75,258.765,45134,258.856,795
AAPL,2026-02-13T19:24:00Z,258.79,258.84,258.75,258.77,72946,258.803,1042
AAPL,2026-02-13T19:25:00Z,258.78,258.79,258.68,258.74,47916,258.734,937
AAPL,2026-02-13T19:26:00Z,258.73,258.74,258.48,258.5,80570,258.581,1695
AAPL,2026-02-13T19:27:00Z,258.49,258.5,258.31,258.36,62278,258.373,1372
AAPL,2026-02-13T19:28:00Z,258.38,258.44,258.33,258.33,41620,258.396,821
AAPL,2026-02-13T19:29:00Z,258.33,258.46,258.28,258.46,67461,258.363,1495
AAPL,2026-02-13T19:30:00Z,258.48,258.55,258.33,258.42,95810,258.483,1691
AAPL,2026-02-13T19:31:00Z,258.43,258.44,258.25,258.35,73634,258.326,1189
AAPL,2026-02-13T19:32:00Z,258.35,258.59,258.34,258.51,82008,258.447,1293
AAPL,2026-02-13T19:33:00Z,258.535,258.58,258.51,258.51,40844,258.549,723
AAPL,2026-02-13T19:34:00Z,258.508,258.515,258.34,258.35,50597,258.422,962
AAPL,2026-02-13T19:35:00Z,258.343,258.343,258.22,258.27,52078,258.271,975
AAPL,2026-02-13T19:36:00Z,258.265,258.41,258.24,258.33,52771,258.317,978
AAPL,2026-02-13T19:37:00Z,258.34,258.42,258.3,258.33,52635,258.36,921
AAPL,2026-02-13T19:38:00Z,258.37,258.47,258.35,258.4,39143,258.397,784
AAPL,2026-02-13T19:39:00Z,258.38,258.39,258.2,258.31,52117,258.263,1144
AAPL,2026-02-13T19:40:00Z,258.32,258.4,258.18,258.19,50328,258.297,1122
AAPL,2026-02-13T19:41:00Z,258.191,258.23,257.98,258.04,142398,258.065,4161
AAPL,2026-02-13T19:42:00Z,258.06,258.115,257.961,258.11,59220,258.039,1248
AAPL,2026-02-13T19:43:00Z,258.11,258.12,258,258,58582,258.06,1097
AAPL,2026-02-13T19:44:00Z,258.01,258.06,257.96,258.045,242639,258.007,890
AAPL,2026-02-13T19:45:00Z,258.03,258.22,257.93,258.2,69108,258.081,1362
AAPL,2026-02-13T19:46:00Z,258.17,258.238,258.12,258.185,39004,258.178,883
AAPL,2026-02-13T19:47:00Z,258.195,258.215,258.09,258.12,26831,258.142,782
AAPL,2026-02-13T19:48:00Z,258.105,258.15,258,258.11,42627,258.081,1005
AAPL,2026-02-13T19:49:00Z,258.11,258.31,258.11,258.2,37343,258.237,780
AAPL,2026-02-13T19:50:00Z,258.21,258.25,258.09,258.19,31392,258.169,749
AAPL,2026-02-13T19:51:00Z,258.215,258.305,258.21,258.211,34278,258.243,827
AAPL,2026-02-13T19:52:00Z,258.23,258.41,258.13,258.36,101514,258.255,1697
AAPL,2026-02-13T19:53:00Z,258.379,258.38,258.229,258.32,49719,258.322,911
AAPL,2026-02-13T19:54:00Z,258.32,258.477,258.27,258.465,38875,258.358,743
AAPL,2026-02-13T19:55:00Z,258.48,258.57,258.447,258.54,78665,258.519,1073
AAPL,2026-02-13T19:56:00Z,258.53,258.73,258.53,258.59,72117,258.635,1038
AAPL,2026-02-13T19:57:00Z,258.59,258.63,258.4,258.46,79745,258.532,974
AAPL,2026-02-13T19:58:00Z,258.48,258.48,258.15,258.2,65789,258.309,1388
AAPL,2026-02-13T19:59:00Z,258.22,258.22,258.05,258.11,81978,258.118,1200
AAPL,2026-02-13T20:00:00Z,258.105,258.29,258.105,258.22,76169,258.201,1344
AAPL,2026-02-13T20:01:00Z,258.223,258.54,258.2,258.4,56334,258.409,1067
AAPL,2026-02-13T20:02:00Z,258.42,258.45,258.085,258.16,93660,258.205,1493
AAPL,2026-02-13T20:03:00Z,258.18,258.23,258.13,258.2,58140,258.179,926
AAPL,2026-02-13T20:04:00Z,258.21,258.45,258.17,258.26,68686,258.298,1122
AAPL,2026-02-13T20:05:00Z,258.26,258.31,258.131,258.15,62696,258.221,1158
AAPL,2026-02-13T20:06:00Z,258.13,258.2,257.85,257.96,151880,258.04,2019
AAPL,2026-02-13T20:07:00Z,257.96,257.96,257.705,257.8,228905,257.807,2474
AAPL,2026-02-13T20:08:00Z,257.8,257.89,257.61,257.64,101905,257.753,1758
AAPL,2026-02-13T20:09:00Z,257.63,257.78,257.575,257.73,75197,257.65,1283
AAPL,2026-02-13T20:10:00Z,257.72,257.93,257.7,257.87,91410,257.846,1389
AAPL,2026-02-13T20:11:00Z,257.863,258.01,257.78,257.985,79298,257.88,1275
AAPL,2026-02-13T20:12:00Z,257.985,258,257.75,257.78,47362,257.915,993
AAPL,2026-02-13T20:13:00Z,257.785,257.83,257.64,257.71,49909,257.737,898
AAPL,2026-02-13T20:14:00Z,257.72,257.72,257.52,257.52,83075,257.621,1450
AAPL,2026-02-13T20:15:00Z,257.54,257.7,257.47,257.63,122471,257.601,1989
AAPL,2026-02-13T20:16:00Z,257.62,257.64,257.35,257.385,91582,257.528,1566
AAPL,2026-02-13T20:17:00Z,257.385,257.385,257.12,257.175,158375,257.249,2395
AAPL,2026-02-13T20:18:00Z,257.18,257.25,257.13,257.13,102482,257.191,1508
AAPL,2026-02-13T20:19:00Z,257.14,257.35,257.01,257.29,174380,257.147,2167
AAPL,2026-02-13T20:20:00Z,257.28,257.33,257.031,257.105,122865,257.137,1501
AAPL,2026-02-13T20:21:00Z,257.118,257.23,257.08,257.21,79618,257.151,1223
AAPL,2026-02-13T20:22:00Z,257.2,257.24,257.1,257.22,73470,257.18,1071
AAPL,2026-02-13T20:23:00Z,257.22,257.24,257.05,257.16,72928,257.144,1174
AAPL,2026-02-13T20:24:00Z,257.16,257.16,256.68,256.735,206389,256.873,3759
AAPL,2026-02-13T20:25:00Z,256.731,256.8,256.48,256.5,296052,256.647,2992
AAPL,2026-02-13T20:26:00Z,256.49,256.52,256.3,256.44,112375,256.402,1925
AAPL,2026-02-13T20:27:00Z,256.43,256.47,256.15,256.27,106363,256.311,1582
AAPL,2026-02-13T20:28:00Z,256.25,256.25,256.04,256.04,150342,256.139,1989
AAPL,2026-02-13T20:29:00Z,256.02,256.136,255.817,255.91,231104,255.975,3337
AAPL,2026-02-13T20:30:00Z,255.91,256.09,255.885,255.945,203279,255.978,2398
AAPL,2026-02-13T20:31:00Z,255.945,256.149,255.84,256.05,298909,255.975,3039
AAPL,2026-02-13T20:32:00Z,256.03,256.18,255.95,255.96,121749,256.078,2033
AAPL,2026-02-13T20:33:00Z,255.96,255.99,255.53,255.56,173476,255.756,2843
AAPL,2026-02-13T20:34:00Z,255.56,255.78,255.45,255.51,164264,255.6,2532
AAPL,2026-02-13T20:35:00Z,255.53,255.7,255.47,255.66,215996,255.606,2852
AAPL,2026-02-13T20:36:00Z,255.665,255.79,255.58,255.665,150456,255.688,2390
AAPL,2026-02-13T20:37:00Z,255.665,255.665,255.45,255.505,96079,255.567,1647
AAPL,2026-02-13T20:38:00Z,255.49,255.94,255.45,255.94,246405,255.646,2783
AAPL,2026-02-13T20:39:00Z,255.95,256.07,255.831,255.935,128141,255.959,1955
AAPL,2026-02-13T20:40:00Z,255.96,256.21,255.96,256.13,162076,256.128,2128
AAPL,2026-02-13T20:41:00Z,256.115,256.17,255.86,255.95,172586,256.051,2728
AAPL,2026-02-13T20:42:00Z,255.965,255.98,255.8,255.845,104462,255.875,1896
AAPL,2026-02-13T20:43:00Z,255.85,256.01,255.75,255.84,123124,255.897,1887
AAPL,2026-02-13T20:44:00Z,255.835,256,255.82,255.875,139936,255.91,2055
AAPL,2026-02-13T20:45:00Z,255.88,255.94,255.73,255.806,121726,255.854,1943
AAPL,2026-02-13T20:46:00Z,255.81,255.985,255.75,255.933,135803,255.893,2225
AAPL,2026-02-13T20:47:00Z,255.95,256.01,255.81,255.92,120550,255.917,2042
AAPL,2026-02-13T20:48:00Z,255.915,256.01,255.84,255.99,129212,255.933,2010
AAPL,2026-02-13T20:49:00Z,255.99,256.09,255.93,255.97,224862,256.022,2567
AAPL,2026-02-13T20:50:00Z,255.97,256.19,255.87,255.89,281553,255.99,4142
AAPL,2026-02-13T20:51:00Z,255.887,256.08,255.887,255.91,303234,256,3795
AAPL,2026-02-13T20:52:00Z,255.9,256.07,255.73,255.88,450528,255.892,4191
AAPL,2026-02-13T20:53:00Z,255.92,256.67,255.86,256.16,518080,256.226,5217
AAPL,2026-02-13T20:54:00Z,256.16,256.54,255.987,256.433,585856,256.212,5005
AAPL,2026-02-13T20:55:00Z,256.41,256.45,255.9,256.05,423151,256.069,5644
AAPL,2026-02-13T20:56:00Z,256.05,256.31,256.005,256.235,453617,256.117,4459
AAPL,2026-02-13T20:57:00Z,256.235,256.3,255.92,255.97,445837,256.062,5083
AAPL,2026-02-13T20:58:00Z,255.969,256.03,255.83,255.99,619106,255.926,7324
AAPL,2026-02-13T20:59:00Z,255.99,256.01,255.59,255.79,1.90929e+06,255.775,16352
AAPL,2026-02-13T21:00:00Z,255.78,255.78,255.15,255.24,1.08853e+07,255.778,800
AAPL,2026-02-13T21:01:00Z,255.22,255.4,255.12,255.26,100402,255.237,314
AAPL,2026-02-13T21:02:00Z,255.317,255.33,255.14,255.28,257067,255.242,177
AAPL,2026-02-13T21:03:00Z,255.22,255.3,255.22,255.3,655886,255.269,185
AAPL,2026-02-13T21:04:00Z,255.27,255.3,255.25,255.27,8449,255.271,152
AAPL,2026-02-13T21:05:00Z,255.28,255.31,255.25,255.26,9816,255.264,140
AAPL,2026-02-13T21:06:00Z,255.21,255.21,255.12,255.126,13518,255.169,198
AAPL,2026-02-13T21:07:00Z,255.17,255.21,255.1,255.1,10256,255.134,137
AAPL,2026-02-13T21:08:00Z,255.1,255.11,255.08,255.08,14681,255.086,164
AAPL,2026-02-13T21:09:00Z,255.05,255.05,254.96,255.05,28004,255.002,1130
AAPL,2026-02-13T21:10:00Z,255.03,255.18,255.03,255.15,28198,255.091,109
AAPL,2026-02-13T21:11:00Z,255.134,255.14,255.1,255.14,1559,255.113,45
AAPL,2026-02-13T21:12:00Z,255.17,255.2,255.17,255.2,790314,255.171,84
AAPL,2026-02-13T21:13:00Z,255.19,255.19,255.17,255.17,1398,255.173,64
AAPL,2026-02-13T21:14:00Z,255.14,255.16,255.06,255.068,5276,255.094,110
AAPL,2026-02-13T21:15:00Z,255.04,255.181,254.98,255.181,7020,255.028,182
AAPL,2026-02-13T21:16:00Z,255.08,255.08,255.04,255.05,2403,255.048,68
AAPL,2026-02-13T21:17:00Z,255.15,255.15,255.07,255.07,1351,255.124,46
AAPL,2026-02-13T21:18:00Z,255.2,255.2,255.04,255.04,2265,255.065,91
AAPL,2026-02-13T21:19:00Z,255.09,255.11,255,255.05,28139,255.063,102
AAPL,2026-02-13T21:20:00Z,255.01,255.12,255.01,255.11,10324,255.094,134
AAPL,2026-02-13T21:21:00Z,255.1,255.2,255.1,255.2,4750,255.127,83
AAPL,2026-02-13T21:22:00Z,255.2,255.2,255.19,255.19,537,255.195,82
AAPL,2026-02-13T21:23:00Z,255.19,255.19,255.15,255.15,445,255.17,37
AAPL,2026-02-13T21:24:00Z,255.19,255.19,255.14,255.14,2318,255.179,77
AAPL,2026-02-13T21:25:00Z,255.1,255.13,255.1,255.1,2056,255.105,155
AAPL,2026-02-13T21:26:00Z,255.104,255.18,255.104,255.15,710,255.144,41
AAPL,2026-02-13T21:27:00Z,255.12,255.15,255.12,255.15,2624,255.137,63
AAPL,2026-02-13T21:29:00Z,255.14,255.28,255.14,255.28,7990,255.206,140
AAPL,2026-02-13T21:31:00Z,255.19,255.78,255.13,255.13,87511,255.767,63
AAPL,2026-02-13T21:32:00Z,255.1,255.15,255.1,255.104,2838,255.11,106
AAPL,2026-02-13T21:33:00Z,255.179,255.179,255.1,255.1,1619,255.165,36
AAPL,2026-02-13T21:34:00Z,255.15,255.17,255.15,255.17,1153,255.166,31
AAPL,2026-02-13T21:35:00Z,255.14,255.167,255.114,255.167,1417,255.141,56
AAPL,2026-02-13T21:37:00Z,255.12,255.12,255.1,255.1,2909,255.11,99
AAPL,2026-02-13T21:38:00Z,255.102,255.102,255.1,255.1,1418,255.101,45
AAPL,2026-02-13T21:39:00Z,255.142,255.142,255.142,255.142,333,255.142,23
AAPL,2026-02-13T21:40:00Z,255.109,255.109,255.109,255.109,782,255.109,45
AAPL,2026-02-13T21:41:00Z,255.12,255.12,255.1,255.1,2122,255.103,57
AAPL,2026-02-13T21:42:00Z,255.131,255.24,255.131,255.2,7564,255.192,54
AAPL,2026-02-13T21:43:00Z,255.23,255.24,255.202,255.202,2080,255.216,36
AAPL,2026-02-13T21:44:00Z,255.22,255.22,255.2,255.2,1428,255.202,62
AAPL,2026-02-13T21:45:00Z,255.22,255.22,255.22,255.22,1148,255.22,37
AAPL,2026-02-13T21:46:00Z,255.22,255.25,255.22,255.25,6545,255.242,56
AAPL,2026-02-13T21:47:00Z,255.25,255.277,255.25,255.277,3111,255.261,58
AAPL,2026-02-13T21:48:00Z,255.25,255.28,255.25,255.26,3713,255.264,52
AAPL,2026-02-13T21:49:00Z,255.275,255.31,255.275,255.3,15821,255.288,109
AAPL,2026-02-13T21:50:00Z,255.301,255.34,255.3,255.302,3420,255.303,90
AAPL,2026-02-13T21:51:00Z,255.3,255.3,255.28,255.28,3226,255.291,100
AAPL,2026-02-13T21:52:00Z,255.28,255.32,255.28,255.3,1401,255.292,55
AAPL,2026-02-13T21:53:00Z,255.34,255.35,255.34,255.348,7291,255.34,144
AAPL,2026-02-13T21:54:00Z,255.34,255.36,255.34,255.36,1.02193e+06,255.342,53
AAPL,2026-02-13T21:55:00Z,255.36,255.405,255.36,255.4,2915,255.397,65
AAPL,2026-02-13T21:56:00Z,255.43,255.6,255.42,255.56,7975,255.504,148
AAPL,2026-02-13T21:57:00Z,255.558,255.558,255.5,255.5,3409,255.503,66
AAPL,2026-02-13T21:58:00Z,255.55,255.6,255.55,255.6,3959,255.556,60
AAPL,2026-02-13T21:59:00Z,255.62,255.65,255.5,255.5,7684,255.571,107
AAPL,2026-02-13T22:00:00Z,255.501,255.55,255.5,255.5,770,255.513,37
AAPL,2026-02-13T22:01:00Z,255.5,255.502,255.5,255.501,2292,255.501,45
AAPL,2026-02-13T22:02:00Z,255.5,255.5,255.45,255.45,3022,255.492,81
AAPL,2026-02-13T22:03:00Z,255.4,255.45,255.4,255.4,1419,255.404,44
AAPL,2026-02-13T22:05:00Z,255.479,255.479,255.439,255.439,319,255.459,18
AAPL,2026-02-13T22:07:00Z,255.39,255.39,255.35,255.35,1093,255.371,69
AAPL,2026-02-13T22:09:00Z,255.4,255.4,255.4,255.4,180,255.4,24
AAPL,2026-02-13T22:10:00Z,255.4,255.4,255.4,255.4,668,255.4,32
AAPL,2026-02-13T22:11:00Z,255.37,255.37,255.37,255.37,168,255.37,14
AAPL,2026-02-13T22:13:00Z,255.38,255.38,255.36,255.36,580,255.368,27
AAPL,2026-02-13T22:14:00Z,255.4,255.42,255.39,255.39,3111,255.402,57
AAPL,2026-02-13T22:15:00Z,255.45,255.458,255.45,255.458,563,255.455,30
AAPL,2026-02-13T22:16:00Z,255.49,255.53,255.49,255.53,1165,255.501,29
AAPL,2026-02-13T22:17:00Z,255.503,255.503,255.5,255.5,860,255.501,32
AAPL,2026-02-13T22:18:00Z,255.53,255.53,255.502,255.502,553,255.521,30
AAPL,2026-02-13T22:19:00Z,255.5,255.5,255.5,255.5,2713,255.5,39
AAPL,2026-02-13T22:20:00Z,255.509,255.509,255.502,255.502,440,255.506,28
AAPL,2026-02-13T22:22:00Z,255.502,255.52,255.502,255.52,693,255.516,23
AAPL,2026-02-13T22:24:00Z,255.52,255.525,255.52,255.525,277,255.522,24
AAPL,2026-02-13T22:25:00Z,255.52,255.522,255.52,255.522,972,255.521,53
AAPL,2026-02-13T22:26:00Z,255.5,255.5,255.461,255.461,678,255.473,69
AAPL,2026-02-13T22:27:00Z,255.46,255.46,255.46,255.46,347,255.46,31
AAPL,2026-02-13T22:28:00Z,255.46,255.462,255.46,255.462,327,255.461,18
AAPL,2026-02-13T22:29:00Z,255.485,255.489,255.46,255.46,5140,255.466,34
AAPL,2026-02-13T22:30:00Z,255.5,255.5,255.5,255.5,1007,255.5,39
AAPL,2026-02-13T22:34:00Z,255.45,255.479,255.45,255.479,840,255.456,51
AAPL,2026-02-13T22:35:00Z,255.45,255.45,255.45,255.45,277,255.45,27
AAPL,2026-02-13T22:36:00Z,255.451,255.451,255.451,255.451,804,255.451,30
AAPL,2026-02-13T22:38:00Z,255.48,255.48,255.48,255.48,783,255.48,23
AAPL,2026-02-13T22:39:00Z,255.45,255.45,255.45,255.45,305,255.45,29
AAPL,2026-02-13T22:42:00Z,255.463,255.463,255.463,255.463,570,255.463,22
AAPL,2026-02-13T22:43:00Z,255.48,255.48,255.45,255.47,1934,255.46,65
AAPL,2026-02-13T22:45:00Z,255.46,255.46,255.453,255.453,1036,255.455,36
AAPL,2026-02-13T22:46:00Z,255.47,255.47,255.47,255.47,257,255.47,19
AAPL,2026-02-13T22:48:00Z,255.45,255.45,255.45,255.45,716,255.45,32
AAPL,2026-02-13T22:50:00Z,255.45,255.45,255.45,255.45,858,255.45,43
AAPL,2026-02-13T22:51:00Z,255.5,255.5,255.5,255.5,301,255.5,25
AAPL,2026-02-13T22:52:00Z,255.5,255.5,255.49,255.49,511,255.497,30
AAPL,2026-02-13T22:53:00Z,255.492,255.492,255.492,255.492,432,255.492,23
AAPL,2026-02-13T22:54:00Z,255.49,255.49,255.49,255.49,349,255.49,17
AAPL,2026-02-13T22:56:00Z,255.49,255.49,255.49,255.49,304,255.49,38
AAPL,2026-02-13T22:57:00Z,255.5,255.51,255.5,255.51,1192,255.502,41
AAPL,2026-02-13T22:58:00Z,255.52,255.599,255.52,255.599,1422,255.591,36
AAPL,2026-02-13T22:59:00Z,255.55,255.6,255.55,255.6,1297,255.594,22
AAPL,2026-02-13T23:01:00Z,255.5,255.5,255.5,255.5,1060,255.5,23
AAPL,2026-02-13T23:03:00Z,255.58,255.58,255.58,255.58,486,255.58,21
AAPL,2026-02-13T23:04:00Z,255.54,255.54,255.54,255.54,628,255.54,29
AAPL,2026-02-13T23:06:00Z,255.5,255.577,255.5,255.56,1288,255.511,23
AAPL,2026-02-13T23:09:00Z,255.548,255.548,255.548,255.548,190,255.548,17
AAPL,2026-02-13T23:11:00Z,255.53,255.53,255.53,255.53,281,255.53,23
AAPL,2026-02-13T23:12:00Z,255.53,255.53,255.51,255.51,44457,255.518,32
AAPL,2026-02-13T23:17:00Z,255.53,255.53,255.53,255.53,232,255.53,14
AAPL,2026-02-13T23:22:00Z,255.55,255.55,255.55,255.55,207,255.55,11
AAPL,2026-02-13T23:24:00Z,255.52,255.52,255.52,255.52,235,255.52,13
AAPL,2026-02-13T23:25:00Z,255.54,255.55,255.54,255.55,355,255.547,18
AAPL,2026-02-13T23:26:00Z,255.55,255.55,255.55,255.55,485,255.55,21
AAPL,2026-02-13T23:27:00Z,255.525,255.525,255.525,255.525,465,255.525,6
AAPL,2026-02-13T23:28:00Z,255.54,255.54,255.517,255.517,755,255.526,36
AAPL,2026-02-13T23:30:00Z,255.51,255.51,255.45,255.5,7948,255.455,88
AAPL,2026-02-13T23:31:00Z,255.55,255.58,255.55,255.55,2802,255.554,93
AAPL,2026-02-13T23:32:00Z,255.55,255.55,255.54,255.55,1059,255.547,23
AAPL,2026-02-13T23:34:00Z,255.51,255.51,255.51,255.51,1424,255.51,4
AAPL,2026-02-13T23:35:00Z,255.51,255.51,255.51,255.51,147,255.51,19
AAPL,2026-02-13T23:37:00Z,255.5,255.5,255.5,255.5,428,255.5,18
AAPL,2026-02-13T23:38:00Z,255.501,255.501,255.501,255.501,298,255.501,11
AAPL,2026-02-13T23:39:00Z,255.5,255.5,255.5,255.5,558,255.5,36
AAPL,2026-02-13T23:40:00Z,255.5,255.5,255.5,255.5,204,255.5,12
AAPL,2026-02-13T23:41:00Z,255.5,255.5,255.5,255.5,1190,255.5,21
AAPL,2026-02-13T23:42:00Z,255.5,255.5,255.5,255.5,1266,255.5,40
AAPL,2026-02-13T23:44:00Z,255.457,255.488,255.457,255.488,731,255.463,32
AAPL,2026-02-13T23:46:00Z,255.45,255.45,255.45,255.45,1303,255.45,83
AAPL,2026-02-13T23:47:00Z,255.46,255.46,255.46,255.46,418,255.46,11
AAPL,2026-02-13T23:48:00Z,255.49,255.49,255.49,255.49,259,255.49,12
AAPL,2026-02-13T23:50:00Z,255.45,255.45,255.45,255.45,708,255.45,13
AAPL,2026-02-13T23:51:00Z,255.468,255.468,255.468,255.468,609,255.468,67
AAPL,2026-02-13T23:52:00Z,255.45,255.45,255.45,255.45,228,255.45,16
AAPL,2026-02-13T23:57:00Z,255.39,255.39,255.38,255.38,1265,255.387,30
AAPL,2026-02-13T23:59:00Z,255.33,255.33,255.33,255.33,269,255.33,20
AAPL,2026-02-14T00:00:00Z,255.331,255.331,255.331,255.331,536,255.331,37
AAPL,2026-02-14T00:01:00Z,255.31,255.31,255.31,255.31,620,255.31,16
AAPL,2026-02-14T00:03:00Z,255.33,255.35,255.33,255.35,3491,255.331,66
AAPL,2026-02-14T00:04:00Z,255.32,255.32,255.32,255.32,790,255.32,13
AAPL,2026-02-14T00:12:00Z,255.438,255.438,255.438,255.438,327,255.438,18
AAPL,2026-02-14T00:13:00Z,255.4,255.4,255.4,255.4,209,255.4,18
AAPL,2026-02-14T00:14:00Z,255.44,255.44,255.402,255.402,764,255.427,5
AAPL,2026-02-14T00:15:00Z,255.45,255.45,255.45,255.45,176,255.45,15
AAPL,2026-02-14T00:16:00Z,255.4,255.4,255.4,255.4,619,255.4,46
AAPL,2026-02-14T00:19:00Z,255.418,255.418,255.418,255.418,225,255.418,12
AAPL,2026-02-14T00:20:00Z,255.321,255.321,255.321,255.321,275,255.321,23
AAPL,2026-02-14T00:21:00Z,255.33,255.33,255.33,255.33,1212,255.33,28
AAPL,2026-02-14T00:22:00Z,255.31,255.318,255.31,255.318,666,255.314,38
AAPL,2026-02-14T00:23:00Z,255.38,255.38,255.34,255.34,336,255.36,16
AAPL,2026-02-14T00:24:00Z,255.301,255.301,255.301,255.301,890,255.301,15
AAPL,2026-02-14T00:25:00Z,255.3,255.3,255.3,255.3,327,255.3,15
AAPL,2026-02-14T00:26:00Z,255.38,255.38,255.38,255.38,362,255.38,14
AAPL,2026-02-14T00:28:00Z,255.435,255.435,255.315,255.315,399,255.383,25
AAPL,2026-02-14T00:29:00Z,255.38,255.38,255.38,255.38,237,255.38,15
AAPL,2026-02-14T00:30:00Z,255.38,255.4,255.38,255.4,567,255.387,29
AAPL,2026-02-14T00:32:00Z,255.38,255.39,255.38,255.39,707,255.382,15
AAPL,2026-02-14T00:35:00Z,255.39,255.397,255.38,255.38,1448,255.383,28
AAPL,2026-02-14T00:36:00Z,255.38,255.38,255.38,255.38,527,255.38,26
AAPL,2026-02-14T00:37:00Z,255.38,255.38,255.38,255.38,1127,255.38,36
AAPL,2026-02-14T00:38:00Z,255.38,255.38,255.38,255.38,1573,255.38,22
AAPL,2026-02-14T00:39:00Z,255.38,255.386,255.38,255.386,457,255.382,18
AAPL,2026-02-14T00:41:00Z,255.4,255.4,255.38,255.38,829,255.383,17
AAPL,2026-02-14T00:43:00Z,255.399,255.399,255.399,255.399,181,255.399,11
AAPL,2026-02-14T00:45:00Z,255.36,255.36,255.36,255.36,411,255.36,29
AAPL,2026-02-14T00:48:00Z,255.37,255.37,255.37,255.37,345,255.37,37
AAPL,2026-02-14T00:49:00Z,255.35,255.35,255.35,255.35,191,255.35,7
AAPL,2026-02-14T00:50:00Z,255.3,255.3,255.3,255.3,1946,255.3,86
AAPL,2026-02-14T00:52:00Z,255.385,255.385,255.385,255.385,657,255.385,34
AAPL,2026-02-14T00:54:00Z,255.3,255.3,255.3,255.3,339,255.3,18
AAPL,2026-02-14T00:55:00Z,255.3,255.3,255.3,255.3,193,255.3,12
AAPL,2026-02-14T00:56:00Z,255.362,255.362,255.352,255.352,581,255.358,19
AAPL,2026-02-14T00:57:00Z,255.39,255.39,255.35,255.35,1218,255.369,40
AAPL,2026-02-14T00:58:00Z,255.35,255.35,255.3,255.3,514,255.333,37
AAPL,2026-02-14T00:59:00Z,255.308,255.32,255.3,255.3,2689,255.303,53
AAPL,2026-02-17T09:00:00Z,255.38,255.38,254.8,254.8,3670,255.304,307
AAPL,2026-02-17T09:01:00Z,255.22,255.22,255.22,255.22,633,255.22,29
AAPL,2026-02-17T09:02:00Z,254.9,254.9,254.9,254.9,475,254.9,34
AAPL,2026-02-17T09:03:00Z,255,255,255,255,636,255,79
AAPL,2026-02-17T09:05:00Z,254.89,254.89,254.89,254.89,445,254.89,18
AAPL,2026-02-17T09:19:00Z,254.86,255.28,254.86,255.15,4953,254.978,80
AAPL,2026-02-17T09:22:00Z,255.26,255.26,255.26,255.26,166,255.26,3
AAPL,2026-02-17T09:26:00Z,255.25,255.3,255.25,255.3,2134,255.279,122
AAPL,2026-02-17T09:27:00Z,255.38,255.38,255.38,255.38,312,255.38,10
AAPL,2026-02-17T09:35:00Z,255.29,255.29,255.29,255.29,338,255.29,11
AAPL,2026-02-17T09:48:00Z,255.2,255.2,255.15,255.15,297,255.175,10
AAPL,2026-02-17T09:57:00Z,255.21,255.21,255.18,255.21,786,255.198,11
AAPL,2026-02-17T10:02:00Z,255.28,255.28,255.28,255.28,171,255.28,6
AAPL,2026-02-17T10:03:00Z,255.26,255.38,255.26,255.38,469,255.317,19
AAPL,2026-02-17T10:06:00Z,255.25,255.25,255.25,255.25,285,255.25,16
AAPL,2026-02-17T10:08:00Z,255.15,255.15,255.15,255.15,335,255.15,24
AAPL,2026-02-17T10:31:00Z,255,255,255,255,686,255,51
AAPL,2026-02-17T10:33:00Z,255.03,255.03,255.03,255.03,310,255.03,18
AAPL,2026-02-17T10:40:00Z,255,255,255,255,349,255,11
AAPL,2026-02-17T10:41:00Z,255.02,255.02,255,255,1663,255.015,30
AAPL,2026-02-17T10:42:00Z,255,255,255,255,482,255,36
AAPL,2026-02-17T10:43:00Z,255,255,255,255,284,255,14
AAPL,2026-02-17T10:45:00Z,255,255,254.94,254.94,1300,254.988,20
AAPL,2026-02-17T10:47:00Z,254.88,254.88,254.88,254.88,105,254.88,3
AAPL,2026-02-17T10:49:00Z,254.86,254.93,254.86,254.93,2448,254.907,39
AAPL,2026-02-17T10:52:00Z,254.81,254.81,254.81,254.81,159,254.81,4
AAPL,2026-02-17T11:02:00Z,254.88,254.88,254.88,254.88,100,254.88,1
AAPL,2026-02-17T11:05:00Z,254.83,254.83,254.83,254.83,410,254.83,25
AAPL,2026-02-17T11:06:00Z,254.66,254.66,254.66,254.66,434,254.66,30
AAPL,2026-02-17T11:07:00Z,254.66,254.66,254.66,254.66,198,254.66,30
AAPL,2026-02-17T11:08:00Z,254.76,254.95,254.76,254.95,1080,254.835,17
AAPL,2026-02-17T11:21:00Z,254.86,254.86,254.86,254.86,712,254.86,26
AAPL,2026-02-17T11:24:00Z,254.7,254.7,254.7,254.7,729,254.7,14
AAPL,2026-02-17T11:28:00Z,254.81,254.97,254.81,254.97,867,254.939,30
AAPL,2026-02-17T11:33:00Z,254.95,254.95,254.95,254.95,564,254.95,13
AAPL,2026-02-17T11:41:00Z,254.94,254.95,254.93,254.95,1164,254.944,33
AAPL,2026-02-17T11:43:00Z,254.96,254.96,254.94,254.94,1284,254.943,27
AAPL,2026-02-17T11:54:00Z,254.95,254.95,254.94,254.94,486,254.945,28
AAPL,2026-02-17T11:56:00Z,255.03,255.12,255.03,255.11,1938,255.067,61
AAPL,2026-02-17T11:57:00Z,255.27,255.27,255.25,255.25,801,255.253,15
AAPL,2026-02-17T11:58:00Z,255.34,255.34,255.34,255.34,354,255.34,17
AAPL,2026-02-17T11:59:00Z,255.25,255.25,255.25,255.25,987,255.25,14
AAPL,2026-02-17T12:00:00Z,255.38,255.5,255.25,255.25,9428,255.342,284
AAPL,2026-02-17T12:01:00Z,255.23,255.23,255.16,255.16,1754,255.202,45
AAPL,2026-02-17T12:02:00Z,255.15,255.24,255.15,255.24,1624,255.211,38
AAPL,2026-02-17T12:05:00Z,255.24,255.24,255.24,255.24,389,255.24,10
AAPL,2026-02-17T12:06:00Z,255.3,255.32,255.3,255.32,4240,255.303,53
AAPL,2026-02-17T12:07:00Z,255.34,255.44,255.34,255.44,1501,255.377,35
AAPL,2026-02-17T12:08:00Z,255.31,255.5,255.31,255.5,1569,255.454,31
AAPL,2026-02-17T12:09:00Z,255.46,255.48,255.46,255.48,1292,255.475,15
AAPL,2026-02-17T12:10:00Z,255.48,255.52,255.48,255.52,712,255.5,30
AAPL,2026-02-17T12:12:00Z,255.42,255.55,255.42,255.55,1711,255.502,52
AAPL,2026-02-17T12:13:00Z,255.51,255.51,255.5,255.5,1348,255.507,35
AAPL,2026-02-17T12:15:00Z,255.5,255.5,255.41,255.49,1456,255.445,32
AAPL,2026-02-17T12:17:00Z,255.5,255.5,255.45,255.48,2011,255.465,28
AAPL,2026-02-17T12:19:00Z,255.48,255.48,255.45,255.45,468,255.469,17
AAPL,2026-02-17T12:20:00Z,255.45,255.45,255.35,255.36,2030,255.413,53
AAPL,2026-02-17T12:21:00Z,255.38,255.38,255.38,255.38,459,255.38,18
AAPL,2026-02-17T12:23:00Z,255.35,255.35,255.35,255.35,169,255.35,14
AAPL,2026-02-17T12:24:00Z,255.35,255.39,255.35,255.35,3501,255.359,95
AAPL,2026-02-17T12:25:00Z,255.35,255.35,255.35,255.35,160,255.35,5
AAPL,2026-02-17T12:28:00Z,255.49,255.49,255.49,255.49,250,255.49,9
AAPL,2026-02-17T12:29:00Z,255.48,255.48,255.35,255.35,546,255.41,28
AAPL,2026-02-17T12:30:00Z,255.35,255.35,255.2,255.2,2967,255.287,61
AAPL,2026-02-17T12:31:00Z,255.09,255.09,255.09,255.09,314,255.09,23
AAPL,2026-02-17T12:32:00Z,255.09,255.09,255.09,255.09,251,255.09,7
AAPL,2026-02-17T12:34:00Z,255.3,255.3,255.3,255.3,150,255.3,12
AAPL,2026-02-17T12:35:00Z,255.3,255.3,255.3,255.3,217,255.3,10
AAPL,2026-02-17T12:36:00Z,255.21,255.21,255.21,255.21,500,255.21,14
AAPL,2026-02-17T12:37:00Z,255.2,255.2,255.2,255.2,255,255.2,13
AAPL,2026-02-17T12:38:00Z,255.29,255.3,255.28,255.3,665,255.294,15
AAPL,2026-02-17T12:39:00Z,255.2,255.2,255.2,255.2,708,255.2,20
AAPL,2026-02-17T12:40:00Z,255.2,255.2,255.2,255.2,566,255.2,18
AAPL,2026-02-17T12:42:00Z,255.2,255.28,255.14,255.14,1904,255.221,67
AAPL,2026-02-17T12:45:00Z,255.24,255.26,255.24,255.26,1323,255.249,28
AAPL,2026-02-17T12:47:00Z,255.11,255.11,255.11,255.11,440,255.11,26
AAPL,2026-02-17T12:48:00Z,255.02,255.02,255,255,2342,255.003,148
AAPL,2026-02-17T12:49:00Z,255,255,254.88,254.88,1962,254.915,49
AAPL,2026-02-17T12:51:00Z,254.88,254.88,254.88,254.88,784,254.88,33
AAPL,2026-02-17T12:53:00Z,255,255,254.99,254.99,1204,254.999,37
AAPL,2026-02-17T12:54:00Z,255.09,255.19,255.09,255.19,1185,255.138,20
AAPL,2026-02-17T12:55:00Z,255.06,255.06,255.06,255.06,361,255.06,13
AAPL,2026-02-17T12:57:00Z,254.84,254.84,254.84,254.84,611,254.84,31
AAPL,2026-02-17T12:59:00Z,254.85,254.85,254.85,254.85,665,254.85,17
AAPL,2026-02-17T13:00:00Z,254.5,255.591,253.89,253.89,38177,255.258,1981
AAPL,2026-02-17T13:01:00Z,254.94,255.42,253.81,255,45207,254.994,1778
AAPL,2026-02-17T13:02:00Z,255.11,255.11,255.02,255.02,2271,255.091,373
AAPL,2026-02-17T13:03:00Z,255.02,255.02,255.02,255.02,516,255.02,22
AAPL,2026-02-17T13:04:00Z,254.51,255.37,253.81,255.141,5798,254.928,223
AAPL,2026-02-17T13:05:00Z,254.988,254.988,254.83,254.85,2584,254.861,219
AAPL,2026-02-17T13:07:00Z,254.824,254.824,254.824,254.824,296,254.824,12
AAPL,2026-02-17T13:10:00Z,254.91,254.91,254.88,254.88,904,254.895,28
AAPL,2026-02-17T13:11:00Z,254.855,254.855,254.85,254.85,1335,254.851,45
AAPL,2026-02-17T13:12:00Z,254.85,254.85,254.7,254.7,4229,254.774,117
AAPL,2026-02-17T13:14:00Z,254.8,254.8,254.701,254.701,459,254.747,19
AAPL,2026-02-17T13:15:00Z,254.83,254.949,254.83,254.949,1144,254.865,56
AAPL,2026-02-17T13:16:00Z,254.95,254.95,254.95,254.95,246,254.95,12
AAPL,2026-02-17T13:17:00Z,254.83,254.83,254.82,254.83,730,254.826,31
AAPL,2026-02-17T13:18:00Z,254.88,255,254.88,255,2010,254.945,47
AAPL,2026-02-17T13:19:00Z,254.91,255,254.91,255,2763,254.992,33
AAPL,2026-02-17T13:20:00Z,255.16,255.16,255.16,255.16,541,255.16,33
AAPL,2026-02-17T13:21:00Z,255.15,255.6,255.15,255.34,3015,255.293,87
AAPL,2026-02-17T13:22:00Z,255.21,255.42,255.208,255.42,2994,255.246,67
AAPL,2026-02-17T13:23:00Z,255.41,255.48,255.41,255.47,1403,255.456,34
AAPL,2026-02-17T13:24:00Z,255.37,255.37,255.3,255.3,829,255.321,37
AAPL,2026-02-17T13:25:00Z,255.45,255.5,255.24,255.24,1600,255.403,58
AAPL,2026-02-17T13:27:00Z,255.251,255.6,255.251,255.305,2715,255.333,57
AAPL,2026-02-17T13:28:00Z,255.42,255.42,255.246,255.246,636,255.343,35
AAPL,2026-02-17T13:29:00Z,255.25,255.25,255.25,255.25,1172,255.25,18
AAPL,2026-02-17T13:31:00Z,255.3,255.31,255.25,255.25,3856,255.293,40
AAPL,2026-02-17T13:32:00Z,255.3,255.3,255.28,255.28,845,255.289,11
AAPL,2026-02-17T13:33:00Z,255.2,255.26,255.2,255.26,976,255.233,17
AAPL,2026-02-17T13:34:00Z,255.2,255.2,255.2,255.2,1038,255.2,19
AAPL,2026-02-17T13:35:00Z,255.202,255.202,255.202,255.202,960,255.202,18
AAPL,2026-02-17T13:36:00Z,255.21,255.21,255.21,255.21,752,255.21,22
AAPL,2026-02-17T13:37:00Z,255.3,255.3,255.3,255.3,497,255.3,14
AAPL,2026-02-17T13:38:00Z,255.38,255.38,255.38,255.38,271,255.38,10
AAPL,2026-02-17T13:39:00Z,255.32,255.38,255.32,255.344,1714,255.348,40
AAPL,2026-02-17T13:40:00Z,255.301,255.5,255.253,255.5,4553,255.372,62
AAPL,2026-02-17T13:41:00Z,255.5,255.6,255.44,255.57,3867,255.513,46
AAPL,2026-02-17T13:42:00Z,255.584,255.584,255.5,255.572,1118,255.545,29
AAPL,2026-02-17T13:43:00Z,255.554,255.61,255.554,255.61,820,255.57,33
AAPL,2026-02-17T13:44:00Z,255.575,255.72,255.575,255.72,1900,255.681,48
AAPL,2026-02-17T13:45:00Z,255.75,255.76,255.64,255.64,6824,255.668,54
AAPL,2026-02-17T13:46:00Z,255.72,255.73,255.62,255.62,1118,255.682,29
AAPL,2026-02-17T13:47:00Z,255.61,255.62,255.61,255.62,1439,255.618,51
AAPL,2026-02-17T13:48:00Z,255.62,255.62,255.62,255.62,894,255.62,40
AAPL,2026-02-17T13:49:00Z,255.59,255.59,255.55,255.55,1324,255.554,24
AAPL,2026-02-17T13:50:00Z,255.6,255.93,255.584,255.91,7996,255.77,227
AAPL,2026-02-17T13:51:00Z,255.92,256.47,255.92,256.47,15898,256.182,266
AAPL,2026-02-17T13:52:00Z,256.416,256.83,256.049,256.53,12024,256.489,188
AAPL,2026-02-17T13:53:00Z,256.5,256.6,256.238,256.5,5120,256.478,127
AAPL,2026-02-17T13:54:00Z,256.31,256.5,256.1,256.35,7069,256.326,91
AAPL,2026-02-17T13:55:00Z,256.208,256.208,256.07,256.1,1646,256.106,41
AAPL,2026-02-17T13:56:00Z,256.03,256.165,256,256.05,2343,256.05,63
AAPL,2026-02-17T13:57:00Z,256.04,256.04,255.98,255.98,6773,256.005,141
AAPL,2026-02-17T13:58:00Z,256,256.01,255.55,255.55,1664,255.945,55
AAPL,2026-02-17T13:59:00Z,255.9,256.08,255.9,256.08,1701,256,36
AAPL,2026-02-17T14:00:00Z,255.97,256.08,255.97,256,2833,256.035,59
AAPL,2026-02-17T14:01:00Z,255.98,255.98,255.97,255.97,951,255.977,49
AAPL,2026-02-17T14:02:00Z,255.9,255.9,255.9,255.9,2268,255.9,54
AAPL,2026-02-17T14:03:00Z,255.95,256.06,255.95,256,1534,256.003,68
AAPL,2026-02-17T14:04:00Z,256.11,256.322,256.11,256.15,1980,256.204,64
AAPL,2026-02-17T14:05:00Z,256.18,256.35,256.18,256.35,4074,256.339,67
AAPL,2026-02-17T14:06:00Z,256.39,256.39,256.35,256.35,2295,256.383,63
AAPL,2026-02-17T14:07:00Z,256.368,256.4,256.27,256.4,1459,256.353,44
AAPL,2026-02-17T14:08:00Z,256.29,256.29,256.257,256.257,1563,256.284,48
AAPL,2026-02-17T14:09:00Z,256.15,256.44,256.15,256.37,4050,256.36,85
AAPL,2026-02-17T14:10:00Z,256.44,256.44,256.31,256.42,6533,256.403,115
AAPL,2026-02-17T14:11:00Z,256.45,256.5,256.45,256.5,2866,256.463,51
AAPL,2026-02-17T14:12:00Z,256.43,256.49,256.4,256.4,2358,256.439,78
AAPL,2026-02-17T14:13:00Z,256.47,256.58,256.47,256.58,9823,256.546,113
AAPL,2026-02-17T14:14:00Z,256.58,256.58,256.4,256.428,2658,256.469,78
AAPL,2026-02-17T14:15:00Z,256.4,256.4,256.26,256.35,4783,256.376,58
AAPL,2026-02-17T14:16:00Z,256.327,256.327,256.2,256.2,863,256.27,46
AAPL,2026-02-17T14:17:00Z,256.2,256.35,256.2,256.35,2009,256.321,68
AAPL,2026-02-17T14:18:00Z,256.299,256.3,256.23,256.23,1725,256.272,74
AAPL,2026-02-17T14:19:00Z,256.19,256.19,256.19,256.19,681,256.19,36
AAPL,2026-02-17T14:20:00Z,256.29,256.47,256.28,256.47,5537,256.358,126
AAPL,2026-02-17T14:22:00Z,256.3,256.44,256.3,256.3,5142,256.337,129
AAPL,2026-02-17T14:24:00Z,256.31,256.5,256.31,256.42,8314,256.438,200
AAPL,2026-02-17T14:25:00Z,256.21,256.42,256.02,256.42,5351,256.22,121
AAPL,2026-02-17T14:26:00Z,256.36,256.52,256.35,256.52,2283,256.466,93
AAPL,2026-02-17T14:27:00Z,256.491,256.55,256.2,256.26,12056,256.464,148
AAPL,2026-02-17T14:28:00Z,256.27,258.19,256.27,257.8,82312,257.512,1046
AAPL,2026-02-17T14:29:00Z,257.89,258.17,257.84,258,32237,257.981,412
AAPL,2026-02-17T14:30:00Z,257.9,258.18,255.54,256.44,1.499e+06,257.334,30626
AAPL,2026-02-17T14:31:00Z,256.455,258,256.18,257.98,509775,256.739,6835
AAPL,2026-02-17T14:32:00Z,257.9,258.39,257.76,258.085,380046,258.124,5637
AAPL,2026-02-17T14:33:00Z,258.1,259,257.61,258.79,286363,258.305,4125
AAPL,2026-02-17T14:34:00Z,258.76,259.49,258.7,258.7,333013,259.028,3953
AAPL,2026-02-17T14:35:00Z,258.7,259.27,258.085,258.98,253137,258.648,4017
AAPL,2026-02-17T14:36:00Z,259.035,259.58,258.91,259.49,212317,259.208,3518
AAPL,2026-02-17T14:37:00Z,259.52,259.67,259.2,259.39,170582,259.424,3224
AAPL,2026-02-17T14:38:00Z,259.37,259.59,259.12,259.24,149001,259.295,2666
AAPL,2026-02-17T14:39:00Z,259.275,259.64,258.66,259.005,195931,259.184,3020
AAPL,2026-02-17T14:40:00Z,259.06,259.21,258.65,258.84,123259,258.886,2204
AAPL,2026-02-17T14:41:00Z,258.84,259.25,258.77,259.25,145525,259.023,2296
AAPL,2026-02-17T14:42:00Z,259.24,259.66,259.15,259.62,168936,259.482,2772
AAPL,2026-02-17T14:43:00Z,259.55,259.56,259.19,259.295,115919,259.356,3000
AAPL,2026-02-17T14:44:00Z,259.29,259.64,258.7,258.96,183815,259.229,4374
AAPL,2026-02-17T14:45:00Z,258.94,259.04,258.56,258.635,104410,258.803,3005
AAPL,2026-02-17T14:46:00Z,258.65,259.47,258.38,259.45,219507,259.027,4253
AAPL,2026-02-17T14:47:00Z,259.44,259.72,259.38,259.425,269972,259.524,4064
AAPL,2026-02-17T14:48:00Z,259.46,259.545,258.91,259.3,148847,259.232,3349
AAPL,2026-02-17T14:49:00Z,259.31,259.36,258.93,259.29,97601,259.122,2683
AAPL,2026-02-17T14:50:00Z,259.3,259.64,259.11,259.455,177956,259.411,4047
AAPL,2026-02-17T14:51:00Z,259.455,259.59,258.89,258.95,83508,259.127,2542
AAPL,2026-02-17T14:52:00Z,258.94,259.249,258.93,259.06,78218,259.116,2619
AAPL,2026-02-17T14:53:00Z,259.05,259.16,258.52,258.65,106121,258.733,2661
AAPL,2026-02-17T14:54:00Z,258.62,259.236,258.61,259.1,85013,258.857,2395
AAPL,2026-02-17T14:55:00Z,259.1,259.1,258.4,258.66,99477,258.676,2828
AAPL,2026-02-17T14:56:00Z,258.64,258.91,258.15,258.8,174812,258.522,3395
AAPL,2026-02-17T14:57:00Z,258.8,259.02,258.72,258.945,131725,258.863,3294
AAPL,2026-02-17T14:58:00Z,258.935,258.97,258.555,258.6,73088,258.714,2204
AAPL,2026-02-17T14:59:00Z,258.55,258.7,258.29,258.6,105769,258.443,2457
AAPL,2026-02-17T15:00:00Z,258.59,259.11,258.435,259.02,104247,258.85,3112
AAPL,2026-02-17T15:01:00Z,259.05,259.31,258.998,259.05,97622,259.13,2837
AAPL,2026-02-17T15:02:00Z,259.07,259.56,259.06,259.5,129227,259.351,2852
AAPL,2026-02-17T15:03:00Z,259.475,259.72,259.28,259.59,116985,259.533,2890
AAPL,2026-02-17T15:04:00Z,259.6,259.72,259.42,259.5,82934,259.595,2292
AAPL,2026-02-17T15:05:00Z,259.515,259.61,259.16,259.495,88819,259.396,2584
AAPL,2026-02-17T15:06:00Z,259.48,259.58,259.35,259.52,90819,259.466,2658
AAPL,2026-02-17T15:07:00Z,259.48,259.71,259.34,259.49,117075,259.493,2547
AAPL,2026-02-17T15:08:00Z,259.41,259.57,259.38,259.46,79303,259.482,2155
AAPL,2026-02-17T15:09:00Z,259.46,259.72,259.21,259.63,87835,259.442,2439
AAPL,2026-02-17T15:10:00Z,259.63,259.73,259.37,259.42,82416,259.547,2383
AAPL,2026-02-17T15:11:00Z,259.435,259.85,259.26,259.615,153378,259.631,3145
AAPL,2026-02-17T15:12:00Z,259.64,259.927,259.495,259.61,129562,259.732,2742
AAPL,2026-02-17T15:13:00Z,259.595,259.8,259.515,259.8,78937,259.643,2364
AAPL,2026-02-17T15:14:00Z,259.8,260,259.59,259.815,180726,259.892,3512
AAPL,2026-02-17T15:15:00Z,259.79,260.32,259.785,260.16,173659,260.128,3237
AAPL,2026-02-17T15:16:00Z,260.19,260.47,260.16,260.455,153853,260.307,3330
AAPL,2026-02-17T15:17:00Z,260.45,260.62,260.37,260.525,128893,260.499,2676
AAPL,2026-02-17T15:18:00Z,260.51,261.36,260.43,261.335,427858,260.98,4696
AAPL,2026-02-17T15:19:00Z,261.335,261.39,261.03,261.26,177222,261.206,3421
AAPL,2026-02-17T15:20:00Z,261.23,261.28,261.11,261.15,125666,261.21,2697
AAPL,2026-02-17T15:21:00Z,261.12,261.14,260.56,260.865,207367,260.829,3537
AAPL,2026-02-17T15:22:00Z,260.9,260.98,260.31,260.37,109528,260.665,2769
AAPL,2026-02-17T15:23:00Z,260.31,260.34,260.12,260.12,103998,260.212,2327
AAPL,2026-02-17T15:24:00Z,260.17,260.24,259.93,260.09,107828,260.075,2335
AAPL,2026-02-17T15:25:00Z,260.11,260.31,259.76,259.88,107571,260.042,2797
AAPL,2026-02-17T15:26:00Z,259.84,260.08,259.82,260.04,46383,259.964,1789
AAPL,2026-02-17T15:27:00Z,260.03,260.24,259.92,260.01,115227,260.055,2670
AAPL,2026-02-17T15:28:00Z,260.06,260.06,259.55,259.665,140414,259.791,2508
AAPL,2026-02-17T15:29:00Z,259.7,259.9,259.41,259.64,141815,259.644,3193
AAPL,2026-02-17T15:30:00Z,259.63,259.8,259.34,259.48,79990,259.531,2434
AAPL,2026-02-17T15:31:00Z,259.51,259.51,259.01,259.175,106702,259.179,2303
AAPL,2026-02-17T15:32:00Z,259.16,259.305,259.01,259.15,50390,259.163,1762
AAPL,2026-02-17T15:33:00Z,259.14,259.265,258.97,259.22,123838,259.14,2652
AAPL,2026-02-17T15:34:00Z,259.23,259.52,259.2,259.52,80526,259.404,2182
AAPL,2026-02-17T15:35:00Z,259.525,259.91,259.47,259.52,158047,259.701,2993
AAPL,2026-02-17T15:36:00Z,259.565,259.745,259.53,259.635,119642,259.62,2499
AAPL,2026-02-17T15:37:00Z,259.61,259.73,259.52,259.56,65432,259.626,1870
AAPL,2026-02-17T15:38:00Z,259.536,259.56,259.282,259.42,60135,259.42,1874
AAPL,2026-02-17T15:39:00Z,259.435,259.8,259.395,259.59,95327,259.635,2150
AAPL,2026-02-17T15:40:00Z,259.61,259.84,259.58,259.8,77075,259.697,7045
AAPL,2026-02-17T15:41:00Z,259.831,259.831,259.54,259.58,48181,259.632,1793
AAPL,2026-02-17T15:42:00Z,259.58,259.65,259.42,259.615,64601,259.529,1892
AAPL,2026-02-17T15:43:00Z,259.6,259.97,259.54,259.76,81212,259.774,2125
AAPL,2026-02-17T15:44:00Z,259.74,259.83,259.668,259.75,58542,259.739,1995
AAPL,2026-02-17T15:45:00Z,259.73,259.96,259.73,259.925,64687,259.855,2202
AAPL,2026-02-17T15:46:00Z,259.92,259.93,259.68,259.82,45512,259.81,1675
AAPL,2026-02-17T15:47:00Z,259.77,260.14,259.73,260.09,83822,259.981,2455
AAPL,2026-02-17T15:48:00Z,260.09,260.09,259.858,259.88,72298,259.962,2115
AAPL,2026-02-17T15:49:00Z,259.895,260.1,259.85,260.011,63040,259.981,1929
AAPL,2026-02-17T15:50:00Z,259.98,260.09,259.75,259.785,64363,259.917,2059
AAPL,2026-02-17T15:51:00Z,259.775,259.93,259.69,259.82,71895,259.817,1998
AAPL,2026-02-17T15:52:00Z,259.8,259.83,259.15,259.209,135431,259.453,2538
AAPL,2026-02-17T15:53:00Z,259.2,259.38,259.08,259.295,118708,259.236,2662
AAPL,2026-02-17T15:54:00Z,259.27,259.34,259.111,259.16,60810,259.248,1783
AAPL,2026-02-17T15:55:00Z,259.13,259.18,258.82,259.03,141139,259.027,3079
AAPL,2026-02-17T15:56:00Z,259.02,259.31,258.94,259.31,128740,259.136,2715
AAPL,2026-02-17T15:57:00Z,259.31,259.36,258.84,258.85,70024,259.201,1896
AAPL,2026-02-17T15:58:00Z,258.899,259.27,258.87,259.26,85882,259.014,2114
AAPL,2026-02-17T15:59:00Z,259.26,259.26,258.96,259.148,68062,259.073,1923
AAPL,2026-02-17T16:00:00Z,259.12,259.22,258.74,258.88,85532,258.948,2310
AAPL,2026-02-17T16:01:00Z,258.915,259.44,258.86,259.43,83052,259.14,2340
AAPL,2026-02-17T16:02:00Z,259.43,259.625,259.38,259.4,69592,259.483,2224
AAPL,2026-02-17T16:03:00Z,259.43,259.61,259.41,259.51,66276,259.502,2098
AAPL,2026-02-17T16:04:00Z,259.51,259.51,259.175,259.183,80855,259.343,2075
AAPL,2026-02-17T16:05:00Z,259.205,259.511,259.096,259.47,73045,259.326,2185
AAPL,2026-02-17T16:06:00Z,259.42,259.55,259.38,259.42,46929,259.464,1910
AAPL,2026-02-17T16:07:00Z,259.435,259.58,259.28,259.49,58216,259.437,1843
AAPL,2026-02-17T16:08:00Z,259.475,259.875,259.42,259.865,98346,259.726,2212
AAPL,2026-02-17T16:09:00Z,259.875,259.89,259.7,259.78,59225,259.785,2145
AAPL,2026-02-17T16:10:00Z,259.8,259.88,259.61,259.782,75908,259.744,2358
AAPL,2026-02-17T16:11:00Z,259.8,260.08,259.8,259.99,110265,259.974,2779
AAPL,2026-02-17T16:12:00Z,259.965,260.08,259.86,259.89,48188,259.983,1800
AAPL,2026-02-17T16:13:00Z,259.86,260.297,259.77,260.272,108577,260.107,2309
AAPL,2026-02-17T16:14:00Z,260.239,260.43,260.22,260.405,81338,260.306,2161
AAPL,2026-02-17T16:15:00Z,260.4,260.55,260.28,260.49,93541,260.4,2427
AAPL,2026-02-17T16:16:00Z,260.49,260.49,260.15,260.18,46222,260.252,1950
AAPL,2026-02-17T16:17:00Z,260.17,260.365,260.04,260.295,80388,260.189,2243
AAPL,2026-02-17T16:18:00Z,260.315,260.48,260.2,260.3,83282,260.386,2322
AAPL,2026-02-17T16:19:00Z,260.28,260.525,260.27,260.51,73889,260.425,2036
AAPL,2026-02-17T16:20:00Z,260.49,260.66,260.44,260.65,123949,260.561,2002
AAPL,2026-02-17T16:21:00Z,260.66,260.735,260.59,260.655,82572,260.682,2164
AAPL,2026-02-17T16:22:00Z,260.64,260.68,260.34,260.68,87818,260.477,2118
AAPL,2026-02-17T16:23:00Z,260.65,260.89,260.62,260.815,73981,260.79,2103
AAPL,2026-02-17T16:24:00Z,260.79,260.98,260.75,260.87,67542,260.828,1959
AAPL,2026-02-17T16:25:00Z,260.841,260.885,260.65,260.72,66229,260.741,1897
AAPL,2026-02-17T16:26:00Z,260.705,260.8,260.58,260.654,70309,260.695,2083
AAPL,2026-02-17T16:27:00Z,260.66,260.82,260.61,260.632,60624,260.721,2043
AAPL,2026-02-17T16:28:00Z,260.65,260.71,260.47,260.598,47844,260.583,1917
AAPL,2026-02-17T16:29:00Z,260.59,260.61,260.21,260.265,57944,260.375,2057
AAPL,2026-02-17T16:30:00Z,260.255,260.34,260.03,260.1,93224,260.167,2272
AAPL,2026-02-17T16:31:00Z,260.106,260.26,260.09,260.16,77602,260.17,2268
AAPL,2026-02-17T16:32:00Z,260.14,260.245,259.93,260.175,68885,260.091,2149
AAPL,2026-02-17T16:33:00Z,260.21,260.3,260.04,260.09,55631,260.174,1814
AAPL,2026-02-17T16:34:00Z,260.08,260.325,260.08,260.22,47404,260.202,1927
AAPL,2026-02-17T16:35:00Z,260.19,260.21,259.96,259.96,37918,260.084,1756
AAPL,2026-02-17T16:36:00Z,259.945,260.33,259.945,260.29,73787,260.216,2449
AAPL,2026-02-17T16:37:00Z,260.29,260.59,260.22,260.55,86555,260.42,2195
AAPL,2026-02-17T16:38:00Z,260.49,260.84,260.43,260.78,80455,260.628,2427
AAPL,2026-02-17T16:39:00Z,260.72,260.78,260.54,260.75,82599,260.682,2206
AAPL,2026-02-17T16:40:00Z,260.7,260.85,260.65,260.835,79221,260.742,1859
AAPL,2026-02-17T16:41:00Z,260.87,260.88,260.73,260.79,51890,260.81,2080
AAPL,2026-02-17T16:42:00Z,260.79,260.835,260.63,260.73,51359,260.717,1841
AAPL,2026-02-17T16:43:00Z,260.73,260.773,260.6,260.61,42751,260.716,1683
AAPL,2026-02-17T16:44:00Z,260.61,260.61,260.36,260.37,42869,260.469,1743
AAPL,2026-02-17T16:45:00Z,260.41,260.505,260.4,260.46,41338,260.445,1747
AAPL,2026-02-17T16:46:00Z,260.48,260.48,260.27,260.3,56550,260.338,2045
AAPL,2026-02-17T16:47:00Z,260.32,260.385,260.19,260.233,32763,260.295,1606
AAPL,2026-02-17T16:48:00Z,260.24,260.435,260.18,260.37,34868,260.298,1754
AAPL,2026-02-17T16:49:00Z,260.4,260.49,260.23,260.23,42725,260.358,1816
AAPL,2026-02-17T16:50:00Z,260.27,260.72,260.26,260.58,57526,260.548,1918
AAPL,2026-02-17T16:51:00Z,260.575,260.71,260.51,260.71,37829,260.58,1716
AAPL,2026-02-17T16:52:00Z,260.75,260.785,260.584,260.725,35176,260.718,1732
AAPL,2026-02-17T16:53:00Z,260.71,261.03,260.65,260.803,100581,260.844,2141
AAPL,2026-02-17T16:54:00Z,260.78,261.05,260.71,261.02,40309,260.923,1655
AAPL,2026-02-17T16:55:00Z,261.047,261.45,261,261.41,94280,261.21,2185
AAPL,2026-02-17T16:56:00Z,261.405,261.61,261.405,261.56,145350,261.506,2338
AAPL,2026-02-17T16:57:00Z,261.57,261.71,261.41,261.509,82172,261.553,2509
AAPL,2026-02-17T16:58:00Z,261.49,261.73,261.41,261.685,50861,261.551,1740
AAPL,2026-02-17T16:59:00Z,261.675,261.72,261.4,261.47,100311,261.516,2160
AAPL,2026-02-17T17:00:00Z,261.445,261.605,261.2,261.58,105381,261.374,2405
AAPL,2026-02-17T17:01:00Z,261.59,261.69,261.45,261.6,157205,261.573,2941
AAPL,2026-02-17T17:02:00Z,261.59,261.84,261.59,261.707,72023,261.744,1957
AAPL,2026-02-17T17:03:00Z,261.68,261.81,261.64,261.79,46114,261.76,1535
AAPL,2026-02-17T17:04:00Z,261.805,261.99,261.78,261.939,77817,261.907,1986
AAPL,2026-02-17T17:05:00Z,261.92,262.23,261.88,261.89,199179,262.036,2737
AAPL,2026-02-17T17:06:00Z,261.88,261.88,261.52,261.54,94376,261.742,1965
AAPL,2026-02-17T17:07:00Z,261.535,261.9,261.447,261.875,66509,261.627,1956
AAPL,2026-02-17T17:08:00Z,261.85,261.87,261.71,261.85,25328,261.796,1500
AAPL,2026-02-17T17:09:00Z,261.855,261.9,261.575,261.59,36605,261.786,1534
AAPL,2026-02-17T17:10:00Z,261.58,261.69,261.58,261.61,46657,261.627,1592
AAPL,2026-02-17T17:11:00Z,261.615,261.63,261.41,261.46,53286,261.502,1751
AAPL,2026-02-17T17:12:00Z,261.48,261.48,261.16,261.31,59281,261.267,2036
AAPL,2026-02-17T17:13:00Z,261.305,261.68,261.28,261.59,94404,261.549,2135
AAPL,2026-02-17T17:14:00Z,261.55,261.78,261.43,261.74,119885,261.617,2087
AAPL,2026-02-17T17:15:00Z,261.74,261.94,261.61,261.61,172390,261.823,1869
AAPL,2026-02-17T17:16:00Z,261.62,261.83,261.6,261.78,86574,261.75,1207
AAPL,2026-02-17T17:17:00Z,261.78,261.82,261.65,261.77,105283,261.729,1296
AAPL,2026-02-17T17:18:00Z,261.77,261.853,261.61,261.81,90625,261.72,1257
AAPL,2026-02-17T17:19:00Z,261.84,261.87,261.68,261.79,67773,261.779,1230
AAPL,2026-02-17T17:20:00Z,261.8,261.84,261.66,261.72,56999,261.749,1302
AAPL,2026-02-17T17:21:00Z,261.715,261.74,261.5,261.545,59609,261.605,1270
AAPL,2026-02-17T17:22:00Z,261.53,261.62,261.28,261.289,55671,261.46,1312
AAPL,2026-02-17T17:23:00Z,261.305,261.43,261.25,261.36,58120,261.317,1099
AAPL,2026-02-17T17:24:00Z,261.38,261.52,261.265,261.5,42571,261.401,867
AAPL,2026-02-17T17:25:00Z,261.51,261.59,261.34,261.42,63321,261.456,1297
AAPL,2026-02-17T17:26:00Z,261.44,261.572,261.39,261.55,43807,261.518,948
AAPL,2026-02-17T17:27:00Z,261.555,261.6,261.455,261.52,59059,261.511,1123
AAPL,2026-02-17T17:28:00Z,261.51,261.52,261.375,261.395,44081,261.465,961
AAPL,2026-02-17T17:29:00Z,261.41,261.88,261.41,261.85,64370,261.678,1419
AAPL,2026-02-17T17:30:00Z,261.85,262.14,261.78,262,118133,261.945,1616
AAPL,2026-02-17T17:31:00Z,261.985,262.02,261.86,261.913,45168,261.948,991
AAPL,2026-02-17T17:32:00Z,261.905,261.92,261.46,261.48,61578,261.667,1385
AAPL,2026-02-17T17:33:00Z,261.51,261.575,261.38,261.56,33466,261.484,819
AAPL,2026-02-17T17:34:00Z,261.56,261.94,261.54,261.93,106032,261.676,1452
AAPL,2026-02-17T17:35:00Z,261.935,262.33,261.879,262.22,110076,262.138,1614
AAPL,2026-02-17T17:36:00Z,262.235,262.39,262.08,262.39,97235,262.244,1345
AAPL,2026-02-17T17:37:00Z,262.36,262.47,262.12,262.19,95263,262.267,1632
AAPL,2026-02-17T17:38:00Z,262.19,262.19,261.86,261.86,50559,262.073,893
AAPL,2026-02-17T17:39:00Z,261.86,262.015,261.73,261.86,47512,261.871,1054
AAPL,2026-02-17T17:40:00Z,261.89,262.085,261.711,261.745,64556,261.961,1179
AAPL,2026-02-17T17:41:00Z,261.75,261.79,261.56,261.57,61876,261.692,1011
AAPL,2026-02-17T17:42:00Z,261.575,261.69,261.47,261.633,63344,261.588,1153
AAPL,2026-02-17T17:43:00Z,261.665,261.68,261.39,261.46,61492,261.541,1234
AAPL,2026-02-17T17:44:00Z,261.46,261.503,261.21,261.22,51567,261.337,992
AAPL,2026-02-17T17:45:00Z,261.2,261.23,260.94,261.02,101103,261.078,1699
AAPL,2026-02-17T17:46:00Z,261.02,261.28,260.91,261.28,98173,261.056,1453
AAPL,2026-02-17T17:47:00Z,261.25,261.42,261.22,261.25,73300,261.324,998
AAPL,2026-02-17T17:48:00Z,261.28,261.56,261.16,261.51,55051,261.423,1244
AAPL,2026-02-17T17:49:00Z,261.51,261.56,261.305,261.34,39409,261.414,915
AAPL,2026-02-17T17:50:00Z,261.35,262.74,261.342,262.17,404432,262.314,6091
AAPL,2026-02-17T17:51:00Z,262.195,262.25,261.76,261.905,129451,261.917,2136
AAPL,2026-02-17T17:52:00Z,261.86,261.88,261.5,261.5,66361,261.704,1272
AAPL,2026-02-17T17:53:00Z,261.49,261.64,261.34,261.51,73129,261.46,1338
AAPL,2026-02-17T17:54:00Z,261.47,261.55,261.28,261.5,41968,261.43,889
AAPL,2026-02-17T17:55:00Z,261.5,261.67,261.48,261.6,55098,261.571,974
AAPL,2026-02-17T17:56:00Z,261.605,261.75,261.52,261.53,45544,261.629,1134
AAPL,2026-02-17T17:57:00Z,261.52,262.02,261.5,262.02,54153,261.729,1112
AAPL,2026-02-17T17:58:00Z,262.03,262.25,262,262.062,70848,262.14,1275
AAPL,2026-02-17T17:59:00Z,262.06,262.37,262.04,262.285,118728,262.253,1198
AAPL,2026-02-17T18:00:00Z,262.28,262.46,262.22,262.41,79876,262.375,1172
AAPL,2026-02-17T18:01:00Z,262.42,262.63,262.37,262.55,73217,262.526,1255
AAPL,2026-02-17T18:02:00Z,262.545,262.715,262.45,262.64,74828,262.616,1195
AAPL,2026-02-17T18:03:00Z,262.64,262.77,262.54,262.685,111769,262.667,1362
AAPL,2026-02-17T18:04:00Z,262.68,262.85,262.52,262.59,131639,262.712,1657
AAPL,2026-02-17T18:05:00Z,262.61,262.78,262.326,262.37,121360,262.587,1479
AAPL,2026-02-17T18:06:00Z,262.38,262.6,262.31,262.45,83263,262.412,1324
AAPL,2026-02-17T18:07:00Z,262.47,262.62,262.41,262.43,51472,262.523,1001
AAPL,2026-02-17T18:08:00Z,262.435,262.58,262.42,262.46,48329,262.484,1019
AAPL,2026-02-17T18:09:00Z,262.46,262.53,262.31,262.415,41268,262.41,863
AAPL,2026-02-17T18:10:00Z,262.43,262.46,262.22,262.31,50851,262.342,1022
AAPL,2026-02-17T18:11:00Z,262.34,262.455,262.24,262.25,71646,262.329,1371
AAPL,2026-02-17T18:12:00Z,262.27,262.27,262.07,262.18,68167,262.178,1159
AAPL,2026-02-17T18:13:00Z,262.18,262.46,262.165,262.38,46393,262.299,1119
AAPL,2026-02-17T18:14:00Z,262.394,262.51,262.2,262.22,70323,262.389,1245
AAPL,2026-02-17T18:15:00Z,262.2,262.279,262.068,262.195,52783,262.178,974
AAPL,2026-02-17T18:16:00Z,262.19,262.39,262.16,262.315,45055,262.312,919
AAPL,2026-02-17T18:17:00Z,262.315,262.38,262.21,262.299,44590,262.305,933
AAPL,2026-02-17T18:18:00Z,262.272,262.41,262.22,262.34,44840,262.329,712
AAPL,2026-02-17T18:19:00Z,262.345,262.37,262.22,262.31,30569,262.295,744
AAPL,2026-02-17T18:20:00Z,262.34,262.52,262.32,262.44,66687,262.42,1058
AAPL,2026-02-17T18:21:00Z,262.45,263.025,262.44,263.025,177562,262.734,1906
AAPL,2026-02-17T18:22:00Z,263.06,263.66,263.01,263.625,159457,263.348,3034
AAPL,2026-02-17T18:23:00Z,263.64,263.69,263.38,263.43,114077,263.524,1642
AAPL,2026-02-17T18:24:00Z,263.4,263.4,263.11,263.27,77514,263.256,1100
AAPL,2026-02-17T18:25:00Z,263.27,263.3,263.11,263.25,73651,263.193,1204
AAPL,2026-02-17T18:26:00Z,263.245,263.25,263,263.055,30682,263.113,802
AAPL,2026-02-17T18:27:00Z,263.03,263.15,262.87,263.15,49087,262.999,1135
AAPL,2026-02-17T18:28:00Z,263.18,263.32,263.09,263.25,45547,263.206,1066
AAPL,2026-02-17T18:29:00Z,263.275,263.6,263.25,263.4,71970,263.456,1445
AAPL,2026-02-17T18:30:00Z,263.42,263.55,263.32,263.415,53191,263.387,1095
AAPL,2026-02-17T18:31:00Z,263.42,263.555,263.35,263.55,47998,263.477,1060
AAPL,2026-02-17T18:32:00Z,263.55,263.63,263.43,263.57,70957,263.542,1369
AAPL,2026-02-17T18:33:00Z,263.58,263.78,263.555,263.745,92227,263.672,1503
AAPL,2026-02-17T18:34:00Z,263.755,263.86,263.65,263.665,81702,263.754,1310
AAPL,2026-02-17T18:35:00Z,263.64,263.665,263.35,263.48,56375,263.533,1277
AAPL,2026-02-17T18:36:00Z,263.485,263.741,263.485,263.7,40130,263.641,958
AAPL,2026-02-17T18:37:00Z,263.695,263.9,263.65,263.885,57399,263.8,907
AAPL,2026-02-17T18:38:00Z,263.908,264.075,263.82,264.067,220851,263.976,1897
AAPL,2026-02-17T18:39:00Z,264.03,264.43,264,264.4,123147,264.168,1594
AAPL,2026-02-17T18:40:00Z,264.42,264.89,264.39,264.78,153711,264.631,2380
AAPL,2026-02-17T18:41:00Z,264.78,264.95,264.76,264.925,104929,264.843,1383
AAPL,2026-02-17T18:42:00Z,264.92,265.06,264.68,264.78,246421,264.877,2758
AAPL,2026-02-17T18:43:00Z,264.76,265.04,264.72,264.97,107051,264.895,1385
AAPL,2026-02-17T18:44:00Z,264.975,265.1,264.9,264.97,89210,265.008,1304
AAPL,2026-02-17T18:45:00Z,264.955,265.21,264.955,265.16,99652,265.122,1332
AAPL,2026-02-17T18:46:00Z,265.18,265.18,264.96,265.12,74371,265.063,1294
AAPL,2026-02-17T18:47:00Z,265.14,265.31,265.035,265.135,99441,265.17,1342
AAPL,2026-02-17T18:48:00Z,265.12,265.12,264.93,264.97,120289,265.013,1531
AAPL,2026-02-17T18:49:00Z,264.97,265.2,264.83,265.155,131312,265.008,1851
AAPL,2026-02-17T18:50:00Z,265.16,265.4,265.138,265.4,171609,265.258,1141
AAPL,2026-02-17T18:51:00Z,265.36,265.44,265.28,265.318,88916,265.362,1209
AAPL,2026-02-17T18:52:00Z,265.32,265.44,265.2,265.4,84840,265.303,1319
AAPL,2026-02-17T18:53:00Z,265.4,265.605,265.38,265.58,142940,265.481,1902
AAPL,2026-02-17T18:54:00Z,265.58,265.85,265.54,265.85,91649,265.688,1507
AAPL,2026-02-17T18:55:00Z,265.85,266.09,265.77,266.005,164299,265.939,2059
AAPL,2026-02-17T18:56:00Z,266,266.11,265.97,266.055,118659,266.044,1568
AAPL,2026-02-17T18:57:00Z,266.04,266.05,265.62,265.67,188403,265.867,2000
AAPL,2026-02-17T18:58:00Z,265.68,265.95,265.55,265.74,142400,265.708,2191
AAPL,2026-02-17T18:59:00Z,265.8,265.89,265.693,265.83,83597,265.788,1113
AAPL,2026-02-17T19:00:00Z,265.8,266.1,265.78,266.01,107855,265.939,1424
AAPL,2026-02-17T19:01:00Z,266.035,266.19,265.97,266.08,103715,266.102,1536
AAPL,2026-02-17T19:02:00Z,266.07,266.29,266.03,266.16,131598,266.175,1586
AAPL,2026-02-17T19:03:00Z,266.16,266.26,265.95,266.025,138076,266.091,1749
AAPL,2026-02-17T19:04:00Z,266.06,266.2,265.97,266.09,59533,266.077,976
AAPL,2026-02-17T19:05:00Z,266.13,266.24,266.08,266.206,76419,266.148,1203
AAPL,2026-02-17T19:06:00Z,266.2,266.23,265.81,265.865,101487,266.043,1481
AAPL,2026-02-17T19:07:00Z,265.88,265.88,265.73,265.75,86078,265.777,1359
AAPL,2026-02-17T19:08:00Z,265.775,265.835,265.672,265.76,79578,265.746,1516
AAPL,2026-02-17T19:09:00Z,265.78,265.795,265.49,265.571,92094,265.646,1429
AAPL,2026-02-17T19:10:00Z,265.58,265.75,265.538,265.66,83862,265.668,1191
AAPL,2026-02-17T19:11:00Z,265.67,265.74,265.58,265.65,91652,265.65,1045
AAPL,2026-02-17T19:12:00Z,265.65,265.71,265.55,265.55,51044,265.616,1087
AAPL,2026-02-17T19:13:00Z,265.57,265.67,265.51,265.525,67993,265.589,1118
AAPL,2026-02-17T19:14:00Z,265.52,265.73,265.51,265.64,58511,265.637,1096
AAPL,2026-02-17T19:15:00Z,265.67,265.788,265.56,265.71,73847,265.672,1149
AAPL,2026-02-17T19:16:00Z,265.711,265.89,265.66,265.72,67328,265.754,1186
AAPL,2026-02-17T19:17:00Z,265.7,265.86,265.69,265.73,37858,265.765,756
AAPL,2026-02-17T19:18:00Z,265.7,265.93,265.67,265.875,49816,265.845,876
AAPL,2026-02-17T19:19:00Z,265.86,265.88,265.49,265.52,114420,265.673,1381
AAPL,2026-02-17T19:20:00Z,265.535,265.54,265.25,265.37,65094,265.395,1137
AAPL,2026-02-17T19:21:00Z,265.37,265.44,265.23,265.27,72777,265.351,1089
AAPL,2026-02-17T19:22:00Z,265.255,265.38,265.19,265.215,54284,265.29,986
AAPL,2026-02-17T19:23:00Z,265.21,265.4,265.21,265.356,73393,265.338,1219
AAPL,2026-02-17T19:24:00Z,265.362,265.49,265.32,265.44,50199,265.424,904
AAPL,2026-02-17T19:25:00Z,265.47,265.5,265.33,265.445,46335,265.431,728
AAPL,2026-02-17T19:26:00Z,265.46,265.49,265.37,265.455,49726,265.446,664
AAPL,2026-02-17T19:27:00Z,265.455,265.69,265.389,265.51,46818,265.471,880
AAPL,2026-02-17T19:28:00Z,265.525,265.8,265.35,265.36,115578,265.52,1701
AAPL,2026-02-17T19:29:00Z,265.35,265.429,265.23,265.285,70464,265.303,1089
AAPL,2026-02-17T19:30:00Z,265.26,265.48,265.26,265.34,59530,265.399,1106
AAPL,2026-02-17T19:31:00Z,265.37,265.44,265.26,265.439,39227,265.373,740
AAPL,2026-02-17T19:32:00Z,265.45,265.59,265.45,265.51,42117,265.515,812
AAPL,2026-02-17T19:33:00Z,265.49,265.64,265.45,265.51,81949,265.543,1178
AAPL,2026-02-17T19:34:00Z,265.51,265.555,265.37,265.48,59241,265.488,819
AAPL,2026-02-17T19:35:00Z,265.475,265.49,265.2,265.28,58115,265.292,1002
AAPL,2026-02-17T19:36:00Z,265.27,265.66,265.26,265.62,49916,265.45,1070
AAPL,2026-02-17T19:37:00Z,265.63,265.78,265.6,265.615,67271,265.692,1110
AAPL,2026-02-17T19:38:00Z,265.6,265.69,265.45,265.5,56841,265.583,935
AAPL,2026-02-17T19:39:00Z,265.52,265.71,265.51,265.69,44577,265.598,820
AAPL,2026-02-17T19:40:00Z,265.715,265.81,265.66,265.8,41499,265.726,841
AAPL,2026-02-17T19:41:00Z,265.78,265.86,265.73,265.79,52639,265.804,916
AAPL,2026-02-17T19:42:00Z,265.81,265.87,265.72,265.74,49557,265.794,933
AAPL,2026-02-17T19:43:00Z,265.72,265.79,265.68,265.71,51887,265.734,994
AAPL,2026-02-17T19:44:00Z,265.73,265.855,265.71,265.85,45228,265.797,896
AAPL,2026-02-17T19:45:00Z,265.82,265.84,265.68,265.78,67417,265.767,1099
AAPL,2026-02-17T19:46:00Z,265.77,266.05,265.77,266.02,128389,265.94,1821
AAPL,2026-02-17T19:47:00Z,266.025,266.12,265.871,265.95,101244,266.002,1375
AAPL,2026-02-17T19:48:00Z,265.96,266.15,265.93,266.01,87142,266.078,1131
AAPL,2026-02-17T19:49:00Z,266.01,266.054,265.78,265.805,46862,265.943,869
AAPL,2026-02-17T19:50:00Z,265.805,265.88,265.62,265.85,48344,265.751,925
AAPL,2026-02-17T19:51:00Z,265.835,265.835,265.56,265.68,75362,265.695,929
AAPL,2026-02-17T19:52:00Z,265.69,265.73,265.42,265.49,129335,265.531,1265
AAPL,2026-02-17T19:53:00Z,265.51,265.65,265.5,265.62,46003,265.594,848
AAPL,2026-02-17T19:54:00Z,265.625,265.63,265.47,265.495,41203,265.557,981
AAPL,2026-02-17T19:55:00Z,265.49,265.5,265.3,265.41,96225,265.357,1014
AAPL,2026-02-17T19:56:00Z,265.405,265.48,265.3,265.42,49318,265.397,933
AAPL,2026-02-17T19:57:00Z,265.43,265.45,265.275,265.28,42375,265.394,780
AAPL,2026-02-17T19:58:00Z,265.285,265.3,265,265.03,111324,265.134,1657
AAPL,2026-02-17T19:59:00Z,265.03,265.279,264.99,265.19,60621,265.156,1108
AAPL,2026-02-17T20:00:00Z,265.2,265.35,265.1,265.29,59033,265.255,1114
AAPL,2026-02-17T20:01:00Z,265.28,265.46,265.22,265.395,59683,265.335,995
AAPL,2026-02-17T20:02:00Z,265.38,265.43,265.33,265.36,71136,265.368,1020
AAPL,2026-02-17T20:03:00Z,265.35,265.39,265.09,265.2,45880,265.26,877
AAPL,2026-02-17T20:04:00Z,265.2,265.36,265.15,265.34,43578,265.256,780
AAPL,2026-02-17T20:05:00Z,265.37,265.53,265.31,265.39,83708,265.431,1110
AAPL,2026-02-17T20:06:00Z,265.4,265.54,265.365,265.46,60030,265.447,898
AAPL,2026-02-17T20:07:00Z,265.46,265.465,265.27,265.33,59525,265.342,822
AAPL,2026-02-17T20:08:00Z,265.325,265.35,265.13,265.13,49156,265.231,890
AAPL,2026-02-17T20:09:00Z,265.13,265.16,265.03,265.12,55885,265.106,840
AAPL,2026-02-17T20:10:00Z,265.11,265.17,265.06,265.11,59551,265.12,997
AAPL,2026-02-17T20:11:00Z,265.12,265.2,265.1,265.13,168908,265.145,820
AAPL,2026-02-17T20:12:00Z,265.12,265.14,265.02,265.1,53063,265.082,1047
AAPL,2026-02-17T20:13:00Z,265.1,265.11,264.96,264.961,83050,265.047,1142
AAPL,2026-02-17T20:14:00Z,264.975,265.025,264.76,264.95,91570,264.893,1499
AAPL,2026-02-17T20:15:00Z,264.94,265.01,264.8,264.84,81359,264.911,1220
AAPL,2026-02-17T20:16:00Z,264.83,264.89,264.72,264.77,92367,264.782,1365
AAPL,2026-02-17T20:17:00Z,264.82,265.01,264.805,264.855,55992,264.916,1120
AAPL,2026-02-17T20:18:00Z,264.86,264.86,264.612,264.66,59060,264.734,1009
AAPL,2026-02-17T20:19:00Z,264.66,264.79,264.55,264.58,70739,264.662,1263
AAPL,2026-02-17T20:20:00Z,264.61,264.69,264.55,264.61,73162,264.632,1187
AAPL,2026-02-17T20:21:00Z,264.59,264.62,264.474,264.56,94706,264.55,1433
AAPL,2026-02-17T20:22:00Z,264.54,264.56,264.28,264.322,69000,264.411,1213
AAPL,2026-02-17T20:23:00Z,264.33,264.429,264.23,264.25,52531,264.341,1013
AAPL,2026-02-17T20:24:00Z,264.26,264.27,264.02,264.1,135802,264.118,1539
AAPL,2026-02-17T20:25:00Z,264.1,264.38,264.1,264.36,67828,264.271,1186
AAPL,2026-02-17T20:26:00Z,264.35,264.35,264.15,264.3,92314,264.232,1054
AAPL,2026-02-17T20:27:00Z,264.29,264.35,264.22,264.26,64686,264.29,995
AAPL,2026-02-17T20:28:00Z,264.25,264.375,264.2,264.33,81299,264.317,1107
AAPL,2026-02-17T20:29:00Z,264.35,264.44,264.22,264.29,74264,264.332,1493
AAPL,2026-02-17T20:30:00Z,264.31,264.35,264.1,264.15,126479,264.234,1702
AAPL,2026-02-17T20:31:00Z,264.135,264.23,264.03,264.12,72012,264.14,1214
AAPL,2026-02-17T20:32:00Z,264.12,264.17,264.07,264.1,104254,264.125,1425
AAPL,2026-02-17T20:33:00Z,264.1,264.1,263.89,263.891,93897,263.987,1496
AAPL,2026-02-17T20:34:00Z,263.89,263.98,263.86,263.95,112156,263.919,1565
AAPL,2026-02-17T20:35:00Z,263.955,264.04,263.84,263.84,67830,263.923,1213
AAPL,2026-02-17T20:36:00Z,263.83,263.88,263.74,263.74,69353,263.803,1213
AAPL,2026-02-17T20:37:00Z,263.74,263.74,263.59,263.61,81485,263.642,1424
AAPL,2026-02-17T20:38:00Z,263.63,263.75,263.59,263.63,70897,263.679,1337
AAPL,2026-02-17T20:39:00Z,263.645,263.79,263.61,263.72,95662,263.698,1765
AAPL,2026-02-17T20:40:00Z,263.72,263.83,263.64,263.74,92043,263.737,1541
AAPL,2026-02-17T20:41:00Z,263.755,263.79,263.645,263.79,65063,263.711,1299
AAPL,2026-02-17T20:42:00Z,263.8,264.11,263.78,264.09,141093,263.97,2212
AAPL,2026-02-17T20:43:00Z,264.12,264.23,264.04,264.19,85782,264.108,1245
AAPL,2026-02-17T20:44:00Z,264.18,264.41,264.15,264.27,73576,264.288,1333
AAPL,2026-02-17T20:45:00Z,264.28,264.4,264.11,264.4,113870,264.293,1692
AAPL,2026-02-17T20:46:00Z,264.37,264.53,264.3,264.35,131974,264.426,2112
AAPL,2026-02-17T20:47:00Z,264.345,264.42,264.18,264.265,127378,264.304,2075
AAPL,2026-02-17T20:48:00Z,264.27,264.44,264.27,264.39,72448,264.372,1243
AAPL,2026-02-17T20:49:00Z,264.38,264.38,263.954,263.99,102932,264.112,1506
AAPL,2026-02-17T20:50:00Z,263.98,264.15,263.13,263.26,251674,263.664,3968
AAPL,2026-02-17T20:51:00Z,263.26,263.35,263.055,263.08,212843,263.213,2715
AAPL,2026-02-17T20:52:00Z,263.11,263.3,263.095,263.23,211396,263.182,2721
AAPL,2026-02-17T20:53:00Z,263.2,263.22,262.89,262.89,276689,263.035,3505
AAPL,2026-02-17T20:54:00Z,262.89,263.3,262.5,263.17,342711,263.102,5029
AAPL,2026-02-17T20:55:00Z,263.19,263.6,263.095,263.48,301223,263.355,3914
AAPL,2026-02-17T20:56:00Z,263.49,263.5,263.1,263.4,270462,263.258,3380
AAPL,2026-02-17T20:57:00Z,263.4,263.87,263.36,263.73,342359,263.615,4104
AAPL,2026-02-17T20:58:00Z,263.72,263.9,263.7,263.76,432480,263.803,4899
AAPL,2026-02-17T20:59:00Z,263.76,264.04,263.53,263.75,1.32694e+06,263.776,15984
AAPL,2026-02-17T21:00:00Z,263.87,264.14,263.73,263.88,8.43558e+06,263.88,401
AAPL,2026-02-17T21:01:00Z,263.88,263.93,263.81,263.88,69126,263.848,112
AAPL,2026-02-17T21:02:00Z,263.88,263.88,263.82,263.88,667587,263.877,67
AAPL,2026-02-17T21:03:00Z,263.88,263.978,263.87,263.978,138763,263.899,67
AAPL,2026-02-17T21:04:00Z,263.99,264.09,263.99,264.08,2.7281e+06,264.057,99
AAPL,2026-02-17T21:05:00Z,264.08,264.23,264.073,264.09,5.21699e+06,264.13,78
AAPL,2026-02-17T21:06:00Z,264.05,264.05,264,264,7449,264.03,31
AAPL,2026-02-17T21:07:00Z,264,264.01,262.568,264,74328,262.91,44
AAPL,2026-02-17T21:08:00Z,264,264.09,263.99,264,26716,264.015,192
AAPL,2026-02-17T21:09:00Z,264,264.01,263.975,264,4541,263.998,41
AAPL,2026-02-17T21:10:00Z,264,264.05,264,264.05,1197,264.025,42
AAPL,2026-02-17T21:11:00Z,264.06,264.06,264,264,941,264.019,20
AAPL,2026-02-17T21:13:00Z,264.07,264.07,264.07,264.07,570,264.07,32
AAPL,2026-02-17T21:14:00Z,264.1,264.1,264.05,264.05,1753,264.085,63
AAPL,2026-02-17T21:15:00Z,264.053,264.2,264.05,264.2,2725,264.097,81
AAPL,2026-02-17T21:16:00Z,264.2,264.2,264.2,264.2,1940,264.2,42
AAPL,2026-02-17T21:17:00Z,264.25,264.278,264.05,264.278,1894,264.146,41
AAPL,2026-02-17T21:18:00Z,264.05,264.06,264.05,264.05,1199,264.051,19
AAPL,2026-02-17T21:19:00Z,264.29,264.33,264.26,264.26,931,264.296,21
AAPL,2026-02-17T21:20:00Z,264.156,264.3,264.156,264.27,11084,264.207,48
AAPL,2026-02-17T21:21:00Z,264.38,264.38,264.34,264.38,1940,264.376,36
AAPL,2026-02-17T21:22:00Z,264.379,264.379,264.379,264.379,557,264.379,13
AAPL,2026-02-17T21:23:00Z,264.25,264.25,264.25,264.25,738,264.25,12
AAPL,2026-02-17T21:24:00Z,264.252,264.37,264.25,264.37,1752,264.326,29
AAPL,2026-02-17T21:25:00Z,264.34,264.34,264.34,264.34,339,264.34,14
AAPL,2026-02-17T21:26:00Z,264.35,264.428,264.35,264.366,6926,264.368,91
AAPL,2026-02-17T21:27:00Z,264.38,264.55,264.38,264.55,2928,264.423,80
AAPL,2026-02-17T21:28:00Z,264.45,264.45,264.45,264.45,2131,264.45,17
AAPL,2026-02-17T21:29:00Z,264.52,264.55,264.52,264.53,825,264.531,36
AAPL,2026-02-17T21:30:00Z,264.47,264.47,264.45,264.45,1190,264.453,20
AAPL,2026-02-17T21:31:00Z,264.48,264.5,264.34,264.35,25544,264.494,51
AAPL,2026-02-17T21:32:00Z,264.35,264.35,264.34,264.35,618,264.348,17
AAPL,2026-02-17T21:33:00Z,264.38,264.38,264.38,264.38,222,264.38,11
AAPL,2026-02-17T21:34:00Z,264.35,264.35,264.35,264.35,8560,264.35,42
AAPL,2026-02-17T21:35:00Z,264.35,264.35,264.35,264.35,686,264.35,25
AAPL,2026-02-17T21:36:00Z,264.41,264.41,264.38,264.38,751,264.395,40
AAPL,2026-02-17T21:37:00Z,264.5,264.5,264.49,264.49,10740,264.5,64
AAPL,2026-02-17T21:38:00Z,264.49,264.552,263.88,264.45,47267,263.89,24
AAPL,2026-02-17T21:40:00Z,264.44,264.44,264.4,264.4,756,264.413,33
AAPL,2026-02-17T21:43:00Z,264.45,264.532,264.45,264.5,3454,264.486,29
AAPL,2026-02-17T21:44:00Z,264.49,264.49,264.49,264.49,320,264.49,15
AAPL,2026-02-17T21:45:00Z,264.5,264.5,264.41,264.41,1053,264.454,34
AAPL,2026-02-17T21:46:00Z,264.5,264.57,264.4,264.5,4617,264.498,36
AAPL,2026-02-17T21:47:00Z,264.5,264.5,264.5,264.5,254,264.5,12
AAPL,2026-02-17T21:49:00Z,264.5,264.55,264.07,264.55,1693,264.425,62
AAPL,2026-02-17T21:50:00Z,264.5,264.5,264.5,264.5,153,264.5,12
AAPL,2026-02-17T21:51:00Z,264.5,264.5,264.5,264.5,269,264.5,9
AAPL,2026-02-17T21:52:00Z,264.5,264.5,264.5,264.5,160,264.5,16
AAPL,2026-02-17T21:53:00Z,264.49,264.57,264.49,264.57,564,264.526,24
AAPL,2026-02-17T21:54:00Z,264.5,264.65,264.5,264.56,1691,264.55,34
AAPL,2026-02-17T21:55:00Z,264.62,264.7,264.62,264.68,3342,264.671,53
AAPL,2026-02-17T21:56:00Z,264.75,264.8,264.65,264.65,11683,264.761,95
AAPL,2026-02-17T21:57:00Z,264.64,264.8,264.64,264.8,1710,264.704,19
AAPL,2026-02-17T21:58:00Z,264.71,264.98,264.66,264.98,3609,264.847,71
AAPL,2026-02-17T21:59:00Z,264.8,264.8,264.8,264.8,234,264.8,16
AAPL,2026-02-17T22:01:00Z,264.948,264.948,264.948,264.948,181,264.948,7
AAPL,2026-02-17T22:03:00Z,264.82,264.82,264.81,264.81,919,264.812,20
AAPL,2026-02-17T22:04:00Z,264.8,264.8,264.77,264.77,3771,264.799,40
AAPL,2026-02-17T22:05:00Z,264.68,264.68,264.68,264.68,181,264.68,14
AAPL,2026-02-17T22:06:00Z,264.684,264.9,264.684,264.9,464,264.776,15
AAPL,2026-02-17T22:08:00Z,264.78,264.8,264.77,264.8,1576,264.784,72
AAPL,2026-02-17T22:09:00Z,264.83,265,264.83,264.99,12484,264.93,188
AAPL,2026-02-17T22:11:00Z,264.94,264.94,264.9,264.9,1370,264.904,25
AAPL,2026-02-17T22:12:00Z,264.91,265.074,264.91,265.074,1262,264.994,27
AAPL,2026-02-17T22:13:00Z,265.07,265.09,265.035,265.035,5429,265.087,46
AAPL,2026-02-17T22:15:00Z,264.91,264.91,264.72,264.88,2475,264.89,31
AAPL,2026-02-17T22:16:00Z,264.76,264.76,264.76,264.76,330,264.76,16
AAPL,2026-02-17T22:17:00Z,264.76,264.81,264.65,264.65,1884,264.69,28
AAPL,2026-02-17T22:18:00Z,264.68,264.68,264.68,264.68,168,264.68,6
AAPL,2026-02-17T22:20:00Z,264.68,264.68,264.68,264.68,195,264.68,2
AAPL,2026-02-17T22:21:00Z,264.75,264.819,264.75,264.819,530,264.783,25
AAPL,2026-02-17T22:22:00Z,264.812,264.812,264.812,264.812,135,264.812,13
AAPL,2026-02-17T22:24:00Z,264.64,264.64,264.64,264.64,285,264.64,12
AAPL,2026-02-17T22:25:00Z,264.68,264.68,264.68,264.68,148403,264.68,22
AAPL,2026-02-17T22:27:00Z,264.79,264.79,264.79,264.79,209,264.79,20
AAPL,2026-02-17T22:28:00Z,264.8,264.8,264.8,264.8,434,264.8,13
AAPL,2026-02-17T22:31:00Z,264.64,264.64,264.64,264.64,440,264.64,13
AAPL,2026-02-17T22:32:00Z,264.66,264.66,264.66,264.66,370,264.66,11
AAPL,2026-02-17T22:35:00Z,264.792,264.792,264.792,264.792,554,264.792,11
AAPL,2026-02-17T22:36:00Z,264.751,264.751,264.751,264.751,401,264.751,10
AAPL,2026-02-17T22:38:00Z,264.758,264.758,264.758,264.758,266,264.758,17
AAPL,2026-02-17T22:40:00Z,264.85,264.85,264.85,264.85,366,264.85,28
AAPL,2026-02-17T22:41:00Z,264.99,265,264.99,265,637,264.996,44
AAPL,2026-02-17T22:43:00Z,264.96,264.96,264.9,264.9,1155,264.919,17
AAPL,2026-02-17T22:44:00Z,264.9,264.925,264.9,264.918,1588,264.903,20
AAPL,2026-02-17T22:45:00Z,265,265,265,265,1078,265,14
AAPL,2026-02-17T22:47:00Z,264.9,264.9,264.9,264.9,336,264.9,16
AAPL,2026-02-17T22:48:00Z,264.8,264.8,264.8,264.8,393,264.8,20
AAPL,2026-02-17T22:51:00Z,264.75,264.75,264.75,264.75,165,264.75,10
AAPL,2026-02-17T22:53:00Z,264.88,265,264.88,265,5444,264.989,169
AAPL,2026-02-17T22:54:00Z,265.07,265.07,265,265,2807,265.037,11
AAPL,2026-02-17T22:55:00Z,265,265.002,265,265,1515,265.001,18
AAPL,2026-02-17T22:56:00Z,265.02,265.02,265,265,1912,265.017,31
AAPL,2026-02-17T22:57:00Z,265.04,265.04,265.04,265.04,538,265.04,11
AAPL,2026-02-17T22:58:00Z,265.039,265.039,265.039,265.039,139,265.039,11
AAPL,2026-02-17T23:00:00Z,265.04,265.105,265.03,265.105,2956,265.038,44
AAPL,2026-02-17T23:01:00Z,265.055,265.055,265.03,265.04,3929,265.032,31
AAPL,2026-02-17T23:02:00Z,265.03,265.04,265,265,13214,265.021,115
AAPL,2026-02-17T23:03:00Z,264.88,264.89,264.88,264.89,695,264.886,18
AAPL,2026-02-17T23:04:00Z,265.02,265.03,264.91,265.029,2913,265.011,23
AAPL,2026-02-17T23:06:00Z,264.98,265.016,264.98,265.016,472,264.995,21
AAPL,2026-02-17T23:07:00Z,265.02,265.12,265.02,265.12,1073,265.077,31
AAPL,2026-02-17T23:08:00Z,265.08,265.08,265.08,265.08,302,265.08,16
AAPL,2026-02-17T23:09:00Z,265.12,265.12,264.83,264.83,1006,265.023,29
AAPL,2026-02-17T23:10:00Z,264.83,264.83,264.83,264.83,1214,264.83,56
AAPL,2026-02-17T23:11:00Z,264.88,264.981,264.88,264.981,801,264.961,28
AAPL,2026-02-17T23:12:00Z,264.85,264.87,264.71,264.86,3895,264.809,59
AAPL,2026-02-17T23:13:00Z,264.87,264.87,264.86,264.86,928,264.866,18
AAPL,2026-02-17T23:15:00Z,264.84,264.84,264.84,264.84,1181,264.84,33
AAPL,2026-02-17T23:16:00Z,264.72,264.72,264.68,264.68,975,264.71,25
AAPL,2026-02-17T23:17:00Z,264.66,264.7,264.66,264.7,269,264.684,6
AAPL,2026-02-17T23:18:00Z,264.98,265.2,264.98,265.2,1765,265.066,54
AAPL,2026-02-17T23:20:00Z,265.12,265.12,265.12,265.12,318,265.12,14
AAPL,2026-02-17T23:21:00Z,265.09,265.09,265.09,265.09,1691,265.09,13
AAPL,2026-02-17T23:22:00Z,265.28,265.28,265.09,265.09,379,265.185,15
AAPL,2026-02-17T23:24:00Z,265.28,265.28,265.15,265.15,2689,265.256,18
AAPL,2026-02-17T23:25:00Z,265.232,265.232,265.09,265.09,538,265.151,11
AAPL,2026-02-17T23:26:00Z,264.92,264.92,264.92,264.92,319,264.92,20
AAPL,2026-02-17T23:27:00Z,265,265,265,265,262,265,13
AAPL,2026-02-17T23:29:00Z,265,265,265,265,266,265,11
AAPL,2026-02-17T23:31:00Z,265,265,265,265,396,265,10
AAPL,2026-02-17T23:32:00Z,265,265,265,265,549,265,9
AAPL,2026-02-17T23:33:00Z,264.8,264.82,264.8,264.82,1189,264.815,32
AAPL,2026-02-17T23:34:00Z,264.79,264.79,264.77,264.77,588,264.783,14
AAPL,2026-02-17T23:35:00Z,264.82,264.82,264.78,264.78,1539,264.801,27
AAPL,2026-02-17T23:36:00Z,264.79,264.79,264.6,264.6,4194,264.633,47
AAPL,2026-02-17T23:37:00Z,264.522,264.522,264.522,264.522,352,264.522,17
AAPL,2026-02-17T23:38:00Z,264.5,264.5,264.5,264.5,891,264.5,35
AAPL,2026-02-17T23:39:00Z,264.45,264.45,264.43,264.43,1161,264.434,35
AAPL,2026-02-17T23:40:00Z,264.7,264.7,264.7,264.7,257,264.7,9
AAPL,2026-02-17T23:44:00Z,264.4,264.4,264.37,264.37,626,264.378,33
AAPL,2026-02-17T23:46:00Z,264.37,264.37,264.26,264.26,943,264.281,26
AAPL,2026-02-17T23:47:00Z,264.25,264.25,264.24,264.24,2253,264.247,30
AAPL,2026-02-17T23:49:00Z,264.7,264.7,264.7,264.7,265,264.7,8
AAPL,2026-02-17T23:50:00Z,264.18,264.19,264.16,264.19,827,264.174,17
AAPL,2026-02-17T23:53:00Z,264.3,264.3,264.3,264.3,260,264.3,13
AAPL,2026-02-17T23:55:00Z,264.57,264.57,264.57,264.57,387,264.57,16
AAPL,2026-02-17T23:59:00Z,264.31,264.31,264.26,264.26,849,264.289,26
AAPL,2026-02-18T00:00:00Z,264.26,264.26,264.26,264.26,524,264.26,9
AAPL,2026-02-18T00:05:00Z,264.499,264.5,264.499,264.5,932,264.499,12
AAPL,2026-02-18T00:06:00Z,264.45,264.45,264.45,264.45,162,264.45,6
AAPL,2026-02-18T00:07:00Z,264.39,264.39,264.39,264.39,1026,264.39,8
AAPL,2026-02-18T00:10:00Z,264.26,264.26,264.26,264.26,308,264.26,7
AAPL,2026-02-18T00:13:00Z,264.53,264.53,264.53,264.53,396,264.53,18
AAPL,2026-02-18T00:15:00Z,264.53,264.53,264.53,264.53,456,264.53,15
AAPL,2026-02-18T00:16:00Z,264.709,264.709,264.709,264.709,102,264.709,3
AAPL,2026-02-18T00:19:00Z,264.27,264.27,264.27,264.27,1016,264.27,7
AAPL,2026-02-18T00:21:00Z,264.36,264.36,264.36,264.36,212,264.36,12
AAPL,2026-02-18T00:23:00Z,264.46,264.47,264.37,264.37,902,264.443,19
AAPL,2026-02-18T00:24:00Z,264.34,264.34,264.31,264.31,894,264.331,30
AAPL,2026-02-18T00:25:00Z,264.28,264.28,264.05,264.158,2376,264.139,52
AAPL,2026-02-18T00:26:00Z,264.06,264.06,264.06,264.06,199,264.06,8
AAPL,2026-02-18T00:27:00Z,264.05,264.05,264.05,264.05,1090,264.05,14
AAPL,2026-02-18T00:34:00Z,264.4,264.4,264.4,264.4,700,264.4,1
AAPL,2026-02-18T00:36:00Z,264.35,264.35,264.35,264.35,285,264.35,9
AAPL,2026-02-18T00:37:00Z,264.3,264.3,264.26,264.26,328,264.273,5
AAPL,2026-02-18T00:42:00Z,264.48,264.48,264.48,264.48,436,264.48,11
AAPL,2026-02-18T00:43:00Z,264.65,264.65,264.65,264.65,4146,264.65,8
AAPL,2026-02-18T00:44:00Z,264.262,264.279,264.26,264.279,987,264.266,17
AAPL,2026-02-18T00:45:00Z,264.27,264.28,264,264.037,5025,264.137,60
AAPL,2026-02-18T00:46:00Z,264.024,264.16,264.01,264.16,1187,264.028,12
AAPL,2026-02-18T00:51:00Z,264.15,264.15,264.025,264.1,2016,264.118,23
AAPL,2026-02-18T00:52:00Z,264.1,264.1,264.03,264.03,559,264.058,13
AAPL,2026-02-18T00:54:00Z,264.02,264.079,264.01,264.072,2561,264.038,21
AAPL,2026-02-18T00:55:00Z,264.25,264.25,264.02,264.03,1172,264.137,22
AAPL,2026-02-18T00:56:00Z,264.02,264.3,264.02,264.3,740,264.216,19
AAPL,2026-02-18T00:57:00Z,264.329,264.329,264.1,264.1,825,264.182,19
AAPL,2026-02-18T00:58:00Z,264.02,264.38,264.02,264.38,1206,264.111,21
AAPL,2026-02-18T00:59:00Z,264.344,264.37,264.344,264.37,671,264.358,18
AAPL,2026-02-18T09:00:00Z,265.1,265.52,265.1,265.5,1791,265.299,86
AAPL,2026-02-18T09:01:00Z,265.34,265.55,265.34,265.55,2266,265.505,21
AAPL,2026-02-18T09:02:00Z,265.53,265.55,265.53,265.55,1594,265.547,22
AAPL,2026-02-18T09:04:00Z,265.4,265.48,265.34,265.48,1283,265.369,21
AAPL,2026-02-18T09:06:00Z,265.3,265.31,265.26,265.26,1367,265.293,10
AAPL,2026-02-18T09:07:00Z,265.27,265.27,265.27,265.27,486,265.27,3
AAPL,2026-02-18T09:09:00Z,265.3,265.3,265.3,265.3,180,265.3,20
AAPL,2026-02-18T09:10:00Z,265.31,265.31,265.29,265.29,1033,265.3,12
AAPL,2026-02-18T09:11:00Z,265.48,265.48,265.48,265.48,625,265.48,20
AAPL,2026-02-18T09:12:00Z,265.6,265.7,265.55,265.7,1224,265.595,27
AAPL,2026-02-18T09:13:00Z,265.59,265.59,265.49,265.49,1543,265.533,25
AAPL,2026-02-18T09:15:00Z,265.65,265.65,265.65,265.65,374,265.65,11
AAPL,2026-02-18T09:16:00Z,265.51,265.53,265.51,265.53,446,265.52,16
AAPL,2026-02-18T09:18:00Z,265.51,265.51,265.51,265.51,288,265.51,7
AAPL,2026-02-18T09:20:00Z,265.51,265.51,265.5,265.5,835,265.504,18
AAPL,2026-02-18T09:21:00Z,265.47,265.5,265.47,265.5,501,265.484,9
AAPL,2026-02-18T09:22:00Z,265.52,265.6,265.5,265.6,1357,265.535,23
AAPL,2026-02-18T09:28:00Z,265.56,265.56,265.54,265.54,1078,265.55,6
AAPL,2026-02-18T09:29:00Z,265.61,265.64,265.61,265.64,316,265.625,6
AAPL,2026-02-18T09:32:00Z,265.64,265.64,265.62,265.62,467,265.629,11
AAPL,2026-02-18T09:33:00Z,265.64,265.64,265.64,265.64,248,265.64,8
AAPL,2026-02-18T09:45:00Z,265.54,265.54,265.54,265.54,1276,265.54,17
AAPL,2026-02-18T09:50:00Z,265.39,265.39,265.39,265.39,311,265.39,10
AAPL,2026-02-18T09:54:00Z,265.3,265.3,265.29,265.29,484,265.294,13
AAPL,2026-02-18T09:57:00Z,265.41,265.45,265.3,265.32,1679,265.378,27
AAPL,2026-02-18T09:58:00Z,265.3,265.3,265.28,265.28,310,265.29,5
AAPL,2026-02-18T09:59:00Z,265.23,265.23,265.05,265.05,1555,265.096,38
AAPL,2026-02-18T10:05:00Z,265.28,265.28,265.27,265.28,447,265.277,7
AAPL,2026-02-18T10:06:00Z,265.26,265.26,265.26,265.26,1004,265.26,16
AAPL,2026-02-18T10:12:00Z,265.18,265.18,265.18,265.18,150,265.18,1
AAPL,2026-02-18T10:20:00Z,265.13,265.13,265.13,265.13,166,265.13,3
AAPL,2026-02-18T10:38:00Z,265.19,265.19,265.19,265.19,1206,265.19,23
AAPL,2026-02-18T10:40:00Z,265.1,265.1,265.1,265.1,655,265.1,11
AAPL,2026-02-18T10:42:00Z,265.06,265.08,265.06,265.08,346,265.071,9
AAPL,2026-02-18T10:51:00Z,265.03,265.07,265.03,265.07,301,265.05,10
AAPL,2026-02-18T10:57:00Z,264.97,264.97,264.97,264.97,226,264.97,3
AAPL,2026-02-18T11:05:00Z,265.09,265.1,265.09,265.1,408,265.097,5
AAPL,2026-02-18T11:11:00Z,264.9,264.95,264.9,264.95,734,264.919,28
AAPL,2026-02-18T11:18:00Z,265.04,265.1,265.04,265.09,1529,265.078,40
AAPL,2026-02-18T11:21:00Z,265.1,265.1,265.1,265.1,546,265.1,17
AAPL,2026-02-18T11:22:00Z,265.19,265.2,265.19,265.2,1244,265.193,22
AAPL,2026-02-18T11:27:00Z,265.24,265.24,265.24,265.24,121,265.24,4
AAPL,2026-02-18T11:28:00Z,265.14,265.14,265.14,265.14,203,265.14,5
AAPL,2026-02-18T11:32:00Z,265.1,265.1,265,265,896,265.026,33
AAPL,2026-02-18T11:33:00Z,264.9,264.9,264.9,264.9,1267,264.9,43
AAPL,2026-02-18T11:36:00Z,264.84,264.84,264.84,264.84,388,264.84,19
AAPL,2026-02-18T11:37:00Z,264.81,264.81,264.81,264.81,577,264.81,16
AAPL,2026-02-18T11:40:00Z,264.89,264.89,264.89,264.89,496,264.89,14
AAPL,2026-02-18T11:41:00Z,264.89,264.89,264.87,264.89,423,264.884,9
AAPL,2026-02-18T11:45:00Z,264.83,264.83,264.83,264.83,142,264.83,4
AAPL,2026-02-18T11:46:00Z,264.98,265.13,264.98,265,1484,265.006,41
AAPL,2026-02-18T11:49:00Z,264.94,264.94,264.91,264.91,691,264.928,22
AAPL,2026-02-18T11:51:00Z,264.92,264.92,264.92,264.92,201,264.92,7
AAPL,2026-02-18T11:53:00Z,264.84,264.84,264.82,264.82,1264,264.822,21
AAPL,2026-02-18T11:59:00Z,264.78,264.8,264.78,264.8,617,264.786,24
AAPL,2026-02-18T12:00:00Z,264.93,264.93,264.88,264.88,1364,264.91,64
AAPL,2026-02-18T12:01:00Z,264.99,265.05,264.98,265.05,1843,265.001,76
AAPL,2026-02-18T12:02:00Z,265.08,265.08,265.08,265.08,1749,265.08,113
AAPL,2026-02-18T12:06:00Z,264.97,264.97,264.97,264.97,368,264.97,17
AAPL,2026-02-18T12:08:00Z,264.99,264.99,264.81,264.81,1063,264.909,52
AAPL,2026-02-18T12:10:00Z,264.8,264.8,264.79,264.79,2584,264.799,40
AAPL,2026-02-18T12:11:00Z,264.8,264.91,264.8,264.91,575,264.827,8
AAPL,2026-02-18T12:12:00Z,264.75,264.75,264.75,264.75,1124,264.75,7
AAPL,2026-02-18T12:13:00Z,264.77,264.77,264.77,264.77,139,264.77,3
AAPL,2026-02-18T12:14:00Z,264.77,264.78,264.77,264.78,623,264.775,24
AAPL,2026-02-18T12:17:00Z,264.84,264.84,264.78,264.78,820,264.817,25
AAPL,2026-02-18T12:20:00Z,264.75,264.75,264.7,264.7,1257,264.723,44
AAPL,2026-02-18T12:21:00Z,264.71,264.71,264.71,264.71,237,264.71,10
AAPL,2026-02-18T12:23:00Z,264.61,264.62,264.59,264.59,1071,264.608,45
AAPL,2026-02-18T12:25:00Z,264.56,264.56,264.5,264.5,2818,264.507,68
AAPL,2026-02-18T12:26:00Z,264.49,264.49,264.49,264.49,636,264.49,26
AAPL,2026-02-18T12:27:00Z,264.46,264.46,264.24,264.3,5032,264.313,108
AAPL,2026-02-18T12:28:00Z,264.3,264.3,264.3,264.3,1062,264.3,43
AAPL,2026-02-18T12:29:00Z,264.26,264.27,264.25,264.27,1694,264.262,49
AAPL,2026-02-18T12:30:00Z,264.1,264.11,264.1,264.11,672,264.105,45
AAPL,2026-02-18T12:31:00Z,264.1,264.19,264,264.19,3562,264.041,152
AAPL,2026-02-18T12:33:00Z,264.15,264.15,264.05,264.05,1520,264.078,36
AAPL,2026-02-18T12:34:00Z,264.05,264.05,263.81,263.81,4262,263.958,137
AAPL,2026-02-18T12:35:00Z,263.89,263.89,263.88,263.88,1155,263.882,18
AAPL,2026-02-18T12:38:00Z,264,264.01,264,264.01,542,264.005,12
AAPL,2026-02-18T12:39:00Z,264.17,264.19,264.17,264.19,233,264.18,5
AAPL,2026-02-18T12:40:00Z,264.2,264.22,264.2,264.22,749,264.203,15
AAPL,2026-02-18T12:51:00Z,264.15,264.15,264.14,264.15,522,264.148,9
AAPL,2026-02-18T12:52:00Z,264.14,264.14,264.12,264.12,676,264.131,18
AAPL,2026-02-18T12:54:00Z,264.05,264.05,264,264,1061,264.034,41
AAPL,2026-02-18T12:55:00Z,263.9,263.9,263.88,263.88,1238,263.89,58
AAPL,2026-02-18T12:56:00Z,263.94,263.94,263.94,263.94,833,263.94,25
AAPL,2026-02-18T12:57:00Z,264.15,264.15,264.15,264.15,381,264.15,14
AAPL,2026-02-18T12:58:00Z,264.15,264.15,264.15,264.15,273,264.15,11
AAPL,2026-02-18T12:59:00Z,264.15,264.15,264.15,264.15,507,264.15,26
AAPL,2026-02-18T13:00:00Z,265,265.92,263.6,265.15,36026,264.845,2004
AAPL,2026-02-18T13:01:00Z,265.09,265.55,264.08,264.12,16017,264.91,545
AAPL,2026-02-18T13:02:00Z,264.18,264.18,264.016,264.15,1539,264.101,126
AAPL,2026-02-18T13:04:00Z,264.1,264.1,264.1,264.1,520,264.1,26
AAPL,2026-02-18T13:06:00Z,264,264.07,264,264.07,830,264.058,27
AAPL,2026-02-18T13:07:00Z,264.07,264.3,264.07,264.3,303,264.208,13
AAPL,2026-02-18T13:08:00Z,264.19,264.19,264.16,264.18,819,264.179,12
AAPL,2026-02-18T13:11:00Z,264.17,264.17,264.05,264.05,913,264.13,39
AAPL,2026-02-18T13:14:00Z,264.14,264.3,264.13,264.3,4845,264.209,95
AAPL,2026-02-18T13:15:00Z,264.3,264.34,264.3,264.33,1151,264.328,31
AAPL,2026-02-18T13:16:00Z,264.415,264.415,264.26,264.26,1242,264.33,53
AAPL,2026-02-18T13:17:00Z,264.23,264.24,264.23,264.23,1086,264.234,39
AAPL,2026-02-18T13:18:00Z,264.392,264.392,264.31,264.31,374,264.351,16
AAPL,2026-02-18T13:20:00Z,264.04,264.04,264.04,264.04,1026,264.04,31
AAPL,2026-02-18T13:21:00Z,264.01,264.11,264,264.11,1480,264.07,48
AAPL,2026-02-18T13:23:00Z,264.1,264.38,264.1,264.38,2692,264.235,39
AAPL,2026-02-18T13:24:00Z,264.224,264.224,264.2,264.2,519,264.218,11
AAPL,2026-02-18T13:26:00Z,264.2,264.2,264.2,264.2,494,264.2,23
AAPL,2026-02-18T13:27:00Z,264.28,264.28,264.27,264.28,2794,264.279,61
AAPL,2026-02-18T13:28:00Z,264.25,264.25,264.2,264.2,1626,264.212,35
AAPL,2026-02-18T13:29:00Z,264.23,264.32,264.01,264.32,2129,264.139,50
AAPL,2026-02-18T13:30:00Z,264.34,264.47,264.34,264.47,866,264.386,35
AAPL,2026-02-18T13:31:00Z,264.49,264.49,264.48,264.49,927,264.489,16
AAPL,2026-02-18T13:34:00Z,264.28,264.3,264.28,264.3,924,264.29,38
AAPL,2026-02-18T13:35:00Z,264.27,264.5,264.27,264.35,5100,264.421,129
AAPL,2026-02-18T13:36:00Z,264.493,264.538,264.493,264.538,2317,264.511,81
AAPL,2026-02-18T13:37:00Z,264.55,264.55,264.55,264.55,1609,264.55,77
AAPL,2026-02-18T13:38:00Z,264.57,264.57,264.5,264.5,1253,264.51,64
AAPL,2026-02-18T13:39:00Z,264.5,264.55,264.5,264.5,3780,264.509,184
AAPL,2026-02-18T13:40:00Z,264.5,264.5,264.47,264.47,3042,264.498,139
AAPL,2026-02-18T13:41:00Z,264.5,264.53,264.5,264.53,3147,264.51,102
AAPL,2026-02-18T13:42:00Z,264.5,264.52,264.47,264.5,6226,264.499,255
AAPL,2026-02-18T13:43:00Z,264.5,264.57,264.5,264.57,3343,264.511,46
AAPL,2026-02-18T13:44:00Z,264.57,264.6,264.5,264.56,3437,264.574,65
AAPL,2026-02-18T13:45:00Z,264.5,264.5,264.5,264.5,1370,264.5,32
AAPL,2026-02-18T13:46:00Z,264.47,264.538,264.47,264.536,1775,264.504,39
AAPL,2026-02-18T13:47:00Z,264.55,264.55,264.04,264.1,3914,264.409,160
AAPL,2026-02-18T13:48:00Z,264.02,264.09,263.92,263.973,4521,264.043,162
AAPL,2026-02-18T13:49:00Z,264.11,264.13,264.1,264.13,1342,264.113,53
AAPL,2026-02-18T13:50:00Z,264,264,264,264,520,264,26
AAPL,2026-02-18T13:51:00Z,263.95,264,263.95,264,2596,263.961,44
AAPL,2026-02-18T13:52:00Z,263.92,263.92,263.62,263.73,5712,263.758,208
AAPL,2026-02-18T13:53:00Z,263.74,263.74,263.7,263.74,5009,263.718,84
AAPL,2026-02-18T13:54:00Z,263.75,263.84,263.71,263.71,2.34291e+06,263.74,72
AAPL,2026-02-18T13:55:00Z,263.593,263.593,263.38,263.44,3821,263.477,142
AAPL,2026-02-18T13:56:00Z,263.53,263.54,263.37,263.43,5013,263.462,107
AAPL,2026-02-18T13:57:00Z,263.4,263.4,263.26,263.3,4415,263.328,123
AAPL,2026-02-18T13:58:00Z,263.45,263.46,263.35,263.35,1463,263.39,42
AAPL,2026-02-18T13:59:00Z,263.43,263.43,263.43,263.43,404,263.43,23
AAPL,2026-02-18T14:00:00Z,263.45,263.46,263.36,263.36,3142,263.428,60
AAPL,2026-02-18T14:01:00Z,263.4,263.4,263.36,263.36,811,263.387,57
AAPL,2026-02-18T14:02:00Z,263.42,263.42,263.34,263.34,1049,263.374,36
AAPL,2026-02-18T14:03:00Z,263.49,263.59,263.49,263.59,728,263.525,34
AAPL,2026-02-18T14:04:00Z,263.56,263.56,263.505,263.505,495,263.541,16
AAPL,2026-02-18T14:05:00Z,263.52,263.52,263.52,263.52,1987,263.52,60
AAPL,2026-02-18T14:07:00Z,263.52,263.6,263.52,263.6,810,263.563,42
AAPL,2026-02-18T14:08:00Z,263.64,263.75,263.64,263.75,923,263.71,37
AAPL,2026-02-18T14:09:00Z,263.521,263.521,263.521,263.521,344,263.521,24
AAPL,2026-02-18T14:10:00Z,263.66,263.66,263.58,263.59,1481,263.602,43
AAPL,2026-02-18T14:11:00Z,263.639,263.639,263.6,263.6,733,263.626,34
AAPL,2026-02-18T14:13:00Z,263.54,263.54,263.5,263.5,1421,263.513,58
AAPL,2026-02-18T14:14:00Z,263.54,263.54,263.428,263.428,1839,263.48,76
AAPL,2026-02-18T14:15:00Z,263.47,263.5,263.4,263.4,2141,263.429,67
AAPL,2026-02-18T14:17:00Z,263.7,263.94,263.7,263.94,2796,263.853,101
AAPL,2026-02-18T14:18:00Z,263.95,263.95,263.83,263.94,2856,263.911,66
AAPL,2026-02-18T14:19:00Z,263.91,263.96,263.79,263.89,5000,263.897,98
AAPL,2026-02-18T14:20:00Z,264,264,263.934,264,2282,263.983,40
AAPL,2026-02-18T14:21:00Z,263.88,263.88,263.86,263.86,1319,263.863,42
AAPL,2026-02-18T14:22:00Z,263.8,263.8,263.78,263.78,995,263.792,29
AAPL,2026-02-18T14:24:00Z,263.72,263.75,263.542,263.67,1825,263.667,74
AAPL,2026-02-18T14:25:00Z,263.53,264.21,263.53,264.21,3368,263.904,167
AAPL,2026-02-18T14:26:00Z,264.11,264.46,264.08,264.448,3414,264.258,114
AAPL,2026-02-18T14:27:00Z,264.37,264.5,264.08,264.5,6767,264.435,192
AAPL,2026-02-18T14:28:00Z,264.39,264.39,263.59,263.72,9950,263.77,137
AAPL,2026-02-18T14:29:00Z,263.63,263.73,263.54,263.54,2951,263.629,59
AAPL,2026-02-18T14:30:00Z,263.53,264.92,263.06,264.57,1.02588e+06,263.815,19412
AAPL,2026-02-18T14:31:00Z,264.57,264.685,263.26,263.445,219784,264.039,3381
AAPL,2026-02-18T14:32:00Z,263.428,264.02,263.03,263.595,196360,263.586,3418
AAPL,2026-02-18T14:33:00Z,263.595,263.84,262.72,262.77,189270,263.133,3699
AAPL,2026-02-18T14:34:00Z,262.748,263.67,262.72,263.47,158697,263.345,3087
AAPL,2026-02-18T14:35:00Z,263.53,263.53,262.795,262.97,149870,263.12,2846
AAPL,2026-02-18T14:36:00Z,263.005,263.55,262.83,262.835,140357,263.159,2277
AAPL,2026-02-18T14:37:00Z,262.77,263.36,262.72,262.77,180252,263.033,2798
AAPL,2026-02-18T14:38:00Z,262.82,264.47,262.73,264.25,242664,263.724,3044
AAPL,2026-02-18T14:39:00Z,264.16,264.23,263.785,263.995,84956,264.023,1357
AAPL,2026-02-18T14:40:00Z,263.97,264.011,263.48,263.695,56149,263.723,1212
AAPL,2026-02-18T14:41:00Z,263.695,264.095,263.53,263.68,88965,263.793,1442
AAPL,2026-02-18T14:42:00Z,263.67,263.67,263.05,263.29,78171,263.261,2202
AAPL,2026-02-18T14:43:00Z,263.27,263.67,263.02,263.11,74995,263.376,2146
AAPL,2026-02-18T14:44:00Z,263.055,263.41,262.86,263.395,131078,263.185,3647
AAPL,2026-02-18T14:45:00Z,263.42,263.51,262.93,263.26,123728,263.236,2822
AAPL,2026-02-18T14:46:00Z,263.22,263.25,262.45,262.66,133292,262.708,2941
AAPL,2026-02-18T14:47:00Z,262.66,263.2,262.6,263.168,97717,262.842,2539
AAPL,2026-02-18T14:48:00Z,263.228,263.25,262.72,263.01,125591,262.984,3170
AAPL,2026-02-18T14:49:00Z,263.03,263.38,262.845,262.845,71739,263.124,2126
AAPL,2026-02-18T14:50:00Z,262.86,263.11,262.76,262.83,108576,262.892,2642
AAPL,2026-02-18T14:51:00Z,262.81,262.955,262.52,262.73,124078,262.726,2401
AAPL,2026-02-18T14:52:00Z,262.76,263.46,262.71,263.33,69871,263.09,1932
AAPL,2026-02-18T14:53:00Z,263.31,263.64,263.135,263.48,101108,263.372,2404
AAPL,2026-02-18T14:54:00Z,263.47,263.97,263.47,263.905,78830,263.826,1850
AAPL,2026-02-18T14:55:00Z,263.88,264.11,263.69,264.02,107728,263.919,2408
AAPL,2026-02-18T14:56:00Z,264.03,264.05,263.89,264,55984,263.984,1766
AAPL,2026-02-18T14:57:00Z,263.989,264.42,263.92,264.41,87403,264.227,2193
AAPL,2026-02-18T14:58:00Z,264.415,264.56,264.28,264.45,120998,264.43,2277
AAPL,2026-02-18T14:59:00Z,264.45,264.46,264.09,264.16,114631,264.271,2872
AAPL,2026-02-18T15:00:00Z,264.19,264.38,263.7,264.34,189030,264.092,3961
AAPL,2026-02-18T15:01:00Z,264.36,264.72,264.29,264.65,87333,264.549,2258
AAPL,2026-02-18T15:02:00Z,264.65,264.94,264.57,264.7,112954,264.736,2558
AAPL,2026-02-18T15:03:00Z,264.7,264.72,264.45,264.58,65434,264.587,2071
AAPL,2026-02-18T15:04:00Z,264.585,264.93,264.48,264.895,83025,264.76,2280
AAPL,2026-02-18T15:05:00Z,264.91,265,264.67,264.86,83172,264.851,2590
AAPL,2026-02-18T15:06:00Z,264.865,265.1,264.81,264.9,123635,264.984,2932
AAPL,2026-02-18T15:07:00Z,264.89,265.075,264.61,264.85,137846,264.84,3263
AAPL,2026-02-18T15:08:00Z,264.9,265.04,264.8,264.95,119152,264.91,2522
AAPL,2026-02-18T15:09:00Z,264.955,265.02,264.8,264.87,83712,264.92,2374
AAPL,2026-02-18T15:10:00Z,264.9,265,264.762,264.795,69706,264.873,2032
AAPL,2026-02-18T15:11:00Z,264.8,264.8,264.4,264.54,105548,264.557,2569
AAPL,2026-02-18T15:12:00Z,264.53,264.7,264.43,264.5,110027,264.557,2613
AAPL,2026-02-18T15:13:00Z,264.48,264.61,264.37,264.5,123580,264.473,2872
AAPL,2026-02-18T15:14:00Z,264.49,264.61,264.37,264.54,73360,264.458,2070
AAPL,2026-02-18T15:15:00Z,264.58,265.16,264.57,264.77,186645,264.877,4922
AAPL,2026-02-18T15:16:00Z,264.74,264.75,264.51,264.62,83844,264.607,2248
AAPL,2026-02-18T15:17:00Z,264.62,264.72,264.54,264.615,73919,264.623,2040
AAPL,2026-02-18T15:18:00Z,264.62,264.793,264.61,264.77,74190,264.694,2065
AAPL,2026-02-18T15:19:00Z,264.76,265.17,264.69,265.16,122536,264.89,2422
AAPL,2026-02-18T15:20:00Z,265.16,265.2,264.84,264.86,82569,265.069,2290
AAPL,2026-02-18T15:21:00Z,264.87,265.04,264.85,264.98,80404,264.98,2053
AAPL,2026-02-18T15:22:00Z,264.97,265.14,264.85,265.107,68773,265,2105
AAPL,2026-02-18T15:23:00Z,265.09,265.33,265.065,265.26,91115,265.166,2220
AAPL,2026-02-18T15:24:00Z,265.28,265.42,265.189,265.405,123794,265.312,2847
AAPL,2026-02-18T15:25:00Z,265.405,265.51,265.15,265.2,100631,265.336,2398
AAPL,2026-02-18T15:26:00Z,265.2,265.51,265.16,265.32,61512,265.365,1925
AAPL,2026-02-18T15:27:00Z,265.3,265.52,265.299,265.49,63399,265.415,1872
AAPL,2026-02-18T15:28:00Z,265.51,265.66,265.4,265.575,69115,265.509,1958
AAPL,2026-02-18T15:29:00Z,265.575,265.61,265.33,265.398,70630,265.448,1900
AAPL,2026-02-18T15:30:00Z,265.39,265.45,265.12,265.2,75498,265.263,2086
AAPL,2026-02-18T15:31:00Z,265.22,265.58,265.19,265.46,66455,265.385,1792
AAPL,2026-02-18T15:32:00Z,265.47,265.47,265.05,265.08,60345,265.259,1773
AAPL,2026-02-18T15:33:00Z,265.1,265.41,265.085,265.36,43190,265.25,1600
AAPL,2026-02-18T15:34:00Z,265.36,265.63,265.36,265.6,144256,265.514,2346
AAPL,2026-02-18T15:35:00Z,265.606,265.75,265.48,265.634,91299,265.633,2153
AAPL,2026-02-18T15:36:00Z,265.63,265.68,265.46,265.61,53868,265.547,1692
AAPL,2026-02-18T15:37:00Z,265.57,265.63,265.364,265.364,44957,265.512,2018
AAPL,2026-02-18T15:38:00Z,265.37,265.52,265.29,265.48,32638,265.402,1524
AAPL,2026-02-18T15:39:00Z,265.526,265.68,265.4,265.582,50182,265.549,1729
AAPL,2026-02-18T15:40:00Z,265.54,265.69,265.52,265.624,46943,265.611,1630
AAPL,2026-02-18T15:41:00Z,265.605,265.75,265.4,265.4,61510,265.593,1891
AAPL,2026-02-18T15:42:00Z,265.433,265.519,265.13,265.13,42131,265.389,1577
AAPL,2026-02-18T15:43:00Z,265.125,265.37,265.09,265.36,82498,265.214,2007
AAPL,2026-02-18T15:44:00Z,265.38,265.68,265.33,265.68,69809,265.462,1771
AAPL,2026-02-18T15:45:00Z,265.7,265.7,265.5,265.52,54329,265.582,1751
AAPL,2026-02-18T15:46:00Z,265.55,265.59,265.39,265.557,34058,265.503,1441
AAPL,2026-02-18T15:47:00Z,265.53,265.58,265.485,265.515,35867,265.522,1498
AAPL,2026-02-18T15:48:00Z,265.555,265.72,265.555,265.695,66043,265.649,1774
AAPL,2026-02-18T15:49:00Z,265.695,265.74,265.47,265.565,86815,265.602,2109
AAPL,2026-02-18T15:50:00Z,265.58,265.77,265.51,265.66,43645,265.646,1625
AAPL,2026-02-18T15:51:00Z,265.655,265.7,265.53,265.7,55689,265.621,1699
AAPL,2026-02-18T15:52:00Z,265.705,265.8,265.65,265.68,53267,265.705,1649
AAPL,2026-02-18T15:53:00Z,265.69,265.95,265.69,265.79,73780,265.86,1895
AAPL,2026-02-18T15:54:00Z,265.805,265.85,265.62,265.78,70392,265.763,1976
AAPL,2026-02-18T15:55:00Z,265.795,265.8,265.66,265.671,49906,265.727,1662
AAPL,2026-02-18T15:56:00Z,265.66,265.8,265.58,265.65,62687,265.664,1818
AAPL,2026-02-18T15:57:00Z,265.65,265.65,265.47,265.561,44012,265.535,1767
AAPL,2026-02-18T15:58:00Z,265.55,265.56,265.36,265.385,53703,265.451,1660
AAPL,2026-02-18T15:59:00Z,265.38,265.38,265.04,265.16,80180,265.186,1950
AAPL,2026-02-18T16:00:00Z,265.155,265.46,265.13,265.425,94258,265.281,2383
AAPL,2026-02-18T16:01:00Z,265.44,265.487,265.315,265.34,68418,265.388,1977
AAPL,2026-02-18T16:02:00Z,265.37,265.48,265.36,265.48,39896,265.426,1700
AAPL,2026-02-18T16:03:00Z,265.48,265.63,265.39,265.39,74217,265.52,2123
AAPL,2026-02-18T16:04:00Z,265.414,265.458,265.31,265.33,29712,265.372,1573
AAPL,2026-02-18T16:05:00Z,265.33,265.65,265.33,265.59,63325,265.53,1908
AAPL,2026-02-18T16:06:00Z,265.595,265.595,265.475,265.5,31261,265.524,1494
AAPL,2026-02-18T16:07:00Z,265.49,265.505,265.375,265.425,42151,265.436,1729
AAPL,2026-02-18T16:08:00Z,265.42,265.52,265.38,265.395,38935,265.445,1805
AAPL,2026-02-18T16:09:00Z,265.41,265.41,265.1,265.12,45260,265.26,1731
AAPL,2026-02-18T16:10:00Z,265.125,265.24,265.11,265.165,48684,265.171,1706
AAPL,2026-02-18T16:11:00Z,265.165,265.46,265.152,265.445,52475,265.293,1846
AAPL,2026-02-18T16:12:00Z,265.43,265.57,265.33,265.375,44713,265.465,1904
AAPL,2026-02-18T16:13:00Z,265.36,265.4,265.26,265.305,45547,265.341,1799
AAPL,2026-02-18T16:14:00Z,265.32,265.38,265.18,265.195,38982,265.291,1534
AAPL,2026-02-18T16:15:00Z,265.2,265.31,265.165,265.17,41749,265.22,1581
AAPL,2026-02-18T16:16:00Z,265.18,265.43,265.18,265.335,50612,265.343,1778
AAPL,2026-02-18T16:17:00Z,265.35,265.59,265.35,265.49,55693,265.5,1737
AAPL,2026-02-18T16:18:00Z,265.472,265.53,265.36,265.36,39482,265.423,1666
AAPL,2026-02-18T16:19:00Z,265.37,265.415,265.32,265.41,22401,265.377,1473
AAPL,2026-02-18T16:20:00Z,265.4,265.57,265.375,265.57,39691,265.487,1631
AAPL,2026-02-18T16:21:00Z,265.546,265.58,265.42,265.44,31913,265.489,1522
AAPL,2026-02-18T16:22:00Z,265.44,265.62,265.41,265.6,53030,265.496,1836
AAPL,2026-02-18T16:23:00Z,265.6,265.735,265.57,265.68,44870,265.668,1536
AAPL,2026-02-18T16:24:00Z,265.67,265.76,265.64,265.754,50316,265.698,1685
AAPL,2026-02-18T16:25:00Z,265.755,265.755,265.63,265.69,44900,265.68,1575
AAPL,2026-02-18T16:26:00Z,265.675,265.783,265.64,265.75,53049,265.701,1717
AAPL,2026-02-18T16:27:00Z,265.73,265.99,265.73,265.79,65292,265.871,1930
AAPL,2026-02-18T16:28:00Z,265.83,266.06,265.82,266.06,153364,265.994,2699
AAPL,2026-02-18T16:29:00Z,266.06,266.09,265.94,266.04,60286,266.018,1884
AAPL,2026-02-18T16:30:00Z,266.025,266.15,265.98,266.133,57713,266.086,1789
AAPL,2026-02-18T16:31:00Z,266.121,266.46,266.12,266.46,86187,266.297,2344
AAPL,2026-02-18T16:32:00Z,266.47,266.82,266.47,266.64,142567,266.659,3004
AAPL,2026-02-18T16:33:00Z,266.64,266.68,266.5,266.545,66563,266.574,1900
AAPL,2026-02-18T16:34:00Z,266.54,266.59,266.35,266.375,59490,266.505,1787
AAPL,2026-02-18T16:35:00Z,266.38,266.46,266.36,266.405,36336,266.407,1613
AAPL,2026-02-18T16:36:00Z,266.39,266.5,266.34,266.41,61582,266.423,1830
AAPL,2026-02-18T16:37:00Z,266.42,266.54,266.39,266.4,44124,266.454,1569
AAPL,2026-02-18T16:38:00Z,266.395,266.395,266.22,266.22,43989,266.319,1509
AAPL,2026-02-18T16:39:00Z,266.25,266.29,266.12,266.17,43977,266.187,1795
AAPL,2026-02-18T16:40:00Z,266.17,266.24,266.06,266.07,33644,266.174,1478
AAPL,2026-02-18T16:41:00Z,266.06,266.14,266.02,266.025,30416,266.084,1440
AAPL,2026-02-18T16:42:00Z,266.02,266.1,265.965,266.1,39830,266.019,1667
AAPL,2026-02-18T16:43:00Z,266.107,266.12,265.94,265.97,54023,266.029,1588
AAPL,2026-02-18T16:44:00Z,265.97,266.09,265.93,266,30125,266.009,1443
AAPL,2026-02-18T16:45:00Z,266,266.03,265.82,265.84,91128,265.95,1940
AAPL,2026-02-18T16:46:00Z,265.848,265.92,265.83,265.85,38523,265.88,1496
AAPL,2026-02-18T16:47:00Z,265.864,265.864,265.73,265.77,48825,265.784,1610
AAPL,2026-02-18T16:48:00Z,265.775,265.886,265.73,265.75,35524,265.787,1528
AAPL,2026-02-18T16:49:00Z,265.72,265.77,265.62,265.64,42746,265.689,1586
AAPL,2026-02-18T16:50:00Z,265.65,265.74,265.58,265.7,37332,265.667,1589
AAPL,2026-02-18T16:51:00Z,265.675,265.91,265.675,265.74,47684,265.797,1689
AAPL,2026-02-18T16:52:00Z,265.74,265.79,265.51,265.54,34426,265.604,1510
AAPL,2026-02-18T16:53:00Z,265.52,265.56,265.36,265.36,47086,265.495,1764
AAPL,2026-02-18T16:54:00Z,265.36,265.42,265.26,265.33,73776,265.333,1953
AAPL,2026-02-18T16:55:00Z,265.325,265.337,265.2,265.24,38601,265.256,1565
AAPL,2026-02-18T16:56:00Z,265.245,265.276,265.17,265.22,26867,265.217,1395
AAPL,2026-02-18T16:57:00Z,265.22,265.33,265.2,265.24,36345,265.247,1578
AAPL,2026-02-18T16:58:00Z,265.22,265.335,265.16,265.335,29075,265.228,1474
AAPL,2026-02-18T16:59:00Z,265.36,265.38,265.16,265.16,24169,265.232,1434
AAPL,2026-02-18T17:00:00Z,265.2,265.305,265.19,265.24,30427,265.253,1235
AAPL,2026-02-18T17:01:00Z,265.24,265.39,265.23,265.378,29393,265.305,690
AAPL,2026-02-18T17:02:00Z,265.37,265.39,265.282,265.31,27088,265.344,693
AAPL,2026-02-18T17:03:00Z,265.339,265.45,265.32,265.395,41034,265.391,752
AAPL,2026-02-18T17:04:00Z,265.395,265.66,265.38,265.62,38553,265.526,724
AAPL,2026-02-18T17:05:00Z,265.62,265.73,265.6,265.665,44914,265.672,835
AAPL,2026-02-18T17:06:00Z,265.665,266,265.62,265.9,50921,265.825,976
AAPL,2026-02-18T17:07:00Z,265.915,265.98,265.79,265.81,74412,265.923,985
AAPL,2026-02-18T17:08:00Z,265.8,265.89,265.72,265.75,36244,265.822,780
AAPL,2026-02-18T17:09:00Z,265.745,265.783,265.67,265.775,33904,265.727,729
AAPL,2026-02-18T17:10:00Z,265.77,265.77,265.605,265.63,23049,265.684,634
AAPL,2026-02-18T17:11:00Z,265.62,265.74,265.55,265.64,32481,265.632,688
AAPL,2026-02-18T17:12:00Z,265.61,265.64,265.38,265.38,32518,265.519,831
AAPL,2026-02-18T17:13:00Z,265.402,265.48,265.35,265.465,37929,265.414,865
AAPL,2026-02-18T17:14:00Z,265.473,265.52,265.413,265.42,24651,265.486,681
AAPL,2026-02-18T17:15:00Z,265.41,265.5,265.39,265.4,31088,265.464,715
AAPL,2026-02-18T17:16:00Z,265.385,265.44,265.365,265.42,21971,265.401,692
AAPL,2026-02-18T17:17:00Z,265.41,265.598,265.409,265.48,51067,265.476,836
AAPL,2026-02-18T17:18:00Z,265.516,265.54,265.33,265.41,36676,265.438,912
AAPL,2026-02-18T17:19:00Z,265.43,265.671,265.43,265.608,35411,265.608,761
AAPL,2026-02-18T17:20:00Z,265.595,265.67,265.555,265.595,33610,265.621,684
AAPL,2026-02-18T17:21:00Z,265.59,265.595,265.5,265.52,20759,265.552,595
AAPL,2026-02-18T17:22:00Z,265.53,265.62,265.52,265.56,22623,265.553,655
AAPL,2026-02-18T17:23:00Z,265.54,265.56,265.46,265.51,14030,265.51,476
AAPL,2026-02-18T17:24:00Z,265.49,265.54,265.43,265.45,30864,265.494,683
AAPL,2026-02-18T17:25:00Z,265.44,265.535,265.345,265.535,33432,265.432,754
AAPL,2026-02-18T17:26:00Z,265.55,265.55,265.41,265.42,14258,265.488,471
AAPL,2026-02-18T17:27:00Z,265.44,265.48,265.4,265.4,17338,265.446,571
AAPL,2026-02-18T17:28:00Z,265.43,265.5,265.37,265.38,36416,265.44,741
AAPL,2026-02-18T17:29:00Z,265.38,265.47,265.37,265.42,22228,265.402,581
AAPL,2026-02-18T17:30:00Z,265.41,265.48,265.39,265.44,19711,265.44,662
AAPL,2026-02-18T17:31:00Z,265.44,265.55,265.44,265.5,19592,265.51,562
AAPL,2026-02-18T17:32:00Z,265.52,265.53,265.45,265.465,16116,265.497,575
AAPL,2026-02-18T17:33:00Z,265.465,265.465,265.347,265.43,26981,265.392,669
AAPL,2026-02-18T17:34:00Z,265.42,265.43,265.15,265.175,46397,265.282,1028
AAPL,2026-02-18T17:35:00Z,265.15,265.335,265.15,265.28,51657,265.25,1079
AAPL,2026-02-18T17:36:00Z,265.29,265.45,265.27,265.41,36880,265.355,729
AAPL,2026-02-18T17:37:00Z,265.385,265.43,265.27,265.29,25955,265.339,706
AAPL,2026-02-18T17:38:00Z,265.29,265.33,265.255,265.28,27114,265.28,597
AAPL,2026-02-18T17:39:00Z,265.27,265.29,265.22,265.235,16721,265.255,555
AAPL,2026-02-18T17:40:00Z,265.23,265.235,265.015,265.03,38329,265.123,751
AAPL,2026-02-18T17:41:00Z,265.03,265.115,265.015,265.07,36736,265.056,656
AAPL,2026-02-18T17:42:00Z,265.065,265.109,264.995,265.08,56786,265.043,1221
AAPL,2026-02-18T17:43:00Z,265.1,265.2,265.07,265.195,37056,265.146,723
AAPL,2026-02-18T17:44:00Z,265.19,265.19,265.08,265.094,26204,265.121,631
AAPL,2026-02-18T17:45:00Z,265.11,265.18,265.08,265.08,44532,265.146,896
AAPL,2026-02-18T17:46:00Z,265.07,265.22,265.06,265.18,21793,265.128,619
AAPL,2026-02-18T17:47:00Z,265.17,265.25,265.12,265.225,22154,265.203,594
AAPL,2026-02-18T17:48:00Z,265.22,265.27,265.205,265.24,43492,265.24,744
AAPL,2026-02-18T17:49:00Z,265.25,265.3,265.24,265.27,20879,265.259,487
AAPL,2026-02-18T17:50:00Z,265.27,265.43,265.27,265.35,33774,265.375,759
AAPL,2026-02-18T17:51:00Z,265.33,265.35,265.27,265.32,17286,265.301,526
AAPL,2026-02-18T17:52:00Z,265.315,265.4,265.315,265.38,21991,265.351,585
AAPL,2026-02-18T17:53:00Z,265.367,265.58,265.367,265.555,34214,265.523,683
AAPL,2026-02-18T17:54:00Z,265.565,265.615,265.46,265.51,41212,265.544,791
AAPL,2026-02-18T17:55:00Z,265.5,265.53,265.42,265.44,16674,265.497,541
AAPL,2026-02-18T17:56:00Z,265.43,265.635,265.43,265.61,32279,265.558,673
AAPL,2026-02-18T17:57:00Z,265.62,265.64,265.485,265.485,21549,265.592,565
AAPL,2026-02-18T17:58:00Z,265.49,265.51,265.395,265.43,19603,265.45,580
AAPL,2026-02-18T17:59:00Z,265.397,265.397,265.205,265.265,27901,265.304,736
AAPL,2026-02-18T18:00:00Z,265.25,265.46,265.18,265.43,25786,265.317,650
AAPL,2026-02-18T18:01:00Z,265.45,265.53,265.43,265.481,23983,265.479,582
AAPL,2026-02-18T18:02:00Z,265.49,265.64,265.45,265.64,27046,265.578,631
AAPL,2026-02-18T18:03:00Z,265.635,265.78,265.63,265.7,43204,265.699,731
AAPL,2026-02-18T18:04:00Z,265.725,265.755,265.61,265.615,29117,265.691,771
AAPL,2026-02-18T18:05:00Z,265.6,265.72,265.54,265.695,34006,265.609,876
AAPL,2026-02-18T18:06:00Z,265.7,265.73,265.48,265.59,74669,265.536,1234
AAPL,2026-02-18T18:07:00Z,265.59,265.61,265.48,265.55,48570,265.555,670
AAPL,2026-02-18T18:08:00Z,265.56,265.68,265.56,265.65,17962,265.626,460
AAPL,2026-02-18T18:09:00Z,265.635,265.65,265.57,265.61,26643,265.595,502
AAPL,2026-02-18T18:10:00Z,265.61,265.72,265.57,265.69,32341,265.63,546
AAPL,2026-02-18T18:11:00Z,265.69,265.72,265.61,265.65,19815,265.659,471
AAPL,2026-02-18T18:12:00Z,265.68,265.69,265.639,265.66,18808,265.663,483
AAPL,2026-02-18T18:13:00Z,265.66,265.71,265.635,265.705,18574,265.664,483
AAPL,2026-02-18T18:14:00Z,265.71,265.75,265.705,265.715,19857,265.727,453
AAPL,2026-02-18T18:15:00Z,265.73,265.91,265.71,265.889,40119,265.817,773
AAPL,2026-02-18T18:16:00Z,265.905,265.92,265.83,265.845,23864,265.862,530
AAPL,2026-02-18T18:17:00Z,265.86,265.917,265.82,265.875,18089,265.875,558
AAPL,2026-02-18T18:18:00Z,265.87,265.945,265.81,265.945,25460,265.897,587
AAPL,2026-02-18T18:19:00Z,265.96,265.96,265.83,265.83,17536,265.908,521
AAPL,2026-02-18T18:20:00Z,265.82,265.86,265.75,265.835,31752,265.811,778
AAPL,2026-02-18T18:21:00Z,265.84,265.85,265.77,265.79,29303,265.797,641
AAPL,2026-02-18T18:22:00Z,265.795,265.8,265.67,265.785,19626,265.73,532
AAPL,2026-02-18T18:23:00Z,265.79,265.83,265.7,265.71,20445,265.766,517
AAPL,2026-02-18T18:24:00Z,265.72,265.755,265.66,265.74,21927,265.71,572
AAPL,2026-02-18T18:25:00Z,265.755,265.869,265.71,265.84,25189,265.788,544
AAPL,2026-02-18T18:26:00Z,265.84,265.86,265.67,265.69,40975,265.756,756
AAPL,2026-02-18T18:27:00Z,265.68,265.72,265.56,265.56,37094,265.624,898
AAPL,2026-02-18T18:28:00Z,265.56,265.57,265.35,265.36,31183,265.449,827
AAPL,2026-02-18T18:29:00Z,265.36,265.4,265.31,265.4,36502,265.344,774
AAPL,2026-02-18T18:30:00Z,265.38,265.455,265.325,265.34,28741,265.38,777
AAPL,2026-02-18T18:31:00Z,265.345,265.395,265.28,265.33,28196,265.339,745
AAPL,2026-02-18T18:32:00Z,265.315,265.389,265.26,265.364,27558,265.331,754
AAPL,2026-02-18T18:33:00Z,265.365,265.42,265.33,265.395,17884,265.375,480
AAPL,2026-02-18T18:34:00Z,265.42,265.49,265.36,265.44,54040,265.433,830
AAPL,2026-02-18T18:35:00Z,265.449,265.5,265.318,265.38,40015,265.404,805
AAPL,2026-02-18T18:36:00Z,265.39,265.55,265.385,265.52,28548,265.481,608
AAPL,2026-02-18T18:37:00Z,265.545,265.579,265.41,265.475,24217,265.505,588
AAPL,2026-02-18T18:38:00Z,265.465,265.5,265.411,265.461,17929,265.455,510
AAPL,2026-02-18T18:39:00Z,265.465,265.558,265.43,265.505,34036,265.503,611
AAPL,2026-02-18T18:40:00Z,265.52,265.52,265.29,265.32,57244,265.391,690
AAPL,2026-02-18T18:41:00Z,265.31,265.31,265.11,265.13,30281,265.185,665
AAPL,2026-02-18T18:42:00Z,265.12,265.16,264.9,264.965,68648,265.066,1463
AAPL,2026-02-18T18:43:00Z,264.95,265.02,264.83,264.95,28968,264.913,676
AAPL,2026-02-18T18:44:00Z,264.94,265.17,264.89,265.12,40938,265.054,671
AAPL,2026-02-18T18:45:00Z,265.13,265.2,265.055,265.18,27037,265.136,645
AAPL,2026-02-18T18:46:00Z,265.17,265.185,265.085,265.12,35335,265.135,626
AAPL,2026-02-18T18:47:00Z,265.12,265.12,264.99,265.025,19274,265.05,417
AAPL,2026-02-18T18:48:00Z,265.03,265.17,265.01,265.14,21911,265.088,445
AAPL,2026-02-18T18:49:00Z,265.135,265.14,265.03,265.126,13906,265.08,391
AAPL,2026-02-18T18:50:00Z,265.12,265.165,265.06,265.098,23399,265.095,490
AAPL,2026-02-18T18:51:00Z,265.095,265.095,264.985,265.055,38637,265.033,720
AAPL,2026-02-18T18:52:00Z,265.03,265.055,264.82,264.838,30888,264.93,733
AAPL,2026-02-18T18:53:00Z,264.845,264.865,264.74,264.85,43502,264.782,851
AAPL,2026-02-18T18:54:00Z,264.89,265.1,264.86,265.04,33977,265.003,837
AAPL,2026-02-18T18:55:00Z,265.035,265.16,265.008,265.075,27643,265.111,521
AAPL,2026-02-18T18:56:00Z,265.07,265.1,264.995,265.07,23770,265.06,565
AAPL,2026-02-18T18:57:00Z,265.04,265.07,264.97,264.97,13769,265.026,457
AAPL,2026-02-18T18:58:00Z,264.99,265.08,264.985,265.02,18787,265.016,444
AAPL,2026-02-18T18:59:00Z,265.03,265.14,264.99,265.09,37124,265.062,670
AAPL,2026-02-18T19:00:00Z,265.082,265.1,264.91,265.07,29627,265.012,809
AAPL,2026-02-18T19:01:00Z,265.07,265.07,264.94,265.04,25334,265.003,641
AAPL,2026-02-18T19:02:00Z,265.035,265.08,264.9,264.9,26053,265.006,621
AAPL,2026-02-18T19:03:00Z,264.94,264.986,264.85,264.97,19650,264.926,443
AAPL,2026-02-18T19:04:00Z,264.978,264.99,264.89,264.964,21664,264.943,556
AAPL,2026-02-18T19:05:00Z,264.97,265.025,264.93,264.93,30881,264.984,520
AAPL,2026-02-18T19:06:00Z,264.95,264.98,264.89,264.89,44512,264.935,487
AAPL,2026-02-18T19:07:00Z,264.89,264.93,264.84,264.89,28429,264.878,544
AAPL,2026-02-18T19:08:00Z,264.91,265.09,264.91,264.93,38796,264.948,605
AAPL,2026-02-18T19:09:00Z,264.92,264.95,264.84,264.865,26150,264.898,581
AAPL,2026-02-18T19:10:00Z,264.854,264.94,264.83,264.83,20397,264.89,530
AAPL,2026-02-18T19:11:00Z,264.845,264.87,264.72,264.81,22010,264.79,559
AAPL,2026-02-18T19:12:00Z,264.8,264.8,264.66,264.66,30545,264.719,620
AAPL,2026-02-18T19:13:00Z,264.675,264.71,264.63,264.67,32743,264.668,720
AAPL,2026-02-18T19:14:00Z,264.65,264.69,264.63,264.65,18372,264.654,502
AAPL,2026-02-18T19:15:00Z,264.645,264.7,264.58,264.64,36504,264.652,632
AAPL,2026-02-18T19:16:00Z,264.64,264.7,264.62,264.635,25106,264.653,507
AAPL,2026-02-18T19:17:00Z,264.65,264.67,264.57,264.57,25078,264.626,533
AAPL,2026-02-18T19:18:00Z,264.57,264.65,264.523,264.63,41931,264.582,675
AAPL,2026-02-18T19:19:00Z,264.635,264.635,264.56,264.58,20055,264.589,532
AAPL,2026-02-18T19:20:00Z,264.6,264.799,264.58,264.65,29688,264.693,569
AAPL,2026-02-18T19:21:00Z,264.64,264.71,264.62,264.71,19073,264.663,487
AAPL,2026-02-18T19:22:00Z,264.73,264.88,264.73,264.79,33839,264.826,716
AAPL,2026-02-18T19:23:00Z,264.77,264.84,264.77,264.82,18711,264.806,430
AAPL,2026-02-18T19:24:00Z,264.83,264.88,264.795,264.82,23141,264.84,496
AAPL,2026-02-18T19:25:00Z,264.83,264.9,264.7,264.7,23399,264.798,558
AAPL,2026-02-18T19:26:00Z,264.69,264.76,264.65,264.69,26592,264.693,609
AAPL,2026-02-18T19:27:00Z,264.69,264.74,264.61,264.63,36693,264.667,776
AAPL,2026-02-18T19:28:00Z,264.645,264.66,264.59,264.615,20855,264.621,542
AAPL,2026-02-18T19:29:00Z,264.619,264.66,264.565,264.57,21044,264.606,655
AAPL,2026-02-18T19:30:00Z,264.595,264.63,264.42,264.44,48700,264.51,1116
AAPL,2026-02-18T19:31:00Z,264.45,264.45,264.23,264.3,85257,264.354,1536
AAPL,2026-02-18T19:32:00Z,264.32,264.45,264.3,264.37,30968,264.363,632
AAPL,2026-02-18T19:33:00Z,264.36,264.42,264.325,264.335,19973,264.371,503
AAPL,2026-02-18T19:34:00Z,264.32,264.33,264.211,264.262,30185,264.283,648
AAPL,2026-02-18T19:35:00Z,264.25,264.31,264.15,264.17,23128,264.226,538
AAPL,2026-02-18T19:36:00Z,264.15,264.15,263.82,263.91,72221,263.929,1373
AAPL,2026-02-18T19:37:00Z,263.91,264.005,263.88,263.9,19740,263.929,554
AAPL,2026-02-18T19:38:00Z,263.92,263.92,263.76,263.855,29370,263.845,679
AAPL,2026-02-18T19:39:00Z,263.844,263.92,263.765,263.904,29930,263.823,688
AAPL,2026-02-18T19:40:00Z,263.895,264.06,263.895,263.993,29614,263.955,698
AAPL,2026-02-18T19:41:00Z,264,264.21,263.99,264.165,43099,264.142,864
AAPL,2026-02-18T19:42:00Z,264.16,264.2,264.05,264.06,24659,264.133,576
AAPL,2026-02-18T19:43:00Z,264.06,264.115,263.95,264,24551,264.024,565
AAPL,2026-02-18T19:44:00Z,263.97,264.055,263.95,264.019,20889,264.001,548
AAPL,2026-02-18T19:45:00Z,264.01,264.09,263.945,264.07,34309,264.032,680
AAPL,2026-02-18T19:46:00Z,264.08,264.215,264.074,264.16,30746,264.155,681
AAPL,2026-02-18T19:47:00Z,264.15,264.35,264.15,264.315,30210,264.254,671
AAPL,2026-02-18T19:48:00Z,264.31,264.35,264.23,264.26,27920,264.293,694
AAPL,2026-02-18T19:49:00Z,264.26,264.27,264.19,264.19,32889,264.229,757
AAPL,2026-02-18T19:50:00Z,264.18,264.27,264.14,264.14,43623,264.18,746
AAPL,2026-02-18T19:51:00Z,264.165,264.24,264.16,264.23,18092,264.192,521
AAPL,2026-02-18T19:52:00Z,264.225,264.225,264.04,264.07,27550,264.161,573
AAPL,2026-02-18T19:53:00Z,264.06,264.08,263.91,263.91,43004,263.991,813
AAPL,2026-02-18T19:54:00Z,263.9,263.94,263.845,263.87,30632,263.877,654
AAPL,2026-02-18T19:55:00Z,263.86,263.92,263.8,263.815,43944,263.865,958
AAPL,2026-02-18T19:56:00Z,263.82,263.885,263.82,263.865,19075,263.86,534
AAPL,2026-02-18T19:57:00Z,263.85,263.85,263.57,263.62,59224,263.705,979
AAPL,2026-02-18T19:58:00Z,263.62,263.77,263.61,263.74,34460,263.686,757
AAPL,2026-02-18T19:59:00Z,263.755,263.8,263.7,263.743,34103,263.738,682
AAPL,2026-02-18T20:00:00Z,263.8,264,263.74,263.83,73861,263.828,1145
AAPL,2026-02-18T20:01:00Z,263.86,263.88,263.74,263.815,48215,263.804,969
AAPL,2026-02-18T20:02:00Z,263.8,263.97,263.8,263.86,45465,263.896,785
AAPL,2026-02-18T20:03:00Z,263.855,263.86,263.74,263.77,43450,263.772,740
AAPL,2026-02-18T20:04:00Z,263.79,263.8,263.637,263.637,27324,263.712,656
AAPL,2026-02-18T20:05:00Z,263.64,263.68,263.575,263.64,36799,263.622,773
AAPL,2026-02-18T20:06:00Z,263.641,263.67,263.5,263.55,38340,263.582,806
AAPL,2026-02-18T20:07:00Z,263.54,263.75,263.54,263.73,38648,263.651,710
AAPL,2026-02-18T20:08:00Z,263.715,263.73,263.61,263.655,35179,263.672,622
AAPL,2026-02-18T20:09:00Z,263.65,263.65,263.45,263.47,33857,263.503,570
AAPL,2026-02-18T20:10:00Z,263.47,263.51,263.385,263.465,37351,263.436,683
AAPL,2026-02-18T20:11:00Z,263.46,263.46,263.3,263.365,41965,263.373,819
AAPL,2026-02-18T20:12:00Z,263.38,263.415,263.329,263.39,41789,263.382,603
AAPL,2026-02-18T20:13:00Z,263.38,263.39,263.2,263.31,82951,263.258,1217
AAPL,2026-02-18T20:14:00Z,263.34,263.63,263.34,263.61,75467,263.503,1035
AAPL,2026-02-18T20:15:00Z,263.63,263.635,263.44,263.44,36837,263.542,763
AAPL,2026-02-18T20:16:00Z,263.43,263.48,263.39,263.455,52150,263.447,787
AAPL,2026-02-18T20:17:00Z,263.46,263.52,263.4,263.44,39820,263.456,828
AAPL,2026-02-18T20:18:00Z,263.448,263.63,263.448,263.63,22976,263.537,551
AAPL,2026-02-18T20:19:00Z,263.64,263.66,263.4,263.46,65767,263.53,1373
AAPL,2026-02-18T20:20:00Z,263.47,263.555,263.43,263.5,31003,263.493,602
AAPL,2026-02-18T20:21:00Z,263.51,263.59,263.46,263.57,35189,263.53,603
AAPL,2026-02-18T20:22:00Z,263.599,263.705,263.52,263.705,44751,263.602,665
AAPL,2026-02-18T20:23:00Z,263.729,263.84,263.7,263.76,31258,263.764,591
AAPL,2026-02-18T20:24:00Z,263.76,263.78,263.7,263.73,24598,263.727,550
AAPL,2026-02-18T20:25:00Z,263.72,263.81,263.66,263.685,32755,263.749,715
AAPL,2026-02-18T20:26:00Z,263.693,263.73,263.61,263.7,27784,263.681,545
AAPL,2026-02-18T20:27:00Z,263.7,263.705,263.63,263.64,21771,263.664,549
AAPL,2026-02-18T20:28:00Z,263.63,263.749,263.63,263.71,35353,263.711,620
AAPL,2026-02-18T20:29:00Z,263.72,263.85,263.72,263.74,44834,263.798,908
AAPL,2026-02-18T20:30:00Z,263.74,263.98,263.73,263.98,41768,263.864,1039
AAPL,2026-02-18T20:31:00Z,263.97,264.04,263.91,264.01,45321,263.981,914
AAPL,2026-02-18T20:32:00Z,263.98,264.08,263.98,264.07,47148,264.035,987
AAPL,2026-02-18T20:33:00Z,264.05,264.1,263.989,264.02,35050,264.03,806
AAPL,2026-02-18T20:34:00Z,264,264.08,263.99,264.04,29855,264.028,735
AAPL,2026-02-18T20:35:00Z,264.03,264.15,263.92,263.92,51225,264.057,891
AAPL,2026-02-18T20:36:00Z,263.93,263.96,263.86,263.946,54319,263.895,892
AAPL,2026-02-18T20:37:00Z,263.944,264.03,263.905,264.01,24034,263.969,602
AAPL,2026-02-18T20:38:00Z,264.01,264.1,264.01,264.095,22919,264.068,595
AAPL,2026-02-18T20:39:00Z,264.1,264.15,264.045,264.098,35171,264.088,754
AAPL,2026-02-18T20:40:00Z,264.105,264.12,264,264.04,44271,264.054,882
AAPL,2026-02-18T20:41:00Z,264.035,264.1,263.99,264.09,36787,264.043,706
AAPL,2026-02-18T20:42:00Z,264.095,264.15,264.05,264.1,61872,264.098,853
AAPL,2026-02-18T20:43:00Z,264.09,264.22,264.08,264.2,33468,264.165,801
AAPL,2026-02-18T20:44:00Z,264.21,264.213,264.12,264.16,44846,264.171,1052
AAPL,2026-02-18T20:45:00Z,264.16,264.28,264.083,264.28,73700,264.143,1166
AAPL,2026-02-18T20:46:00Z,264.27,264.55,264.27,264.52,49124,264.41,1154
AAPL,2026-02-18T20:47:00Z,264.55,264.74,264.55,264.72,100027,264.672,1482
AAPL,2026-02-18T20:48:00Z,264.73,264.78,264.61,264.64,51856,264.695,916
AAPL,2026-02-18T20:49:00Z,264.66,264.72,264.595,264.7,49929,264.659,922
AAPL,2026-02-18T20:50:00Z,264.72,265.24,264.707,264.945,156522,264.915,2703
AAPL,2026-02-18T20:51:00Z,264.96,265.223,264.96,265.175,109723,265.098,1905
AAPL,2026-02-18T20:52:00Z,265.19,265.19,265,265.19,95983,265.087,1555
AAPL,2026-02-18T20:53:00Z,265.19,265.33,265.18,265.235,133596,265.246,2001
AAPL,2026-02-18T20:54:00Z,265.23,265.53,265.15,265.245,225476,265.314,3414
AAPL,2026-02-18T20:55:00Z,265.245,265.384,265.13,265.25,286041,265.24,4431
AAPL,2026-02-18T20:56:00Z,265.25,265.325,265.07,265.19,200961,265.192,3042
AAPL,2026-02-18T20:57:00Z,265.19,265.21,264.8,264.81,268692,265.005,3576
AAPL,2026-02-18T20:58:00Z,264.81,264.92,264.58,264.64,427542,264.701,5141
AAPL,2026-02-18T20:59:00Z,264.65,264.7,264.21,264.24,1.67605e+06,264.428,15586
AAPL,2026-02-18T21:00:00Z,264.25,264.35,263.5,264.047,6.06518e+06,264.348,459
AAPL,2026-02-18T21:01:00Z,264.34,264.34,264,264,14493,264.079,84
AAPL,2026-02-18T21:02:00Z,263.5,263.95,263.5,263.87,681762,263.848,94
AAPL,2026-02-18T21:03:00Z,263.87,264.002,263.87,264.002,176777,263.961,68
AAPL,2026-02-18T21:04:00Z,264.35,264.35,264,264,253670,264.346,61
AAPL,2026-02-18T21:05:00Z,264,264,264,264,1444,264,29
AAPL,2026-02-18T21:06:00Z,263.95,264,263.9,263.9,4715,263.956,29
AAPL,2026-02-18T21:07:00Z,264,264,264,264,350,264,19
AAPL,2026-02-18T21:08:00Z,264,264.062,263.99,264.062,3292,264.014,43
AAPL,2026-02-18T21:09:00Z,264.01,264.09,264.01,264.02,19106,264.046,44
AAPL,2026-02-18T21:10:00Z,264.05,264.24,264.05,264.09,881,264.12,25
AAPL,2026-02-18T21:11:00Z,264.05,264.18,264,264,1292,264.139,48
AAPL,2026-02-18T21:12:00Z,264.05,264.05,264.018,264.018,4463,264.034,19
AAPL,2026-02-18T21:14:00Z,263.88,264,263.87,264,1233,263.932,26
AAPL,2026-02-18T21:15:00Z,263.99,263.99,263.99,263.99,262,263.99,8
AAPL,2026-02-18T21:16:00Z,264,264,263.95,263.95,716,263.992,9
AAPL,2026-02-18T21:17:00Z,263.97,263.97,263.97,263.97,153,263.97,13
AAPL,2026-02-18T21:18:00Z,263.99,263.998,263.916,263.916,9290,263.997,23
AAPL,2026-02-18T21:19:00Z,263.9,263.916,263.81,263.81,2498,263.896,48
AAPL,2026-02-18T21:20:00Z,263.8,263.8,263.8,263.8,2782,263.8,26
AAPL,2026-02-18T21:22:00Z,263.8,263.8,263.7,263.7,4401,263.745,56
AAPL,2026-02-18T21:23:00Z,263.78,263.8,263.78,263.8,635,263.79,18
AAPL,2026-02-18T21:24:00Z,263.77,263.77,263.77,263.77,221,263.77,8
AAPL,2026-02-18T21:25:00Z,263.8,263.8,263.774,263.774,560,263.787,14
AAPL,2026-02-18T21:29:00Z,263.7,263.76,263.7,263.76,1259,263.717,52
AAPL,2026-02-18T21:30:00Z,263.76,263.76,263.76,263.76,172,263.76,10
AAPL,2026-02-18T21:31:00Z,263.798,263.798,263.798,263.798,946,263.798,22
AAPL,2026-02-18T21:32:00Z,263.7,263.717,263.7,263.717,1313,263.709,17
AAPL,2026-02-18T21:34:00Z,263.79,263.79,263.7,263.7,966,263.742,57
AAPL,2026-02-18T21:35:00Z,263.65,264.35,263.65,264.35,6547,264.284,21
AAPL,2026-02-18T21:39:00Z,263.77,263.8,263.77,263.8,2373,263.785,78
AAPL,2026-02-18T21:40:00Z,263.79,263.9,263.79,263.9,1469,263.841,29
AAPL,2026-02-18T21:44:00Z,263.85,263.85,263.8,263.8,3548,263.802,17
AAPL,2026-02-18T21:45:00Z,263.761,263.8,263.761,263.8,335,263.78,9
AAPL,2026-02-18T21:46:00Z,263.76,263.85,263.76,263.85,423,263.82,6
AAPL,2026-02-18T21:49:00Z,263.85,263.85,263.8,263.8,541,263.828,29
AAPL,2026-02-18T21:50:00Z,263.8,263.8,263.7,263.7,506,263.752,17
AAPL,2026-02-18T21:54:00Z,263.7,263.7,263.67,263.69,1621,263.687,39
AAPL,2026-02-18T21:55:00Z,263.7,263.7,263.7,263.7,5042,263.7,17
AAPL,2026-02-18T21:56:00Z,263.84,263.84,263.84,263.84,102,263.84,3
AAPL,2026-02-18T22:02:00Z,263.75,263.75,263.75,263.75,245,263.75,11
AAPL,2026-02-18T22:03:00Z,263.7,263.7,263.7,263.7,662,263.7,24
AAPL,2026-02-18T22:13:00Z,263.75,263.77,263.75,263.77,433,263.76,14
AAPL,2026-02-18T22:14:00Z,263.78,263.8,263.78,263.8,1028,263.788,33
AAPL,2026-02-18T22:16:00Z,263.8,263.85,263.8,263.85,958,263.836,58
AAPL,2026-02-18T22:18:00Z,263.8,263.8,263.76,263.78,1087,263.774,36
AAPL,2026-02-18T22:21:00Z,263.776,263.776,263.776,263.776,121,263.776,6
AAPL,2026-02-18T22:22:00Z,263.75,263.75,263.75,263.75,158,263.75,11
AAPL,2026-02-18T22:27:00Z,263.78,263.9,263.78,263.89,3311,263.854,85
AAPL,2026-02-18T22:28:00Z,263.89,263.9,263.89,263.9,1875,263.896,29
AAPL,2026-02-18T22:29:00Z,263.9,263.9,263.9,263.9,467,263.9,5
AAPL,2026-02-18T22:30:00Z,263.9,263.918,263.9,263.918,1141,263.902,21
AAPL,2026-02-18T22:34:00Z,263.999,263.999,263.999,263.999,255,263.999,9
AAPL,2026-02-18T22:36:00Z,263.91,263.91,263.91,263.91,149,263.91,3
AAPL,2026-02-18T22:37:00Z,263.91,263.95,263.91,263.95,1003,263.914,12
AAPL,2026-02-18T22:39:00Z,263.95,263.95,263.95,263.95,108,263.95,4
AAPL,2026-02-18T22:41:00Z,263.95,263.95,263.95,263.95,285,263.95,13
AAPL,2026-02-18T22:42:00Z,263.97,263.97,263.95,263.951,933,263.955,16
AAPL,2026-02-18T22:43:00Z,263.97,263.97,263.955,263.955,6603,263.959,15
AAPL,2026-02-18T22:44:00Z,263.95,263.96,263.95,263.96,432,263.955,13
AAPL,2026-02-18T22:46:00Z,263.98,263.98,263.98,263.98,448,263.98,9
AAPL,2026-02-18T22:49:00Z,263.95,263.95,263.95,263.95,920,263.95,12
AAPL,2026-02-18T22:50:00Z,263.95,263.95,263.95,263.95,1353,263.95,16
AAPL,2026-02-18T22:52:00Z,263.95,263.95,263.95,263.95,292,263.95,7
AAPL,2026-02-18T22:53:00Z,263.95,263.95,263.95,263.95,406,263.95,10
AAPL,2026-02-18T22:58:00Z,263.96,263.96,263.96,263.96,315,263.96,11
AAPL,2026-02-18T22:59:00Z,263.95,263.95,263.95,263.95,468,263.95,12
AAPL,2026-02-18T23:00:00Z,263.95,263.96,263.95,263.96,3696,263.951,52
AAPL,2026-02-18T23:01:00Z,263.99,264,263.96,263.99,2164,263.988,28
AAPL,2026-02-18T23:02:00Z,263.96,263.99,263.96,263.99,345,263.978,14
AAPL,2026-02-18T23:03:00Z,263.99,264.2,263.99,264.2,10845,264.014,38
AAPL,2026-02-18T23:06:00Z,264.2,264.2,264.2,264.2,1090,264.2,24
AAPL,2026-02-18T23:09:00Z,264.16,264.16,264.16,264.16,315,264.16,7
AAPL,2026-02-18T23:12:00Z,264.3,264.3,264.3,264.3,220,264.3,10
AAPL,2026-02-18T23:19:00Z,264.009,264.03,264,264,1552,264.01,63
AAPL,2026-02-18T23:20:00Z,263.8,263.9,263.65,263.65,2431,263.738,104
AAPL,2026-02-18T23:21:00Z,263.736,264.05,263.736,264.05,706,264,11
AAPL,2026-02-18T23:23:00Z,263.87,263.87,263.71,263.71,2334,263.805,48
AAPL,2026-02-18T23:25:00Z,263.64,263.71,263.64,263.71,2148,263.667,38
AAPL,2026-02-18T23:27:00Z,263.87,263.87,263.87,263.87,199,263.87,5
AAPL,2026-02-18T23:34:00Z,263.8,263.8,263.8,263.8,300,263.8,12
AAPL,2026-02-18T23:35:00Z,263.61,263.67,263.55,263.67,2195,263.591,57
AAPL,2026-02-18T23:36:00Z,263.59,263.7,263.43,263.7,2588,263.608,49
AAPL,2026-02-18T23:38:00Z,263.95,263.95,263.95,263.95,509,263.95,6
AAPL,2026-02-18T23:40:00Z,263.69,263.69,263.69,263.69,141,263.69,8
AAPL,2026-02-18T23:44:00Z,263.5,263.5,263.5,263.5,933,263.5,27
AAPL,2026-02-18T23:47:00Z,263.89,263.89,263.89,263.89,429,263.89,14
AAPL,2026-02-18T23:48:00Z,263.89,263.89,263.88,263.88,902,263.887,24
AAPL,2026-02-18T23:51:00Z,263.5,263.5,263.4,263.4,3218,263.414,76
AAPL,2026-02-18T23:52:00Z,263.58,263.58,263.51,263.56,1236,263.549,16
AAPL,2026-02-18T23:55:00Z,263.401,263.401,263.401,263.401,1092,263.401,13
AAPL,2026-02-18T23:57:00Z,263.437,263.437,263.437,263.437,189,263.437,19
AAPL,2026-02-18T23:58:00Z,263.5,263.5,263.5,263.5,122,263.5,7
AAPL,2026-02-19T00:01:00Z,263.52,263.52,263.52,263.52,585,263.52,17
AAPL,2026-02-19T00:08:00Z,263.5,263.5,263.5,263.5,343,263.5,11
AAPL,2026-02-19T00:09:00Z,263.577,263.577,263.51,263.51,1052,263.517,19
AAPL,2026-02-19T00:10:00Z,263.5,263.51,263.22,263.22,3269,263.43,61
AAPL,2026-02-19T00:11:00Z,263.2,263.2,263.08,263.08,1316,263.147,31
AAPL,2026-02-19T00:16:00Z,263.45,263.45,263.45,263.45,386,263.45,21
AAPL,2026-02-19T00:17:00Z,263.15,263.15,263.15,263.15,186,263.15,13
AAPL,2026-02-19T00:20:00Z,263.33,263.33,263.33,263.33,335,263.33,15
AAPL,2026-02-19T00:21:00Z,263.25,263.25,263.2,263.21,1128,263.224,48
AAPL,2026-02-19T00:22:00Z,263.08,263.21,263.08,263.21,1506,263.173,57
AAPL,2026-02-19T00:23:00Z,263.08,263.1,263.05,263.05,1464,263.073,38
AAPL,2026-02-19T00:24:00Z,263.25,263.25,263.12,263.12,280,263.185,11
AAPL,2026-02-19T00:25:00Z,263.12,263.12,263,263,1072,263.035,34
AAPL,2026-02-19T00:26:00Z,263.06,263.06,263.06,263.06,666,263.06,3
AAPL,2026-02-19T00:27:00Z,263.07,263.07,263.07,263.07,203,263.07,8
AAPL,2026-02-19T00:28:00Z,263.2,263.2,263.2,263.2,1055,263.2,15
AAPL,2026-02-19T00:29:00Z,263.3,263.3,263.25,263.29,424,263.28,18
AAPL,2026-02-19T00:31:00Z,263.07,263.07,263.044,263.05,720,263.056,32
AAPL,2026-02-19T00:32:00Z,263.01,263.01,263.01,263.01,1811,263.01,28
AAPL,2026-02-19T00:33:00Z,263.17,263.18,263.02,263.18,2540,263.06,23
AAPL,2026-02-19T00:34:00Z,263.18,263.2,263.062,263.2,1222,263.161,18
AAPL,2026-02-19T00:35:00Z,263.3,263.31,263.06,263.06,2763,263.214,45
AAPL,2026-02-19T00:36:00Z,263.1,263.1,263.08,263.08,1522,263.093,40
AAPL,2026-02-19T00:37:00Z,263.21,263.29,263.08,263.25,1908,263.227,38
AAPL,2026-02-19T00:39:00Z,263.12,263.12,263.021,263.021,1295,263.063,11
AAPL,2026-02-19T00:40:00Z,263.11,263.23,263.11,263.214,1121,263.216,11
AAPL,2026-02-19T00:41:00Z,263.21,263.21,263.204,263.204,645,263.207,25
AAPL,2026-02-19T00:42:00Z,263.37,263.37,263.37,263.37,2187,263.37,17
AAPL,2026-02-19T00:44:00Z,263.28,263.28,263.28,263.28,594,263.28,49
AAPL,2026-02-19T00:45:00Z,263.228,263.228,263.228,263.228,271,263.228,16
AAPL,2026-02-19T00:46:00Z,263.06,263.06,263.06,263.06,742,263.06,13
AAPL,2026-02-19T00:47:00Z,263.266,263.266,263.266,263.266,280,263.266,12
AAPL,2026-02-19T00:49:00Z,263.2,263.2,263.169,263.169,1037,263.185,24
AAPL,2026-02-19T00:50:00Z,263.175,263.2,263.087,263.177,1185,263.168,16
AAPL,2026-02-19T00:51:00Z,263.2,263.2,263.11,263.11,601,263.143,13
AAPL,2026-02-19T00:52:00Z,263.173,263.173,263.173,263.173,393,263.173,18
AAPL,2026-02-19T00:53:00Z,263.23,263.23,263.05,263.05,4422,263.136,38
AAPL,2026-02-19T00:54:00Z,263.19,263.19,263.071,263.071,453,263.15,13
AAPL,2026-02-19T00:55:00Z,263.13,263.153,263.13,263.153,697,263.142,24
AAPL,2026-02-19T00:56:00Z,263.23,263.35,263.19,263.35,788,263.252,16
AAPL,2026-02-19T00:57:00Z,263.21,263.21,263.06,263.06,806,263.13,15
AAPL,2026-02-19T00:58:00Z,263.05,263.104,263.05,263.104,1646,263.065,69
AAPL,2026-02-19T00:59:00Z,263.29,263.29,263.29,263.29,648,263.29,26
AAPL,2026-02-19T09:00:00Z,263.61,264.3,263.61,264.28,886,264.123,40
AAPL,2026-02-19T09:01:00Z,263.44,263.47,263.44,263.47,689,263.453,31
AAPL,2026-02-19T09:04:00Z,263.41,263.41,263.3,263.33,2010,263.376,58
AAPL,2026-02-19T09:05:00Z,263.29,263.29,263.29,263.29,418,263.29,16
AAPL,2026-02-19T09:07:00Z,263.28,263.31,263.27,263.31,1280,263.292,26
AAPL,2026-02-19T09:08:00Z,263.33,263.33,263.33,263.33,267,263.33,17
AAPL,2026-02-19T09:14:00Z,263.26,263.26,263.26,263.26,178,263.26,14
AAPL,2026-02-19T09:23:00Z,263.35,263.37,263.35,263.37,846,263.362,29
AAPL,2026-02-19T09:36:00Z,263.14,263.14,263.1,263.1,2152,263.112,102
AAPL,2026-02-19T09:37:00Z,263.02,263.02,263,263,916,263.003,23
AAPL,2026-02-19T09:46:00Z,263.02,263.02,262.76,262.76,1939,262.973,180
AAPL,2026-02-19T09:47:00Z,262.75,262.8,262.75,262.8,643,262.763,13
AAPL,2026-02-19T09:49:00Z,262.81,262.84,262.81,262.83,1699,262.823,49
AAPL,2026-02-19T09:50:00Z,262.98,262.99,262.98,262.99,357,262.985,8
AAPL,2026-02-19T09:58:00Z,263.2,263.2,263.2,263.2,200,263.2,6
AAPL,2026-02-19T10:02:00Z,263.02,263.02,263.02,263.02,150,263.02,1
AAPL,2026-02-19T10:03:00Z,263.17,263.17,263.17,263.17,1010,263.17,57
AAPL,2026-02-19T10:06:00Z,263.03,263.03,263.03,263.03,100,263.03,1
AAPL,2026-02-19T10:07:00Z,263,263,263,263,136,263,3
AAPL,2026-02-19T10:13:00Z,262.83,262.83,262.83,262.83,2483,262.83,23
AAPL,2026-02-19T10:18:00Z,262.89,262.89,262.89,262.89,100,262.89,1
AAPL,2026-02-19T10:21:00Z,262.83,262.83,262.83,262.83,251,262.83,27
AAPL,2026-02-19T10:22:00Z,262.85,262.85,262.84,262.84,235,262.845,8
AAPL,2026-02-19T10:24:00Z,262.8,262.8,262.8,262.8,719,262.8,25
AAPL,2026-02-19T10:25:00Z,262.76,262.76,262.76,262.76,227,262.76,10
AAPL,2026-02-19T10:26:00Z,262.82,262.84,262.82,262.84,656,262.828,7
AAPL,2026-02-19T10:30:00Z,262.46,262.53,262.46,262.53,720,262.498,71
AAPL,2026-02-19T10:33:00Z,262.72,262.72,262.72,262.72,748,262.72,36
AAPL,2026-02-19T10:34:00Z,262.75,262.77,262.75,262.77,308,262.757,5
AAPL,2026-02-19T10:35:00Z,262.77,262.77,262.77,262.77,310,262.77,10
AAPL,2026-02-19T10:36:00Z,262.56,262.77,262.56,262.77,842,262.685,16
AAPL,2026-02-19T10:38:00Z,262.56,262.58,262.56,262.58,1251,262.57,13
AAPL,2026-02-19T10:40:00Z,262.75,262.75,262.75,262.75,254,262.75,6
AAPL,2026-02-19T10:41:00Z,262.73,262.73,262.73,262.73,214,262.73,10
AAPL,2026-02-19T10:42:00Z,262.73,262.73,262.73,262.73,230,262.73,4
AAPL,2026-02-19T10:43:00Z,262.85,262.88,262.85,262.88,456,262.866,6
AAPL,2026-02-19T10:44:00Z,262.79,262.79,262.79,262.79,102,262.79,2
AAPL,2026-02-19T10:45:00Z,262.79,262.79,262.79,262.79,144,262.79,5
AAPL,2026-02-19T10:46:00Z,262.76,262.76,262.76,262.76,291,262.76,8
AAPL,2026-02-19T10:47:00Z,262.76,262.88,262.76,262.88,1414,262.828,35
AAPL,2026-02-19T10:48:00Z,262.88,262.88,262.88,262.88,486,262.88,11
AAPL,2026-02-19T10:49:00Z,262.77,262.77,262.77,262.77,488,262.77,14
AAPL,2026-02-19T10:51:00Z,262.52,262.52,262.49,262.49,917,262.508,35
AAPL,2026-02-19T10:52:00Z,262.55,262.55,262.55,262.55,204,262.55,5
AAPL,2026-02-19T10:54:00Z,262.69,262.69,262.69,262.69,306,262.69,5
AAPL,2026-02-19T11:00:00Z,262.69,262.69,262.69,262.69,433,262.69,19
AAPL,2026-02-19T11:02:00Z,262.49,262.49,262.48,262.48,300,262.483,5
AAPL,2026-02-19T11:10:00Z,262.79,262.83,262.79,262.83,441,262.815,23
AAPL,2026-02-19T11:11:00Z,262.88,262.92,262.88,262.92,844,262.903,18
AAPL,2026-02-19T11:16:00Z,262.92,262.94,262.92,262.94,1655,262.932,32
AAPL,2026-02-19T11:24:00Z,262.94,262.95,262.94,262.95,569,262.943,6
AAPL,2026-02-19T11:30:00Z,262.93,262.93,262.93,262.93,659,262.93,16
AAPL,2026-02-19T11:33:00Z,262.94,262.94,262.94,262.94,372,262.94,13
AAPL,2026-02-19T11:34:00Z,262.85,262.85,262.85,262.85,621,262.85,22
AAPL,2026-02-19T11:35:00Z,262.71,262.83,262.71,262.83,734,262.763,45
AAPL,2026-02-19T11:36:00Z,262.71,262.71,262.71,262.71,352,262.71,16
AAPL,2026-02-19T11:37:00Z,262.7,262.78,262.65,262.65,2305,262.707,32
AAPL,2026-02-19T11:42:00Z,262.78,262.78,262.77,262.77,436,262.775,18
AAPL,2026-02-19T11:46:00Z,262.65,262.65,262.65,262.65,388,262.65,18
AAPL,2026-02-19T11:50:00Z,262.58,262.58,262.57,262.57,1163,262.572,51
AAPL,2026-02-19T11:55:00Z,262.7,262.7,262.7,262.7,518,262.7,12
AAPL,2026-02-19T11:56:00Z,262.66,262.68,262.66,262.68,778,262.67,22
AAPL,2026-02-19T12:00:00Z,262.78,262.87,262.78,262.85,2375,262.861,58
AAPL,2026-02-19T12:01:00Z,262.6,262.6,262.6,262.6,968,262.6,47
AAPL,2026-02-19T12:02:00Z,262.5,262.5,262.41,262.41,1008,262.464,81
AAPL,2026-02-19T12:03:00Z,262.51,262.51,262.5,262.5,971,262.502,28
AAPL,2026-02-19T12:04:00Z,262.61,262.72,262.61,262.72,943,262.692,15
AAPL,2026-02-19T12:05:00Z,262.7,262.7,262.7,262.7,395,262.7,11
AAPL,2026-02-19T12:09:00Z,262.79,262.79,262.79,262.79,168,262.79,6
AAPL,2026-02-19T12:10:00Z,262.78,262.78,262.78,262.78,764,262.78,19
AAPL,2026-02-19T12:11:00Z,262.8,262.8,262.8,262.8,383,262.8,16
AAPL,2026-02-19T12:13:00Z,262.7,262.7,262.7,262.7,1022,262.7,32
AAPL,2026-02-19T12:14:00Z,262.69,262.69,262.69,262.69,117,262.69,9
AAPL,2026-02-19T12:15:00Z,262.69,262.7,262.69,262.7,382,262.696,11
AAPL,2026-02-19T12:17:00Z,262.69,262.7,262.68,262.68,563,262.69,15
AAPL,2026-02-19T12:18:00Z,262.85,262.86,262.85,262.85,721,262.852,19
AAPL,2026-02-19T12:22:00Z,262.74,262.74,262.74,262.74,1125,262.74,36
AAPL,2026-02-19T12:23:00Z,262.76,262.76,262.76,262.76,400,262.76,18
AAPL,2026-02-19T12:24:00Z,262.85,262.85,262.85,262.85,571,262.85,21
AAPL,2026-02-19T12:25:00Z,262.94,263.18,262.94,263.18,3238,263.019,79
AAPL,2026-02-19T12:26:00Z,263.17,263.17,263.17,263.17,698,263.17,17
AAPL,2026-02-19T12:27:00Z,263.16,263.16,263.15,263.15,534,263.155,14
AAPL,2026-02-19T12:28:00Z,263.19,263.19,263.19,263.19,480,263.19,18
AAPL,2026-02-19T12:29:00Z,263.21,263.21,263.13,263.14,1447,263.186,29
AAPL,2026-02-19T12:31:00Z,263,263,263,263,618,263,11
AAPL,2026-02-19T12:32:00Z,263,263,263,263,169,263,6
AAPL,2026-02-19T12:40:00Z,263,263.05,263,263,1657,263.029,53
AAPL,2026-02-19T12:41:00Z,263,263,263,263,405,263,7
AAPL,2026-02-19T12:42:00Z,263.09,263.09,263.09,263.09,471,263.09,17
AAPL,2026-02-19T12:44:00Z,263.05,263.05,263.05,263.05,186,263.05,7
AAPL,2026-02-19T12:45:00Z,263.1,263.1,263.1,263.1,251,263.1,11
AAPL,2026-02-19T12:46:00Z,263.11,263.11,263.11,263.11,262,263.11,9
AAPL,2026-02-19T12:48:00Z,263.1,263.1,263.1,263.1,418,263.1,24
AAPL,2026-02-19T12:52:00Z,263.04,263.04,263.04,263.04,209,263.04,14
AAPL,2026-02-19T12:53:00Z,263.05,263.05,263.04,263.04,249,263.045,21
AAPL,2026-02-19T12:54:00Z,263,263,262.99,262.99,272,262.994,12
AAPL,2026-02-19T13:00:00Z,263.9,263.9,262.4,263.38,40595,263.043,2783
AAPL,2026-02-19T13:01:00Z,262.89,262.89,262.85,262.85,3540,262.873,280
AAPL,2026-02-19T13:02:00Z,262.89,262.94,262.77,262.94,2337,262.911,206
AAPL,2026-02-19T13:03:00Z,262.76,262.76,262.76,262.76,777,262.76,38
AAPL,2026-02-19T13:04:00Z,262.93,262.93,262.93,262.93,594,262.93,45
AAPL,2026-02-19T13:06:00Z,262.65,262.65,262.65,262.65,843,262.65,51
AAPL,2026-02-19T13:07:00Z,262.99,262.99,262.99,262.99,967,262.99,16
AAPL,2026-02-19T13:08:00Z,262.79,262.79,262.79,262.79,545,262.79,29
AAPL,2026-02-19T13:10:00Z,262.74,262.74,262.74,262.74,1372,262.74,31
AAPL,2026-02-19T13:13:00Z,262.71,262.71,262.71,262.71,320,262.71,26
AAPL,2026-02-19T13:14:00Z,262.62,262.62,262.61,262.61,771,262.616,43
AAPL,2026-02-19T13:17:00Z,262.61,262.61,262.52,262.52,1889,262.582,83
AAPL,2026-02-19T13:18:00Z,262.56,262.56,262.56,262.56,448,262.56,22
AAPL,2026-02-19T13:19:00Z,262.78,262.78,262.55,262.57,1451,262.614,57
AAPL,2026-02-19T13:24:00Z,262.6,262.62,262.44,262.44,4065,262.547,128
AAPL,2026-02-19T13:25:00Z,262.292,262.292,262.292,262.292,1503,262.292,114
AAPL,2026-02-19T13:26:00Z,262.292,262.513,262.25,262.513,3330,262.36,46
AAPL,2026-02-19T13:27:00Z,262.26,262.42,262.26,262.42,1754,262.356,22
AAPL,2026-02-19T13:28:00Z,262.25,262.47,262.25,262.47,2512,262.439,62
AAPL,2026-02-19T13:29:00Z,262.68,262.94,262.67,262.94,3552,262.757,165
AAPL,2026-02-19T13:31:00Z,262.58,262.58,262.4,262.4,622,262.514,19
AAPL,2026-02-19T13:32:00Z,262.346,262.62,262.346,262.62,1208,262.552,58
AAPL,2026-02-19T13:33:00Z,262.68,262.68,262.68,262.68,631,262.68,34
AAPL,2026-02-19T13:37:00Z,262.92,262.94,262.88,262.88,1235,262.918,48
AAPL,2026-02-19T13:38:00Z,262.82,262.82,262.7,262.7,1189,262.786,91
AAPL,2026-02-19T13:39:00Z,262.75,262.91,262.61,262.61,1670,262.779,48
AAPL,2026-02-19T13:40:00Z,262.62,262.81,262.62,262.81,761,262.739,29
AAPL,2026-02-19T13:41:00Z,262.68,262.68,262.67,262.68,1987,262.678,66
AAPL,2026-02-19T13:42:00Z,262.64,262.64,262.64,262.64,719,262.64,41
AAPL,2026-02-19T13:44:00Z,262.516,262.54,262.49,262.49,1246,262.511,30
AAPL,2026-02-19T13:45:00Z,262.646,262.646,262.5,262.5,1374,262.599,75
AAPL,2026-02-19T13:46:00Z,262.48,262.48,262.48,262.48,562,262.48,21
AAPL,2026-02-19T13:47:00Z,262.48,262.65,262.41,262.65,1573,262.488,34
AAPL,2026-02-19T13:48:00Z,262.52,262.61,262.52,262.61,913,262.552,19
AAPL,2026-02-19T13:49:00Z,262.52,262.52,262.52,262.52,253,262.52,20
AAPL,2026-02-19T13:50:00Z,262.61,262.61,262.61,262.61,477,262.61,22
AAPL,2026-02-19T13:51:00Z,262.6,262.6,262.6,262.6,638328,262.6,25
AAPL,2026-02-19T13:52:00Z,262.57,262.57,262.521,262.521,943,262.548,31
AAPL,2026-02-19T13:53:00Z,262.7,262.7,262.68,262.7,2987,262.698,81
AAPL,2026-02-19T13:54:00Z,262.77,262.77,262.66,262.71,2358,262.694,39
AAPL,2026-02-19T13:55:00Z,262.68,262.85,262.68,262.85,4326,262.736,61
AAPL,2026-02-19T13:56:00Z,262.87,262.87,262.75,262.751,1015,262.817,26
AAPL,2026-02-19T13:57:00Z,262.901,262.901,262.901,262.901,377,262.901,16
AAPL,2026-02-19T13:58:00Z,262.82,262.82,262.79,262.8,797,262.802,31
AAPL,2026-02-19T13:59:00Z,262.85,262.85,262.85,262.85,632,262.85,17
AAPL,2026-02-19T14:00:00Z,262.917,262.917,262.87,262.87,633,262.905,44
AAPL,2026-02-19T14:02:00Z,262.94,263.08,262.86,262.95,5378,262.973,138
AAPL,2026-02-19T14:03:00Z,262.88,262.88,262.83,262.83,610,262.855,25
AAPL,2026-02-19T14:04:00Z,262.83,262.83,262.7,262.7,2776,262.742,87
AAPL,2026-02-19T14:06:00Z,262.56,262.63,262.56,262.63,614,262.594,11
AAPL,2026-02-19T14:07:00Z,262.57,262.9,262.57,262.9,2641,262.782,51
AAPL,2026-02-19T14:08:00Z,262.9,263.11,262.9,262.93,4075,263.029,76
AAPL,2026-02-19T14:09:00Z,262.83,262.866,262.62,262.63,3577,262.668,82
AAPL,2026-02-19T14:10:00Z,262.66,262.66,262.54,262.54,761,262.58,48
AAPL,2026-02-19T14:11:00Z,262.7,262.7,262.69,262.69,672,262.698,15
AAPL,2026-02-19T14:12:00Z,262.69,262.69,262.58,262.64,1731,262.625,57
AAPL,2026-02-19T14:13:00Z,262.66,262.66,262.6,262.6,847,262.637,55
AAPL,2026-02-19T14:14:00Z,262.69,262.73,262.69,262.73,1249,262.707,44
AAPL,2026-02-19T14:15:00Z,262.7,262.7,262.66,262.66,503,262.68,36
AAPL,2026-02-19T14:16:00Z,262.727,262.727,262.727,262.727,581,262.727,34
AAPL,2026-02-19T14:17:00Z,262.65,262.65,262.65,262.65,222,262.65,17
AAPL,2026-02-19T14:18:00Z,262.72,262.74,262.72,262.73,1064,262.727,32
AAPL,2026-02-19T14:19:00Z,262.75,263.149,262.75,263.149,3991,262.955,113
AAPL,2026-02-19T14:20:00Z,262.99,263,262.98,263,2065,262.992,51
AAPL,2026-02-19T14:21:00Z,262.9,262.9,262.754,262.754,625,262.814,25
AAPL,2026-02-19T14:22:00Z,263.07,263.08,263.07,263.08,881,263.074,31
AAPL,2026-02-19T14:23:00Z,263,263.09,263,263.09,1100,263.017,55
AAPL,2026-02-19T14:24:00Z,263.09,263.18,263.05,263.18,4852,263.103,201
AAPL,2026-02-19T14:25:00Z,263.04,263.11,262.89,263.01,3010,263.038,82
AAPL,2026-02-19T14:26:00Z,263.035,263.07,263.031,263.031,1622,263.042,52
AAPL,2026-02-19T14:27:00Z,262.978,262.978,262.1,262.1,11214,262.498,338
AAPL,2026-02-19T14:28:00Z,262.18,262.39,262.02,262.28,9776,262.289,155
AAPL,2026-02-19T14:29:00Z,262.25,262.65,262.21,262.65,7083,262.361,93
AAPL,2026-02-19T14:30:00Z,262.51,263.76,262.36,263.61,693272,262.689,11476
AAPL,2026-02-19T14:31:00Z,263.59,264.1,263.3,263.52,157279,263.712,2659
AAPL,2026-02-19T14:32:00Z,263.545,263.97,263.21,263.55,66799,263.634,1601
AAPL,2026-02-19T14:33:00Z,263.59,264.319,263.565,264.08,88525,263.975,2370
AAPL,2026-02-19T14:34:00Z,264.11,264.11,263.435,263.435,67857,263.665,1877
AAPL,2026-02-19T14:35:00Z,263.41,263.83,263.22,263.53,104338,263.484,2147
AAPL,2026-02-19T14:36:00Z,263.53,263.555,262.72,262.781,126113,262.984,2022
AAPL,2026-02-19T14:37:00Z,262.8,262.96,262.29,262.29,164720,262.57,1804
AAPL,2026-02-19T14:38:00Z,262.315,262.908,262.315,262.856,94815,262.596,1967
AAPL,2026-02-19T14:39:00Z,262.85,262.91,262.665,262.76,77718,262.8,1680
AAPL,2026-02-19T14:40:00Z,262.791,263.25,262.52,263.25,84397,262.889,1735
AAPL,2026-02-19T14:41:00Z,263.24,263.35,262.84,262.945,62518,263.065,1378
AAPL,2026-02-19T14:42:00Z,262.93,263.325,262.88,263.28,88360,263.107,1842
AAPL,2026-02-19T14:43:00Z,263.33,263.51,263.1,263.26,143855,263.405,2441
AAPL,2026-02-19T14:44:00Z,263.23,263.74,263.23,263.72,77922,263.593,2178
AAPL,2026-02-19T14:45:00Z,263.725,263.74,263.3,263.46,111724,263.529,2649
AAPL,2026-02-19T14:46:00Z,263.47,263.61,263.33,263.515,64012,263.465,2294
AAPL,2026-02-19T14:47:00Z,263.51,264.04,263.475,263.904,56799,263.825,1991
AAPL,2026-02-19T14:48:00Z,263.93,264.08,263.8,263.94,79105,263.928,2339
AAPL,2026-02-19T14:49:00Z,263.96,264.08,263.73,263.91,55114,263.9,1725
AAPL,2026-02-19T14:50:00Z,263.92,264.06,263.75,263.815,64952,263.94,1993
AAPL,2026-02-19T14:51:00Z,263.82,264.09,263.74,263.981,65843,263.923,2007
AAPL,2026-02-19T14:52:00Z,263.955,264.11,263.81,263.91,66036,263.941,1816
AAPL,2026-02-19T14:53:00Z,263.92,264.337,263.92,264.29,40336,264.11,1559
AAPL,2026-02-19T14:54:00Z,264.315,264.35,264.13,264.14,69073,264.237,2038
AAPL,2026-02-19T14:55:00Z,264.14,264.2,263.87,264.03,77697,263.99,2296
AAPL,2026-02-19T14:56:00Z,264.05,264.15,263.855,263.94,49321,263.986,1720
AAPL,2026-02-19T14:57:00Z,263.94,264.25,263.88,264.18,52128,264.061,1824
AAPL,2026-02-19T14:58:00Z,264.165,264.18,263.84,263.92,58047,263.94,1720
AAPL,2026-02-19T14:59:00Z,263.935,263.95,263.63,263.78,63370,263.757,1808
AAPL,2026-02-19T15:00:00Z,263.77,263.885,263.01,263.745,180918,263.534,5191
AAPL,2026-02-19T15:01:00Z,263.75,263.86,263.67,263.775,59207,263.768,2038
AAPL,2026-02-19T15:02:00Z,263.815,264.102,263.8,264.025,71147,263.919,2242
AAPL,2026-02-19T15:03:00Z,264.025,264.1,263.76,264.01,74509,263.998,3438
AAPL,2026-02-19T15:04:00Z,264.045,264.145,263.56,263.76,80042,263.818,2443
AAPL,2026-02-19T15:05:00Z,263.82,263.83,263.41,263.505,50127,263.566,1945
AAPL,2026-02-19T15:06:00Z,263.515,263.515,263.05,263.1,90484,263.241,2255
AAPL,2026-02-19T15:07:00Z,263.1,263.33,263.08,263.28,64685,263.191,1867
AAPL,2026-02-19T15:08:00Z,263.24,263.25,262.96,263.11,154903,263.047,2469
AAPL,2026-02-19T15:09:00Z,263.16,263.27,263.06,263.14,55483,263.159,1893
AAPL,2026-02-19T15:10:00Z,263.135,263.38,263.1,263.28,50493,263.269,1798
AAPL,2026-02-19T15:11:00Z,263.305,263.37,263.03,263.08,56905,263.177,1882
AAPL,2026-02-19T15:12:00Z,263.11,263.18,262.85,263.06,54946,263.012,1863
AAPL,2026-02-19T15:13:00Z,263.01,263.127,262.89,263.02,39246,263.01,1640
AAPL,2026-02-19T15:14:00Z,262.98,263.05,262.92,262.965,67367,262.985,1652
AAPL,2026-02-19T15:15:00Z,262.99,263.23,262.96,263.22,73448,263.124,1955
AAPL,2026-02-19T15:16:00Z,263.21,263.28,263.07,263.11,40047,263.169,1728
AAPL,2026-02-19T15:17:00Z,263.125,263.33,263.03,263.29,45028,263.157,1582
AAPL,2026-02-19T15:18:00Z,263.31,263.33,263.1,263.2,50062,263.194,1898
AAPL,2026-02-19T15:19:00Z,263.17,263.26,263.15,263.228,26810,263.195,1529
AAPL,2026-02-19T15:20:00Z,263.215,263.3,263.1,263.29,56475,263.184,1751
AAPL,2026-02-19T15:21:00Z,263.28,263.325,263.11,263.12,43688,263.266,1671
AAPL,2026-02-19T15:22:00Z,263.13,263.63,263.1,263.57,87360,263.448,2179
AAPL,2026-02-19T15:23:00Z,263.55,263.65,263.541,263.57,41647,263.595,1679
AAPL,2026-02-19T15:24:00Z,263.56,263.68,263.49,263.66,59697,263.613,1808
AAPL,2026-02-19T15:25:00Z,263.65,263.777,263.45,263.49,128381,263.69,1997
AAPL,2026-02-19T15:26:00Z,263.49,263.49,263.15,263.2,57568,263.312,1786
AAPL,2026-02-19T15:27:00Z,263.215,263.26,263.15,263.255,26000,263.222,1398
AAPL,2026-02-19T15:28:00Z,263.26,263.273,262.96,262.98,40021,263.091,1603
AAPL,2026-02-19T15:29:00Z,262.953,263,262.77,262.87,39755,262.885,1717
AAPL,2026-02-19T15:30:00Z,262.88,263.01,262.76,262.93,45756,262.887,1727
AAPL,2026-02-19T15:31:00Z,262.92,263.39,262.9,263.345,54402,263.192,1740
AAPL,2026-02-19T15:32:00Z,263.345,263.66,263.27,263.66,58103,263.505,1841
AAPL,2026-02-19T15:33:00Z,263.664,263.83,263.562,263.72,58995,263.707,1999
AAPL,2026-02-19T15:34:00Z,263.73,263.85,263.69,263.8,61698,263.755,1673
AAPL,2026-02-19T15:35:00Z,263.78,264.07,263.78,264.07,48255,263.917,1796
AAPL,2026-02-19T15:36:00Z,264.05,264.075,263.72,263.85,41243,263.827,1595
AAPL,2026-02-19T15:37:00Z,263.835,263.85,263.67,263.75,33114,263.763,1454
AAPL,2026-02-19T15:38:00Z,263.75,263.91,263.7,263.895,32992,263.823,1420
AAPL,2026-02-19T15:39:00Z,263.89,263.96,263.81,263.84,17062,263.896,1238
AAPL,2026-02-19T15:40:00Z,263.83,263.86,263.656,263.86,43207,263.75,1463
AAPL,2026-02-19T15:41:00Z,263.87,263.94,263.73,263.73,66795,263.821,1796
AAPL,2026-02-19T15:42:00Z,263.77,263.88,263.76,263.86,21399,263.816,1137
AAPL,2026-02-19T15:43:00Z,263.855,263.855,263.65,263.75,35402,263.738,1515
AAPL,2026-02-19T15:44:00Z,263.73,263.82,263.7,263.82,27369,263.761,1336
AAPL,2026-02-19T15:45:00Z,263.82,263.91,263.67,263.72,32735,263.79,1514
AAPL,2026-02-19T15:46:00Z,263.71,263.82,263.68,263.72,29885,263.742,1339
AAPL,2026-02-19T15:47:00Z,263.7,263.91,263.655,263.66,45260,263.759,1533
AAPL,2026-02-19T15:48:00Z,263.65,263.92,263.63,263.905,27230,263.786,1302
AAPL,2026-02-19T15:49:00Z,263.92,263.92,263.65,263.77,23947,263.746,1284
AAPL,2026-02-19T15:50:00Z,263.75,263.8,263.4,263.43,73994,263.607,2183
AAPL,2026-02-19T15:51:00Z,263.43,263.43,263.17,263.185,51829,263.29,1740
AAPL,2026-02-19T15:52:00Z,263.18,263.593,263.18,263.53,43222,263.422,1705
AAPL,2026-02-19T15:53:00Z,263.55,263.77,263.55,263.63,62775,263.651,1989
AAPL,2026-02-19T15:54:00Z,263.63,263.7,263.42,263.42,51174,263.571,1793
AAPL,2026-02-19T15:55:00Z,263.46,263.57,263.41,263.515,28647,263.489,1472
AAPL,2026-02-19T15:56:00Z,263.5,263.66,263.425,263.47,43629,263.565,1504
AAPL,2026-02-19T15:57:00Z,263.48,263.96,263.43,263.905,58222,263.681,1861
AAPL,2026-02-19T15:58:00Z,263.93,264,263.73,263.9,39836,263.831,1608
AAPL,2026-02-19T15:59:00Z,263.88,263.889,263.76,263.83,24284,263.828,1364
AAPL,2026-02-19T16:00:00Z,263.83,263.912,263.785,263.875,31778,263.85,1524
AAPL,2026-02-19T16:01:00Z,263.867,263.9,263.79,263.82,26649,263.849,1479
AAPL,2026-02-19T16:02:00Z,263.815,263.84,263.7,263.74,23194,263.752,1468
AAPL,2026-02-19T16:03:00Z,263.77,263.77,263.51,263.51,46084,263.622,1586
AAPL,2026-02-19T16:04:00Z,263.54,263.56,263.415,263.435,31231,263.484,1542
AAPL,2026-02-19T16:05:00Z,263.425,263.46,263.3,263.375,35032,263.382,1561
AAPL,2026-02-19T16:06:00Z,263.39,263.39,263.24,263.24,38738,263.285,1466
AAPL,2026-02-19T16:07:00Z,263.24,263.25,263.03,263.07,33700,263.136,1595
AAPL,2026-02-19T16:08:00Z,263.075,263.18,263.03,263.14,43818,263.093,1566
AAPL,2026-02-19T16:09:00Z,263.14,263.45,263.14,263.45,42522,263.293,1588
AAPL,2026-02-19T16:10:00Z,263.445,263.454,263.26,263.34,39089,263.37,1712
AAPL,2026-02-19T16:11:00Z,263.37,263.37,263.2,263.205,30881,263.236,1423
AAPL,2026-02-19T16:12:00Z,263.2,263.59,263.182,263.58,43944,263.366,1784
AAPL,2026-02-19T16:13:00Z,263.59,263.71,263.535,263.56,38100,263.616,1740
AAPL,2026-02-19T16:14:00Z,263.565,263.72,263.53,263.72,22870,263.632,1354
AAPL,2026-02-19T16:15:00Z,263.72,263.95,263.67,263.88,46047,263.834,1623
AAPL,2026-02-19T16:16:00Z,263.86,263.94,263.85,263.925,26839,263.894,1457
AAPL,2026-02-19T16:17:00Z,263.88,263.88,263.69,263.76,37366,263.791,1600
AAPL,2026-02-19T16:18:00Z,263.77,264.03,263.77,264,52891,263.91,1814
AAPL,2026-02-19T16:19:00Z,264.01,264.03,263.901,264.025,24460,263.968,1462
AAPL,2026-02-19T16:20:00Z,264.025,264.31,264.025,264.215,61635,264.219,1828
AAPL,2026-02-19T16:21:00Z,264.22,264.47,264.1,264.455,68215,264.298,2100
AAPL,2026-02-19T16:22:00Z,264.48,264.48,264.27,264.33,44303,264.363,1660
AAPL,2026-02-19T16:23:00Z,264.32,264.38,264.23,264.315,37757,264.314,1603
AAPL,2026-02-19T16:24:00Z,264.358,264.36,264.26,264.293,44051,264.31,1673
AAPL,2026-02-19T16:25:00Z,264.29,264.35,264.16,264.22,41721,264.251,1642
AAPL,2026-02-19T16:26:00Z,264.225,264.42,264.11,264.42,39761,264.25,1715
AAPL,2026-02-19T16:27:00Z,264.415,264.47,264.185,264.2,42451,264.328,1754
AAPL,2026-02-19T16:28:00Z,264.18,264.18,263.78,263.805,48727,263.951,1887
AAPL,2026-02-19T16:29:00Z,263.805,263.86,263.57,263.61,44205,263.69,1594
AAPL,2026-02-19T16:30:00Z,263.635,263.68,263.54,263.655,36691,263.608,1604
AAPL,2026-02-19T16:31:00Z,263.665,263.885,263.64,263.79,32526,263.778,1561
AAPL,2026-02-19T16:32:00Z,263.8,264.03,263.71,263.85,44257,263.801,1876
AAPL,2026-02-19T16:33:00Z,263.85,263.96,263.741,263.95,45206,263.825,1640
AAPL,2026-02-19T16:34:00Z,263.94,264.098,263.91,264.06,18260,264,1338
AAPL,2026-02-19T16:35:00Z,264.12,264.14,263.93,263.98,22613,264.021,1449
AAPL,2026-02-19T16:36:00Z,263.97,263.97,263.705,263.74,28639,263.796,1388
AAPL,2026-02-19T16:37:00Z,263.725,263.83,263.67,263.745,41806,263.729,1578
AAPL,2026-02-19T16:38:00Z,263.765,263.914,263.74,263.835,41973,263.801,1539
AAPL,2026-02-19T16:39:00Z,263.845,263.92,263.8,263.83,39400,263.867,1617
AAPL,2026-02-19T16:40:00Z,263.85,263.885,263.75,263.87,32892,263.811,1552
AAPL,2026-02-19T16:41:00Z,263.85,263.95,263.81,263.915,38705,263.887,1585
AAPL,2026-02-19T16:42:00Z,263.91,264.03,263.82,263.82,24420,263.92,1369
AAPL,2026-02-19T16:43:00Z,263.84,263.852,263.61,263.65,77035,263.746,1620
AAPL,2026-02-19T16:44:00Z,263.62,263.79,263.33,263.36,75896,263.595,2162
AAPL,2026-02-19T16:45:00Z,263.34,263.58,263.31,263.375,52261,263.438,1543
AAPL,2026-02-19T16:46:00Z,263.375,263.435,263.345,263.38,25170,263.381,1480
AAPL,2026-02-19T16:47:00Z,263.4,263.42,263.3,263.36,29990,263.378,1515
AAPL,2026-02-19T16:48:00Z,263.365,263.39,263.101,263.18,42107,263.211,1422
AAPL,2026-02-19T16:49:00Z,263.168,263.215,263.09,263.2,33470,263.155,1396
AAPL,2026-02-19T16:50:00Z,263.18,263.31,263,263.3,56443,263.105,1850
AAPL,2026-02-19T16:51:00Z,263.31,263.33,263.15,263.17,27042,263.228,1603
AAPL,2026-02-19T16:52:00Z,263.15,263.2,263.02,263.04,25247,263.121,1372
AAPL,2026-02-19T16:53:00Z,263.07,263.16,263.05,263.05,73541,263.102,1852
AAPL,2026-02-19T16:54:00Z,263.02,263.44,262.97,263.43,128906,263.135,2821
AAPL,2026-02-19T16:55:00Z,263.47,263.475,263.36,263.41,45050,263.408,1528
AAPL,2026-02-19T16:56:00Z,263.4,263.45,263.295,263.375,20104,263.375,1273
AAPL,2026-02-19T16:57:00Z,263.36,263.405,263.25,263.3,41700,263.317,1470
AAPL,2026-02-19T16:58:00Z,263.3,263.39,263.142,263.15,35819,263.289,1398
AAPL,2026-02-19T16:59:00Z,263.175,263.24,263.12,263.12,50843,263.182,1121
AAPL,2026-02-19T17:00:00Z,263.14,263.2,262.945,262.95,53649,263.047,936
AAPL,2026-02-19T17:01:00Z,262.95,263,262.82,262.87,41561,262.9,892
AAPL,2026-02-19T17:02:00Z,262.86,262.9,262.82,262.835,21958,262.846,591
AAPL,2026-02-19T17:03:00Z,262.85,262.92,262.81,262.84,32301,262.848,861
AAPL,2026-02-19T17:04:00Z,262.85,262.91,262.79,262.88,39076,262.822,708
AAPL,2026-02-19T17:05:00Z,262.855,262.87,262.72,262.76,38528,262.781,814
AAPL,2026-02-19T17:06:00Z,262.75,262.8,262.69,262.775,38323,262.737,848
AAPL,2026-02-19T17:07:00Z,262.76,263.04,262.75,262.955,111846,262.968,999
AAPL,2026-02-19T17:08:00Z,262.91,262.995,262.85,262.86,41887,262.909,747
AAPL,2026-02-19T17:09:00Z,262.86,262.945,262.78,262.815,32340,262.87,703
AAPL,2026-02-19T17:10:00Z,262.8,262.935,262.77,262.935,35766,262.857,710
AAPL,2026-02-19T17:11:00Z,262.935,262.97,262.845,262.91,43598,262.899,775
AAPL,2026-02-19T17:12:00Z,262.93,263.017,262.855,262.935,47689,262.925,753
AAPL,2026-02-19T17:13:00Z,262.92,263,262.9,262.94,23856,262.96,706
AAPL,2026-02-19T17:14:00Z,262.93,263.11,262.9,263.05,37005,263.012,901
AAPL,2026-02-19T17:15:00Z,263.05,263.07,262.96,262.98,46273,263.02,974
AAPL,2026-02-19T17:16:00Z,262.96,263.06,262.92,263.06,28769,263.011,677
AAPL,2026-02-19T17:17:00Z,263.05,263.33,263.045,263.315,36499,263.189,850
AAPL,2026-02-19T17:18:00Z,263.31,263.39,263.18,263.18,42105,263.28,752
AAPL,2026-02-19T17:19:00Z,263.17,263.19,262.96,263.09,39169,263.093,793
AAPL,2026-02-19T17:20:00Z,263.065,263.18,263.025,263.14,29243,263.112,772
AAPL,2026-02-19T17:21:00Z,263.15,263.21,263.13,263.17,33439,263.172,651
AAPL,2026-02-19T17:22:00Z,263.18,263.287,263.165,263.235,27029,263.218,753
AAPL,2026-02-19T17:23:00Z,263.23,263.53,263.188,263.449,55813,263.38,959
AAPL,2026-02-19T17:24:00Z,263.47,263.48,263.36,263.385,31044,263.434,760
AAPL,2026-02-19T17:25:00Z,263.35,263.37,263.2,263.27,21712,263.306,759
AAPL,2026-02-19T17:26:00Z,263.26,263.31,263.13,263.135,20384,263.193,624
AAPL,2026-02-19T17:27:00Z,263.15,263.17,262.96,262.975,34393,263.054,866
AAPL,2026-02-19T17:28:00Z,262.96,263.004,262.945,262.95,18172,262.975,572
AAPL,2026-02-19T17:29:00Z,262.95,263,262.9,262.92,30427,262.948,695
AAPL,2026-02-19T17:30:00Z,262.9,262.9,262.82,262.87,27366,262.869,694
AAPL,2026-02-19T17:31:00Z,262.87,262.97,262.845,262.95,35412,262.905,743
AAPL,2026-02-19T17:32:00Z,262.95,262.95,262.86,262.88,24862,262.891,696
AAPL,2026-02-19T17:33:00Z,262.87,262.921,262.74,262.76,39550,262.828,790
AAPL,2026-02-19T17:34:00Z,262.76,262.82,262.69,262.79,31979,262.765,796
AAPL,2026-02-19T17:35:00Z,262.795,262.795,262.6,262.645,29710,262.659,810
AAPL,2026-02-19T17:36:00Z,262.63,263,262.63,262.861,48867,262.862,1014
AAPL,2026-02-19T17:37:00Z,262.88,262.89,262.79,262.88,22964,262.851,743
AAPL,2026-02-19T17:38:00Z,262.85,262.85,262.73,262.73,10659,262.784,454
AAPL,2026-02-19T17:39:00Z,262.725,262.815,262.68,262.81,18415,262.742,653
AAPL,2026-02-19T17:40:00Z,262.88,262.96,262.78,262.8,19701,262.873,625
AAPL,2026-02-19T17:41:00Z,262.815,262.875,262.761,262.77,12147,262.829,405
AAPL,2026-02-19T17:42:00Z,262.783,262.95,262.75,262.947,19326,262.862,588
AAPL,2026-02-19T17:43:00Z,262.97,263.06,262.86,262.88,26160,262.968,654
AAPL,2026-02-19T17:44:00Z,262.88,262.88,262.76,262.789,16679,262.824,558
AAPL,2026-02-19T17:45:00Z,262.775,262.8,262.68,262.7,23336,262.727,733
AAPL,2026-02-19T17:46:00Z,262.685,262.717,262.53,262.57,26548,262.651,735
AAPL,2026-02-19T17:47:00Z,262.56,262.58,262.47,262.47,29641,262.526,801
AAPL,2026-02-19T17:48:00Z,262.478,262.5,262.01,262.17,74292,262.323,1617
AAPL,2026-02-19T17:49:00Z,262.175,262.32,262.12,262.31,33165,262.211,943
AAPL,2026-02-19T17:50:00Z,262.295,262.485,262.28,262.42,34195,262.403,717
AAPL,2026-02-19T17:51:00Z,262.4,262.6,262.4,262.47,23033,262.518,699
AAPL,2026-02-19T17:52:00Z,262.45,262.47,262.17,262.18,26017,262.329,826
AAPL,2026-02-19T17:53:00Z,262.18,262.24,262.16,262.18,17892,262.193,632
AAPL,2026-02-19T17:54:00Z,262.21,262.235,262.1,262.225,21504,262.153,738
AAPL,2026-02-19T17:55:00Z,262.29,262.3,262.18,262.22,13019,262.228,542
AAPL,2026-02-19T17:56:00Z,262.324,262.37,262.2,262.21,13257,262.313,570
AAPL,2026-02-19T17:57:00Z,262.16,262.16,262.05,262.13,21768,262.109,683
AAPL,2026-02-19T17:58:00Z,262.11,262.2,261.99,262.03,37933,262.028,1395
AAPL,2026-02-19T17:59:00Z,262.04,262.12,262.025,262.08,25300,262.062,619
AAPL,2026-02-19T18:00:00Z,262.07,262.165,262.07,262.12,15944,262.106,511
AAPL,2026-02-19T18:01:00Z,262.11,262.21,262.07,262.07,28900,262.174,589
AAPL,2026-02-19T18:02:00Z,262.07,262.07,261.88,261.9,30276,261.974,942
AAPL,2026-02-19T18:03:00Z,261.885,262.07,261.885,262.01,19230,261.95,554
AAPL,2026-02-19T18:04:00Z,262.038,262.038,261.85,261.85,27501,261.946,741
AAPL,2026-02-19T18:05:00Z,261.87,261.975,261.84,261.92,42356,261.908,1002
AAPL,2026-02-19T18:06:00Z,261.92,262,261.82,261.82,61762,261.916,1152
AAPL,2026-02-19T18:07:00Z,261.83,262,261.8,261.91,33865,261.875,832
AAPL,2026-02-19T18:08:00Z,261.902,261.92,261.81,261.85,28081,261.867,809
AAPL,2026-02-19T18:09:00Z,261.85,261.96,261.85,261.91,16835,261.895,627
AAPL,2026-02-19T18:10:00Z,261.89,261.9,261.75,261.885,23657,261.831,720
AAPL,2026-02-19T18:11:00Z,261.91,261.95,261.78,261.78,41829,261.878,746
AAPL,2026-02-19T18:12:00Z,261.8,261.96,261.8,261.94,36109,261.881,795
AAPL,2026-02-19T18:13:00Z,261.935,262.11,261.92,262.04,40763,262.026,854
AAPL,2026-02-19T18:14:00Z,262.03,262.29,262.01,262.18,35073,262.153,837
AAPL,2026-02-19T18:15:00Z,262.2,262.2,262.02,262.06,33120,262.108,809
AAPL,2026-02-19T18:16:00Z,262.025,262.1,261.84,261.84,21321,261.986,753
AAPL,2026-02-19T18:17:00Z,261.855,261.86,261.686,261.75,39155,261.778,860
AAPL,2026-02-19T18:18:00Z,261.745,261.79,261.62,261.695,22547,261.699,579
AAPL,2026-02-19T18:19:00Z,261.7,261.71,261.59,261.63,28062,261.641,555
AAPL,2026-02-19T18:20:00Z,261.62,261.625,261.44,261.57,43609,261.539,1041
AAPL,2026-02-19T18:21:00Z,261.55,261.57,261.42,261.44,30761,261.508,611
AAPL,2026-02-19T18:22:00Z,261.45,261.57,261.411,261.465,29181,261.499,719
AAPL,2026-02-19T18:23:00Z,261.476,261.67,261.475,261.66,37854,261.581,653
AAPL,2026-02-19T18:24:00Z,261.67,261.74,261.6,261.665,35710,261.681,698
AAPL,2026-02-19T18:25:00Z,261.65,261.88,261.62,261.72,45188,261.762,845
AAPL,2026-02-19T18:26:00Z,261.74,261.74,261.545,261.585,23609,261.653,600
AAPL,2026-02-19T18:27:00Z,261.57,261.66,261.56,261.65,17170,261.607,510
AAPL,2026-02-19T18:28:00Z,261.65,261.85,261.63,261.81,32760,261.766,711
AAPL,2026-02-19T18:29:00Z,261.81,261.82,261.75,261.77,20812,261.785,449
AAPL,2026-02-19T18:30:00Z,261.74,261.9,261.67,261.875,35426,261.799,716
AAPL,2026-02-19T18:31:00Z,261.855,261.98,261.81,261.81,41031,261.926,953
AAPL,2026-02-19T18:32:00Z,261.83,261.905,261.8,261.821,26231,261.855,585
AAPL,2026-02-19T18:33:00Z,261.801,261.82,261.6,261.71,41106,261.706,983
AAPL,2026-02-19T18:34:00Z,261.67,261.68,261.57,261.674,25657,261.606,538
AAPL,2026-02-19T18:35:00Z,261.7,261.75,261.677,261.7,50362,261.709,764
AAPL,2026-02-19T18:36:00Z,261.7,261.72,261.63,261.7,11479,261.68,454
AAPL,2026-02-19T18:37:00Z,261.72,261.82,261.68,261.785,16195,261.769,537
AAPL,2026-02-19T18:38:00Z,261.78,261.795,261.7,261.709,13844,261.761,485
AAPL,2026-02-19T18:39:00Z,261.73,261.85,261.73,261.805,26507,261.792,667
AAPL,2026-02-19T18:40:00Z,261.79,261.805,261.68,261.695,22852,261.752,558
AAPL,2026-02-19T18:41:00Z,261.71,261.71,261.52,261.58,37043,261.591,858
AAPL,2026-02-19T18:42:00Z,261.58,261.67,261.56,261.585,62354,261.604,1293
AAPL,2026-02-19T18:43:00Z,261.59,261.72,261.56,261.695,31062,261.63,622
AAPL,2026-02-19T18:44:00Z,261.69,261.69,261.59,261.62,17928,261.643,521
AAPL,2026-02-19T18:45:00Z,261.61,261.83,261.605,261.83,20544,261.694,524
AAPL,2026-02-19T18:46:00Z,261.83,261.92,261.755,261.86,20764,261.837,626
AAPL,2026-02-19T18:47:00Z,261.885,262,261.82,262,32678,261.911,573
AAPL,2026-02-19T18:48:00Z,262.02,262.12,261.955,261.98,49079,262.044,831
AAPL,2026-02-19T18:49:00Z,261.97,261.975,261.85,261.94,24382,261.9,489
AAPL,2026-02-19T18:50:00Z,261.92,261.945,261.81,261.91,23920,261.866,541
AAPL,2026-02-19T18:51:00Z,261.89,262,261.87,261.87,21587,261.938,493
AAPL,2026-02-19T18:52:00Z,261.905,262.015,261.86,262,18888,261.935,467
AAPL,2026-02-19T18:53:00Z,262,262.07,261.99,262.04,25904,262.031,563
AAPL,2026-02-19T18:54:00Z,262.045,262.045,261.955,261.975,15621,261.987,402
AAPL,2026-02-19T18:55:00Z,261.95,262.01,261.87,261.93,20431,261.945,467
AAPL,2026-02-19T18:56:00Z,261.945,261.945,261.87,261.92,9989,261.904,383
AAPL,2026-02-19T18:57:00Z,261.905,262.02,261.905,261.97,13628,261.954,436
AAPL,2026-02-19T18:58:00Z,261.95,262.14,261.95,262.105,24917,262.071,585
AAPL,2026-02-19T18:59:00Z,262.1,262.369,262.08,262.341,38888,262.233,895
AAPL,2026-02-19T19:00:00Z,262.31,262.32,262.13,262.14,25437,262.213,614
AAPL,2026-02-19T19:01:00Z,262.12,262.23,262.11,262.17,21308,262.154,605
AAPL,2026-02-19T19:02:00Z,262.16,262.16,261.88,261.91,44878,262.024,737
AAPL,2026-02-19T19:03:00Z,261.91,261.98,261.8,261.81,25897,261.886,557
AAPL,2026-02-19T19:04:00Z,261.8,261.93,261.775,261.87,17011,261.862,405
AAPL,2026-02-19T19:05:00Z,261.86,261.98,261.85,261.932,15669,261.927,423
AAPL,2026-02-19T19:06:00Z,261.915,261.95,261.89,261.91,24749,261.917,527
AAPL,2026-02-19T19:07:00Z,261.89,262.01,261.81,261.97,48421,261.881,805
AAPL,2026-02-19T19:08:00Z,261.98,261.98,261.86,261.875,41003,261.913,509
AAPL,2026-02-19T19:09:00Z,261.88,261.92,261.71,261.74,29241,261.81,623
AAPL,2026-02-19T19:10:00Z,261.76,261.77,261.64,261.71,61478,261.715,1255
AAPL,2026-02-19T19:11:00Z,261.71,261.75,261.59,261.67,30793,261.649,735
AAPL,2026-02-19T19:12:00Z,261.665,261.72,261.61,261.64,22951,261.671,483
AAPL,2026-02-19T19:13:00Z,261.62,261.66,261.52,261.645,48231,261.589,890
AAPL,2026-02-19T19:14:00Z,261.65,261.731,261.63,261.709,17484,261.675,422
AAPL,2026-02-19T19:15:00Z,261.7,261.75,261.64,261.68,22285,261.701,566
AAPL,2026-02-19T19:16:00Z,261.696,261.84,261.69,261.81,27199,261.783,558
AAPL,2026-02-19T19:17:00Z,261.805,261.97,261.805,261.88,26287,261.884,556
AAPL,2026-02-19T19:18:00Z,261.875,261.98,261.875,261.9,18259,261.951,502
AAPL,2026-02-19T19:19:00Z,261.89,261.99,261.86,261.96,12595,261.93,412
AAPL,2026-02-19T19:20:00Z,261.93,262,261.86,261.91,20846,261.931,524
AAPL,2026-02-19T19:21:00Z,261.91,261.95,261.77,261.78,22252,261.839,635
AAPL,2026-02-19T19:22:00Z,261.78,261.836,261.69,261.78,27597,261.782,648
AAPL,2026-02-19T19:23:00Z,261.795,261.91,261.795,261.86,23091,261.865,438
AAPL,2026-02-19T19:24:00Z,261.87,261.96,261.86,261.91,11821,261.9,373
AAPL,2026-02-19T19:25:00Z,261.89,261.97,261.81,261.85,24915,261.912,563
AAPL,2026-02-19T19:26:00Z,261.82,261.847,261.7,261.75,24832,261.767,537
AAPL,2026-02-19T19:27:00Z,261.75,261.75,261.57,261.62,29032,261.633,666
AAPL,2026-02-19T19:28:00Z,261.62,261.68,261.57,261.58,24393,261.607,535
AAPL,2026-02-19T19:29:00Z,261.58,261.64,261.5,261.54,35830,261.555,1068
AAPL,2026-02-19T19:30:00Z,261.53,261.61,261.493,261.58,25527,261.563,634
AAPL,2026-02-19T19:31:00Z,261.56,261.64,261.53,261.63,26427,261.584,664
AAPL,2026-02-19T19:32:00Z,261.63,261.67,261.56,261.625,31090,261.628,668
AAPL,2026-02-19T19:33:00Z,261.63,261.63,261.456,261.456,24296,261.542,680
AAPL,2026-02-19T19:34:00Z,261.48,261.54,261.45,261.535,18120,261.486,477
AAPL,2026-02-19T19:35:00Z,261.53,261.54,261.46,261.5,24606,261.495,544
AAPL,2026-02-19T19:36:00Z,261.465,261.47,261.27,261.32,40997,261.365,805
AAPL,2026-02-19T19:37:00Z,261.32,261.32,261.075,261.095,76388,261.208,1268
AAPL,2026-02-19T19:38:00Z,261.1,261.16,260.94,261.04,85131,261.039,1612
AAPL,2026-02-19T19:39:00Z,261.033,261.04,260.8,260.806,55545,260.893,1038
AAPL,2026-02-19T19:40:00Z,260.79,260.92,260.6,260.825,102870,260.809,1892
AAPL,2026-02-19T19:41:00Z,260.82,260.96,260.8,260.9,61324,260.881,1038
AAPL,2026-02-19T19:42:00Z,260.901,260.92,260.77,260.89,24851,260.838,633
AAPL,2026-02-19T19:43:00Z,260.85,260.86,260.75,260.815,26100,260.798,610
AAPL,2026-02-19T19:44:00Z,260.82,260.82,260.703,260.78,34712,260.766,795
AAPL,2026-02-19T19:45:00Z,260.78,260.91,260.75,260.855,31593,260.846,818
AAPL,2026-02-19T19:46:00Z,260.85,260.88,260.77,260.78,28590,260.823,754
AAPL,2026-02-19T19:47:00Z,260.807,260.807,260.71,260.76,32649,260.759,726
AAPL,2026-02-19T19:48:00Z,260.76,260.85,260.48,260.505,56244,260.641,1281
AAPL,2026-02-19T19:49:00Z,260.48,260.54,260.41,260.41,57304,260.47,1136
AAPL,2026-02-19T19:50:00Z,260.44,260.62,260.43,260.61,90039,260.528,1288
AAPL,2026-02-19T19:51:00Z,260.61,260.63,260.49,260.51,46370,260.545,844
AAPL,2026-02-19T19:52:00Z,260.5,260.58,260.35,260.35,54774,260.464,1082
AAPL,2026-02-19T19:53:00Z,260.346,260.43,260.27,260.36,56587,260.342,1160
AAPL,2026-02-19T19:54:00Z,260.34,260.39,260.27,260.34,48896,260.343,898
AAPL,2026-02-19T19:55:00Z,260.36,260.55,260.31,260.54,43033,260.404,887
AAPL,2026-02-19T19:56:00Z,260.54,260.612,260.52,260.575,44696,260.567,999
AAPL,2026-02-19T19:57:00Z,260.595,260.62,260.41,260.5,47019,260.541,874
AAPL,2026-02-19T19:58:00Z,260.5,260.67,260.37,260.398,64542,260.554,1123
AAPL,2026-02-19T19:59:00Z,260.39,260.445,260.34,260.41,43889,260.399,970
AAPL,2026-02-19T20:00:00Z,260.4,260.5,260.31,260.459,55849,260.403,1029
AAPL,2026-02-19T20:01:00Z,260.435,260.56,260.4,260.45,49531,260.487,1013
AAPL,2026-02-19T20:02:00Z,260.48,260.7,260.46,260.595,52186,260.608,978
AAPL,2026-02-19T20:03:00Z,260.63,260.85,260.565,260.75,59695,260.737,914
AAPL,2026-02-19T20:04:00Z,260.75,260.75,260.59,260.59,71240,260.696,881
AAPL,2026-02-19T20:05:00Z,260.58,260.66,260.38,260.48,40515,260.534,765
AAPL,2026-02-19T20:06:00Z,260.476,260.549,260.42,260.49,58058,260.472,713
AAPL,2026-02-19T20:07:00Z,260.51,260.605,260.48,260.591,22579,260.522,594
AAPL,2026-02-19T20:08:00Z,260.605,260.76,260.56,260.732,61044,260.674,1064
AAPL,2026-02-19T20:09:00Z,260.757,260.858,260.71,260.855,48222,260.764,834
AAPL,2026-02-19T20:10:00Z,260.867,261,260.867,260.932,58708,260.945,1041
AAPL,2026-02-19T20:11:00Z,260.93,261.17,260.88,261.04,73041,261.065,1163
AAPL,2026-02-19T20:12:00Z,261.04,261.145,260.98,260.98,31980,261.076,662
AAPL,2026-02-19T20:13:00Z,261,261.04,260.91,260.94,41047,260.959,900
AAPL,2026-02-19T20:14:00Z,260.965,261.02,260.83,260.93,38576,260.912,801
AAPL,2026-02-19T20:15:00Z,260.94,261.023,260.79,260.81,44817,260.937,781
AAPL,2026-02-19T20:16:00Z,260.79,260.79,260.61,260.66,38278,260.68,875
AAPL,2026-02-19T20:17:00Z,260.66,260.725,260.62,260.62,26371,260.672,557
AAPL,2026-02-19T20:18:00Z,260.615,260.73,260.6,260.72,34646,260.661,839
AAPL,2026-02-19T20:19:00Z,260.72,260.78,260.67,260.78,25893,260.724,616
AAPL,2026-02-19T20:20:00Z,260.765,260.97,260.75,260.96,24673,260.872,701
AAPL,2026-02-19T20:21:00Z,260.97,261.005,260.87,260.91,65096,260.951,871
AAPL,2026-02-19T20:22:00Z,260.905,260.98,260.85,260.98,27160,260.905,640
AAPL,2026-02-19T20:23:00Z,260.98,260.98,260.82,260.83,32426,260.885,649
AAPL,2026-02-19T20:24:00Z,260.84,260.87,260.71,260.73,32936,260.792,784
AAPL,2026-02-19T20:25:00Z,260.74,260.803,260.67,260.7,51970,260.731,878
AAPL,2026-02-19T20:26:00Z,260.72,260.72,260.59,260.63,32434,260.634,734
AAPL,2026-02-19T20:27:00Z,260.62,260.7,260.59,260.65,44968,260.638,803
AAPL,2026-02-19T20:28:00Z,260.655,260.7,260.59,260.655,34885,260.632,777
AAPL,2026-02-19T20:29:00Z,260.63,260.8,260.601,260.76,38404,260.736,903
AAPL,2026-02-19T20:30:00Z,260.76,260.91,260.728,260.845,55013,260.822,1048
AAPL,2026-02-19T20:31:00Z,260.855,260.87,260.76,260.855,42771,260.816,883
AAPL,2026-02-19T20:32:00Z,260.83,260.895,260.73,260.79,62918,260.799,1125
AAPL,2026-02-19T20:33:00Z,260.785,260.882,260.71,260.74,54599,260.776,1001
AAPL,2026-02-19T20:34:00Z,260.75,260.76,260.65,260.67,39482,260.692,866
AAPL,2026-02-19T20:35:00Z,260.68,260.8,260.67,260.72,53278,260.736,951
AAPL,2026-02-19T20:36:00Z,260.7,260.7,260.56,260.6,44812,260.615,960
AAPL,2026-02-19T20:37:00Z,260.6,260.65,260.511,260.525,46956,260.575,891
AAPL,2026-02-19T20:38:00Z,260.525,260.58,260.42,260.515,61055,260.483,1055
AAPL,2026-02-19T20:39:00Z,260.5,260.61,260.5,260.59,43509,260.555,902
AAPL,2026-02-19T20:40:00Z,260.6,260.695,260.55,260.55,64192,260.627,1022
AAPL,2026-02-19T20:41:00Z,260.53,260.53,260.27,260.27,51365,260.37,1119
AAPL,2026-02-19T20:42:00Z,260.26,260.27,260.14,260.15,75480,260.195,1273
AAPL,2026-02-19T20:43:00Z,260.169,260.211,260.05,260.11,66898,260.118,1227
AAPL,2026-02-19T20:44:00Z,260.095,260.49,260.075,260.39,88026,260.325,1446
AAPL,2026-02-19T20:45:00Z,260.395,260.415,260.25,260.28,69053,260.34,1072
AAPL,2026-02-19T20:46:00Z,260.27,260.49,260.27,260.43,98741,260.388,1448
AAPL,2026-02-19T20:47:00Z,260.45,260.71,260.43,260.63,84366,260.592,1348
AAPL,2026-02-19T20:48:00Z,260.63,260.71,260.52,260.7,92499,260.632,1346
AAPL,2026-02-19T20:49:00Z,260.72,260.83,260.58,260.64,99600,260.734,1566
AAPL,2026-02-19T20:50:00Z,260.63,260.72,260.47,260.71,155124,260.57,2347
AAPL,2026-02-19T20:51:00Z,260.7,260.86,260.65,260.75,101285,260.735,1742
AAPL,2026-02-19T20:52:00Z,260.74,260.9,260.64,260.85,102221,260.739,1672
AAPL,2026-02-19T20:53:00Z,260.87,261.11,260.865,261.05,153636,261.014,2435
AAPL,2026-02-19T20:54:00Z,261.05,261.19,260.94,261.1,173978,261.049,2771
AAPL,2026-02-19T20:55:00Z,261.15,261.3,260.92,260.93,175585,261.077,3099
AAPL,2026-02-19T20:56:00Z,260.93,260.93,260.63,260.705,165744,260.741,2554
AAPL,2026-02-19T20:57:00Z,260.71,260.778,260.43,260.43,287116,260.611,3471
AAPL,2026-02-19T20:58:00Z,260.45,260.5,260.17,260.36,603546,260.307,7260
AAPL,2026-02-19T20:59:00Z,260.38,260.63,260.32,260.51,1.02951e+06,260.421,11656
AAPL,2026-02-19T21:00:00Z,260.58,260.58,259.33,260.17,6.1569e+06,260.577,1071
AAPL,2026-02-19T21:01:00Z,260.2,260.42,260.13,260.34,272902,260.281,224
AAPL,2026-02-19T21:02:00Z,260.58,260.58,260.3,260.45,523431,260.576,107
AAPL,2026-02-19T21:03:00Z,260.499,260.54,260.31,260.31,200396,260.367,83
AAPL,2026-02-19T21:04:00Z,260.36,260.36,260.36,260.36,265279,260.36,46
AAPL,2026-02-19T21:05:00Z,260.389,260.39,260.389,260.39,1049,260.389,37
AAPL,2026-02-19T21:06:00Z,260.33,260.33,260.33,260.33,37708,260.33,53
AAPL,2026-02-19T21:07:00Z,260.33,260.38,260.32,260.38,2790,260.333,37
AAPL,2026-02-19T21:08:00Z,260.32,260.547,260.32,260.547,2517,260.462,29
AAPL,2026-02-19T21:09:00Z,260.38,260.38,260.32,260.32,391,260.35,20
AAPL,2026-02-19T21:10:00Z,260.22,260.22,260.22,260.22,383,260.22,26
AAPL,2026-02-19T21:12:00Z,260.395,260.414,260.395,260.414,708,260.404,36
AAPL,2026-02-19T21:14:00Z,260.42,260.54,260.42,260.54,500,260.5,27
AAPL,2026-02-19T21:16:00Z,260.45,260.48,260.45,260.463,1886,260.455,52
AAPL,2026-02-19T21:18:00Z,260.435,260.435,260.435,260.435,710,260.435,28
AAPL,2026-02-19T21:19:00Z,260.36,260.36,260.36,260.36,503,260.36,12
AAPL,2026-02-19T21:20:00Z,260.365,260.4,260.34,260.34,5239,260.364,164
AAPL,2026-02-19T21:22:00Z,260.45,260.46,260.45,260.46,7295,260.452,81
AAPL,2026-02-19T21:23:00Z,260.524,260.524,260.3,260.43,4724,260.433,21
AAPL,2026-02-19T21:24:00Z,260.4,260.45,260.301,260.301,1571,260.403,27
AAPL,2026-02-19T21:25:00Z,260.3,260.42,260.25,260.42,1077,260.365,33
AAPL,2026-02-19T21:27:00Z,260.33,260.34,260.33,260.34,353,260.335,14
AAPL,2026-02-19T21:28:00Z,260.388,260.388,260.388,260.388,442,260.388,21
AAPL,2026-02-19T21:29:00Z,260.35,260.35,260.35,260.35,305,260.35,14
AAPL,2026-02-19T21:30:00Z,260.38,260.42,260.38,260.42,3567,260.404,52
AAPL,2026-02-19T21:31:00Z,260.36,260.36,260.35,260.35,1034,260.355,34
AAPL,2026-02-19T21:32:00Z,260.31,260.31,260.26,260.29,1348,260.28,41
AAPL,2026-02-19T21:33:00Z,260.28,260.28,260.25,260.25,1582,260.262,41
AAPL,2026-02-19T21:34:00Z,260.21,260.25,260.2,260.2,807,260.227,22
AAPL,2026-02-19T21:36:00Z,260.58,260.58,260.58,260.58,44981,260.58,14
AAPL,2026-02-19T21:37:00Z,260.29,260.29,260.29,260.29,608,260.29,22
AAPL,2026-02-19T21:38:00Z,260.25,260.25,260.25,260.25,385,260.25,21
AAPL,2026-02-19T21:42:00Z,260.25,260.25,260.25,260.25,167,260.25,12
AAPL,2026-02-19T21:43:00Z,260.25,260.25,260.25,260.25,207,260.25,17
AAPL,2026-02-19T21:44:00Z,260.25,260.25,260.18,260.18,2527,260.232,54
AAPL,2026-02-19T21:45:00Z,260.29,260.3,260.2,260.2,2028,260.263,52
AAPL,2026-02-19T21:46:00Z,260.35,260.35,260.21,260.21,721,260.327,10
AAPL,2026-02-19T21:49:00Z,260.24,260.24,260.24,260.24,250,260.24,7
AAPL,2026-02-19T21:50:00Z,260.25,260.25,260.25,260.25,206,260.25,6
AAPL,2026-02-19T21:52:00Z,260.28,260.3,260.28,260.3,533,260.285,12
AAPL,2026-02-19T21:53:00Z,260.3,260.3,260.3,260.3,338,260.3,10
AAPL,2026-02-19T21:54:00Z,260.27,260.27,260.24,260.24,680,260.256,42
AAPL,2026-02-19T21:57:00Z,260.35,260.35,260.35,260.35,1551,260.35,65
AAPL,2026-02-19T21:58:00Z,260.375,260.375,260.35,260.35,855,260.37,22
AAPL,2026-02-19T21:59:00Z,260.35,260.35,260.35,260.35,840,260.35,35
AAPL,2026-02-19T22:01:00Z,260.35,260.35,260.35,260.35,3927,260.35,44
AAPL,2026-02-19T22:09:00Z,260.295,260.295,260.295,260.295,232,260.295,10
AAPL,2026-02-19T22:11:00Z,260.38,260.56,260.38,260.53,3175,260.53,70
AAPL,2026-02-19T22:12:00Z,260.5,260.5,260.408,260.408,404,260.446,12
AAPL,2026-02-19T22:15:00Z,260.421,260.421,260.421,260.421,260,260.421,10
AAPL,2026-02-19T22:17:00Z,260.4,260.4,260.4,260.4,379,260.4,18
AAPL,2026-02-19T22:20:00Z,260.5,260.5,260.5,260.5,861,260.5,16
AAPL,2026-02-19T22:24:00Z,260.494,260.494,260.494,260.494,214,260.494,5
AAPL,2026-02-19T22:26:00Z,260.499,260.499,260.499,260.499,705,260.499,45
AAPL,2026-02-19T22:27:00Z,260.5,260.5,260.5,260.5,894,260.5,21
AAPL,2026-02-19T22:28:00Z,260.5,260.5,260.5,260.5,270,260.5,11
AAPL,2026-02-19T22:29:00Z,260.492,260.492,260.492,260.492,389,260.492,11
AAPL,2026-02-19T22:30:00Z,260.5,260.5,260.5,260.5,154,260.5,11
AAPL,2026-02-19T22:32:00Z,260.45,260.45,260.45,260.45,210,260.45,4
AAPL,2026-02-19T22:42:00Z,260.422,260.422,260.422,260.422,328,260.422,12
AAPL,2026-02-19T22:47:00Z,260.5,260.5,260.5,260.5,122,260.5,13
AAPL,2026-02-19T22:49:00Z,260.53,260.53,260.53,260.53,185,260.53,5
AAPL,2026-02-19T22:52:00Z,260.52,260.57,260.49,260.49,3557,260.526,43
AAPL,2026-02-19T22:54:00Z,260.57,260.58,260.57,260.58,1742,260.578,16
AAPL,2026-02-19T22:55:00Z,260.512,260.512,260.512,260.512,144,260.512,8
AAPL,2026-02-19T23:00:00Z,260.55,260.55,260.541,260.541,1004,260.546,8
AAPL,2026-02-19T23:01:00Z,260.51,260.51,260.5,260.508,812,260.503,17
AAPL,2026-02-19T23:03:00Z,260.45,260.45,260.45,260.45,205,260.45,6
AAPL,2026-02-19T23:05:00Z,260.51,260.51,260.51,260.51,241,260.51,4
AAPL,2026-02-19T23:06:00Z,260.58,260.58,260.58,260.58,331,260.58,9
AAPL,2026-02-19T23:10:00Z,260.57,260.59,260.57,260.59,442,260.583,17
AAPL,2026-02-19T23:13:00Z,260.59,260.59,260.59,260.59,262,260.59,11
AAPL,2026-02-19T23:15:00Z,260.66,260.73,260.66,260.73,1643,260.68,21
AAPL,2026-02-19T23:17:00Z,260.58,260.8,260.58,260.8,564,260.707,16
AAPL,2026-02-19T23:18:00Z,260.8,260.8,260.8,260.8,423,260.8,7
AAPL,2026-02-19T23:19:00Z,260.7,260.7,260.65,260.65,615,260.662,11
AAPL,2026-02-19T23:20:00Z,260.65,260.65,260.65,260.65,61689,260.65,5
AAPL,2026-02-19T23:27:00Z,260.764,260.764,260.7,260.7,573,260.737,13
AAPL,2026-02-19T23:32:00Z,260.77,260.8,260.77,260.8,1448,260.795,23
AAPL,2026-02-19T23:34:00Z,260.83,260.98,260.83,260.98,1986,260.948,18
AAPL,2026-02-19T23:35:00Z,261,261,261,261,3072,261,10
AAPL,2026-02-19T23:36:00Z,261,261.18,260.83,260.83,2204,261.118,51
AAPL,2026-02-19T23:37:00Z,261.14,261.14,261.14,261.14,788,261.14,9
AAPL,2026-02-19T23:40:00Z,261,261,261,261,126,261,7
AAPL,2026-02-19T23:43:00Z,260.87,260.87,260.83,260.83,1441,260.834,26
AAPL,2026-02-19T23:44:00Z,260.84,260.84,260.84,260.84,475,260.84,17
AAPL,2026-02-19T23:50:00Z,260.99,260.99,260.99,260.99,457,260.99,20
AAPL,2026-02-19T23:52:00Z,261.19,261.19,261.19,261.19,299,261.19,10
AAPL,2026-02-19T23:54:00Z,260.99,260.99,260.99,260.99,130,260.99,6
AAPL,2026-02-19T23:58:00Z,260.954,261,260.954,261,1775,260.995,26
AAPL,2026-02-19T23:59:00Z,261.01,261.102,261.01,261.102,355,261.047,3
AAPL,2026-02-20T00:03:00Z,260.99,261.04,260.99,261.04,1371,261.021,15
AAPL,2026-02-20T00:05:00Z,261.09,261.1,261.09,261.1,866,261.099,13
AAPL,2026-02-20T00:11:00Z,261.05,261.28,261.03,261.28,3990,261.159,82
AAPL,2026-02-20T00:13:00Z,261.28,261.29,261.18,261.18,871,261.258,35
AAPL,2026-02-20T00:15:00Z,261.31,261.31,261.31,261.31,259,261.31,21
AAPL,2026-02-20T00:16:00Z,261.11,261.11,261.1,261.1,1077,261.106,20
AAPL,2026-02-20T00:18:00Z,261,261,261,261,182,261,13
AAPL,2026-02-20T00:19:00Z,261.03,261.03,261.03,261.03,775,261.03,52
AAPL,2026-02-20T00:21:00Z,260.96,260.98,260.9,260.9,997,260.943,21
AAPL,2026-02-20T00:22:00Z,260.86,260.86,260.85,260.85,701,260.855,23
AAPL,2026-02-20T00:26:00Z,261.19,261.38,261.19,261.38,7197,261.304,109
AAPL,2026-02-20T00:30:00Z,261.01,261.02,261,261,1149,261.008,18
AAPL,2026-02-20T00:32:00Z,261.33,261.34,261.3,261.34,1714,261.331,50
AAPL,2026-02-20T00:33:00Z,261.38,261.67,261.38,261.67,7343,261.51,124
AAPL,2026-02-20T00:34:00Z,261.687,261.687,261.687,261.687,121,261.687,4
AAPL,2026-02-20T00:37:00Z,261.13,261.13,261.13,261.13,394,261.13,10
AAPL,2026-02-20T00:39:00Z,261.3,261.3,261.3,261.3,188,261.3,7
AAPL,2026-02-20T00:42:00Z,261.01,261.01,261.01,261.01,123,261.01,5
AAPL,2026-02-20T00:44:00Z,261.101,261.101,261.101,261.101,173,261.101,5
AAPL,2026-02-20T00:48:00Z,261.42,261.42,261.42,261.42,107,261.42,3
AAPL,2026-02-20T00:49:00Z,261.26,261.446,261.23,261.446,718,261.276,13
AAPL,2026-02-20T00:50:00Z,261.2,261.42,261.154,261.154,1057,261.373,6
AAPL,2026-02-20T00:51:00Z,261.45,261.488,261.39,261.39,2892,261.448,49
AAPL,2026-02-20T00:52:00Z,261.38,261.38,261.37,261.37,373,261.374,11
AAPL,2026-02-20T00:53:00Z,261.26,261.26,261.1,261.1,672,261.127,12
AAPL,2026-02-20T00:54:00Z,261.24,261.24,261.24,261.24,1032,261.24,6
AAPL,2026-02-20T00:55:00Z,261.23,261.6,261.23,261.4,5349,261.455,36
AAPL,2026-02-20T00:59:00Z,261.45,261.45,261.3,261.38,3388,261.379,25
AAPL,2026-02-20T09:07:00Z,261.35,261.35,261.35,261.35,400,261.35,20
AAPL,2026-02-20T09:09:00Z,261.45,261.45,261.45,261.45,281,261.45,22
AAPL,2026-02-20T09:11:00Z,261.39,261.39,261.39,261.39,301,261.39,9
AAPL,2026-02-20T09:12:00Z,261.36,261.36,261.36,261.36,187,261.36,2
AAPL,2026-02-20T09:16:00Z,261.42,261.45,261.42,261.45,1573,261.437,71
AAPL,2026-02-20T09:17:00Z,261.48,261.48,261.48,261.48,537,261.48,27
AAPL,2026-02-20T09:18:00Z,261.51,261.58,261.51,261.58,1141,261.533,41
AAPL,2026-02-20T09:22:00Z,261.48,261.48,261.48,261.48,300,261.48,3
AAPL,2026-02-20T09:27:00Z,261.35,261.38,261.31,261.31,1326,261.333,63
AAPL,2026-02-20T09:28:00Z,261.32,261.33,261.32,261.33,664,261.325,17
AAPL,2026-02-20T09:29:00Z,261.34,261.34,261.34,261.34,191,261.34,5
AAPL,2026-02-20T09:30:00Z,261.36,261.36,261.36,261.36,208,261.36,6
AAPL,2026-02-20T09:31:00Z,261.3,261.3,261.3,261.3,548,261.3,11
AAPL,2026-02-20T09:37:00Z,261.11,261.13,261.11,261.13,406,261.117,7
AAPL,2026-02-20T09:39:00Z,261.16,261.16,261.16,261.16,550,261.16,8
AAPL,2026-02-20T09:47:00Z,261.05,261.05,261.05,261.05,1178,261.05,15
AAPL,2026-02-20T09:48:00Z,261,261,261,261,1345,261,56
AAPL,2026-02-20T10:00:00Z,260.92,260.97,260.92,260.97,519,260.948,11
AAPL,2026-02-20T10:02:00Z,260.9,260.92,260.9,260.92,690,260.912,12
AAPL,2026-02-20T10:12:00Z,260.92,260.96,260.92,260.96,1568,260.939,52
AAPL,2026-02-20T10:13:00Z,261.05,261.14,261.02,261.02,2494,261.116,26
AAPL,2026-02-20T10:22:00Z,260.93,260.93,260.93,260.93,317,260.93,33
AAPL,2026-02-20T10:34:00Z,260.96,260.96,260.96,260.96,656,260.96,25
AAPL,2026-02-20T10:38:00Z,260.95,260.95,260.95,260.95,100,260.95,1
AAPL,2026-02-20T10:46:00Z,260.87,260.89,260.87,260.89,533,260.878,9
AAPL,2026-02-20T10:49:00Z,260.99,260.99,260.99,260.99,332,260.99,10
AAPL,2026-02-20T10:57:00Z,260.89,260.89,260.89,260.89,642,260.89,66
AAPL,2026-02-20T11:00:00Z,260.7,260.7,260.7,260.7,993,260.7,39
AAPL,2026-02-20T11:01:00Z,260.4,260.4,260.4,260.4,884,260.4,57
AAPL,2026-02-20T11:02:00Z,260.2,260.2,260.2,260.2,1042,260.2,71
AAPL,2026-02-20T11:03:00Z,260.13,260.13,260.13,260.13,410,260.13,14
AAPL,2026-02-20T11:04:00Z,260,260.01,259.98,260.01,4537,259.998,142
AAPL,2026-02-20T11:10:00Z,260.22,260.22,260.22,260.22,202,260.22,3
AAPL,2026-02-20T11:13:00Z,260.24,260.25,260.11,260.25,1564,260.177,37
AAPL,2026-02-20T11:15:00Z,260.15,260.15,260.15,260.15,731,260.15,12
AAPL,2026-02-20T11:19:00Z,260.15,260.15,260.15,260.15,1024,260.15,55
AAPL,2026-02-20T11:24:00Z,260.1,260.1,260.1,260.1,375,260.1,10
AAPL,2026-02-20T11:25:00Z,260.25,260.25,260.25,260.25,509,260.25,16
AAPL,2026-02-20T11:38:00Z,260.21,260.21,260.21,260.21,328,260.21,5
AAPL,2026-02-20T11:41:00Z,260.2,260.2,260.2,260.2,1074,260.2,63
AAPL,2026-02-20T11:50:00Z,260,260,260,260,795,260,97
AAPL,2026-02-20T11:51:00Z,260,260,260,260,170,260,4
AAPL,2026-02-20T11:53:00Z,260,260,260,260,335,260,12
AAPL,2026-02-20T11:55:00Z,259.83,259.83,259.8,259.83,895,259.817,27
AAPL,2026-02-20T11:57:00Z,259.77,259.77,259.77,259.77,784,259.77,50
AAPL,2026-02-20T12:00:00Z,259.95,259.96,259.62,259.62,1706,259.708,63
AAPL,2026-02-20T12:01:00Z,259.7,259.7,259.7,259.7,689,259.7,35
AAPL,2026-02-20T12:02:00Z,259.6,259.6,259.6,259.6,663,259.6,35
AAPL,2026-02-20T12:03:00Z,259.92,259.92,259.92,259.92,523,259.92,24
AAPL,2026-02-20T12:05:00Z,259.88,259.88,259.86,259.87,1243,259.869,12
AAPL,2026-02-20T12:09:00Z,259.95,259.96,259.95,259.96,538,259.955,10
AAPL,2026-02-20T12:13:00Z,259.92,259.92,259.92,259.92,338,259.92,17
AAPL,2026-02-20T12:15:00Z,259.97,260.01,259.97,260.01,1220,259.998,47
AAPL,2026-02-20T12:17:00Z,260,260,260,260,425,260,9
AAPL,2026-02-20T12:19:00Z,259.92,259.92,259.85,259.87,3501,259.857,39
AAPL,2026-02-20T12:20:00Z,259.88,259.88,259.88,259.88,1085,259.88,31
AAPL,2026-02-20T12:21:00Z,259.85,259.85,259.85,259.85,1234,259.85,13
AAPL,2026-02-20T12:22:00Z,259.77,259.77,259.75,259.75,844,259.759,30
AAPL,2026-02-20T12:23:00Z,259.75,259.75,259.75,259.75,1514,259.75,20
AAPL,2026-02-20T12:30:00Z,259.65,259.65,259.65,259.65,1250,259.65,40
AAPL,2026-02-20T12:31:00Z,259.68,259.68,259.62,259.62,1411,259.665,30
AAPL,2026-02-20T12:35:00Z,259.8,259.8,259.65,259.65,998,259.702,15
AAPL,2026-02-20T12:39:00Z,259.63,259.63,259.55,259.55,3838,259.596,81
AAPL,2026-02-20T12:41:00Z,259.57,259.57,259.54,259.54,1632,259.543,78
AAPL,2026-02-20T12:42:00Z,259.43,259.43,259.36,259.36,2784,259.369,84
AAPL,2026-02-20T12:43:00Z,259.51,259.54,259.51,259.54,2064,259.532,19
AAPL,2026-02-20T12:44:00Z,259.6,259.6,259.6,259.6,724,259.6,22
AAPL,2026-02-20T12:47:00Z,259.47,259.47,259.47,259.47,270,259.47,13
AAPL,2026-02-20T12:51:00Z,259.7,259.7,259.7,259.7,448,259.7,16
AAPL,2026-02-20T12:56:00Z,259.74,259.74,259.74,259.74,188,259.74,12
AAPL,2026-02-20T12:57:00Z,259.84,259.84,259.84,259.84,1795,259.84,29
AAPL,2026-02-20T12:59:00Z,259.84,259.84,259.77,259.84,1668,259.833,47
AAPL,2026-02-20T13:00:00Z,259.59,261.54,259.33,261.18,44297,260.052,2640
AAPL,2026-02-20T13:01:00Z,261.16,261.38,259.66,259.66,3980,260.017,290
AAPL,2026-02-20T13:02:00Z,261.36,261.36,261.36,261.36,619,261.36,127
AAPL,2026-02-20T13:03:00Z,261.32,261.32,259.938,259.938,1615,260.284,128
AAPL,2026-02-20T13:04:00Z,259.83,259.9,259.83,259.9,1002,259.875,35
AAPL,2026-02-20T13:05:00Z,259.809,259.97,259.72,259.72,3020,259.864,61
AAPL,2026-02-20T13:06:00Z,259.8,259.8,259.8,259.8,217,259.8,13
AAPL,2026-02-20T13:07:00Z,259.84,259.86,259.64,259.846,3268,259.759,64
AAPL,2026-02-20T13:08:00Z,259.66,259.853,259.5,259.5,1816,259.611,50
AAPL,2026-02-20T13:09:00Z,259.54,259.61,259.54,259.6,2147,259.588,58
AAPL,2026-02-20T13:10:00Z,259.554,259.554,259.554,259.554,342,259.554,10
AAPL,2026-02-20T13:11:00Z,259.73,259.73,259.73,259.73,364,259.73,35
AAPL,2026-02-20T13:12:00Z,259.69,259.69,259.61,259.61,475,259.637,33
AAPL,2026-02-20T13:13:00Z,259.61,259.61,259.6,259.6,779,259.606,42
AAPL,2026-02-20T13:14:00Z,259.54,259.54,259.5,259.5,1706,259.507,72
AAPL,2026-02-20T13:15:00Z,259.52,259.57,259.52,259.57,1292,259.544,28
AAPL,2026-02-20T13:16:00Z,259.62,259.62,259.62,259.62,210,259.62,8
AAPL,2026-02-20T13:17:00Z,259.71,259.85,259.71,259.85,1683,259.813,32
AAPL,2026-02-20T13:18:00Z,259.78,259.85,259.78,259.85,709,259.818,37
AAPL,2026-02-20T13:20:00Z,259.93,259.95,259.85,259.85,2285,259.876,38
AAPL,2026-02-20T13:21:00Z,259.83,259.86,259.76,259.82,957,259.812,28
AAPL,2026-02-20T13:22:00Z,259.75,259.83,259.75,259.83,1134,259.79,51
AAPL,2026-02-20T13:23:00Z,259.57,259.94,259.57,259.94,623,259.878,10
AAPL,2026-02-20T13:24:00Z,259.75,259.87,259.75,259.87,930,259.823,30
AAPL,2026-02-20T13:25:00Z,259.75,259.78,259.61,259.78,2033,259.65,36
AAPL,2026-02-20T13:26:00Z,259.78,259.78,259.63,259.64,2628,259.716,68
AAPL,2026-02-20T13:28:00Z,259.77,259.77,259.77,259.77,295,259.77,25
AAPL,2026-02-20T13:29:00Z,259.92,259.92,259.92,259.92,2212,259.92,29
AAPL,2026-02-20T13:30:00Z,259.75,259.75,259.33,259.36,6654,259.392,165
AAPL,2026-02-20T13:31:00Z,259.33,259.33,259.13,259.13,4012,259.265,138
AAPL,2026-02-20T13:32:00Z,259.06,259.06,258.7,258.7,5931,258.927,316
AAPL,2026-02-20T13:33:00Z,258.82,259,258.82,259,3828,258.933,108
AAPL,2026-02-20T13:34:00Z,258.9,259,258.9,259,1866,258.939,59
AAPL,2026-02-20T13:35:00Z,259.088,259.16,259.088,259.16,2168,259.155,45
AAPL,2026-02-20T13:36:00Z,259.17,259.17,259.17,259.17,291,259.17,18
AAPL,2026-02-20T13:37:00Z,259.45,259.45,259.45,259.45,1912,259.45,60
AAPL,2026-02-20T13:38:00Z,259,259,259,259,200,259,16
AAPL,2026-02-20T13:39:00Z,259.205,259.3,259.205,259.3,510,259.252,24
AAPL,2026-02-20T13:40:00Z,259.09,259.09,258.88,258.946,2989,258.991,81
AAPL,2026-02-20T13:41:00Z,258.88,258.98,258.88,258.88,2530,258.908,77
AAPL,2026-02-20T13:42:00Z,258.88,259.07,258.88,259.07,1637,258.979,62
AAPL,2026-02-20T13:43:00Z,259.07,259.07,258.88,259,1463,258.997,40
AAPL,2026-02-20T13:44:00Z,259.16,259.16,259,259.11,7362,259.049,90
AAPL,2026-02-20T13:45:00Z,259.13,259.22,259.13,259.22,1555,259.193,52
AAPL,2026-02-20T13:46:00Z,259.02,259.22,259.01,259.01,1949,259.155,47
AAPL,2026-02-20T13:47:00Z,259,259,258.88,258.88,2993,258.966,72
AAPL,2026-02-20T13:48:00Z,259.18,259.2,259.08,259.08,1607,259.172,29
AAPL,2026-02-20T13:49:00Z,259,259,258.88,258.88,2384,258.964,104
AAPL,2026-02-20T13:50:00Z,259.05,259.189,259.05,259.189,3121,259.175,29
AAPL,2026-02-20T13:51:00Z,259.166,259.166,259.166,259.166,220,259.166,18
AAPL,2026-02-20T13:52:00Z,259.17,259.23,258.951,259.1,3610,259.147,68
AAPL,2026-02-20T13:53:00Z,259.09,259.25,259.09,259.21,6080,259.192,61
AAPL,2026-02-20T13:54:00Z,259.12,259.17,259.1,259.1,2905,259.113,58
AAPL,2026-02-20T13:55:00Z,259.08,259.08,259.05,259.05,924,259.065,51
AAPL,2026-02-20T13:56:00Z,259.05,259.05,259.05,259.05,515,259.05,18
AAPL,2026-02-20T13:58:00Z,259.1,259.1,259.08,259.08,1334,259.097,37
AAPL,2026-02-20T13:59:00Z,259.1,259.25,259.1,259.25,2216,259.116,96
AAPL,2026-02-20T14:00:00Z,259.28,259.34,259.28,259.34,1082,259.315,34
AAPL,2026-02-20T14:02:00Z,259.25,259.3,259.21,259.21,1309,259.254,27
AAPL,2026-02-20T14:03:00Z,259.24,259.24,259.24,259.24,319,259.24,25
AAPL,2026-02-20T14:04:00Z,259.26,259.4,259.26,259.4,1843,259.312,61
AAPL,2026-02-20T14:05:00Z,259.28,259.28,259.28,259.28,647,259.28,29
AAPL,2026-02-20T14:07:00Z,259.34,259.34,259.34,259.34,1323,259.34,38
AAPL,2026-02-20T14:08:00Z,259.307,259.4,259.307,259.372,1015,259.358,40
AAPL,2026-02-20T14:10:00Z,259.32,259.32,259.25,259.25,2837,259.288,113
AAPL,2026-02-20T14:12:00Z,259.25,259.25,259.19,259.19,1330,259.233,58
AAPL,2026-02-20T14:13:00Z,259.05,259.05,259,259.04,2225,259.021,131
AAPL,2026-02-20T14:14:00Z,259,259,259,259,1280,259,79
AAPL,2026-02-20T14:15:00Z,259,259,258.71,258.71,7640,258.892,225
AAPL,2026-02-20T14:16:00Z,258.757,258.87,258.63,258.64,2910,258.675,96
AAPL,2026-02-20T14:17:00Z,258.78,258.916,258.78,258.916,3708,258.787,45
AAPL,2026-02-20T14:18:00Z,258.8,258.89,258.8,258.89,1834,258.86,81
AAPL,2026-02-20T14:19:00Z,258.86,258.86,258.86,258.86,565,258.86,35
AAPL,2026-02-20T14:20:00Z,258.66,258.7,258.52,258.52,4587,258.643,255
AAPL,2026-02-20T14:21:00Z,258.79,258.79,258.79,258.79,1418,258.79,70
AAPL,2026-02-20T14:22:00Z,258.642,258.95,258.63,258.95,5753,258.819,82
AAPL,2026-02-20T14:23:00Z,258.95,258.95,258.78,258.83,1916,258.839,51
AAPL,2026-02-20T14:24:00Z,258.837,258.87,258.66,258.66,5066,258.756,88
AAPL,2026-02-20T14:25:00Z,258.7,259.39,258.698,258.95,11509,258.965,369
AAPL,2026-02-20T14:26:00Z,259.176,259.435,259.05,259.435,7449,259.159,84
AAPL,2026-02-20T14:27:00Z,259.452,259.49,259,259,9247,259.273,159
AAPL,2026-02-20T14:28:00Z,259,259.45,258.75,259.24,8220,259.251,98
AAPL,2026-02-20T14:29:00Z,259.21,259.21,258.76,259.15,4376,259.008,87
AAPL,2026-02-20T14:30:00Z,258.97,259.19,258.16,258.75,2.37679e+06,259.14,13047
AAPL,2026-02-20T14:31:00Z,258.73,259.16,258.37,258.67,128562,258.739,2749
AAPL,2026-02-20T14:32:00Z,258.75,259.44,258.69,259.05,120057,259.227,2015
AAPL,2026-02-20T14:33:00Z,259.035,259.44,258.83,259.06,70999,259.154,1980
AAPL,2026-02-20T14:34:00Z,259.11,259.28,258.94,259.085,67454,259.102,1877
AAPL,2026-02-20T14:35:00Z,259.09,259.25,258.8,259.15,127696,259.054,2336
AAPL,2026-02-20T14:36:00Z,259.116,259.89,259.11,259.725,150161,259.575,2305
AAPL,2026-02-20T14:37:00Z,259.74,259.96,259.64,259.81,107266,259.798,1937
AAPL,2026-02-20T14:38:00Z,259.775,259.9,259.51,259.56,67134,259.687,1421
AAPL,2026-02-20T14:39:00Z,259.56,259.807,259.32,259.807,72867,259.485,1541
AAPL,2026-02-20T14:40:00Z,259.85,260.25,259.77,260.16,112755,260.04,2044
AAPL,2026-02-20T14:41:00Z,260.13,260.13,259.6,259.63,77286,259.887,1408
AAPL,2026-02-20T14:42:00Z,259.639,260.14,259.48,259.95,139848,259.82,2403
AAPL,2026-02-20T14:43:00Z,260.04,260.045,259.48,259.48,83200,259.752,2143
AAPL,2026-02-20T14:44:00Z,259.5,259.94,259.471,259.899,82935,259.745,2053
AAPL,2026-02-20T14:45:00Z,259.88,259.935,259.39,259.462,86573,259.702,2207
AAPL,2026-02-20T14:46:00Z,259.45,259.7,259.32,259.59,100538,259.551,2491
AAPL,2026-02-20T14:47:00Z,259.6,259.79,259.39,259.49,92369,259.592,2425
AAPL,2026-02-20T14:48:00Z,259.49,259.59,259.442,259.491,68881,259.513,2041
AAPL,2026-02-20T14:49:00Z,259.49,259.52,259.22,259.26,71550,259.366,2012
AAPL,2026-02-20T14:50:00Z,259.285,259.4,258.86,259.085,114635,259.07,2703
AAPL,2026-02-20T14:51:00Z,259.07,259.17,258.81,258.845,104372,258.958,2320
AAPL,2026-02-20T14:52:00Z,258.84,259.283,258.835,259.02,148935,259.049,2997
AAPL,2026-02-20T14:53:00Z,259,259.29,258.86,259.01,98473,259.072,2574
AAPL,2026-02-20T14:54:00Z,259.05,259.16,258.73,258.73,101904,258.985,2626
AAPL,2026-02-20T14:55:00Z,258.755,258.84,258.5,258.79,98156,258.669,2644
AAPL,2026-02-20T14:56:00Z,258.775,259.024,258.68,259.008,94762,258.795,2172
AAPL,2026-02-20T14:57:00Z,259,259.35,258.831,259.345,72817,259.031,1898
AAPL,2026-02-20T14:58:00Z,259.321,259.64,259.31,259.594,74805,259.48,2049
AAPL,2026-02-20T14:59:00Z,259.58,259.9,259.46,259.6,99024,259.689,2458
AAPL,2026-02-20T15:00:00Z,259.69,259.88,259.5,259.84,89883,259.692,2656
AAPL,2026-02-20T15:01:00Z,259.83,261.7,259.745,261.41,393479,260.883,9562
AAPL,2026-02-20T15:02:00Z,261.51,261.61,260.69,260.96,219665,261.275,5313
AAPL,2026-02-20T15:03:00Z,260.95,261.002,260.65,260.9,159317,260.839,3537
AAPL,2026-02-20T15:04:00Z,260.92,261.25,260.75,260.955,136074,261.023,3187
AAPL,2026-02-20T15:05:00Z,260.965,261.03,260.25,260.47,156426,260.636,3756
AAPL,2026-02-20T15:06:00Z,260.42,260.79,260.24,260.26,122347,260.572,2871
AAPL,2026-02-20T15:07:00Z,260.51,261.19,260.465,261.09,140967,260.856,2758
AAPL,2026-02-20T15:08:00Z,261.11,261.89,260.8,261.89,167269,261.327,3044
AAPL,2026-02-20T15:09:00Z,261.86,262.05,261.43,261.95,171073,261.811,3340
AAPL,2026-02-20T15:10:00Z,261.965,262.35,261.92,262.23,134874,262.22,3041
AAPL,2026-02-20T15:11:00Z,262.24,262.24,261.89,261.925,131474,262.043,3013
AAPL,2026-02-20T15:12:00Z,261.965,262.02,261.44,261.67,107160,261.653,2750
AAPL,2026-02-20T15:13:00Z,261.7,261.7,261.11,261.2,92295,261.335,2519
AAPL,2026-02-20T15:14:00Z,261.207,261.33,261.04,261.08,64387,261.193,2064
AAPL,2026-02-20T15:15:00Z,261.03,261.15,260.75,260.908,80073,260.98,4698
AAPL,2026-02-20T15:16:00Z,260.9,260.9,260.2,260.33,168564,260.465,3889
AAPL,2026-02-20T15:17:00Z,260.33,261.18,260.33,261.18,100392,260.784,2962
AAPL,2026-02-20T15:18:00Z,261.14,261.47,261.03,261.445,84151,261.235,2492
AAPL,2026-02-20T15:19:00Z,261.44,261.525,261.08,261.39,77945,261.259,2255
AAPL,2026-02-20T15:20:00Z,261.39,261.44,261.2,261.31,82810,261.287,2026
AAPL,2026-02-20T15:21:00Z,261.31,261.69,261.27,261.64,76533,261.485,2223
AAPL,2026-02-20T15:22:00Z,261.58,261.62,261.35,261.47,65151,261.497,2046
AAPL,2026-02-20T15:23:00Z,261.44,261.53,261.19,261.38,45080,261.302,1816
AAPL,2026-02-20T15:24:00Z,261.385,261.51,261.16,261.36,64060,261.336,2010
AAPL,2026-02-20T15:25:00Z,261.38,261.41,260.995,261.05,38386,261.168,1757
AAPL,2026-02-20T15:26:00Z,261.09,261.416,261.06,261.36,56883,261.234,1993
AAPL,2026-02-20T15:27:00Z,261.37,261.415,261.04,261.04,39705,261.222,1766
AAPL,2026-02-20T15:28:00Z,261.055,261.119,260.71,260.82,73724,260.905,2304
AAPL,2026-02-20T15:29:00Z,260.81,260.89,260.31,260.57,103637,260.583,2680
AAPL,2026-02-20T15:30:00Z,260.55,260.74,260.3,260.39,85746,260.516,2347
AAPL,2026-02-20T15:31:00Z,260.44,260.655,260.355,260.61,66697,260.5,1897
AAPL,2026-02-20T15:32:00Z,260.615,260.69,260.33,260.43,60447,260.445,2120
AAPL,2026-02-20T15:33:00Z,260.39,260.5,260.277,260.44,63323,260.387,2119
AAPL,2026-02-20T15:34:00Z,260.465,260.89,260.43,260.65,66681,260.665,2004
AAPL,2026-02-20T15:35:00Z,260.655,260.74,260.51,260.61,46858,260.615,1767
AAPL,2026-02-20T15:36:00Z,260.625,261.22,260.625,261.2,58036,260.937,1910
AAPL,2026-02-20T15:37:00Z,261.205,261.35,261.05,261.325,60085,261.186,1898
AAPL,2026-02-20T15:38:00Z,261.32,261.45,261.3,261.4,58532,261.355,1769
AAPL,2026-02-20T15:39:00Z,261.402,261.53,261.39,261.45,47226,261.467,1625
AAPL,2026-02-20T15:40:00Z,261.5,261.565,261.15,261.15,65093,261.402,2041
AAPL,2026-02-20T15:41:00Z,261.18,261.71,261.08,261.621,73657,261.435,2045
AAPL,2026-02-20T15:42:00Z,261.6,261.78,261.5,261.78,46725,261.622,1658
AAPL,2026-02-20T15:43:00Z,261.78,262.18,261.67,262.075,100691,261.932,2551
AAPL,2026-02-20T15:44:00Z,262.095,262.443,261.99,262.375,109619,262.162,2436
AAPL,2026-02-20T15:45:00Z,262.4,262.48,262.28,262.36,74056,262.382,2016
AAPL,2026-02-20T15:46:00Z,262.35,262.35,262.17,262.224,52307,262.237,1738
AAPL,2026-02-20T15:47:00Z,262.215,262.45,262.19,262.38,70878,262.311,1981
AAPL,2026-02-20T15:48:00Z,262.38,262.75,262.33,262.71,148474,262.58,2982
AAPL,2026-02-20T15:49:00Z,262.65,263.26,262.59,262.685,169448,262.853,4955
AAPL,2026-02-20T15:50:00Z,262.675,262.79,262.39,262.53,81885,262.619,2267
AAPL,2026-02-20T15:51:00Z,262.52,262.71,262.48,262.655,56705,262.616,1836
AAPL,2026-02-20T15:52:00Z,262.64,262.92,262.62,262.85,90502,262.809,1952
AAPL,2026-02-20T15:53:00Z,262.86,262.95,262.73,262.8,75757,262.849,1998
AAPL,2026-02-20T15:54:00Z,262.839,262.93,262.72,262.93,67454,262.84,2182
AAPL,2026-02-20T15:55:00Z,262.93,263,262.615,262.64,69961,262.825,2032
AAPL,2026-02-20T15:56:00Z,262.67,262.77,262.4,262.55,84456,262.57,2004
AAPL,2026-02-20T15:57:00Z,262.57,262.74,262.48,262.64,47404,262.582,1762
AAPL,2026-02-20T15:58:00Z,262.65,262.74,262.46,262.635,68303,262.557,2048
AAPL,2026-02-20T15:59:00Z,262.66,262.75,262.53,262.55,133129,262.667,2278
AAPL,2026-02-20T16:00:00Z,262.57,262.633,262.38,262.49,85333,262.492,2283
AAPL,2026-02-20T16:01:00Z,262.46,262.51,262.39,262.42,71500,262.446,1958
AAPL,2026-02-20T16:02:00Z,262.39,262.56,262.39,262.56,50584,262.479,1724
AAPL,2026-02-20T16:03:00Z,262.53,262.62,262.36,262.47,70833,262.485,1951
AAPL,2026-02-20T16:04:00Z,262.455,262.81,262.42,262.695,135461,262.7,2449
AAPL,2026-02-20T16:05:00Z,262.69,262.69,262.48,262.5,65829,262.625,1828
AAPL,2026-02-20T16:06:00Z,262.52,262.79,262.49,262.66,55653,262.696,1672
AAPL,2026-02-20T16:07:00Z,262.64,262.71,262.42,262.45,58839,262.502,1787
AAPL,2026-02-20T16:08:00Z,262.47,262.64,262.36,262.64,36867,262.458,1602
AAPL,2026-02-20T16:09:00Z,262.635,262.655,262.47,262.52,349346,262.573,1541
AAPL,2026-02-20T16:10:00Z,262.52,262.605,262.38,262.38,49872,262.48,1668
AAPL,2026-02-20T16:11:00Z,262.408,262.5,262.34,262.47,40034,262.44,1609
AAPL,2026-02-20T16:12:00Z,262.45,262.6,262.4,262.565,58070,262.514,1722
AAPL,2026-02-20T16:13:00Z,262.555,262.555,262.224,262.224,70388,262.35,1939
AAPL,2026-02-20T16:14:00Z,262.23,262.31,262.14,262.26,54075,262.218,1792
AAPL,2026-02-20T16:15:00Z,262.3,262.498,262.22,262.255,55357,262.381,1806
AAPL,2026-02-20T16:16:00Z,262.26,262.34,262.08,262.1,43061,262.199,1779
AAPL,2026-02-20T16:17:00Z,262.1,262.139,261.86,261.972,74095,261.979,2134
AAPL,2026-02-20T16:18:00Z,261.954,262.17,261.954,262.17,31545,262.04,1562
AAPL,2026-02-20T16:19:00Z,262.17,262.35,262.12,262.27,47193,262.26,1611
AAPL,2026-02-20T16:20:00Z,262.29,262.305,262.06,262.11,56915,262.165,1800
AAPL,2026-02-20T16:21:00Z,262.135,262.21,262.04,262.088,40495,262.123,1726
AAPL,2026-02-20T16:22:00Z,262.1,262.25,261.928,261.96,35297,262.122,1730
AAPL,2026-02-20T16:23:00Z,261.94,262.1,261.857,262.02,38036,262.015,1631
AAPL,2026-02-20T16:24:00Z,262.04,262.08,261.905,261.91,20590,261.982,1362
AAPL,2026-02-20T16:25:00Z,261.89,261.89,261.57,261.6,81581,261.679,2216
AAPL,2026-02-20T16:26:00Z,261.62,261.79,261.597,261.671,54367,261.701,1725
AAPL,2026-02-20T16:27:00Z,261.709,261.709,261.47,261.53,48427,261.537,1698
AAPL,2026-02-20T16:28:00Z,261.524,261.72,261.52,261.7,65247,261.617,1710
AAPL,2026-02-20T16:29:00Z,261.69,261.705,261.385,261.42,60100,261.5,1958
AAPL,2026-02-20T16:30:00Z,261.42,261.436,261.28,261.4,54059,261.334,1851
AAPL,2026-02-20T16:31:00Z,261.393,261.45,261.23,261.41,1.66896e+06,261.282,2192
AAPL,2026-02-20T16:32:00Z,261.395,262.14,261.37,262.105,82997,261.827,2168
AAPL,2026-02-20T16:33:00Z,262.1,262.32,262.04,262.2,87773,262.197,2409
AAPL,2026-02-20T16:34:00Z,262.195,262.3,262.09,262.28,50327,262.165,1856
AAPL,2026-02-20T16:35:00Z,262.32,262.33,262.05,262.1,40148,262.178,1814
AAPL,2026-02-20T16:36:00Z,262.135,262.42,262.08,262.405,42159,262.225,1725
AAPL,2026-02-20T16:37:00Z,262.42,262.73,262.4,262.69,87960,262.587,2136
AAPL,2026-02-20T16:38:00Z,262.68,262.99,262.62,262.98,78930,262.83,1998
AAPL,2026-02-20T16:39:00Z,263,263.15,262.99,263.13,78018,263.061,2173
AAPL,2026-02-20T16:40:00Z,263.15,263.27,263.05,263.115,82606,263.143,2245
AAPL,2026-02-20T16:41:00Z,263.1,263.15,262.92,263.06,62496,263.034,1843
AAPL,2026-02-20T16:42:00Z,263.06,263.19,263.04,263.05,47722,263.13,1700
AAPL,2026-02-20T16:43:00Z,263.1,263.42,263.08,263.34,77448,263.3,2070
AAPL,2026-02-20T16:44:00Z,263.335,263.42,263.25,263.37,48745,263.341,1760
AAPL,2026-02-20T16:45:00Z,263.37,263.68,263.3,263.665,100663,263.477,2509
AAPL,2026-02-20T16:46:00Z,263.66,263.91,263.56,263.815,97523,263.764,2374
AAPL,2026-02-20T16:47:00Z,263.84,264.02,263.82,263.97,110098,263.931,2381
AAPL,2026-02-20T16:48:00Z,263.98,264.22,263.901,264.21,85792,264.063,2158
AAPL,2026-02-20T16:49:00Z,264.21,264.39,264.21,264.23,105490,264.302,2410
AAPL,2026-02-20T16:50:00Z,264.25,264.38,264.082,264.345,89607,264.248,2261
AAPL,2026-02-20T16:51:00Z,264.345,264.48,264.2,264.455,106432,264.335,2323
AAPL,2026-02-20T16:52:00Z,264.465,264.48,264.16,264.21,84439,264.314,2030
AAPL,2026-02-20T16:53:00Z,264.21,264.64,264.21,264.595,73950,264.499,2092
AAPL,2026-02-20T16:54:00Z,264.58,264.679,264.55,264.56,57344,264.603,2021
AAPL,2026-02-20T16:55:00Z,264.56,264.61,264.43,264.48,72343,264.498,2099
AAPL,2026-02-20T16:56:00Z,264.486,264.75,264.43,264.733,105500,264.635,2166
AAPL,2026-02-20T16:57:00Z,264.72,264.73,264.51,264.58,80440,264.646,2141
AAPL,2026-02-20T16:58:00Z,264.58,264.63,264.46,264.565,55234,264.538,1944
AAPL,2026-02-20T16:59:00Z,264.55,264.57,264.18,264.27,104998,264.336,2732
AAPL,2026-02-20T17:00:00Z,264.29,264.545,264.13,264.18,70750,264.353,2029
AAPL,2026-02-20T17:01:00Z,264.19,264.24,263.96,264,101305,264.067,2199
AAPL,2026-02-20T17:02:00Z,264.02,264.225,264,264.08,49073,264.095,1280
AAPL,2026-02-20T17:03:00Z,264.07,264.09,263.88,263.93,54322,263.991,896
AAPL,2026-02-20T17:04:00Z,263.93,263.98,263.76,263.79,77504,263.863,1479
AAPL,2026-02-20T17:05:00Z,263.81,263.84,263.59,263.7,40127,263.733,899
AAPL,2026-02-20T17:06:00Z,263.69,263.74,263.52,263.63,41390,263.641,1040
AAPL,2026-02-20T17:07:00Z,263.66,263.67,263.39,263.4,38203,263.519,915
AAPL,2026-02-20T17:08:00Z,263.436,263.51,263.32,263.5,35566,263.418,823
AAPL,2026-02-20T17:09:00Z,263.47,263.565,263.249,263.3,43468,263.421,1070
AAPL,2026-02-20T17:10:00Z,263.29,263.37,263.2,263.275,64387,263.269,1307
AAPL,2026-02-20T17:11:00Z,263.26,263.26,262.91,263.02,92908,263.025,1525
AAPL,2026-02-20T17:12:00Z,263.025,263.24,263,263.06,39525,263.093,962
AAPL,2026-02-20T17:13:00Z,263.06,263.438,262.99,263.23,60294,263.233,1186
AAPL,2026-02-20T17:14:00Z,263.24,263.28,262.68,262.7,72070,262.914,1516
AAPL,2026-02-20T17:15:00Z,262.69,262.69,262.3,262.36,82401,262.485,1771
AAPL,2026-02-20T17:16:00Z,262.36,262.43,262.25,262.39,44064,262.351,1028
AAPL,2026-02-20T17:17:00Z,262.44,262.525,262.35,262.37,79729,262.432,1623
AAPL,2026-02-20T17:18:00Z,262.385,262.4,262.15,262.218,59210,262.244,1289
AAPL,2026-02-20T17:19:00Z,262.24,262.25,262.06,262.094,52250,262.139,1108
AAPL,2026-02-20T17:20:00Z,262.065,262.11,261.87,261.93,54569,262.005,1261
AAPL,2026-02-20T17:21:00Z,261.92,262.07,261.87,261.91,42661,261.982,844
AAPL,2026-02-20T17:22:00Z,261.92,262,261.74,261.765,62276,261.875,1302
AAPL,2026-02-20T17:23:00Z,261.79,261.951,261.78,261.87,34362,261.881,844
AAPL,2026-02-20T17:24:00Z,261.87,261.879,261.54,261.64,55923,261.715,1372
AAPL,2026-02-20T17:25:00Z,261.62,261.86,261.55,261.8,47887,261.743,1037
AAPL,2026-02-20T17:26:00Z,261.83,261.95,261.68,261.8,50337,261.838,1020
AAPL,2026-02-20T17:27:00Z,261.77,262,261.76,261.95,39297,261.895,1081
AAPL,2026-02-20T17:28:00Z,261.945,262,261.83,261.95,1.04358e+06,261.89,1055
AAPL,2026-02-20T17:29:00Z,261.94,262.32,261.891,262.3,67192,262.169,1399
AAPL,2026-02-20T17:30:00Z,262.269,262.47,262.23,262.35,51914,262.356,1080
AAPL,2026-02-20T17:31:00Z,262.33,262.34,262.04,262.04,56674,262.229,1047
AAPL,2026-02-20T17:32:00Z,262.05,262.1,261.925,261.994,41279,262.017,922
AAPL,2026-02-20T17:33:00Z,262.03,262.299,261.98,262.15,32669,262.137,810
AAPL,2026-02-20T17:34:00Z,262.16,262.18,262.09,262.1,33291,262.134,916
AAPL,2026-02-20T17:35:00Z,262.095,262.22,261.89,261.98,30774,262.022,801
AAPL,2026-02-20T17:36:00Z,261.97,261.985,261.61,261.78,81676,261.727,1643
AAPL,2026-02-20T17:37:00Z,261.81,262.04,261.8,261.94,42440,261.939,1109
AAPL,2026-02-20T17:38:00Z,261.92,261.92,261.82,261.9,27421,261.866,769
AAPL,2026-02-20T17:39:00Z,261.85,262.12,261.83,262.04,50766,262.012,1257
AAPL,2026-02-20T17:40:00Z,262.02,262.128,261.99,262.12,26265,262.081,787
AAPL,2026-02-20T17:41:00Z,262.12,262.13,261.85,261.89,25923,261.991,702
AAPL,2026-02-20T17:42:00Z,261.9,262.03,261.88,262.03,22471,261.943,768
AAPL,2026-02-20T17:43:00Z,262.025,262.19,261.82,262.135,72009,262.042,1798
AAPL,2026-02-20T17:44:00Z,262.12,262.2,262.035,262.16,24921,262.103,760
AAPL,2026-02-20T17:45:00Z,262.15,262.5,262.115,262.44,54631,262.323,1277
AAPL,2026-02-20T17:46:00Z,262.44,262.56,262.23,262.295,51410,262.437,1150
AAPL,2026-02-20T17:47:00Z,262.31,262.38,262.06,262.2,54758,262.227,1221
AAPL,2026-02-20T17:48:00Z,262.24,262.47,262.19,262.41,36451,262.362,933
AAPL,2026-02-20T17:49:00Z,262.425,262.75,262.33,262.65,85294,262.504,1739
AAPL,2026-02-20T17:50:00Z,262.67,262.71,262.44,262.465,63288,262.576,1131
AAPL,2026-02-20T17:51:00Z,262.51,262.61,262.37,262.61,34757,262.485,886
AAPL,2026-02-20T17:52:00Z,262.59,262.85,262.572,262.84,64753,262.691,1258
AAPL,2026-02-20T17:53:00Z,262.84,262.86,262.62,262.72,40809,262.722,1106
AAPL,2026-02-20T17:54:00Z,262.73,262.853,262.66,262.685,53750,262.768,907
AAPL,2026-02-20T17:55:00Z,262.697,262.7,261.86,262.57,160033,262.322,4551
AAPL,2026-02-20T17:56:00Z,262.54,262.68,262.51,262.56,43617,262.591,921
AAPL,2026-02-20T17:57:00Z,262.53,262.8,262.53,262.79,21201,262.692,784
AAPL,2026-02-20T17:58:00Z,262.79,263.03,262.78,262.945,45677,262.943,1191
AAPL,2026-02-20T17:59:00Z,262.95,263.13,262.92,263.12,82968,263.025,1429
AAPL,2026-02-20T18:00:00Z,263.1,263.25,263.08,263.14,63211,263.178,1373
AAPL,2026-02-20T18:01:00Z,263.15,263.26,263.04,263.26,40256,263.104,855
AAPL,2026-02-20T18:02:00Z,263.24,263.39,263.19,263.28,49325,263.296,1172
AAPL,2026-02-20T18:03:00Z,263.276,263.39,263.12,263.27,47833,263.227,1074
AAPL,2026-02-20T18:04:00Z,263.29,263.39,263.18,263.18,48150,263.268,1044
AAPL,2026-02-20T18:05:00Z,263.174,263.425,263.12,263.35,47341,263.313,1061
AAPL,2026-02-20T18:06:00Z,263.4,263.63,263.38,263.62,66704,263.526,1300
AAPL,2026-02-20T18:07:00Z,263.615,263.75,263.49,263.49,57547,263.636,1116
AAPL,2026-02-20T18:08:00Z,263.51,263.615,263.45,263.6,20972,263.545,697
AAPL,2026-02-20T18:09:00Z,263.605,263.63,263.51,263.51,22775,263.58,709
AAPL,2026-02-20T18:10:00Z,263.51,263.51,263.334,263.4,25806,263.413,772
AAPL,2026-02-20T18:11:00Z,263.4,263.44,263.241,263.29,34151,263.316,868
AAPL,2026-02-20T18:12:00Z,263.29,263.55,263.18,263.55,55139,263.305,1186
AAPL,2026-02-20T18:13:00Z,263.54,263.56,263.39,263.4,20747,263.456,691
AAPL,2026-02-20T18:14:00Z,263.42,263.73,263.42,263.66,37040,263.615,1013
AAPL,2026-02-20T18:15:00Z,263.67,263.678,263.37,263.43,21429,263.479,776
AAPL,2026-02-20T18:16:00Z,263.4,263.48,263.356,263.356,35051,263.4,746
AAPL,2026-02-20T18:17:00Z,263.34,263.51,263.264,263.42,52836,263.4,978
AAPL,2026-02-20T18:18:00Z,263.42,263.48,263.312,263.37,20902,263.386,690
AAPL,2026-02-20T18:19:00Z,263.36,263.66,263.36,263.573,43134,263.521,1031
AAPL,2026-02-20T18:20:00Z,263.54,263.56,263.43,263.511,28848,263.505,846
AAPL,2026-02-20T18:21:00Z,263.54,263.63,263.4,263.43,40279,263.53,1131
AAPL,2026-02-20T18:22:00Z,263.39,263.81,263.372,263.74,35052,263.631,959
AAPL,2026-02-20T18:23:00Z,263.794,263.93,263.3,263.485,82112,263.667,2039
AAPL,2026-02-20T18:24:00Z,263.485,263.848,263.19,263.767,116744,263.561,2470
AAPL,2026-02-20T18:25:00Z,263.79,263.79,263.47,263.585,39306,263.688,969
AAPL,2026-02-20T18:26:00Z,263.57,263.69,263.5,263.545,32800,263.585,884
AAPL,2026-02-20T18:27:00Z,263.58,263.7,263.33,263.6,46110,263.531,1091
AAPL,2026-02-20T18:28:00Z,263.639,263.66,263.52,263.59,14523,263.601,645
AAPL,2026-02-20T18:29:00Z,263.62,263.8,263.5,263.565,39215,263.628,852
AAPL,2026-02-20T18:30:00Z,263.575,263.58,263.16,263.57,104391,263.423,2797
AAPL,2026-02-20T18:31:00Z,263.58,263.95,263.46,263.93,45253,263.762,1193
AAPL,2026-02-20T18:32:00Z,263.95,263.95,263.81,263.86,40000,263.857,824
AAPL,2026-02-20T18:33:00Z,263.85,264.38,263.85,264.1,124560,264.108,2068
AAPL,2026-02-20T18:34:00Z,264.105,264.25,263.76,263.94,84153,264.032,1958
AAPL,2026-02-20T18:35:00Z,263.96,264.13,263.48,263.66,113615,263.724,2657
AAPL,2026-02-20T18:36:00Z,263.6,264.25,263.535,264.21,90237,263.953,1806
AAPL,2026-02-20T18:37:00Z,264.24,264.3,264.06,264.06,62247,264.165,1466
AAPL,2026-02-20T18:38:00Z,264.085,264.2,264.02,264.08,37002,264.106,745
AAPL,2026-02-20T18:39:00Z,264.05,264.055,263.66,263.832,55858,263.87,1328
AAPL,2026-02-20T18:40:00Z,263.9,264.43,263.87,264.395,81555,264.2,1207
AAPL,2026-02-20T18:41:00Z,264.41,264.54,264.29,264.455,104751,264.453,1225
AAPL,2026-02-20T18:42:00Z,264.44,264.71,264.37,264.42,68103,264.551,1124
AAPL,2026-02-20T18:43:00Z,264.41,264.44,264.18,264.27,55168,264.28,1001
AAPL,2026-02-20T18:44:00Z,264.27,264.35,264.14,264.28,54480,264.285,769
AAPL,2026-02-20T18:45:00Z,264.25,264.75,264.235,264.57,72017,264.459,1519
AAPL,2026-02-20T18:46:00Z,264.535,264.63,264.42,264.475,32774,264.515,588
AAPL,2026-02-20T18:47:00Z,264.49,264.61,264.36,264.565,42470,264.484,866
AAPL,2026-02-20T18:48:00Z,264.565,264.58,264.16,264.2,43737,264.331,999
AAPL,2026-02-20T18:49:00Z,264.225,264.34,264.17,264.17,24038,264.285,511
AAPL,2026-02-20T18:50:00Z,264.16,264.18,263.77,264,88224,263.981,2101
AAPL,2026-02-20T18:51:00Z,263.97,264.06,263.8,263.97,53230,263.926,1152
AAPL,2026-02-20T18:52:00Z,264.01,264.18,263.98,264.17,37875,264.089,832
AAPL,2026-02-20T18:53:00Z,264.18,264.35,264.17,264.25,36640,264.273,799
AAPL,2026-02-20T18:54:00Z,264.265,264.36,264.21,264.23,29295,264.272,673
AAPL,2026-02-20T18:55:00Z,264.26,264.31,264.01,264.08,49329,264.145,976
AAPL,2026-02-20T18:56:00Z,264.09,264.26,264.09,264.26,19029,264.19,547
AAPL,2026-02-20T18:57:00Z,264.26,264.3,264.18,264.23,45609,264.238,686
AAPL,2026-02-20T18:58:00Z,264.23,264.26,264.14,264.205,31122,264.208,606
AAPL,2026-02-20T18:59:00Z,264.23,264.24,264.15,264.23,32549,264.185,660
AAPL,2026-02-20T19:00:00Z,264.235,264.41,264.22,264.38,46200,264.324,750
AAPL,2026-02-20T19:01:00Z,264.39,264.43,264.21,264.325,41019,264.366,886
AAPL,2026-02-20T19:02:00Z,264.31,264.43,264.24,264.35,23443,264.337,694
AAPL,2026-02-20T19:03:00Z,264.37,264.4,264.29,264.39,23684,264.355,620
AAPL,2026-02-20T19:04:00Z,264.36,264.37,264.27,264.31,32136,264.317,710
AAPL,2026-02-20T19:05:00Z,264.32,264.32,264.15,264.16,33302,264.233,718
AAPL,2026-02-20T19:06:00Z,264.2,264.24,263.98,264.08,60450,264.078,1180
AAPL,2026-02-20T19:07:00Z,264.06,264.124,263.92,264.085,51776,263.986,853
AAPL,2026-02-20T19:08:00Z,264.07,264.2,264.02,264.07,23168,264.114,644
AAPL,2026-02-20T19:09:00Z,264.06,264.17,263.97,264.16,35554,264.076,803
AAPL,2026-02-20T19:10:00Z,264.155,264.17,263.93,263.99,30355,264.04,738
AAPL,2026-02-20T19:11:00Z,263.98,264.08,263.96,264.05,39727,263.998,718
AAPL,2026-02-20T19:12:00Z,264.035,264.05,263.935,263.935,24544,264.026,456
AAPL,2026-02-20T19:13:00Z,263.96,264.1,263.96,263.99,18193,264.034,517
AAPL,2026-02-20T19:14:00Z,263.985,263.99,263.81,263.88,47244,263.899,722
AAPL,2026-02-20T19:15:00Z,263.905,264.01,263.875,263.91,27784,263.947,605
AAPL,2026-02-20T19:16:00Z,263.89,263.89,263.8,263.822,35598,263.839,574
AAPL,2026-02-20T19:17:00Z,263.85,263.87,263.77,263.8,26685,263.813,639
AAPL,2026-02-20T19:18:00Z,263.82,263.88,263.74,263.755,21537,263.812,605
AAPL,2026-02-20T19:19:00Z,263.755,263.82,263.72,263.81,18301,263.753,514
AAPL,2026-02-20T19:20:00Z,263.815,263.85,263.74,263.815,17320,263.787,499
AAPL,2026-02-20T19:21:00Z,263.82,264.006,263.815,263.965,27879,263.96,702
AAPL,2026-02-20T19:22:00Z,264.03,264.169,264.03,264.1,27957,264.11,722
AAPL,2026-02-20T19:23:00Z,264.13,264.13,264.02,264.125,13647,264.092,474
AAPL,2026-02-20T19:24:00Z,264.145,264.32,264.145,264.25,39442,264.258,920
AAPL,2026-02-20T19:25:00Z,264.255,264.28,264.14,264.14,30413,264.196,720
AAPL,2026-02-20T19:26:00Z,264.155,264.275,264.12,264.185,41625,264.225,728
AAPL,2026-02-20T19:27:00Z,264.195,264.28,264.19,264.23,20724,264.237,534
AAPL,2026-02-20T19:28:00Z,264.24,264.3,264.18,264.25,34541,264.251,769
AAPL,2026-02-20T19:29:00Z,264.25,264.48,264.24,264.43,50202,264.401,1022
AAPL,2026-02-20T19:30:00Z,264.44,264.66,264.44,264.624,68694,264.583,1261
AAPL,2026-02-20T19:31:00Z,264.645,264.71,264.57,264.61,49206,264.661,891
AAPL,2026-02-20T19:32:00Z,264.63,264.65,264.51,264.51,38280,264.585,709
AAPL,2026-02-20T19:33:00Z,264.5,264.575,264.43,264.56,33234,264.501,686
AAPL,2026-02-20T19:34:00Z,264.55,264.575,264.39,264.48,44626,264.459,883
AAPL,2026-02-20T19:35:00Z,264.46,264.48,264.29,264.3,38312,264.383,719
AAPL,2026-02-20T19:36:00Z,264.305,264.34,264.19,264.24,33164,264.261,683
AAPL,2026-02-20T19:37:00Z,264.25,264.25,264,264.015,38550,264.113,868
AAPL,2026-02-20T19:38:00Z,264.015,264.15,263.97,264.15,40317,264.061,677
AAPL,2026-02-20T19:39:00Z,264.13,264.26,264.105,264.105,40123,264.179,677
AAPL,2026-02-20T19:40:00Z,264.105,264.16,264.03,264.09,34270,264.092,744
AAPL,2026-02-20T19:41:00Z,264.09,264.18,264.03,264.18,21328,264.105,572
AAPL,2026-02-20T19:42:00Z,264.18,264.19,264.01,264.05,37539,264.066,689
AAPL,2026-02-20T19:43:00Z,264.04,264.105,263.92,263.93,26688,264.003,654
AAPL,2026-02-20T19:44:00Z,263.94,264.025,263.892,263.9,54194,263.953,886
AAPL,2026-02-20T19:45:00Z,263.91,263.93,263.68,263.76,68484,263.79,1116
AAPL,2026-02-20T19:46:00Z,263.81,263.81,263.67,263.76,30801,263.733,670
AAPL,2026-02-20T19:47:00Z,263.765,263.82,263.73,263.79,54575,263.768,924
AAPL,2026-02-20T19:48:00Z,263.75,263.75,263.6,263.715,282631,263.669,674
AAPL,2026-02-20T19:49:00Z,263.715,263.78,263.685,263.763,33927,263.735,628
AAPL,2026-02-20T19:50:00Z,263.75,263.98,263.75,263.94,40534,263.862,915
AAPL,2026-02-20T19:51:00Z,263.96,264.065,263.845,263.845,33150,263.97,667
AAPL,2026-02-20T19:52:00Z,263.85,263.96,263.83,263.96,18731,263.9,471
AAPL,2026-02-20T19:53:00Z,263.95,264.16,263.91,264.16,25679,264.011,662
AAPL,2026-02-20T19:54:00Z,264.15,264.17,264.04,264.091,33674,264.11,889
AAPL,2026-02-20T19:55:00Z,264.095,264.17,264.08,264.17,39638,264.103,707
AAPL,2026-02-20T19:56:00Z,264.18,264.24,264.09,264.17,37230,264.168,867
AAPL,2026-02-20T19:57:00Z,264.193,264.26,264.13,264.2,49123,264.199,888
AAPL,2026-02-20T19:58:00Z,264.2,264.28,264.17,264.275,28439,264.243,732
AAPL,2026-02-20T19:59:00Z,264.27,264.31,264.176,264.176,35693,264.242,810
AAPL,2026-02-20T20:00:00Z,264.18,264.24,264.11,264.22,38491,264.171,879
AAPL,2026-02-20T20:01:00Z,264.245,264.36,264.1,264.337,42763,264.238,867
AAPL,2026-02-20T20:02:00Z,264.31,264.31,264.18,264.19,25512,264.242,748
AAPL,2026-02-20T20:03:00Z,264.2,264.4,264.19,264.335,37553,264.289,756
AAPL,2026-02-20T20:04:00Z,264.31,264.36,264.21,264.27,35619,264.275,1004
AAPL,2026-02-20T20:05:00Z,264.25,264.46,264.18,264.38,39948,264.351,969
AAPL,2026-02-20T20:06:00Z,264.384,264.43,264.25,264.42,35362,264.338,982
AAPL,2026-02-20T20:07:00Z,264.41,264.47,264.25,264.35,48682,264.356,1145
AAPL,2026-02-20T20:08:00Z,264.35,264.4,264.25,264.4,54108,264.308,932
AAPL,2026-02-20T20:09:00Z,264.4,264.48,264.355,264.42,38065,264.416,809
AAPL,2026-02-20T20:10:00Z,264.42,264.49,264.35,264.43,78063,264.408,942
AAPL,2026-02-20T20:11:00Z,264.43,264.55,264.42,264.455,65798,264.494,961
AAPL,2026-02-20T20:12:00Z,264.44,264.52,264.36,264.5,52790,264.441,957
AAPL,2026-02-20T20:13:00Z,264.51,264.66,264.49,264.625,71386,264.587,1159
AAPL,2026-02-20T20:14:00Z,264.628,264.71,264.61,264.61,64479,264.673,1050
AAPL,2026-02-20T20:15:00Z,264.625,264.65,264.44,264.51,85404,264.562,1697
AAPL,2026-02-20T20:16:00Z,264.5,264.53,264.39,264.445,78629,264.444,1271
AAPL,2026-02-20T20:17:00Z,264.45,264.45,264.3,264.34,48799,264.382,901
AAPL,2026-02-20T20:18:00Z,264.33,264.35,264.23,264.325,61144,264.31,816
AAPL,2026-02-20T20:19:00Z,264.32,264.38,264.25,264.28,37921,264.322,704
AAPL,2026-02-20T20:20:00Z,264.285,264.285,264.09,264.09,65376,264.205,956
AAPL,2026-02-20T20:21:00Z,264.09,264.135,263.79,263.82,33992,263.946,843
AAPL,2026-02-20T20:22:00Z,263.795,263.932,263.772,263.897,45783,263.876,972
AAPL,2026-02-20T20:23:00Z,263.88,263.88,263.64,263.67,36774,263.742,835
AAPL,2026-02-20T20:24:00Z,263.67,263.74,263.62,263.62,47179,263.685,851
AAPL,2026-02-20T20:25:00Z,263.625,263.64,263.47,263.6,51046,263.567,874
AAPL,2026-02-20T20:26:00Z,263.625,263.685,263.54,263.65,30641,263.612,641
AAPL,2026-02-20T20:27:00Z,263.645,263.77,263.5,263.53,75485,263.625,1033
AAPL,2026-02-20T20:28:00Z,263.55,263.55,263.31,263.385,64651,263.429,1037
AAPL,2026-02-20T20:29:00Z,263.4,263.41,263.285,263.33,40147,263.326,727
AAPL,2026-02-20T20:30:00Z,263.345,263.54,263.31,263.475,48973,263.433,997
AAPL,2026-02-20T20:31:00Z,263.465,263.53,263.4,263.45,63634,263.473,1118
AAPL,2026-02-20T20:32:00Z,263.455,263.461,263.324,263.358,34840,263.403,764
AAPL,2026-02-20T20:33:00Z,263.355,263.37,263.25,263.28,32936,263.304,850
AAPL,2026-02-20T20:34:00Z,263.285,263.295,263.15,263.2,49940,263.215,1094
AAPL,2026-02-20T20:35:00Z,263.22,263.24,263.13,263.215,36980,263.201,738
AAPL,2026-02-20T20:36:00Z,263.23,263.27,263.09,263.2,38091,263.17,774
AAPL,2026-02-20T20:37:00Z,263.205,263.26,263.15,263.2,40364,263.193,875
AAPL,2026-02-20T20:38:00Z,263.19,263.28,263.16,263.24,26402,263.221,605
AAPL,2026-02-20T20:39:00Z,263.263,263.43,263.25,263.43,54925,263.352,849
AAPL,2026-02-20T20:40:00Z,263.38,263.44,263.21,263.28,54606,263.34,1110
AAPL,2026-02-20T20:41:00Z,263.28,263.47,263.273,263.44,65451,263.367,968
AAPL,2026-02-20T20:42:00Z,263.42,263.45,263.37,263.41,43640,263.416,816
AAPL,2026-02-20T20:43:00Z,263.4,263.56,263.37,263.501,64521,263.457,944
AAPL,2026-02-20T20:44:00Z,263.52,263.66,263.475,263.66,82944,263.574,1373
AAPL,2026-02-20T20:45:00Z,263.63,263.76,263.6,263.75,57064,263.682,1135
AAPL,2026-02-20T20:46:00Z,263.74,263.84,263.72,263.83,49774,263.798,985
AAPL,2026-02-20T20:47:00Z,263.83,263.85,263.73,263.81,45522,263.802,860
AAPL,2026-02-20T20:48:00Z,263.83,263.84,263.72,263.72,42850,263.788,820
AAPL,2026-02-20T20:49:00Z,263.725,263.81,263.68,263.77,62451,263.736,1065
AAPL,2026-02-20T20:50:00Z,263.78,264.15,263.777,264.13,162240,264.045,2790
AAPL,2026-02-20T20:51:00Z,264.14,264.44,264.11,264.42,170871,264.275,2497
AAPL,2026-02-20T20:52:00Z,264.41,264.41,264.05,264.1,123311,264.212,1978
AAPL,2026-02-20T20:53:00Z,264.11,264.13,264.03,264.1,103826,264.087,1728
AAPL,2026-02-20T20:54:00Z,264.1,264.46,264.09,264.43,153649,264.288,2417
AAPL,2026-02-20T20:55:00Z,264.42,264.74,264.35,264.58,256644,264.6,3759
AAPL,2026-02-20T20:56:00Z,264.56,264.68,264.5,264.625,219789,264.601,3085
AAPL,2026-02-20T20:57:00Z,264.625,264.73,264.56,264.67,289879,264.654,3493
AAPL,2026-02-20T20:58:00Z,264.66,264.75,264.59,264.6,296374,264.678,3687
AAPL,2026-02-20T20:59:00Z,264.6,264.73,264.37,264.59,925970,264.504,10276
AAPL,2026-02-20T21:00:00Z,264.603,264.72,264.58,264.599,5.90935e+06,264.58,189
AAPL,2026-02-20T21:01:00Z,264.62,264.62,264.49,264.58,69112,264.569,33
AAPL,2026-02-20T21:02:00Z,264.55,264.58,264.491,264.57,1.98561e+06,264.579,66
AAPL,2026-02-20T21:03:00Z,264.58,264.62,264.58,264.62,585318,264.585,94
AAPL,2026-02-20T21:04:00Z,264.7,264.72,264.605,264.7,1915,264.7,77
AAPL,2026-02-20T21:05:00Z,264.67,264.7,264.605,264.687,9844,264.656,36
AAPL,2026-02-20T21:06:00Z,264.75,264.84,264.58,264.58,53955,264.582,73
AAPL,2026-02-20T21:07:00Z,264.69,264.69,264.65,264.68,1883,264.674,42
AAPL,2026-02-20T21:08:00Z,264.75,264.75,264.7,264.74,12327,264.728,46
AAPL,2026-02-20T21:09:00Z,264.75,264.75,264.7,264.7,629,264.714,34
AAPL,2026-02-20T21:10:00Z,264.7,264.7,264.68,264.68,1223,264.685,46
AAPL,2026-02-20T21:11:00Z,264.77,264.77,264.77,264.77,802,264.77,49
AAPL,2026-02-20T21:12:00Z,264.76,264.76,264.67,264.75,2395,264.703,65
AAPL,2026-02-20T21:13:00Z,264.75,264.75,264.75,264.75,1283,264.75,36
AAPL,2026-02-20T21:14:00Z,264.77,264.77,264.76,264.76,649,264.764,35
AAPL,2026-02-20T21:15:00Z,264.8,264.82,264.8,264.82,1543,264.817,82
AAPL,2026-02-20T21:16:00Z,264.82,264.82,264.82,264.82,2501,264.82,63
AAPL,2026-02-20T21:17:00Z,264.7,264.7,264.7,264.7,686,264.7,27
AAPL,2026-02-20T21:19:00Z,264.758,264.8,264.758,264.8,1096,264.785,37
AAPL,2026-02-20T21:20:00Z,264.79,264.79,264.75,264.75,1070,264.758,37
AAPL,2026-02-20T21:21:00Z,264.749,264.749,264.749,264.749,381,264.749,15
AAPL,2026-02-20T21:22:00Z,264.75,264.79,264.7,264.7,1554,264.731,50
AAPL,2026-02-20T21:24:00Z,264.75,264.75,264.75,264.75,265,264.75,19
AAPL,2026-02-20T21:27:00Z,264.7,264.746,264.67,264.68,6302,264.699,71
AAPL,2026-02-20T21:29:00Z,264.66,264.66,264.66,264.66,273,264.66,17
AAPL,2026-02-20T21:30:00Z,264.76,264.76,264.76,264.76,210,264.76,17
AAPL,2026-02-20T21:33:00Z,264.664,264.664,264.664,264.664,1066,264.664,6
AAPL,2026-02-20T21:34:00Z,264.71,264.71,264.66,264.66,1104,264.672,60
AAPL,2026-02-20T21:35:00Z,264.69,264.69,264.31,264.58,48876,264.581,77
AAPL,2026-02-20T21:36:00Z,264.55,264.55,264.55,264.55,189,264.55,23
AAPL,2026-02-20T21:37:00Z,264.57,264.6,264.55,264.55,661,264.571,35
AAPL,2026-02-20T21:38:00Z,264.573,264.573,264.573,264.573,296,264.573,20
AAPL,2026-02-20T21:39:00Z,264.68,264.68,264.57,264.57,668,264.611,18
AAPL,2026-02-20T21:40:00Z,264.65,264.65,264.65,264.65,268,264.65,18
AAPL,2026-02-20T21:42:00Z,264.6,264.6,264.58,264.58,3696,264.583,38
AAPL,2026-02-20T21:43:00Z,264.58,264.58,264.55,264.58,843,264.575,18
AAPL,2026-02-20T21:44:00Z,264.55,264.58,264.55,264.58,1416,264.566,50
AAPL,2026-02-20T21:45:00Z,264.58,264.58,264.566,264.566,282,264.573,13
AAPL,2026-02-20T21:46:00Z,264.51,264.51,264.51,264.51,134,264.51,4
AAPL,2026-02-20T21:48:00Z,264.506,264.506,264.506,264.506,221,264.506,10
AAPL,2026-02-20T21:52:00Z,264.5,264.5,264.5,264.5,1030,264.5,8
AAPL,2026-02-20T21:54:00Z,264.58,264.58,264.57,264.58,2469,264.577,71
AAPL,2026-02-20T21:55:00Z,264.69,264.69,264.69,264.69,4534,264.69,21
AAPL,2026-02-20T21:58:00Z,264.58,264.58,264.58,264.58,426,264.58,21
AAPL,2026-02-20T21:59:00Z,264.54,264.54,264.54,264.54,457,264.54,27
AAPL,2026-02-20T22:00:00Z,264.52,264.52,264.5,264.5,852,264.506,21
AAPL,2026-02-20T22:02:00Z,264.52,264.52,264.52,264.52,530,264.52,17
AAPL,2026-02-20T22:03:00Z,264.52,264.52,264.52,264.52,214,264.52,6
AAPL,2026-02-20T22:04:00Z,264.5,264.5,264.5,264.5,427,264.5,15
AAPL,2026-02-20T22:05:00Z,264.5,264.5,264.5,264.5,788,264.5,33
AAPL,2026-02-20T22:06:00Z,264.46,264.5,264.46,264.48,3408,264.473,71
AAPL,2026-02-20T22:07:00Z,264.57,264.57,264.57,264.57,340,264.57,7
AAPL,2026-02-20T22:08:00Z,264.56,264.57,264.56,264.57,128926,264.562,24
AAPL,2026-02-20T22:09:00Z,264.55,264.55,264.55,264.55,9165,264.55,15
AAPL,2026-02-20T22:16:00Z,264.57,264.57,264.57,264.57,347,264.57,12
AAPL,2026-02-20T22:21:00Z,264.54,264.54,264.54,264.54,981060,264.54,10
AAPL,2026-02-20T22:24:00Z,264.45,264.45,264.45,264.45,335,264.45,11
AAPL,2026-02-20T22:28:00Z,264.45,264.45,264.45,264.45,703,264.45,29
AAPL,2026-02-20T22:29:00Z,264.45,264.45,264.45,264.45,310,264.45,14
AAPL,2026-02-20T22:30:00Z,264.45,264.45,264.45,264.45,156,264.45,7
AAPL,2026-02-20T22:31:00Z,264.45,264.45,264.45,264.45,752,264.45,9
AAPL,2026-02-20T22:32:00Z,264.45,264.45,264.31,264.31,6045,264.318,50
AAPL,2026-02-20T22:33:00Z,264.31,264.31,264.31,264.31,258,264.31,10
AAPL,2026-02-20T22:34:00Z,264.351,264.351,264.351,264.351,425,264.351,3
AAPL,2026-02-20T22:39:00Z,264.4,264.4,264.4,264.4,139,264.4,11
AAPL,2026-02-20T22:40:00Z,264.42,264.42,264.42,264.42,323,264.42,8
AAPL,2026-02-20T22:43:00Z,264.42,264.42,264.42,264.42,826,264.42,18
AAPL,2026-02-20T22:46:00Z,264.37,264.37,264.37,264.37,304,264.37,21
AAPL,2026-02-20T22:51:00Z,264.37,264.37,264.37,264.37,440,264.37,43
AAPL,2026-02-20T22:53:00Z,264.36,264.36,264.36,264.36,12890,264.36,8
AAPL,2026-02-20T22:58:00Z,264.44,264.44,264.44,264.44,313,264.44,9
AAPL,2026-02-20T23:00:00Z,264.35,264.35,264.35,264.35,103,264.35,4
AAPL,2026-02-20T23:01:00Z,264.48,264.48,264.48,264.48,253,264.48,10
AAPL,2026-02-20T23:05:00Z,264.5,264.5,264.35,264.35,345,264.45,5
AAPL,2026-02-20T23:07:00Z,264.38,264.38,264.38,264.38,218,264.38,7
AAPL,2026-02-20T23:09:00Z,264.364,264.364,264.364,264.364,143,264.364,7
AAPL,2026-02-20T23:13:00Z,264.378,264.378,264.378,264.378,274,264.378,6
AAPL,2026-02-20T23:16:00Z,264.42,264.42,264.4,264.4,559,264.41,19
AAPL,2026-02-20T23:18:00Z,264.4,264.4,264.32,264.32,1820,264.343,24
AAPL,2026-02-20T23:19:00Z,264.26,264.26,264.2,264.2,546,264.218,18
AAPL,2026-02-20T23:20:00Z,264.179,264.179,264.179,264.179,108,264.179,4
AAPL,2026-02-20T23:22:00Z,264.26,264.26,264.26,264.26,391,264.26,9
AAPL,2026-02-20T23:31:00Z,264.25,264.25,264.25,264.25,264,264.25,17
AAPL,2026-02-20T23:32:00Z,264.284,264.284,264.284,264.284,107,264.284,6
AAPL,2026-02-20T23:33:00Z,264.202,264.4,264.202,264.4,1166,264.316,19
AAPL,2026-02-20T23:34:00Z,264.25,264.25,264.25,264.25,189,264.25,3
AAPL,2026-02-20T23:35:00Z,264.226,264.226,264.226,264.226,103,264.226,3
AAPL,2026-02-20T23:38:00Z,264.32,264.32,264.32,264.32,227,264.32,3
AAPL,2026-02-20T23:43:00Z,264.32,264.32,264.32,264.32,370,264.32,6
AAPL,2026-02-20T23:46:00Z,264.32,264.4,264.31,264.4,953,264.324,26
AAPL,2026-02-20T23:47:00Z,264.39,264.4,264.39,264.4,489,264.397,9
AAPL,2026-02-20T23:52:00Z,264.248,264.248,264.248,264.248,100,264.248,1
AAPL,2026-02-20T23:54:00Z,264.35,264.35,264.34,264.34,216,264.345,5
AAPL,2026-02-20T23:56:00Z,264.35,264.42,264.35,264.42,432,264.379,9
AAPL,2026-02-21T00:01:00Z,264.341,264.341,264.341,264.341,504,264.341,4
AAPL,2026-02-21T00:05:00Z,264.45,264.45,264.45,264.45,421,264.45,9
AAPL,2026-02-21T00:06:00Z,264.48,264.5,264.48,264.5,266,264.49,12
AAPL,2026-02-21T00:07:00Z,264.48,264.48,264.48,264.48,205,264.48,4
AAPL,2026-02-21T00:16:00Z,264.49,264.49,264.49,264.49,1535,264.49,4
AAPL,2026-02-21T00:18:00Z,264.4,264.4,264.4,264.4,2501,264.4,2
AAPL,2026-02-21T00:19:00Z,264.47,264.476,264.47,264.476,661,264.471,12
AAPL,2026-02-21T00:20:00Z,264.4,264.4,264.4,264.4,1099,264.4,18
AAPL,2026-02-21T00:25:00Z,264.31,264.31,264.31,264.31,132,264.31,10
AAPL,2026-02-21T00:31:00Z,264.35,264.35,264.35,264.35,108,264.35,5
AAPL,2026-02-21T00:35:00Z,264.44,264.44,264.44,264.44,410,264.44,11
AAPL,2026-02-21T00:38:00Z,264.37,264.4,264.37,264.4,329,264.39,8
AAPL,2026-02-21T00:46:00Z,264.4,264.4,264.4,264.4,1201,264.4,10
AAPL,2026-02-21T00:48:00Z,264.38,264.38,264.38,264.38,394,264.38,9
AAPL,2026-02-21T00:49:00Z,264.4,264.41,264.4,264.41,1250,264.405,13
AAPL,2026-02-21T00:50:00Z,264.362,264.362,264.362,264.362,113,264.362,5
AAPL,2026-02-21T00:52:00Z,264.44,264.44,264.44,264.44,397,264.44,14
AAPL,2026-02-21T00:54:00Z,264.4,264.4,264.4,264.4,241,264.4,7
AAPL,2026-02-21T00:55:00Z,264.4,264.4,264.35,264.35,688,264.38,15
AAPL,2026-02-21T00:56:00Z,264.45,264.45,264.45,264.45,704,264.45,19
AAPL,2026-02-21T00:57:00Z,264.48,264.48,264.48,264.48,490,264.48,18
AAPL,2026-02-21T00:59:00Z,264.4,264.4,264.4,264.4,272,264.4,11
AAPL,2026-02-23T09:00:00Z,264.17,264.17,263.79,263.99,1998,264.001,101
AAPL,2026-02-23T09:01:00Z,263.78,263.78,263.78,263.78,114,263.78,5
AAPL,2026-02-23T09:02:00Z,263.51,263.72,263.51,263.72,756,263.641,14
AAPL,2026-02-23T09:03:00Z,263.68,263.69,263.68,263.69,669,263.683,23
AAPL,2026-02-23T09:08:00Z,263.56,263.56,263.56,263.56,147,263.56,6
AAPL,2026-02-23T09:10:00Z,263.48,263.5,263.48,263.5,1243,263.496,32
AAPL,2026-02-23T09:11:00Z,263.69,263.69,263.69,263.69,886,263.69,13
AAPL,2026-02-23T09:18:00Z,263.52,263.52,263.52,263.52,717,263.52,16
AAPL,2026-02-23T09:20:00Z,263.65,263.65,263.65,263.65,427,263.65,24
AAPL,2026-02-23T09:21:00Z,263.65,263.65,263.65,263.65,402,263.65,15
AAPL,2026-02-23T09:22:00Z,263.64,263.64,263.64,263.64,561,263.64,18
AAPL,2026-02-23T09:24:00Z,263.6,263.6,263.58,263.58,422,263.59,10
AAPL,2026-02-23T09:25:00Z,263.65,263.65,263.65,263.65,182,263.65,7
AAPL,2026-02-23T09:26:00Z,263.75,263.78,263.64,263.65,2660,263.704,59
AAPL,2026-02-23T09:29:00Z,263.71,263.71,263.7,263.7,315,263.705,9
AAPL,2026-02-23T09:36:00Z,263.67,263.67,263.67,263.67,201,263.67,4
AAPL,2026-02-23T09:37:00Z,263.7,263.7,263.7,263.7,872,263.7,16
AAPL,2026-02-23T09:41:00Z,263.6,263.6,263.6,263.6,877,263.6,12
AAPL,2026-02-23T09:44:00Z,263.52,263.52,263.52,263.52,891,263.52,34
AAPL,2026-02-23T09:47:00Z,263.59,263.84,263.59,263.84,1230,263.708,28
AAPL,2026-02-23T10:00:00Z,263.35,263.35,263.35,263.35,330,263.35,10
AAPL,2026-02-23T10:16:00Z,263.26,263.26,263.26,263.26,312,263.26,20
AAPL,2026-02-23T10:20:00Z,263.27,263.27,263.25,263.25,415,263.257,19
AAPL,2026-02-23T10:26:00Z,263.01,263.01,262.98,262.99,2454,262.997,119
AAPL,2026-02-23T10:44:00Z,263.44,263.53,263.44,263.53,465,263.488,18
AAPL,2026-02-23T10:52:00Z,263.41,263.41,263.41,263.41,249,263.41,12
AAPL,2026-02-23T10:55:00Z,263.38,263.38,263.38,263.38,234,263.38,10
AAPL,2026-02-23T10:56:00Z,263.38,263.39,263.38,263.39,1037,263.389,23
AAPL,2026-02-23T11:00:00Z,263.39,263.39,263.39,263.39,224,263.39,16
AAPL,2026-02-23T11:08:00Z,263.32,263.32,263.32,263.32,305,263.32,13
AAPL,2026-02-23T11:10:00Z,263.36,263.36,263.36,263.36,172,263.36,14
AAPL,2026-02-23T11:13:00Z,263.35,263.35,263.35,263.35,138,263.35,3
AAPL,2026-02-23T11:14:00Z,263.37,263.54,263.37,263.54,555,263.455,27
AAPL,2026-02-23T11:17:00Z,263.5,263.5,263.5,263.5,239,263.5,26
AAPL,2026-02-23T11:21:00Z,263.4,263.4,263.4,263.4,926,263.4,31
AAPL,2026-02-23T11:28:00Z,263.28,263.29,263.28,263.28,493,263.283,15
AAPL,2026-02-23T11:37:00Z,263.34,263.34,263.34,263.34,210,263.34,11
AAPL,2026-02-23T11:38:00Z,263.38,263.38,263.38,263.38,164,263.38,14
AAPL,2026-02-23T11:45:00Z,263.41,263.41,263.41,263.41,214,263.41,5
AAPL,2026-02-23T11:46:00Z,263.41,263.41,263.41,263.41,304,263.41,28
AAPL,2026-02-23T11:48:00Z,263.14,263.14,263.1,263.1,1585,263.113,48
AAPL,2026-02-23T11:51:00Z,263.03,263.03,263.03,263.03,292,263.03,7
AAPL,2026-02-23T11:53:00Z,263.1,263.1,263.1,263.1,154,263.1,6
AAPL,2026-02-23T12:02:00Z,263.4,263.4,263.4,263.4,269,263.4,27
AAPL,2026-02-23T12:03:00Z,263.44,263.6,263.44,263.6,2418,263.529,72
AAPL,2026-02-23T12:06:00Z,263.5,263.5,263.5,263.5,241,263.5,4
AAPL,2026-02-23T12:07:00Z,263.25,263.25,263.25,263.25,712,263.25,28
AAPL,2026-02-23T12:09:00Z,263.4,263.4,263.4,263.4,155,263.4,4
AAPL,2026-02-23T12:10:00Z,263.43,263.46,263.43,263.46,780,263.447,20
AAPL,2026-02-23T12:17:00Z,263.12,263.12,263.11,263.11,708,263.114,32
AAPL,2026-02-23T12:21:00Z,263.16,263.16,263.16,263.16,311,263.16,13
AAPL,2026-02-23T12:24:00Z,263.2,263.2,263.2,263.2,427,263.2,8
AAPL,2026-02-23T12:27:00Z,263.22,263.22,263.22,263.22,100,263.22,1
AAPL,2026-02-23T12:28:00Z,263.03,263.03,262.78,262.78,5430,262.924,183
AAPL,2026-02-23T12:29:00Z,262.7,262.7,262.7,262.7,474,262.7,6
AAPL,2026-02-23T12:30:00Z,262.75,262.75,262.75,262.75,723,262.75,12
AAPL,2026-02-23T12:31:00Z,262.7,262.75,262.7,262.75,1579,262.725,49
AAPL,2026-02-23T12:32:00Z,262.72,262.72,262.68,262.68,882,262.7,50
AAPL,2026-02-23T12:35:00Z,262.6,262.6,262.6,262.6,516,262.6,15
AAPL,2026-02-23T12:38:00Z,262.75,262.84,262.74,262.84,1833,262.769,41
AAPL,2026-02-23T12:39:00Z,262.89,262.89,262.89,262.89,969,262.89,28
AAPL,2026-02-23T12:43:00Z,262.93,263,262.93,262.95,1989,262.958,48
AAPL,2026-02-23T12:47:00Z,262.99,263,262.94,262.94,967,262.989,23
AAPL,2026-02-23T12:49:00Z,262.8,262.8,262.75,262.75,2473,262.797,29
AAPL,2026-02-23T12:52:00Z,262.69,262.69,262.61,262.61,660,262.637,19
AAPL,2026-02-23T12:55:00Z,262.6,262.67,262.51,262.67,2032,262.575,55
AAPL,2026-02-23T12:57:00Z,262.55,262.55,262.5,262.5,2069,262.522,95
AAPL,2026-02-23T12:58:00Z,262.55,262.57,262.55,262.56,775,262.562,18
AAPL,2026-02-23T13:00:00Z,264,264,262.5,263.53,19989,263.033,1694
AAPL,2026-02-23T13:01:00Z,263.2,263.5,262.18,262.34,29941,262.893,2120
AAPL,2026-02-23T13:02:00Z,262.43,262.43,262.43,262.43,1048,262.43,164
AAPL,2026-02-23T13:03:00Z,262.4,262.48,262.4,262.48,927,262.434,35
AAPL,2026-02-23T13:04:00Z,262.58,262.58,262.58,262.58,1116,262.58,19
AAPL,2026-02-23T13:05:00Z,262.6,262.6,262.6,262.6,1844,262.6,133
AAPL,2026-02-23T13:06:00Z,262.35,262.465,262.35,262.465,2246,262.356,27
AAPL,2026-02-23T13:07:00Z,262.452,262.63,262.452,262.6,3400,262.542,53
AAPL,2026-02-23T13:08:00Z,262.66,262.66,262.66,262.66,426,262.66,23
AAPL,2026-02-23T13:09:00Z,262.66,262.87,262.53,262.87,1622,262.692,57
AAPL,2026-02-23T13:10:00Z,262.86,262.963,262.86,262.87,1328,262.898,25
AAPL,2026-02-23T13:11:00Z,262.833,262.84,262.8,262.8,1693,262.812,26
AAPL,2026-02-23T13:12:00Z,262.87,262.87,262.87,262.87,903,262.87,27
AAPL,2026-02-23T13:13:00Z,262.66,262.78,262.66,262.78,1261,262.769,17
AAPL,2026-02-23T13:14:00Z,262.7,262.72,262.7,262.72,767,262.712,18
AAPL,2026-02-23T13:16:00Z,262.64,262.64,262.6,262.6,623,262.616,35
AAPL,2026-02-23T13:17:00Z,262.53,262.53,262.5,262.53,1093,262.522,36
AAPL,2026-02-23T13:18:00Z,262.53,262.59,262.53,262.59,667,262.563,34
AAPL,2026-02-23T13:19:00Z,262.6,262.6,262.4,262.44,1482,262.562,42
AAPL,2026-02-23T13:21:00Z,262.56,262.61,262.56,262.61,434,262.583,21
AAPL,2026-02-23T13:22:00Z,262.684,262.86,262.684,262.86,1354,262.785,32
AAPL,2026-02-23T13:23:00Z,262.75,262.75,262.6,262.6,871,262.662,26
AAPL,2026-02-23T13:24:00Z,262.6,262.6,262.326,262.326,893,262.541,34
AAPL,2026-02-23T13:25:00Z,262.62,262.65,262.62,262.65,698,262.635,26
AAPL,2026-02-23T13:26:00Z,262.64,262.789,262.64,262.789,1914,262.749,25
AAPL,2026-02-23T13:27:00Z,262.62,262.62,262.62,262.62,278,262.62,15
AAPL,2026-02-23T13:29:00Z,262.51,262.51,262.51,262.51,265,262.51,20
AAPL,2026-02-23T13:30:00Z,262.52,262.57,262.51,262.54,1294,262.528,51
AAPL,2026-02-23T13:31:00Z,262.54,262.59,262.54,262.59,1152,262.557,34
AAPL,2026-02-23T13:33:00Z,262.5,262.5,262.42,262.42,1515,262.481,146
AAPL,2026-02-23T13:34:00Z,262.42,262.42,262.4,262.41,1185,262.413,57
AAPL,2026-02-23T13:35:00Z,262.33,262.34,262.28,262.34,1566,262.321,54
AAPL,2026-02-23T13:36:00Z,262.42,262.42,262.42,262.42,965,262.42,43
AAPL,2026-02-23T13:38:00Z,262.5,262.53,262.5,262.53,599,262.514,34
AAPL,2026-02-23T13:39:00Z,262.55,262.55,262.55,262.55,1132,262.55,24
AAPL,2026-02-23T13:40:00Z,262.53,262.7,262.53,262.7,1154,262.615,42
AAPL,2026-02-23T13:41:00Z,262.66,262.67,262.65,262.66,1580,262.657,31
AAPL,2026-02-23T13:43:00Z,262.72,262.72,262.68,262.68,340,262.7,11
AAPL,2026-02-23T13:44:00Z,264.58,264.58,262.77,262.78,16898,264.493,43
AAPL,2026-02-23T13:45:00Z,262.771,262.771,262.76,262.76,792,262.764,24
AAPL,2026-02-23T13:47:00Z,262.873,262.873,262.8,262.81,1179,262.854,37
AAPL,2026-02-23T13:48:00Z,262.8,262.8,262.68,262.68,1648,262.753,47
AAPL,2026-02-23T13:49:00Z,262.65,262.75,262.634,262.634,1074,262.67,22
AAPL,2026-02-23T13:50:00Z,262.6,262.63,262.6,262.63,936,262.618,31
AAPL,2026-02-23T13:51:00Z,262.61,262.61,262.61,262.61,596,262.61,26
AAPL,2026-02-23T13:52:00Z,262.614,262.614,262.614,262.614,1076,262.614,15
AAPL,2026-02-23T13:53:00Z,262.738,262.75,262.738,262.75,605,262.742,25
AAPL,2026-02-23T13:54:00Z,262.86,262.86,262.86,262.86,729,262.86,32
AAPL,2026-02-23T13:55:00Z,262.77,262.83,262.71,262.71,687,262.77,35
AAPL,2026-02-23T13:56:00Z,262.64,262.749,262.64,262.749,601,262.694,35
AAPL,2026-02-23T13:57:00Z,262.71,262.729,262.71,262.729,283,262.72,23
AAPL,2026-02-23T13:59:00Z,262.62,262.62,262.62,262.62,659,262.62,53
AAPL,2026-02-23T14:00:00Z,262.679,262.679,262.601,262.65,2566,262.649,56
AAPL,2026-02-23T14:02:00Z,262.68,262.68,262.61,262.61,710,262.633,26
AAPL,2026-02-23T14:03:00Z,262.6,262.61,262.6,262.61,1016,262.603,56
AAPL,2026-02-23T14:04:00Z,262.55,262.589,262.55,262.58,3661,262.583,69
AAPL,2026-02-23T14:06:00Z,262.64,262.66,262.64,262.64,1495,262.655,20
AAPL,2026-02-23T14:08:00Z,262.58,262.64,262.58,262.64,1840,262.621,45
AAPL,2026-02-23T14:10:00Z,262.6,262.6,262.6,262.6,370,262.6,27
AAPL,2026-02-23T14:11:00Z,262.58,262.58,262.45,262.45,1955,262.498,85
AAPL,2026-02-23T14:12:00Z,262.48,262.5,262.46,262.49,1005,262.48,38
AAPL,2026-02-23T14:13:00Z,262.55,262.55,262.48,262.48,1200,262.538,39
AAPL,2026-02-23T14:14:00Z,262.56,262.85,262.56,262.8,1871,262.74,87
AAPL,2026-02-23T14:15:00Z,262.78,262.89,262.74,262.89,3834,262.786,104
AAPL,2026-02-23T14:16:00Z,262.76,262.85,262.75,262.85,1259,262.814,42
AAPL,2026-02-23T14:17:00Z,262.85,262.93,262.85,262.88,1380,262.894,47
AAPL,2026-02-23T14:18:00Z,262.8,262.87,262.8,262.87,1288,262.835,43
AAPL,2026-02-23T14:19:00Z,262.83,262.83,262.593,262.61,2902,262.633,72
AAPL,2026-02-23T14:20:00Z,262.85,262.88,262.85,262.88,807,262.865,28
AAPL,2026-02-23T14:21:00Z,262.85,262.89,262.85,262.89,649,262.87,20
AAPL,2026-02-23T14:22:00Z,262.73,262.88,262.73,262.88,721,262.85,19
AAPL,2026-02-23T14:23:00Z,262.89,263.03,262.77,262.77,4963,262.931,106
AAPL,2026-02-23T14:24:00Z,262.92,262.92,262.82,262.86,1787,262.853,73
AAPL,2026-02-23T14:25:00Z,262.87,262.99,262.72,262.85,4345,262.84,147
AAPL,2026-02-23T14:26:00Z,262.77,262.84,262.65,262.791,3919,262.748,57
AAPL,2026-02-23T14:27:00Z,262.8,263.06,262.52,262.94,12643,262.873,223
AAPL,2026-02-23T14:28:00Z,262.99,263.47,262.99,263.47,9567,263.351,237
AAPL,2026-02-23T14:29:00Z,263.35,263.42,263.25,263.4,6223,263.349,131
AAPL,2026-02-23T14:30:00Z,263.49,266.1,263.381,266.06,948476,263.962,20714
AAPL,2026-02-23T14:31:00Z,266.01,266.53,265.62,266.52,185345,266.089,3363
AAPL,2026-02-23T14:32:00Z,266.5,266.86,266.18,266.63,286363,266.507,3712
AAPL,2026-02-23T14:33:00Z,266.59,266.73,265.61,265.89,171739,266.159,3114
AAPL,2026-02-23T14:34:00Z,265.89,265.95,265.28,265.385,115643,265.651,2620
AAPL,2026-02-23T14:35:00Z,265.44,266.45,265.431,266.255,142682,265.983,2732
AAPL,2026-02-23T14:36:00Z,266.21,266.27,265.65,265.98,141197,265.957,2781
AAPL,2026-02-23T14:37:00Z,265.93,266.3,265.82,266.3,112816,266.024,2162
AAPL,2026-02-23T14:38:00Z,266.27,266.5,265.96,266.12,110583,266.139,2224
AAPL,2026-02-23T14:39:00Z,266.125,266.25,265.64,265.85,131204,265.928,2710
AAPL,2026-02-23T14:40:00Z,265.821,265.83,265.03,265.075,116823,265.382,2135
AAPL,2026-02-23T14:41:00Z,265.03,265.21,264.807,264.95,108246,264.982,1827
AAPL,2026-02-23T14:42:00Z,264.89,264.95,264.51,264.735,112285,264.752,2356
AAPL,2026-02-23T14:43:00Z,264.71,264.74,264.36,264.47,79488,264.537,2547
AAPL,2026-02-23T14:44:00Z,264.455,264.57,264.26,264.395,112094,264.428,2347
AAPL,2026-02-23T14:45:00Z,264.44,264.54,264.2,264.39,141054,264.343,2490
AAPL,2026-02-23T14:46:00Z,264.38,264.82,264.28,264.807,75631,264.558,2263
AAPL,2026-02-23T14:47:00Z,264.78,265.13,264.58,264.82,140419,264.89,3006
AAPL,2026-02-23T14:48:00Z,264.8,264.94,264.63,264.805,68537,264.798,1973
AAPL,2026-02-23T14:49:00Z,264.83,264.945,264.63,264.71,82660,264.838,2333
AAPL,2026-02-23T14:50:00Z,264.68,265.13,264.68,264.96,62205,264.95,2048
AAPL,2026-02-23T14:51:00Z,264.99,265.09,264.715,264.74,74059,264.929,1986
AAPL,2026-02-23T14:52:00Z,264.742,264.93,264.6,264.715,93979,264.75,1926
AAPL,2026-02-23T14:53:00Z,264.67,264.85,264.3,264.42,58176,264.625,1890
AAPL,2026-02-23T14:54:00Z,264.4,264.705,264.4,264.65,59016,264.55,1966
AAPL,2026-02-23T14:55:00Z,264.6,264.74,264.53,264.65,48790,264.635,1880
AAPL,2026-02-23T14:56:00Z,264.62,264.68,264.29,264.39,55679,264.454,1954
AAPL,2026-02-23T14:57:00Z,264.395,264.67,264.357,264.46,60458,264.508,1925
AAPL,2026-02-23T14:58:00Z,264.45,264.7,264.4,264.585,53065,264.532,1737
AAPL,2026-02-23T14:59:00Z,264.595,265.12,264.58,264.92,160857,264.934,3589
AAPL,2026-02-23T15:00:00Z,264.91,265.23,264.83,265.205,155621,265.024,3701
AAPL,2026-02-23T15:01:00Z,265.21,265.535,265.14,265.284,129310,265.311,2882
AAPL,2026-02-23T15:02:00Z,265.27,265.505,265.24,265.24,77175,265.391,2456
AAPL,2026-02-23T15:03:00Z,265.21,265.42,265.07,265.07,84515,265.259,5353
AAPL,2026-02-23T15:04:00Z,265.035,265.05,264.568,264.77,162473,264.724,4108
AAPL,2026-02-23T15:05:00Z,264.78,265.1,264.77,264.86,86083,264.931,2585
AAPL,2026-02-23T15:06:00Z,264.89,265.52,264.87,265.395,90542,265.167,2361
AAPL,2026-02-23T15:07:00Z,265.42,265.87,265.42,265.74,111475,265.674,2870
AAPL,2026-02-23T15:08:00Z,265.725,265.76,265.335,265.54,128459,265.532,3040
AAPL,2026-02-23T15:09:00Z,265.48,265.69,265.31,265.57,159857,265.463,3718
AAPL,2026-02-23T15:10:00Z,265.62,266.08,265.62,266,126259,265.94,3336
AAPL,2026-02-23T15:11:00Z,266.03,266.07,265.83,265.835,91906,265.956,2927
AAPL,2026-02-23T15:12:00Z,265.79,265.85,265.43,265.535,58794,265.601,2176
AAPL,2026-02-23T15:13:00Z,265.52,265.82,265.51,265.725,53411,265.68,2089
AAPL,2026-02-23T15:14:00Z,265.73,265.75,265.271,265.43,73868,265.443,2467
AAPL,2026-02-23T15:15:00Z,265.46,265.89,265.27,265.78,91496,265.654,2655
AAPL,2026-02-23T15:16:00Z,265.745,266.07,265.615,266.055,111122,265.849,2931
AAPL,2026-02-23T15:17:00Z,266.05,266.277,266.01,266.055,114937,266.157,2902
AAPL,2026-02-23T15:18:00Z,266.062,266.59,265.99,266.58,98091,266.336,2715
AAPL,2026-02-23T15:19:00Z,266.6,266.77,266.35,266.77,95940,266.532,2699
AAPL,2026-02-23T15:20:00Z,266.79,266.8,266.515,266.72,105367,266.684,2592
AAPL,2026-02-23T15:21:00Z,266.735,266.89,266.577,266.775,106860,266.754,2627
AAPL,2026-02-23T15:22:00Z,266.795,266.82,266.61,266.75,71607,266.692,2435
AAPL,2026-02-23T15:23:00Z,266.762,266.87,266.62,266.76,84106,266.715,2371
AAPL,2026-02-23T15:24:00Z,266.73,267.26,266.56,267.18,178787,266.99,3851
AAPL,2026-02-23T15:25:00Z,267.18,267.455,267.151,267.425,150487,267.342,3153
AAPL,2026-02-23T15:26:00Z,267.41,267.74,267.36,267.62,171974,267.546,3282
AAPL,2026-02-23T15:27:00Z,267.645,267.65,267.4,267.54,138546,267.551,3334
AAPL,2026-02-23T15:28:00Z,267.55,267.59,267.235,267.33,106314,267.386,2399
AAPL,2026-02-23T15:29:00Z,267.315,267.4,266.8,267.05,106468,267.108,2867
AAPL,2026-02-23T15:30:00Z,267.09,267.47,266.99,267.35,84216,267.269,2282
AAPL,2026-02-23T15:31:00Z,267.37,267.44,267.18,267.355,72344,267.327,2465
AAPL,2026-02-23T15:32:00Z,267.36,267.38,267.2,267.305,67707,267.294,1973
AAPL,2026-02-23T15:33:00Z,267.32,267.5,267.15,267.45,97486,267.309,2770
AAPL,2026-02-23T15:34:00Z,267.47,267.53,267.02,267.09,69852,267.284,2303
AAPL,2026-02-23T15:35:00Z,267.07,267.18,266.962,266.995,56873,267.057,2031
AAPL,2026-02-23T15:36:00Z,267.005,267.09,266.832,267.09,76667,266.943,2509
AAPL,2026-02-23T15:37:00Z,267.09,267.39,267.01,267.345,66159,267.235,2446
AAPL,2026-02-23T15:38:00Z,267.351,267.4,267,267.06,68223,267.155,2104
AAPL,2026-02-23T15:39:00Z,267.07,267.08,266.91,266.945,68907,266.987,2197
AAPL,2026-02-23T15:40:00Z,266.92,267.01,266.82,266.9,86746,266.938,2604
AAPL,2026-02-23T15:41:00Z,266.89,267.01,266.88,266.89,43324,266.944,1829
AAPL,2026-02-23T15:42:00Z,266.89,266.89,266.69,266.756,86438,266.756,2452
AAPL,2026-02-23T15:43:00Z,266.78,266.845,266.66,266.795,55053,266.749,1822
AAPL,2026-02-23T15:44:00Z,266.8,266.85,266.63,266.785,62056,266.731,2153
AAPL,2026-02-23T15:45:00Z,266.8,267,266.73,266.988,69224,266.921,2275
AAPL,2026-02-23T15:46:00Z,266.98,266.98,266.82,266.93,46183,266.884,1788
AAPL,2026-02-23T15:47:00Z,266.95,267.24,266.89,267.07,124046,267.121,2873
AAPL,2026-02-23T15:48:00Z,267.08,267.17,266.875,267.17,42284,267.013,1870
AAPL,2026-02-23T15:49:00Z,267.17,267.3,267.02,267.04,63463,267.148,2158
AAPL,2026-02-23T15:50:00Z,267.04,267.15,266.9,267.015,53692,267.012,2056
AAPL,2026-02-23T15:51:00Z,267.04,267.17,266.99,267.14,53087,267.068,2084
AAPL,2026-02-23T15:52:00Z,267.14,267.223,266.68,266.7,109561,266.966,3194
AAPL,2026-02-23T15:53:00Z,266.76,266.95,266.65,266.88,63390,266.809,2096
AAPL,2026-02-23T15:54:00Z,266.94,266.95,266.69,266.7,45183,266.812,1786
AAPL,2026-02-23T15:55:00Z,266.695,266.81,266.6,266.62,56959,266.678,2100
AAPL,2026-02-23T15:56:00Z,266.63,266.76,266.58,266.66,79441,266.64,2222
AAPL,2026-02-23T15:57:00Z,266.665,267.09,266.64,266.97,95775,266.902,2791
AAPL,2026-02-23T15:58:00Z,266.98,267.05,266.73,266.789,62441,266.874,2212
AAPL,2026-02-23T15:59:00Z,266.78,267.03,266.775,266.795,61934,266.912,1904
AAPL,2026-02-23T16:00:00Z,266.845,266.87,266.74,266.79,57623,266.795,1923
AAPL,2026-02-23T16:01:00Z,266.79,266.86,266.59,266.65,74667,266.735,2247
AAPL,2026-02-23T16:02:00Z,266.67,266.72,266.32,266.36,91539,266.551,2264
AAPL,2026-02-23T16:03:00Z,266.37,266.37,266.04,266.061,76482,266.167,2092
AAPL,2026-02-23T16:04:00Z,266.09,266.1,265.67,265.85,100216,265.854,2847
AAPL,2026-02-23T16:05:00Z,265.85,265.96,265.81,265.87,82703,265.881,2340
AAPL,2026-02-23T16:06:00Z,265.88,265.88,265.42,265.45,99339,265.647,3045
AAPL,2026-02-23T16:07:00Z,265.43,265.47,265.19,265.28,122907,265.286,2720
AAPL,2026-02-23T16:08:00Z,265.29,265.37,265.17,265.355,88661,265.272,2384
AAPL,2026-02-23T16:09:00Z,265.36,265.36,265.11,265.12,75657,265.252,2385
AAPL,2026-02-23T16:10:00Z,265.17,265.37,265.05,265.11,95150,265.216,2664
AAPL,2026-02-23T16:11:00Z,265.105,265.145,264.9,264.97,100316,265.025,2515
AAPL,2026-02-23T16:12:00Z,264.95,265.01,264.8,264.85,66401,264.921,1948
AAPL,2026-02-23T16:13:00Z,264.88,264.93,264.77,264.92,78531,264.877,1955
AAPL,2026-02-23T16:14:00Z,264.92,264.92,264.75,264.85,45385,264.835,1746
AAPL,2026-02-23T16:15:00Z,264.84,265.1,264.81,264.94,91208,264.975,2454
AAPL,2026-02-23T16:16:00Z,264.921,265.23,264.9,265.22,97191,265.067,2388
AAPL,2026-02-23T16:17:00Z,265.22,265.49,265.2,265.46,69210,265.341,2119
AAPL,2026-02-23T16:18:00Z,265.46,265.64,265.43,265.51,73885,265.539,2227
AAPL,2026-02-23T16:19:00Z,265.54,265.62,265.382,265.59,53711,265.509,1975
AAPL,2026-02-23T16:20:00Z,265.61,265.91,265.58,265.85,54400,265.8,2057
AAPL,2026-02-23T16:21:00Z,265.83,266.14,265.8,266.13,101992,265.99,2525
AAPL,2026-02-23T16:22:00Z,266.12,266.25,266.01,266.17,93802,266.127,2298
AAPL,2026-02-23T16:23:00Z,266.15,266.2,265.963,266.08,93323,266.081,2362
AAPL,2026-02-23T16:24:00Z,266.12,266.152,266.02,266.12,46753,266.09,1885
AAPL,2026-02-23T16:25:00Z,266.11,266.41,266.105,266.36,109277,266.298,2309
AAPL,2026-02-23T16:26:00Z,266.355,266.58,266.3,266.54,140972,266.436,2830
AAPL,2026-02-23T16:27:00Z,266.53,266.625,266.41,266.6,66191,266.513,1881
AAPL,2026-02-23T16:28:00Z,266.61,266.69,266.515,266.52,68656,266.619,1806
AAPL,2026-02-23T16:29:00Z,266.55,266.639,266.52,266.585,54835,266.575,1971
AAPL,2026-02-23T16:30:00Z,266.57,266.59,266.35,266.46,44663,266.466,1964
AAPL,2026-02-23T16:31:00Z,266.469,266.564,266.41,266.49,55668,266.493,2032
AAPL,2026-02-23T16:32:00Z,266.5,266.58,266.32,266.385,75517,266.449,2288
AAPL,2026-02-23T16:33:00Z,266.41,266.445,266.175,266.32,64809,266.319,2188
AAPL,2026-02-23T16:34:00Z,266.32,266.375,266.17,266.24,49309,266.241,1822
AAPL,2026-02-23T16:35:00Z,266.23,266.4,266.23,266.29,46925,266.316,1862
AAPL,2026-02-23T16:36:00Z,266.31,266.49,266.22,266.445,53357,266.347,1923
AAPL,2026-02-23T16:37:00Z,266.46,266.69,266.46,266.65,53424,266.613,2020
AAPL,2026-02-23T16:38:00Z,266.665,266.665,266.406,266.425,74224,266.532,1862
AAPL,2026-02-23T16:39:00Z,266.42,266.48,266.32,266.33,50096,266.404,1872
AAPL,2026-02-23T16:40:00Z,266.32,266.355,266.222,266.3,32809,266.305,1685
AAPL,2026-02-23T16:41:00Z,266.31,266.45,266.29,266.44,37308,266.395,1675
AAPL,2026-02-23T16:42:00Z,266.42,266.53,266.345,266.41,60048,266.429,1777
AAPL,2026-02-23T16:43:00Z,266.41,266.71,266.41,266.65,82430,266.575,1910
AAPL,2026-02-23T16:44:00Z,266.68,266.7,266.54,266.61,45259,266.611,1745
AAPL,2026-02-23T16:45:00Z,266.65,266.65,266.43,266.63,61843,266.563,1919
AAPL,2026-02-23T16:46:00Z,266.62,266.78,266.58,266.77,60637,266.701,1957
AAPL,2026-02-23T16:47:00Z,266.73,266.81,266.66,266.8,55196,266.739,1888
AAPL,2026-02-23T16:48:00Z,266.8,266.8,266.574,266.603,48788,266.668,1702
AAPL,2026-02-23T16:49:00Z,266.59,266.71,266.58,266.62,42643,266.642,1677
AAPL,2026-02-23T16:50:00Z,266.63,266.71,266.48,266.585,76364,266.617,2350
AAPL,2026-02-23T16:51:00Z,266.58,266.85,266.46,266.775,70171,266.713,2064
AAPL,2026-02-23T16:52:00Z,266.785,266.81,266.588,266.59,57727,266.711,1861
AAPL,2026-02-23T16:53:00Z,266.605,266.65,266.46,266.56,36113,266.554,1688
AAPL,2026-02-23T16:54:00Z,266.58,266.62,266.405,266.415,32181,266.517,1567
AAPL,2026-02-23T16:55:00Z,266.4,266.42,266.135,266.225,33797,266.273,1615
AAPL,2026-02-23T16:56:00Z,266.222,266.222,266.03,266.07,38465,266.128,1579
AAPL,2026-02-23T16:57:00Z,266.03,266.11,265.92,265.945,76328,265.998,1850
AAPL,2026-02-23T16:58:00Z,265.94,265.98,265.84,265.917,46925,265.908,1544
AAPL,2026-02-23T16:59:00Z,265.9,266.17,265.88,266.065,40877,266.041,1651
AAPL,2026-02-23T17:00:00Z,266.06,266.25,265.97,266.23,40705,266.124,1753
AAPL,2026-02-23T17:01:00Z,266.25,266.44,266.22,266.42,40220,266.307,1620
AAPL,2026-02-23T17:02:00Z,266.4,266.42,266.18,266.235,33342,266.273,1609
AAPL,2026-02-23T17:03:00Z,266.22,266.22,266.1,266.13,23367,266.158,1444
AAPL,2026-02-23T17:04:00Z,266.13,266.39,266.105,266.385,34849,266.274,1552
AAPL,2026-02-23T17:05:00Z,266.37,266.51,266.34,266.5,69766,266.428,1790
AAPL,2026-02-23T17:06:00Z,266.485,266.6,266.44,266.535,54064,266.528,1696
AAPL,2026-02-23T17:07:00Z,266.54,266.56,266.46,266.5,40456,266.514,1531
AAPL,2026-02-23T17:08:00Z,266.47,266.7,266.461,266.67,46139,266.622,1620
AAPL,2026-02-23T17:09:00Z,266.675,266.75,266.668,266.73,42889,266.704,1550
AAPL,2026-02-23T17:10:00Z,266.73,266.82,266.68,266.82,49124,266.738,1654
AAPL,2026-02-23T17:11:00Z,266.82,266.884,266.658,266.66,55823,266.778,1849
AAPL,2026-02-23T17:12:00Z,266.605,266.66,266.43,266.58,40979,266.536,1660
AAPL,2026-02-23T17:13:00Z,266.575,266.62,266.47,266.48,28546,266.546,1444
AAPL,2026-02-23T17:14:00Z,266.48,266.525,266.32,266.5,78965,266.419,990
AAPL,2026-02-23T17:15:00Z,266.53,266.53,266.36,266.38,28870,266.433,645
AAPL,2026-02-23T17:16:00Z,266.38,266.66,266.362,266.58,39757,266.508,870
AAPL,2026-02-23T17:17:00Z,266.585,266.62,266.52,266.57,26867,266.57,643
AAPL,2026-02-23T17:18:00Z,266.555,266.82,266.52,266.79,28014,266.726,718
AAPL,2026-02-23T17:19:00Z,266.785,266.785,266.65,266.775,39879,266.708,916
AAPL,2026-02-23T17:20:00Z,266.76,266.83,266.66,266.8,42867,266.715,821
AAPL,2026-02-23T17:21:00Z,266.82,266.97,266.82,266.93,58928,266.896,1017
AAPL,2026-02-23T17:22:00Z,266.93,267.185,266.93,267.18,101701,267.053,1622
AAPL,2026-02-23T17:23:00Z,267.155,267.346,267.08,267.22,58803,267.25,1137
AAPL,2026-02-23T17:24:00Z,267.225,267.225,267.04,267.05,41190,267.104,804
AAPL,2026-02-23T17:25:00Z,267.06,267.25,267.04,267.17,37720,267.178,782
AAPL,2026-02-23T17:26:00Z,267.17,267.18,267.01,267.09,30331,267.072,760
AAPL,2026-02-23T17:27:00Z,267.1,267.2,267.06,267.06,31659,267.139,687
AAPL,2026-02-23T17:28:00Z,267.085,267.33,267.085,267.175,87351,267.222,1289
AAPL,2026-02-23T17:29:00Z,267.18,267.19,267.02,267.13,40292,267.099,818
AAPL,2026-02-23T17:30:00Z,267.107,267.28,267.107,267.26,40028,267.225,821
AAPL,2026-02-23T17:31:00Z,267.24,267.32,267.22,267.22,37741,267.275,760
AAPL,2026-02-23T17:32:00Z,267.25,267.25,267.075,267.12,43490,267.134,1076
AAPL,2026-02-23T17:33:00Z,267.12,267.215,267.12,267.19,35884,267.157,759
AAPL,2026-02-23T17:34:00Z,267.205,267.205,267.1,267.11,35096,267.143,773
AAPL,2026-02-23T17:35:00Z,267.115,267.12,266.88,267.02,38602,266.986,999
AAPL,2026-02-23T17:36:00Z,267.03,267.141,266.94,266.97,31194,267.036,723
AAPL,2026-02-23T17:37:00Z,266.95,266.98,266.861,266.98,36101,266.928,869
AAPL,2026-02-23T17:38:00Z,266.985,267.31,266.985,267.27,81317,267.146,1188
AAPL,2026-02-23T17:39:00Z,267.27,267.315,267.125,267.165,44696,267.229,1048
AAPL,2026-02-23T17:40:00Z,267.15,267.43,267.15,267.375,71851,267.276,1418
AAPL,2026-02-23T17:41:00Z,267.375,267.75,267.35,267.706,130007,267.575,2129
AAPL,2026-02-23T17:42:00Z,267.705,267.8,267.54,267.72,88048,267.657,1364
AAPL,2026-02-23T17:43:00Z,267.73,268.05,267.621,267.985,118482,267.898,2191
AAPL,2026-02-23T17:44:00Z,267.98,268.04,267.77,267.78,88764,267.947,1533
AAPL,2026-02-23T17:45:00Z,267.79,267.81,267.65,267.79,82062,267.734,1468
AAPL,2026-02-23T17:46:00Z,267.8,267.875,267.72,267.75,46918,267.817,862
AAPL,2026-02-23T17:47:00Z,267.745,267.76,267.615,267.615,33275,267.672,816
AAPL,2026-02-23T17:48:00Z,267.615,267.615,267.5,267.555,58425,267.554,1157
AAPL,2026-02-23T17:49:00Z,267.56,267.75,267.55,267.651,46075,267.671,799
AAPL,2026-02-23T17:50:00Z,267.65,267.87,267.63,267.85,38776,267.765,880
AAPL,2026-02-23T17:51:00Z,267.86,267.88,267.48,267.49,122679,267.645,1675
AAPL,2026-02-23T17:52:00Z,267.48,267.77,267.41,267.77,53833,267.577,1084
AAPL,2026-02-23T17:53:00Z,267.78,267.9,267.74,267.84,52609,267.822,1065
AAPL,2026-02-23T17:54:00Z,267.845,267.93,267.78,267.82,46414,267.855,945
AAPL,2026-02-23T17:55:00Z,267.85,268.13,267.845,268.08,114601,268.007,1814
AAPL,2026-02-23T17:56:00Z,268.075,268.22,267.96,268.21,65397,268.058,1351
AAPL,2026-02-23T17:57:00Z,268.24,268.29,268.115,268.14,75995,268.185,1462
AAPL,2026-02-23T17:58:00Z,268.16,268.25,268.1,268.13,46291,268.176,1045
AAPL,2026-02-23T17:59:00Z,268.14,268.24,268.05,268.15,51118,268.133,1022
AAPL,2026-02-23T18:00:00Z,268.16,268.28,268.1,268.19,48827,268.209,1241
AAPL,2026-02-23T18:01:00Z,268.19,268.22,268.06,268.19,58953,268.103,1141
AAPL,2026-02-23T18:02:00Z,268.19,268.39,268.15,268.35,71618,268.299,1282
AAPL,2026-02-23T18:03:00Z,268.365,268.54,268.33,268.51,110146,268.452,1710
AAPL,2026-02-23T18:04:00Z,268.51,268.525,268.36,268.45,64830,268.441,1105
AAPL,2026-02-23T18:05:00Z,268.44,268.64,268.4,268.63,64575,268.514,1346
AAPL,2026-02-23T18:06:00Z,268.63,268.73,268.6,268.72,81370,268.669,1491
AAPL,2026-02-23T18:07:00Z,268.72,268.82,268.69,268.757,70878,268.768,1327
AAPL,2026-02-23T18:08:00Z,268.76,268.86,268.67,268.775,49693,268.774,1020
AAPL,2026-02-23T18:09:00Z,268.76,268.85,268.75,268.83,37932,268.813,829
AAPL,2026-02-23T18:10:00Z,268.83,268.85,268.71,268.839,79910,268.793,1505
AAPL,2026-02-23T18:11:00Z,268.83,268.93,268.72,268.77,66790,268.829,1531
AAPL,2026-02-23T18:12:00Z,268.775,268.845,268.68,268.74,63868,268.745,1193
AAPL,2026-02-23T18:13:00Z,268.735,268.79,268.655,268.75,42135,268.722,1083
AAPL,2026-02-23T18:14:00Z,268.74,268.92,268.67,268.85,60061,268.822,1019
AAPL,2026-02-23T18:15:00Z,268.835,268.91,268.79,268.89,42302,268.857,853
AAPL,2026-02-23T18:16:00Z,268.885,269.09,268.86,269.09,150713,268.974,1771
AAPL,2026-02-23T18:17:00Z,269.1,269.1,269,269.06,54652,269.058,990
AAPL,2026-02-23T18:18:00Z,269.07,269.08,268.96,269.08,54838,269.012,1095
AAPL,2026-02-23T18:19:00Z,269.09,269.19,269.07,269.11,108988,269.142,1920
AAPL,2026-02-23T18:20:00Z,269.1,269.2,269.07,269.09,48219,269.132,977
AAPL,2026-02-23T18:21:00Z,269.11,269.11,268.86,268.925,77100,268.953,1502
AAPL,2026-02-23T18:22:00Z,268.94,269,268.87,268.935,65012,268.935,1281
AAPL,2026-02-23T18:23:00Z,268.95,269.07,268.92,268.99,63606,268.996,1017
AAPL,2026-02-23T18:24:00Z,268.99,269.13,268.96,269.04,57321,269.059,1009
AAPL,2026-02-23T18:25:00Z,269.04,269.12,268.96,268.98,41558,269.039,947
AAPL,2026-02-23T18:26:00Z,268.97,269.16,268.9,269.16,107477,269.001,1327
AAPL,2026-02-23T18:27:00Z,269.18,269.2,269.07,269.1,60200,269.144,1090
AAPL,2026-02-23T18:28:00Z,269.1,269.34,269.1,269.23,89644,269.244,1602
AAPL,2026-02-23T18:29:00Z,269.24,269.37,269.24,269.335,43256,269.325,944
AAPL,2026-02-23T18:30:00Z,269.34,269.365,269.17,269.24,69538,269.244,1371
AAPL,2026-02-23T18:31:00Z,269.23,269.265,269.18,269.2,39866,269.217,874
AAPL,2026-02-23T18:32:00Z,269.21,269.3,269.12,269.28,29947,269.208,775
AAPL,2026-02-23T18:33:00Z,269.275,269.31,269.24,269.28,33948,269.269,773
AAPL,2026-02-23T18:34:00Z,269.282,269.37,269.25,269.355,67210,269.327,1075
AAPL,2026-02-23T18:35:00Z,269.358,269.42,269.34,269.375,62897,269.386,974
AAPL,2026-02-23T18:36:00Z,269.39,269.43,269.34,269.36,42677,269.39,812
AAPL,2026-02-23T18:37:00Z,269.37,269.37,269.16,269.16,48575,269.238,1028
AAPL,2026-02-23T18:38:00Z,269.175,269.175,268.95,268.98,59407,269.039,1241
AAPL,2026-02-23T18:39:00Z,268.96,269.11,268.902,269.05,50367,269.031,1051
AAPL,2026-02-23T18:40:00Z,269.06,269.17,268.97,268.995,355556,269.072,1009
AAPL,2026-02-23T18:41:00Z,269,269.08,268.93,269.041,64272,268.971,1147
AAPL,2026-02-23T18:42:00Z,269.06,269.06,268.9,268.93,37068,268.954,779
AAPL,2026-02-23T18:43:00Z,268.92,269.155,268.91,269.08,78550,269.017,1336
AAPL,2026-02-23T18:44:00Z,269.08,269.09,268.91,269.001,32316,268.985,764
AAPL,2026-02-23T18:45:00Z,269.01,269.1,268.95,269.03,28869,269.04,680
AAPL,2026-02-23T18:46:00Z,269.03,269.03,268.86,268.97,39099,268.912,817
AAPL,2026-02-23T18:47:00Z,268.965,268.97,268.88,268.95,29350,268.928,653
AAPL,2026-02-23T18:48:00Z,268.93,269.09,268.92,268.97,27698,269.017,717
AAPL,2026-02-23T18:49:00Z,268.97,269.006,268.935,268.962,33610,268.974,669
AAPL,2026-02-23T18:50:00Z,268.97,269.02,268.9,268.9,22820,268.975,562
AAPL,2026-02-23T18:51:00Z,268.9,268.96,268.77,268.79,41318,268.853,763
AAPL,2026-02-23T18:52:00Z,268.8,268.88,268.77,268.78,58516,268.81,752
AAPL,2026-02-23T18:53:00Z,268.79,268.82,268.57,268.58,46621,268.712,983
AAPL,2026-02-23T18:54:00Z,268.58,268.61,268.43,268.55,54297,268.498,1091
AAPL,2026-02-23T18:55:00Z,268.54,268.64,268.495,268.5,43761,268.579,888
AAPL,2026-02-23T18:56:00Z,268.495,268.495,268.36,268.385,47060,268.416,926
AAPL,2026-02-23T18:57:00Z,268.37,268.68,268.34,268.36,79388,268.519,1394
AAPL,2026-02-23T18:58:00Z,268.355,268.38,268.035,268.07,127838,268.214,1209
AAPL,2026-02-23T18:59:00Z,268.07,268.19,268.01,268.07,80110,268.081,1229
AAPL,2026-02-23T19:00:00Z,268.07,268.135,267.962,268.055,72044,268.059,1196
AAPL,2026-02-23T19:01:00Z,268.07,268.08,267.82,267.855,91524,267.942,1360
AAPL,2026-02-23T19:02:00Z,267.845,267.91,267.72,267.76,58215,267.805,1127
AAPL,2026-02-23T19:03:00Z,267.77,267.835,267.71,267.75,60407,267.79,1012
AAPL,2026-02-23T19:04:00Z,267.755,267.91,267.7,267.765,64571,267.803,1188
AAPL,2026-02-23T19:05:00Z,267.75,268,267.745,267.975,67375,267.901,1228
AAPL,2026-02-23T19:06:00Z,267.97,267.97,267.8,267.93,56284,267.884,953
AAPL,2026-02-23T19:07:00Z,267.935,268.07,267.78,268.07,53883,267.891,1005
AAPL,2026-02-23T19:08:00Z,268.06,268.07,267.79,267.86,57623,267.888,988
AAPL,2026-02-23T19:09:00Z,267.845,267.845,267.71,267.777,55768,267.771,973
AAPL,2026-02-23T19:10:00Z,267.795,267.825,267.66,267.73,178314,267.736,1111
AAPL,2026-02-23T19:11:00Z,267.71,267.85,267.645,267.69,63001,267.732,885
AAPL,2026-02-23T19:12:00Z,267.7,267.83,267.64,267.83,36082,267.742,674
AAPL,2026-02-23T19:13:00Z,267.81,267.87,267.75,267.835,32533,267.804,611
AAPL,2026-02-23T19:14:00Z,267.85,267.945,267.7,267.72,39126,267.821,676
AAPL,2026-02-23T19:15:00Z,267.72,267.84,267.66,267.72,40577,267.744,692
AAPL,2026-02-23T19:16:00Z,267.74,267.8,267.59,267.59,42422,267.689,864
AAPL,2026-02-23T19:17:00Z,267.62,267.68,267.53,267.56,53891,267.604,736
AAPL,2026-02-23T19:18:00Z,267.56,267.595,267.51,267.58,39991,267.553,740
AAPL,2026-02-23T19:19:00Z,267.59,267.75,267.59,267.65,42666,267.699,802
AAPL,2026-02-23T19:20:00Z,267.66,267.87,267.61,267.72,51319,267.711,820
AAPL,2026-02-23T19:21:00Z,267.725,267.73,267.63,267.71,34784,267.67,668
AAPL,2026-02-23T19:22:00Z,267.695,267.7,267.37,267.53,62088,267.493,1089
AAPL,2026-02-23T19:23:00Z,267.53,267.61,267.42,267.44,39346,267.541,899
AAPL,2026-02-23T19:24:00Z,267.42,267.555,267.405,267.54,56384,267.473,907
AAPL,2026-02-23T19:25:00Z,267.57,267.57,267.365,267.43,40732,267.461,729
AAPL,2026-02-23T19:26:00Z,267.44,267.5,267.37,267.46,37033,267.43,796
AAPL,2026-02-23T19:27:00Z,267.455,267.535,267.455,267.49,23361,267.501,680
AAPL,2026-02-23T19:28:00Z,267.49,267.49,267.3,267.38,40016,267.399,861
AAPL,2026-02-23T19:29:00Z,267.38,267.39,267.25,267.3,42799,267.32,970
AAPL,2026-02-23T19:30:00Z,267.27,267.34,267.26,267.28,47744,267.298,1007
AAPL,2026-02-23T19:31:00Z,267.29,267.3,267.08,267.11,70686,267.188,1132
AAPL,2026-02-23T19:32:00Z,267.09,267.164,267.06,267.131,77518,267.106,1196
AAPL,2026-02-23T19:33:00Z,267.125,267.24,267.055,267.055,48110,267.156,847
AAPL,2026-02-23T19:34:00Z,267.055,267.07,266.92,267.001,52990,266.998,882
AAPL,2026-02-23T19:35:00Z,266.97,267,266.81,266.89,61762,266.907,1109
AAPL,2026-02-23T19:36:00Z,266.88,266.885,266.78,266.83,40148,266.832,726
AAPL,2026-02-23T19:37:00Z,266.81,267.12,266.81,267.08,64027,266.98,977
AAPL,2026-02-23T19:38:00Z,267.08,267.115,267.02,267.055,29353,267.065,678
AAPL,2026-02-23T19:39:00Z,267.06,267.19,267.02,267.08,60606,267.11,792
AAPL,2026-02-23T19:40:00Z,267.06,267.06,266.69,266.81,120224,266.882,1342
AAPL,2026-02-23T19:41:00Z,266.78,266.83,266.63,266.65,55214,266.774,786
AAPL,2026-02-23T19:42:00Z,266.64,266.71,266.59,266.66,49892,266.664,978
AAPL,2026-02-23T19:43:00Z,266.66,266.66,266.53,266.59,55156,266.573,836
AAPL,2026-02-23T19:44:00Z,266.58,266.69,266.58,266.63,86217,266.627,963
AAPL,2026-02-23T19:45:00Z,266.64,266.67,266.555,266.6,53494,266.601,886
AAPL,2026-02-23T19:46:00Z,266.6,266.792,266.58,266.66,45918,266.676,1000
AAPL,2026-02-23T19:47:00Z,266.66,266.899,266.66,266.75,52232,266.783,964
AAPL,2026-02-23T19:48:00Z,266.74,266.9,266.69,266.88,48910,266.788,880
AAPL,2026-02-23T19:49:00Z,266.9,266.93,266.785,266.87,47206,266.848,845
AAPL,2026-02-23T19:50:00Z,266.865,266.93,266.81,266.885,33128,266.879,784
AAPL,2026-02-23T19:51:00Z,266.9,266.91,266.75,266.82,32024,266.821,771
AAPL,2026-02-23T19:52:00Z,266.815,266.88,266.78,266.84,30722,266.826,685
AAPL,2026-02-23T19:53:00Z,266.845,266.855,266.72,266.775,35651,266.792,811
AAPL,2026-02-23T19:54:00Z,266.78,266.795,266.72,266.72,30527,266.758,628
AAPL,2026-02-23T19:55:00Z,266.725,266.76,266.56,266.6,53294,266.664,948
AAPL,2026-02-23T19:56:00Z,266.622,266.75,266.615,266.685,45824,266.687,1081
AAPL,2026-02-23T19:57:00Z,266.69,266.757,266.53,266.53,64492,266.645,782
AAPL,2026-02-23T19:58:00Z,266.53,266.57,266.44,266.5,91647,266.499,1443
AAPL,2026-02-23T19:59:00Z,266.5,266.64,266.45,266.63,62232,266.556,1179
AAPL,2026-02-23T20:00:00Z,266.63,266.68,266.49,266.66,64275,266.577,1202
AAPL,2026-02-23T20:01:00Z,266.68,266.725,266.56,266.61,41529,266.649,740
AAPL,2026-02-23T20:02:00Z,266.595,266.595,266.47,266.51,25287,266.534,539
AAPL,2026-02-23T20:03:00Z,266.54,266.65,266.54,266.65,28869,266.593,606
AAPL,2026-02-23T20:04:00Z,266.65,266.7,266.59,266.627,43238,266.642,768
AAPL,2026-02-23T20:05:00Z,266.62,266.72,266.42,266.43,52683,266.541,902
AAPL,2026-02-23T20:06:00Z,266.44,266.59,266.41,266.57,42342,266.5,839
AAPL,2026-02-23T20:07:00Z,266.575,266.58,266.45,266.505,35541,266.49,751
AAPL,2026-02-23T20:08:00Z,266.505,266.519,266.371,266.4,32814,266.439,696
AAPL,2026-02-23T20:09:00Z,266.39,266.43,266.31,266.35,41776,266.347,780
AAPL,2026-02-23T20:10:00Z,266.36,266.38,266.28,266.369,52561,266.323,1005
AAPL,2026-02-23T20:11:00Z,266.37,266.48,266.36,266.41,51109,266.428,832
AAPL,2026-02-23T20:12:00Z,266.4,266.5,266.375,266.445,54452,266.446,943
AAPL,2026-02-23T20:13:00Z,266.445,266.555,266.44,266.53,32832,266.503,826
AAPL,2026-02-23T20:14:00Z,266.535,266.757,266.48,266.68,78612,266.595,1267
AAPL,2026-02-23T20:15:00Z,266.675,266.86,266.63,266.775,70182,266.759,1322
AAPL,2026-02-23T20:16:00Z,266.77,266.835,266.69,266.83,70219,266.771,1113
AAPL,2026-02-23T20:17:00Z,266.84,266.872,266.69,266.79,55191,266.778,971
AAPL,2026-02-23T20:18:00Z,266.785,266.98,266.77,266.97,67691,266.902,1067
AAPL,2026-02-23T20:19:00Z,266.96,266.96,266.82,266.9,68238,266.887,1059
AAPL,2026-02-23T20:20:00Z,266.9,267.02,266.85,266.851,65846,266.939,1168
AAPL,2026-02-23T20:21:00Z,266.86,266.86,266.64,266.67,73791,266.729,1165
AAPL,2026-02-23T20:22:00Z,266.67,266.7,266.58,266.67,48312,266.631,930
AAPL,2026-02-23T20:23:00Z,266.685,266.72,266.627,266.71,49837,266.682,882
AAPL,2026-02-23T20:24:00Z,266.7,266.745,266.595,266.62,65149,266.666,1106
AAPL,2026-02-23T20:25:00Z,266.64,266.67,266.53,266.635,46294,266.614,924
AAPL,2026-02-23T20:26:00Z,266.635,266.68,266.585,266.6,53161,266.625,995
AAPL,2026-02-23T20:27:00Z,266.61,266.65,266.525,266.535,61842,266.578,922
AAPL,2026-02-23T20:28:00Z,266.535,266.66,266.48,266.63,73180,266.569,1135
AAPL,2026-02-23T20:29:00Z,266.63,266.85,266.535,266.78,75102,266.683,1195
AAPL,2026-02-23T20:30:00Z,266.81,266.93,266.77,266.89,84453,266.865,1489
AAPL,2026-02-23T20:31:00Z,266.89,266.98,266.75,266.795,60763,266.852,1015
AAPL,2026-02-23T20:32:00Z,266.795,266.874,266.71,266.85,61649,266.802,908
AAPL,2026-02-23T20:33:00Z,266.86,267.055,266.84,267.02,80010,266.932,1245
AAPL,2026-02-23T20:34:00Z,267.02,267.05,266.835,266.85,70837,266.988,1142
AAPL,2026-02-23T20:35:00Z,266.84,266.84,266.49,266.5,65278,266.676,1324
AAPL,2026-02-23T20:36:00Z,266.515,266.7,266.42,266.7,45906,266.557,966
AAPL,2026-02-23T20:37:00Z,266.69,266.7,266.53,266.6,46386,266.617,939
AAPL,2026-02-23T20:38:00Z,266.6,266.65,266.517,266.605,42406,266.58,868
AAPL,2026-02-23T20:39:00Z,266.61,266.68,266.532,266.55,50701,266.605,856
AAPL,2026-02-23T20:40:00Z,266.56,266.631,266.53,266.54,44630,266.571,1017
AAPL,2026-02-23T20:41:00Z,266.54,266.8,266.54,266.795,67085,266.628,1205
AAPL,2026-02-23T20:42:00Z,266.795,266.81,266.57,266.59,50815,266.702,938
AAPL,2026-02-23T20:43:00Z,266.585,266.63,266.53,266.61,74420,266.582,1090
AAPL,2026-02-23T20:44:00Z,266.61,266.74,266.54,266.71,44302,266.665,1034
AAPL,2026-02-23T20:45:00Z,266.72,266.74,266.55,266.555,54847,266.647,1189
AAPL,2026-02-23T20:46:00Z,266.57,266.62,266.53,266.54,36710,266.567,883
AAPL,2026-02-23T20:47:00Z,266.54,266.67,266.48,266.635,48484,266.586,1075
AAPL,2026-02-23T20:48:00Z,266.64,266.89,266.64,266.85,58261,266.796,1171
AAPL,2026-02-23T20:49:00Z,266.86,266.97,266.83,266.85,59735,266.884,1205
AAPL,2026-02-23T20:50:00Z,266.86,267.2,266.52,266.73,209737,266.78,4790
AAPL,2026-02-23T20:51:00Z,266.77,266.82,266.55,266.575,131677,266.697,2518
AAPL,2026-02-23T20:52:00Z,266.57,266.59,266.4,266.51,132751,266.499,2080
AAPL,2026-02-23T20:53:00Z,266.49,266.49,266.1,266.11,124742,266.296,2307
AAPL,2026-02-23T20:54:00Z,266.11,266.33,266.1,266.22,144966,266.196,3153
AAPL,2026-02-23T20:55:00Z,266.2,266.39,266.15,266.22,154701,266.31,2904
AAPL,2026-02-23T20:56:00Z,266.23,266.3,266.142,266.15,149141,266.228,2581
AAPL,2026-02-23T20:57:00Z,266.16,266.22,265.99,266.05,184252,266.097,3282
AAPL,2026-02-23T20:58:00Z,266.06,266.28,266.06,266.22,293925,266.209,4812
AAPL,2026-02-23T20:59:00Z,266.22,266.42,266,266.39,1.00486e+06,266.29,10921
AAPL,2026-02-23T21:00:00Z,266.18,266.35,266.18,266.18,7.06804e+06,266.18,201
AAPL,2026-02-23T21:01:00Z,266.27,266.4,266.256,266.4,117622,266.326,40
AAPL,2026-02-23T21:02:00Z,266.43,266.43,266.18,266.27,395493,266.199,55
AAPL,2026-02-23T21:03:00Z,266.3,266.3,266.3,266.3,388,266.3,17
AAPL,2026-02-23T21:04:00Z,266.38,266.38,266.38,266.38,960,266.38,46
AAPL,2026-02-23T21:05:00Z,266.45,266.45,266.27,266.27,51825,266.419,14
AAPL,2026-02-23T21:06:00Z,266.42,266.42,266.42,266.42,559,266.42,29
AAPL,2026-02-23T21:07:00Z,266.42,266.42,266.42,266.42,371,266.42,12
AAPL,2026-02-23T21:08:00Z,266.45,266.45,266.45,266.45,11888,266.45,12
AAPL,2026-02-23T21:09:00Z,266.419,266.419,266.419,266.419,229,266.419,12
AAPL,2026-02-23T21:10:00Z,266.4,266.71,266.4,266.71,8655,266.557,126
AAPL,2026-02-23T21:12:00Z,266.43,266.43,266.4,266.4,1454,266.42,50
AAPL,2026-02-23T21:13:00Z,266.5,266.5,266.4,266.49,1697,266.482,34
AAPL,2026-02-23T21:14:00Z,266.386,266.5,266.386,266.5,496,266.458,12
AAPL,2026-02-23T21:15:00Z,266.45,266.45,266.38,266.4,2958,266.385,25
AAPL,2026-02-23T21:17:00Z,266.45,266.45,266.45,266.45,220,266.45,16
AAPL,2026-02-23T21:18:00Z,266.41,266.43,266.41,266.42,631,266.42,25
AAPL,2026-02-23T21:19:00Z,266.47,266.47,266.45,266.45,478,266.46,17
AAPL,2026-02-23T21:21:00Z,266.491,266.491,266.46,266.46,738,266.475,10
AAPL,2026-02-23T21:22:00Z,266.5,266.5,266.5,266.5,460,266.5,22
AAPL,2026-02-23T21:23:00Z,266.508,266.52,266.508,266.52,11006,266.509,8
AAPL,2026-02-23T21:24:00Z,266.5,266.5,266.46,266.46,607,266.473,19
AAPL,2026-02-23T21:25:00Z,266.421,266.55,266.421,266.55,2643,266.533,28
AAPL,2026-02-23T21:26:00Z,266.59,266.6,266.58,266.6,1949,266.598,26
AAPL,2026-02-23T21:27:00Z,266.6,266.65,266.6,266.65,2360,266.624,34
AAPL,2026-02-23T21:28:00Z,266.66,266.66,266.61,266.61,794,266.643,22
AAPL,2026-02-23T21:29:00Z,266.61,266.61,266.61,266.61,110,266.61,6
AAPL,2026-02-23T21:30:00Z,266.65,266.71,266.65,266.71,4299,266.697,58
AAPL,2026-02-23T21:31:00Z,266.18,266.67,266.18,266.61,23615,266.188,21
AAPL,2026-02-23T21:32:00Z,266.67,266.671,266.63,266.671,1931,266.656,58
AAPL,2026-02-23T21:33:00Z,266.679,266.679,266.679,266.679,373,266.679,17
AAPL,2026-02-23T21:34:00Z,266.68,266.7,266.68,266.68,3069,266.698,31
AAPL,2026-02-23T21:35:00Z,266.68,266.73,266.68,266.7,1732,266.705,35
AAPL,2026-02-23T21:36:00Z,266.672,266.71,266.672,266.71,1105,266.692,23
AAPL,2026-02-23T21:37:00Z,266.7,266.7,266.66,266.67,1191,266.673,34
AAPL,2026-02-23T21:38:00Z,266.68,266.69,266.68,266.69,2584,266.689,16
AAPL,2026-02-23T21:42:00Z,266.74,266.79,266.74,266.77,2329,266.772,30
AAPL,2026-02-23T21:44:00Z,266.72,266.72,266.72,266.72,238,266.72,17
AAPL,2026-02-23T21:45:00Z,266.68,266.68,266.62,266.63,3155,266.642,64
AAPL,2026-02-23T21:46:00Z,266.55,266.55,266.55,266.55,550,266.55,12
AAPL,2026-02-23T21:49:00Z,266.63,266.63,266.63,266.63,642,266.63,14
AAPL,2026-02-23T21:51:00Z,266.4,266.71,266.4,266.71,2040,266.605,93
AAPL,2026-02-23T21:56:00Z,266.8,266.85,266.8,266.85,3227,266.827,56
AAPL,2026-02-23T21:57:00Z,266.95,266.99,266.93,266.98,3987,266.982,55
AAPL,2026-02-23T21:58:00Z,266.8,266.8,266.8,266.8,212,266.8,12
AAPL,2026-02-23T22:02:00Z,266.8,266.8,266.8,266.8,219,266.8,6
AAPL,2026-02-23T22:04:00Z,266.77,266.77,266.77,266.77,292,266.77,15
AAPL,2026-02-23T22:05:00Z,266.87,266.87,266.87,266.87,1503,266.87,10
AAPL,2026-02-23T22:14:00Z,266.8,266.8,266.8,266.8,271,266.8,18
AAPL,2026-02-23T22:23:00Z,266.7,266.7,266.7,266.7,184,266.7,9
AAPL,2026-02-23T22:27:00Z,266.74,266.74,266.72,266.72,460,266.73,21
AAPL,2026-02-23T22:29:00Z,266.67,266.67,266.54,266.54,548,266.602,24
AAPL,2026-02-23T22:44:00Z,266.85,266.86,266.85,266.86,634,266.857,36
AAPL,2026-02-23T22:48:00Z,266.82,266.82,266.82,266.82,174,266.82,8
AAPL,2026-02-23T22:55:00Z,266.781,266.781,266.781,266.781,184,266.781,6
AAPL,2026-02-23T22:59:00Z,266.87,266.87,266.78,266.78,509,266.803,15
AAPL,2026-02-23T23:00:00Z,266.87,267.04,266.867,266.867,3136,266.946,108
AAPL,2026-02-23T23:01:00Z,267,267,267,267,145,267,5
AAPL,2026-02-23T23:02:00Z,267.01,267.01,267.01,267.01,153,267.01,10
AAPL,2026-02-23T23:03:00Z,267.4,267.4,267.1,267.1,651,267.24,16
AAPL,2026-02-23T23:05:00Z,267.19,267.19,267.19,267.19,915,267.19,41
AAPL,2026-02-23T23:06:00Z,267.3,267.56,267.27,267.56,3465,267.362,103
AAPL,2026-02-23T23:07:00Z,267.51,267.51,267.51,267.51,1683,267.51,14
AAPL,2026-02-23T23:08:00Z,266.98,266.98,266.98,266.98,190,266.98,7
AAPL,2026-02-23T23:11:00Z,267.48,267.48,267.48,267.48,895,267.48,13
AAPL,2026-02-23T23:13:00Z,267.4,267.4,267.4,267.4,514,267.4,7
AAPL,2026-02-23T23:14:00Z,267.1,267.1,267.1,267.1,134,267.1,6
AAPL,2026-02-23T23:16:00Z,267.2,267.3,267.2,267.3,221,267.25,7
AAPL,2026-02-23T23:17:00Z,267.23,267.23,267.23,267.23,564,267.23,13
AAPL,2026-02-23T23:18:00Z,267.25,267.25,267.2,267.2,262,267.225,9
AAPL,2026-02-23T23:26:00Z,266.77,266.77,266.77,266.77,347,266.77,7
AAPL,2026-02-23T23:29:00Z,267.24,267.25,267.24,267.25,529,267.247,12
AAPL,2026-02-23T23:31:00Z,267.25,267.33,267.25,267.33,1733,267.29,36
AAPL,2026-02-23T23:33:00Z,267.33,267.33,267.33,267.33,998,267.33,22
AAPL,2026-02-23T23:37:00Z,267.38,267.38,267.38,267.38,221,267.38,8
AAPL,2026-02-23T23:38:00Z,267.19,267.19,266.8,266.8,300,266.944,7
AAPL,2026-02-23T23:40:00Z,266.8,266.8,266.8,266.8,1120,266.8,4
AAPL,2026-02-23T23:41:00Z,267.36,267.36,267.36,267.36,338,267.36,15
AAPL,2026-02-23T23:42:00Z,267,267,267,267,1770,267,5
AAPL,2026-02-23T23:44:00Z,266.95,267.37,266.95,267.37,680,267.057,10
AAPL,2026-02-23T23:45:00Z,267.35,267.35,267.35,267.35,135,267.35,7
AAPL,2026-02-23T23:50:00Z,267.2,267.2,267.2,267.2,178,267.2,4
AAPL,2026-02-23T23:51:00Z,267.2,267.2,267.06,267.06,785,267.109,16
AAPL,2026-02-23T23:55:00Z,267.21,267.21,267.21,267.21,116,267.21,9
AAPL,2026-02-23T23:59:00Z,267.05,267.05,267.01,267.01,505,267.03,16
AAPL,2026-02-24T00:00:00Z,266.96,266.96,266.96,266.96,439,266.96,12
AAPL,2026-02-24T00:01:00Z,267,267,267,267,800,267,23
AAPL,2026-02-24T00:12:00Z,267.23,267.23,267.23,267.23,191,267.23,12
AAPL,2026-02-24T00:17:00Z,267.39,267.4,267.39,267.4,1561,267.397,52
AAPL,2026-02-24T00:19:00Z,267.32,267.32,267.32,267.32,669,267.32,8
AAPL,2026-02-24T00:20:00Z,267.4,267.51,267.32,267.51,1153,267.391,39
AAPL,2026-02-24T00:21:00Z,267.51,267.51,267.51,267.51,1002,267.51,18
AAPL,2026-02-24T00:22:00Z,267.57,267.57,267.09,267.11,3107,267.254,33
AAPL,2026-02-24T00:23:00Z,267.16,267.47,267.16,267.47,438,267.315,18
AAPL,2026-02-24T00:24:00Z,267.09,267.1,267.09,267.1,725,267.098,13
AAPL,2026-02-24T00:25:00Z,267.416,267.416,267.06,267.06,555,267.207,6
AAPL,2026-02-24T00:26:00Z,267.04,267.04,267,267,2398,267.003,54
AAPL,2026-02-24T00:27:00Z,266.94,266.94,266.94,266.94,115,266.94,8
AAPL,2026-02-24T00:28:00Z,266.99,266.99,266.87,266.87,419,266.91,13
AAPL,2026-02-24T00:29:00Z,266.9,266.95,266.9,266.95,374,266.933,8
AAPL,2026-02-24T00:31:00Z,266.88,266.88,266.88,266.88,218,266.88,10
AAPL,2026-02-24T00:39:00Z,267.13,267.13,267.13,267.13,282,267.13,15
AAPL,2026-02-24T00:40:00Z,267.07,267.2,267.07,267.2,695,267.109,19
AAPL,2026-02-24T00:42:00Z,267.1,267.1,267.1,267.1,318,267.1,10
AAPL,2026-02-24T00:43:00Z,267.08,267.41,267.08,267.41,2082,267.303,19
AAPL,2026-02-24T00:47:00Z,267.33,267.33,267.33,267.33,207,267.33,10
AAPL,2026-02-24T00:48:00Z,267.34,267.34,267.34,267.34,206,267.34,8
AAPL,2026-02-24T00:49:00Z,267.35,267.63,267.35,267.63,3510,267.52,51
AAPL,2026-02-24T00:51:00Z,267.328,267.328,267.328,267.328,254,267.328,8
AAPL,2026-02-24T00:52:00Z,267.7,267.75,267.37,267.75,1526,267.644,5
AAPL,2026-02-24T00:55:00Z,267.32,267.5,267.31,267.5,381,267.377,7
AAPL,2026-02-24T00:56:00Z,267.58,267.58,267.4,267.4,959,267.511,8
AAPL,2026-02-24T00:57:00Z,267.03,267.03,267.03,267.03,296,267.03,8
AAPL,2026-02-24T00:58:00Z,267.21,267.5,267.04,267.5,859,267.25,23
AAPL,2026-02-24T00:59:00Z,267.49,267.49,267.48,267.49,1323,267.489,20
AAPL,2026-02-24T09:00:00Z,267,267,266.34,266.34,779,266.634,47
AAPL,2026-02-24T09:01:00Z,266.56,266.68,266.53,266.68,464,266.586,6
AAPL,2026-02-24T09:03:00Z,266.69,266.69,266.69,266.69,282,266.69,12
AAPL,2026-02-24T09:04:00Z,266.57,266.57,266.57,266.57,490,266.57,20
AAPL,2026-02-24T09:05:00Z,266.61,266.61,266.61,266.61,176,266.61,4
AAPL,2026-02-24T09:31:00Z,266.9,266.92,266.86,266.86,2801,266.893,43
AAPL,2026-02-24T09:48:00Z,266.98,267,266.98,267,1180,266.991,21
AAPL,2026-02-24T09:51:00Z,267.01,267.01,266.96,266.97,551,266.985,13
AAPL,2026-02-24T09:54:00Z,266.9,266.9,266.85,266.85,1040,266.86,24
AAPL,2026-02-24T10:01:00Z,266.98,266.98,266.98,266.98,951,266.98,34
AAPL,2026-02-24T10:03:00Z,267.11,267.11,267,267,639,267.036,20
AAPL,2026-02-24T10:19:00Z,266.98,266.98,266.98,266.98,480,266.98,14
AAPL,2026-02-24T10:26:00Z,267.02,267.02,266.95,267.02,1197,266.991,41
AAPL,2026-02-24T10:28:00Z,267,267,266.93,266.97,999,266.947,20
AAPL,2026-02-24T10:29:00Z,266.91,266.91,266.91,266.91,303,266.91,12
AAPL,2026-02-24T10:41:00Z,266.93,266.93,266.87,266.93,948,266.918,21
AAPL,2026-02-24T10:42:00Z,266.99,266.99,266.99,266.99,245,266.99,6
AAPL,2026-02-24T10:44:00Z,266.96,266.96,266.96,266.96,247,266.96,18
AAPL,2026-02-24T10:47:00Z,266.99,266.99,266.99,266.99,234,266.99,5
AAPL,2026-02-24T10:51:00Z,266.97,266.97,266.97,266.97,593,266.97,10
AAPL,2026-02-24T10:59:00Z,266.88,266.88,266.87,266.87,398,266.877,10
AAPL,2026-02-24T11:03:00Z,266.95,266.95,266.95,266.95,294,266.95,20
AAPL,2026-02-24T11:12:00Z,266.84,266.84,266.8,266.8,502,266.82,41
AAPL,2026-02-24T11:15:00Z,266.8,266.8,266.8,266.8,221,266.8,9
AAPL,2026-02-24T11:19:00Z,266.81,266.81,266.81,266.81,165,266.81,7
AAPL,2026-02-24T11:22:00Z,266.8,266.8,266.76,266.77,1095,266.784,22
AAPL,2026-02-24T11:29:00Z,266.72,266.72,266.68,266.68,912,266.697,18
AAPL,2026-02-24T11:37:00Z,266.74,266.74,266.74,266.74,480,266.74,19
AAPL,2026-02-24T11:39:00Z,266.7,266.73,266.61,266.73,1831,266.693,39
AAPL,2026-02-24T11:45:00Z,266.68,266.7,266.68,266.7,469,266.687,15
AAPL,2026-02-24T12:00:00Z,266.99,267.25,266.81,267.25,4883,267.129,129
AAPL,2026-02-24T12:06:00Z,267.34,267.34,267.34,267.34,498,267.34,19
AAPL,2026-02-24T12:07:00Z,267.3,267.3,267.29,267.29,1078,267.292,9
AAPL,2026-02-24T12:08:00Z,267.26,267.26,267.26,267.26,217,267.26,8
AAPL,2026-02-24T12:09:00Z,267.17,267.17,267.17,267.17,145,267.17,4
AAPL,2026-02-24T12:11:00Z,267.25,267.25,267.25,267.25,267,267.25,11
AAPL,2026-02-24T12:12:00Z,267.11,267.24,267.07,267.24,998,267.146,16
AAPL,2026-02-24T12:13:00Z,267.32,267.32,267.32,267.32,306,267.32,6
AAPL,2026-02-24T12:14:00Z,267.26,267.26,267.26,267.26,246,267.26,6
AAPL,2026-02-24T12:18:00Z,267.28,267.28,267.28,267.28,123,267.28,10
AAPL,2026-02-24T12:19:00Z,267.3,267.3,267.21,267.25,731,267.25,22
AAPL,2026-02-24T12:20:00Z,267.33,267.33,267.3,267.3,1026,267.31,42
AAPL,2026-02-24T12:21:00Z,267.27,267.27,267.27,267.27,217,267.27,12
AAPL,2026-02-24T12:22:00Z,267.27,267.27,267.26,267.26,458,267.265,13
AAPL,2026-02-24T12:25:00Z,267.37,267.37,267.37,267.37,313,267.37,7
AAPL,2026-02-24T12:27:00Z,267.38,267.4,267.38,267.4,893,267.397,15
AAPL,2026-02-24T12:28:00Z,267.44,267.44,267.44,267.44,241,267.44,13
AAPL,2026-02-24T12:29:00Z,267.42,267.46,267.42,267.46,524,267.447,16
AAPL,2026-02-24T12:30:00Z,267.48,267.49,267.48,267.49,1338,267.489,60
AAPL,2026-02-24T12:32:00Z,267.6,267.6,267.6,267.6,480,267.6,21
AAPL,2026-02-24T12:35:00Z,267.64,267.64,267.64,267.64,248,267.64,5
AAPL,2026-02-24T12:36:00Z,267.55,267.55,267.55,267.55,472,267.55,19
AAPL,2026-02-24T12:37:00Z,267.44,267.44,267.44,267.44,175,267.44,11
AAPL,2026-02-24T12:38:00Z,267.43,267.43,267.33,267.34,1415,267.365,38
AAPL,2026-02-24T12:40:00Z,267.43,267.43,267.4,267.4,442,267.409,7
AAPL,2026-02-24T12:41:00Z,267.4,267.4,267.3,267.3,1192,267.354,29
AAPL,2026-02-24T12:47:00Z,267.33,267.33,267.33,267.33,281,267.33,9
AAPL,2026-02-24T12:48:00Z,267.24,267.24,267.24,267.24,371,267.24,12
AAPL,2026-02-24T12:51:00Z,267.25,267.25,267.25,267.25,269,267.25,14
AAPL,2026-02-24T12:53:00Z,267.4,267.4,267.39,267.39,1114,267.398,31
AAPL,2026-02-24T12:57:00Z,267.3,267.3,267.3,267.3,166,267.3,5
AAPL,2026-02-24T12:58:00Z,267.36,267.36,267.36,267.36,123,267.36,5
AAPL,2026-02-24T13:00:00Z,267.2,267.714,266.31,267.268,138747,267.16,2518
AAPL,2026-02-24T13:01:00Z,266.39,267.47,266.39,267.47,4456,267.085,301
AAPL,2026-02-24T13:03:00Z,267.39,267.39,267.39,267.39,1271,267.39,108
AAPL,2026-02-24T13:04:00Z,267.39,267.39,267.39,267.39,923,267.39,45
AAPL,2026-02-24T13:06:00Z,267.28,267.4,267.28,267.4,919,267.36,21
AAPL,2026-02-24T13:07:00Z,267.28,267.28,267.28,267.28,398,267.28,18
AAPL,2026-02-24T13:08:00Z,267.28,267.42,267.28,267.42,999,267.394,25
AAPL,2026-02-24T13:12:00Z,267.48,267.48,267.48,267.48,198,267.48,10
AAPL,2026-02-24T13:16:00Z,267.33,267.33,267.33,267.33,331,267.33,14
AAPL,2026-02-24T13:19:00Z,267.45,267.49,267.45,267.49,1107,267.478,32
AAPL,2026-02-24T13:20:00Z,267.507,267.507,267.507,267.507,406,267.507,18
AAPL,2026-02-24T13:21:00Z,267.5,267.5,267.5,267.5,368,267.5,19
AAPL,2026-02-24T13:22:00Z,267.5,267.5,267.5,267.5,691,267.5,17
AAPL,2026-02-24T13:23:00Z,267.48,267.48,267.48,267.48,522,267.48,14
AAPL,2026-02-24T13:24:00Z,267.511,267.55,267.511,267.55,1535,267.54,32
AAPL,2026-02-24T13:25:00Z,267.575,267.575,267.575,267.575,401,267.575,25
AAPL,2026-02-24T13:26:00Z,267.584,267.584,267.55,267.55,729,267.561,21
AAPL,2026-02-24T13:27:00Z,267.63,267.642,267.63,267.642,497,267.634,18
AAPL,2026-02-24T13:28:00Z,267.66,267.66,267.63,267.64,840,267.648,29
AAPL,2026-02-24T13:29:00Z,267.683,267.683,267.55,267.55,1881,267.575,47
AAPL,2026-02-24T13:30:00Z,267.52,267.66,267.52,267.65,1120,267.577,24
AAPL,2026-02-24T13:31:00Z,267.62,267.62,267.394,267.394,847,267.515,21
AAPL,2026-02-24T13:36:00Z,267.63,267.66,267.63,267.66,592,267.639,25
AAPL,2026-02-24T13:37:00Z,267.632,267.632,267.5,267.5,425,267.561,16
AAPL,2026-02-24T13:38:00Z,267.441,267.441,267.441,267.441,194,267.441,20
AAPL,2026-02-24T13:41:00Z,267.52,267.52,267.442,267.442,1561,267.491,27
AAPL,2026-02-24T13:42:00Z,267.59,267.64,267.59,267.64,985,267.598,27
AAPL,2026-02-24T13:43:00Z,267.589,267.6,267.56,267.6,1376,267.587,52
AAPL,2026-02-24T13:44:00Z,267.63,267.675,267.59,267.59,2143,267.633,72
AAPL,2026-02-24T13:46:00Z,267.61,267.77,267.61,267.77,5236,267.704,162
AAPL,2026-02-24T13:47:00Z,267.89,267.89,267.89,267.89,418,267.89,36
AAPL,2026-02-24T13:49:00Z,267.879,267.879,267.879,267.879,1628,267.879,16
AAPL,2026-02-24T13:50:00Z,267.79,267.88,267.79,267.85,1215,267.845,54
AAPL,2026-02-24T13:51:00Z,267.75,267.76,267.75,267.75,1662,267.754,50
AAPL,2026-02-24T13:52:00Z,267.75,267.75,267.75,267.75,902,267.75,58
AAPL,2026-02-24T13:53:00Z,267.68,267.68,267.65,267.65,560,267.656,14
AAPL,2026-02-24T13:54:00Z,267.7,267.79,267.7,267.79,1400,267.74,46
AAPL,2026-02-24T13:55:00Z,267.71,267.73,267.6,267.73,3377,267.642,90
AAPL,2026-02-24T13:56:00Z,267.81,267.81,267.77,267.77,772,267.803,14
AAPL,2026-02-24T13:57:00Z,267.81,267.81,267.7,267.7,1921,267.769,52
AAPL,2026-02-24T13:58:00Z,267.66,267.66,267.66,267.66,384,267.66,37
AAPL,2026-02-24T13:59:00Z,267.5,267.5,267.5,267.5,297,267.5,19
AAPL,2026-02-24T14:00:00Z,267.61,267.62,267.61,267.62,457,267.616,27
AAPL,2026-02-24T14:01:00Z,267.62,267.62,267.5,267.55,1684,267.541,34
AAPL,2026-02-24T14:03:00Z,267.543,267.61,267.52,267.53,1388,267.541,29
AAPL,2026-02-24T14:04:00Z,267.54,267.89,267.47,267.47,1000,267.576,56
AAPL,2026-02-24T14:05:00Z,267.88,267.88,267.88,267.88,281,267.88,25
AAPL,2026-02-24T14:06:00Z,267.55,267.57,267.55,267.56,834,267.56,26
AAPL,2026-02-24T14:08:00Z,267.45,267.45,267.45,267.45,184,267.45,9
AAPL,2026-02-24T14:09:00Z,267.58,267.6,267.55,267.55,1375,267.584,77
AAPL,2026-02-24T14:10:00Z,267.52,267.52,267.52,267.52,336,267.52,17
AAPL,2026-02-24T14:11:00Z,267.52,267.6,267.52,267.538,1602,267.53,46
AAPL,2026-02-24T14:12:00Z,267.53,267.664,267.53,267.664,513,267.583,25
AAPL,2026-02-24T14:13:00Z,267.47,267.47,267.38,267.38,1802,267.426,78
AAPL,2026-02-24T14:14:00Z,267.28,267.327,267.28,267.327,1449,267.295,61
AAPL,2026-02-24T14:15:00Z,267.31,267.31,267.31,267.31,263,267.31,10
AAPL,2026-02-24T14:17:00Z,267.36,267.38,267.28,267.28,1994,267.319,76
AAPL,2026-02-24T14:18:00Z,267.36,267.36,267.36,267.36,435,267.36,31
AAPL,2026-02-24T14:19:00Z,267.2,267.2,267.2,267.2,991,267.2,75
AAPL,2026-02-24T14:20:00Z,267.22,267.34,267.2,267.2,3284,267.25,97
AAPL,2026-02-24T14:21:00Z,267.11,267.249,267.1,267.249,1620,267.167,61
AAPL,2026-02-24T14:22:00Z,267.15,267.27,267.15,267.252,1595,267.226,47
AAPL,2026-02-24T14:23:00Z,267.23,267.34,267.21,267.21,756,267.268,36
AAPL,2026-02-24T14:24:00Z,267.217,267.22,267.2,267.2,2553,267.211,84
AAPL,2026-02-24T14:25:00Z,267.2,267.35,266.93,267.35,10736,267.102,214
AAPL,2026-02-24T14:26:00Z,267.36,267.44,267.21,267.395,2712,267.311,76
AAPL,2026-02-24T14:27:00Z,267.43,267.54,267.27,267.54,4310,267.403,150
AAPL,2026-02-24T14:28:00Z,267.69,268.24,267.65,268.22,18912,268.11,483
AAPL,2026-02-24T14:29:00Z,268.23,268.28,267.87,267.93,9691,268.048,133
AAPL,2026-02-24T14:30:00Z,267.99,269.9,267.71,269.78,962891,268.534,14079
AAPL,2026-02-24T14:31:00Z,269.67,270.57,269.67,270.145,447118,270.111,6155
AAPL,2026-02-24T14:32:00Z,270.145,271.25,270.145,271.25,304700,270.729,4508
AAPL,2026-02-24T14:33:00Z,271.28,271.83,271.12,271.655,299557,271.528,4742
AAPL,2026-02-24T14:34:00Z,271.655,271.95,270.99,271.905,233558,271.385,4095
AAPL,2026-02-24T14:35:00Z,271.87,271.93,270.69,271.343,398168,271.261,5358
AAPL,2026-02-24T14:36:00Z,271.32,271.45,270.29,270.61,375422,270.806,4941
AAPL,2026-02-24T14:37:00Z,270.64,271.37,270.44,271.31,195158,270.741,2823
AAPL,2026-02-24T14:38:00Z,271.312,271.78,271.23,271.4,216141,271.556,3057
AAPL,2026-02-24T14:39:00Z,271.4,272.26,271.2,272.24,299877,271.962,4625
AAPL,2026-02-24T14:40:00Z,272.24,272.655,272.159,272.64,239135,272.404,3510
AAPL,2026-02-24T14:41:00Z,272.65,273.22,272.55,273.22,374550,272.822,4225
AAPL,2026-02-24T14:42:00Z,273.18,273.28,272.8,273.195,343115,273.041,4474
AAPL,2026-02-24T14:43:00Z,273.195,273.98,273.1,273.875,337437,273.613,5257
AAPL,2026-02-24T14:44:00Z,273.85,274.24,273.65,274.195,335756,274.008,5083
AAPL,2026-02-24T14:45:00Z,274.2,274.27,273.88,274.075,258507,274.086,4239
AAPL,2026-02-24T14:46:00Z,274.1,274.22,273.63,274.1,243713,273.968,4224
AAPL,2026-02-24T14:47:00Z,274.06,274.6,274.06,274.52,200962,274.412,3998
AAPL,2026-02-24T14:48:00Z,274.49,274.89,274.44,274.56,274006,274.686,4704
AAPL,2026-02-24T14:49:00Z,274.531,274.7,274.2,274.375,268206,274.441,4446
AAPL,2026-02-24T14:50:00Z,274.4,274.44,274.01,274.25,140909,274.223,3391
AAPL,2026-02-24T14:51:00Z,274.24,274.358,273.95,274.05,162627,274.172,3277
AAPL,2026-02-24T14:52:00Z,274.04,274.21,273.89,274.07,149358,274.023,2842
AAPL,2026-02-24T14:53:00Z,274.07,274.12,273.82,273.9,165541,273.98,3172
AAPL,2026-02-24T14:54:00Z,273.9,274.49,273.84,274.435,129145,274.24,3158
AAPL,2026-02-24T14:55:00Z,274.445,274.445,274.05,274.07,126682,274.232,2883
AAPL,2026-02-24T14:56:00Z,274.1,274.145,273.67,273.67,135800,273.979,2859
AAPL,2026-02-24T14:57:00Z,273.65,274,273.65,273.775,164364,273.818,3346
AAPL,2026-02-24T14:58:00Z,273.77,274.1,273.7,273.9,167251,273.861,3574
AAPL,2026-02-24T14:59:00Z,273.9,274.14,273.78,274.06,141555,273.961,2627
AAPL,2026-02-24T15:00:00Z,274.045,274.27,273.76,273.97,136972,274.022,3253
AAPL,2026-02-24T15:01:00Z,273.93,274.086,273.761,273.92,90581,273.937,2638
AAPL,2026-02-24T15:02:00Z,273.928,274.144,273.84,274.095,83268,273.968,2589
AAPL,2026-02-24T15:03:00Z,274.08,274.25,273.85,273.94,133568,274.037,3081
AAPL,2026-02-24T15:04:00Z,273.93,273.97,273.66,273.87,78293,273.755,2256
AAPL,2026-02-24T15:05:00Z,273.89,273.98,273.755,273.76,96311,273.871,2998
AAPL,2026-02-24T15:06:00Z,273.788,274.2,273.76,273.98,94409,274.035,2951
AAPL,2026-02-24T15:07:00Z,273.97,273.97,273.56,273.64,98853,273.778,2639
AAPL,2026-02-24T15:08:00Z,273.685,274.3,273.595,274.205,167775,274.017,3127
AAPL,2026-02-24T15:09:00Z,274.205,274.62,274.17,274.53,201752,274.461,3609
AAPL,2026-02-24T15:10:00Z,274.53,274.67,273.93,273.93,127012,274.267,2911
AAPL,2026-02-24T15:11:00Z,273.92,274.24,273.87,274.03,121675,274.02,2798
AAPL,2026-02-24T15:12:00Z,274.05,274.13,273.6,273.635,174580,273.832,3187
AAPL,2026-02-24T15:13:00Z,273.647,273.76,273.32,273.32,124748,273.553,2712
AAPL,2026-02-24T15:14:00Z,273.31,273.36,272.93,272.97,149491,273.156,3164
AAPL,2026-02-24T15:15:00Z,273.01,273.13,272.87,273.12,152834,273.001,2890
AAPL,2026-02-24T15:16:00Z,273.13,273.44,273.1,273.212,90885,273.205,2527
AAPL,2026-02-24T15:17:00Z,273.215,273.51,273.18,273.37,102571,273.343,3755
AAPL,2026-02-24T15:18:00Z,273.36,273.4,272.7,273.125,105859,272.953,2700
AAPL,2026-02-24T15:19:00Z,273.1,273.39,273.01,273.325,66885,273.193,2135
AAPL,2026-02-24T15:20:00Z,273.3,273.4,273.03,273.05,84568,273.2,2175
AAPL,2026-02-24T15:21:00Z,273.06,273.435,273.02,273.38,75846,273.277,2288
AAPL,2026-02-24T15:22:00Z,273.37,273.65,273.25,273.64,91570,273.458,2199
AAPL,2026-02-24T15:23:00Z,273.61,273.768,273.48,273.69,102547,273.638,2619
AAPL,2026-02-24T15:24:00Z,273.7,273.73,273.35,273.43,106076,273.59,2504
AAPL,2026-02-24T15:25:00Z,273.445,273.7,273.33,273.51,87108,273.489,2445
AAPL,2026-02-24T15:26:00Z,273.5,273.85,273.46,273.85,76328,273.692,2206
AAPL,2026-02-24T15:27:00Z,273.83,274.06,273.56,273.61,107723,273.823,2410
AAPL,2026-02-24T15:28:00Z,273.606,273.93,273.58,273.91,77348,273.777,2114
AAPL,2026-02-24T15:29:00Z,273.87,274,273.64,273.67,92737,273.799,2412
AAPL,2026-02-24T15:30:00Z,273.68,273.77,273.53,273.565,75622,273.66,2148
AAPL,2026-02-24T15:31:00Z,273.64,273.64,272.93,273.031,105424,273.3,2656
AAPL,2026-02-24T15:32:00Z,272.96,273.04,272.66,272.68,64963,272.85,2057
AAPL,2026-02-24T15:33:00Z,272.7,272.77,272.6,272.69,81860,272.697,2048
AAPL,2026-02-24T15:34:00Z,272.695,272.77,272.43,272.58,146901,272.596,2259
AAPL,2026-02-24T15:35:00Z,272.585,272.76,272.43,272.6,68334,272.617,2006
AAPL,2026-02-24T15:36:00Z,272.6,272.64,272.36,272.605,81446,272.503,2520
AAPL,2026-02-24T15:37:00Z,272.61,272.75,272.49,272.69,89712,272.639,2192
AAPL,2026-02-24T15:38:00Z,272.695,272.769,272.53,272.73,75946,272.654,2101
AAPL,2026-02-24T15:39:00Z,272.74,273.22,272.71,273.205,219184,272.96,3140
AAPL,2026-02-24T15:40:00Z,273.205,273.477,273.205,273.43,312224,273.374,3240
AAPL,2026-02-24T15:41:00Z,273.44,273.77,273.39,273.73,188713,273.6,2478
AAPL,2026-02-24T15:42:00Z,273.715,273.92,273.71,273.84,259689,273.848,2863
AAPL,2026-02-24T15:43:00Z,273.82,274.11,273.7,274.02,147879,273.946,2793
AAPL,2026-02-24T15:44:00Z,274.015,274.3,273.87,274.125,83690,274.146,2367
AAPL,2026-02-24T15:45:00Z,274.115,274.125,273.86,274.007,90824,273.991,2338
AAPL,2026-02-24T15:46:00Z,274.017,274.185,273.95,274.12,57180,274.094,1887
AAPL,2026-02-24T15:47:00Z,274.11,274.369,274.11,274.34,67210,274.255,1881
AAPL,2026-02-24T15:48:00Z,274.34,274.34,274.12,274.185,63267,274.201,1964
AAPL,2026-02-24T15:49:00Z,274.17,274.385,274.09,274.22,86869,274.259,2302
AAPL,2026-02-24T15:50:00Z,274.235,274.3,274.16,274.21,70190,274.229,2024
AAPL,2026-02-24T15:51:00Z,274.25,274.36,273.9,274.07,112439,274.108,2575
AAPL,2026-02-24T15:52:00Z,274.05,274.43,274,274.41,94170,274.294,2234
AAPL,2026-02-24T15:53:00Z,274.41,274.429,274.01,274.08,65602,274.18,2037
AAPL,2026-02-24T15:54:00Z,274.075,274.22,273.96,274.116,68900,274.084,1904
AAPL,2026-02-24T15:55:00Z,274.12,274.41,274.04,274.05,76462,274.245,2012
AAPL,2026-02-24T15:56:00Z,274.055,274.11,273.88,274.01,76730,274.004,2118
AAPL,2026-02-24T15:57:00Z,273.99,274.1,273.85,274.08,48431,273.964,1821
AAPL,2026-02-24T15:58:00Z,274.08,274.2,273.96,273.99,56920,274.09,1724
AAPL,2026-02-24T15:59:00Z,273.97,274.06,273.9,273.95,51916,273.971,1763
AAPL,2026-02-24T16:00:00Z,273.95,274.04,273.6,273.69,100640,273.798,2561
AAPL,2026-02-24T16:01:00Z,273.7,273.735,273.51,273.52,48919,273.615,1979
AAPL,2026-02-24T16:02:00Z,273.53,273.82,273.53,273.765,87396,273.672,2646
AAPL,2026-02-24T16:03:00Z,273.73,273.853,273.685,273.78,46159,273.768,1862
AAPL,2026-02-24T16:04:00Z,273.77,273.81,273.68,273.77,47836,273.74,1559
AAPL,2026-02-24T16:05:00Z,273.785,273.94,273.77,273.83,64268,273.884,2100
AAPL,2026-02-24T16:06:00Z,273.81,273.82,273.43,273.589,57795,273.596,1934
AAPL,2026-02-24T16:07:00Z,273.58,274.1,273.44,274.03,108765,273.836,2487
AAPL,2026-02-24T16:08:00Z,274.03,274.125,273.97,274.01,62043,274.055,1887
AAPL,2026-02-24T16:09:00Z,274.038,274.091,273.99,274.01,55807,274.036,1772
AAPL,2026-02-24T16:10:00Z,274.01,274.08,273.97,274.015,78877,274.019,2056
AAPL,2026-02-24T16:11:00Z,274.015,274.24,274.015,274.155,51673,274.125,1869
AAPL,2026-02-24T16:12:00Z,274.17,274.7,274.12,274.68,329095,274.565,4022
AAPL,2026-02-24T16:13:00Z,274.685,274.81,274.65,274.78,263638,274.727,3002
AAPL,2026-02-24T16:14:00Z,274.8,274.82,274.41,274.45,1.17281e+06,274.696,3015
AAPL,2026-02-24T16:15:00Z,274.45,274.655,274.44,274.61,81758,274.535,2132
AAPL,2026-02-24T16:16:00Z,274.61,274.615,274.41,274.41,51266,274.526,1775
AAPL,2026-02-24T16:17:00Z,274.4,274.4,274.285,274.315,42534,274.337,1823
AAPL,2026-02-24T16:18:00Z,274.31,274.4,274.245,274.4,33992,274.334,1572
AAPL,2026-02-24T16:19:00Z,274.37,274.43,274.27,274.31,59096,274.356,1884
AAPL,2026-02-24T16:20:00Z,274.29,274.307,273.99,274.04,69257,274.104,2217
AAPL,2026-02-24T16:21:00Z,274.051,274.19,274.02,274.135,51110,274.065,1735
AAPL,2026-02-24T16:22:00Z,274.12,274.17,273.97,274.155,62445,274.061,1817
AAPL,2026-02-24T16:23:00Z,274.15,274.15,273.96,273.96,36269,274.052,1804
AAPL,2026-02-24T16:24:00Z,273.94,273.95,273.764,273.905,62367,273.835,2021
AAPL,2026-02-24T16:25:00Z,273.92,273.94,273.58,273.59,75283,273.726,2174
AAPL,2026-02-24T16:26:00Z,273.6,273.6,273.37,273.37,51038,273.457,1815
AAPL,2026-02-24T16:27:00Z,273.425,273.425,273.18,273.22,64570,273.272,1920
AAPL,2026-02-24T16:28:00Z,273.23,273.304,273.14,273.29,58419,273.218,1973
AAPL,2026-02-24T16:29:00Z,273.27,273.315,273.14,273.22,103988,273.253,1934
AAPL,2026-02-24T16:30:00Z,273.225,273.24,272.95,272.975,54854,273.066,2149
AAPL,2026-02-24T16:31:00Z,272.98,272.98,272.82,272.88,68612,272.899,2129
AAPL,2026-02-24T16:32:00Z,272.87,272.96,272.83,272.83,255564,272.885,1897
AAPL,2026-02-24T16:33:00Z,272.82,272.85,272.721,272.83,71503,272.795,1899
AAPL,2026-02-24T16:34:00Z,272.82,272.93,272.74,272.89,76837,272.832,1993
AAPL,2026-02-24T16:35:00Z,272.89,273.04,272.87,273.03,63332,272.95,2094
AAPL,2026-02-24T16:36:00Z,273.01,273.037,272.88,272.93,70242,272.948,2017
AAPL,2026-02-24T16:37:00Z,272.945,273.13,272.93,273.1,53480,273.052,1819
AAPL,2026-02-24T16:38:00Z,273.1,273.2,273.07,273.1,68666,273.128,2084
AAPL,2026-02-24T16:39:00Z,273.11,273.2,273.02,273.02,72958,273.119,1949
AAPL,2026-02-24T16:40:00Z,273.055,273.24,273.05,273.14,67210,273.165,2036
AAPL,2026-02-24T16:41:00Z,273.12,273.12,272.82,272.865,61853,272.942,1926
AAPL,2026-02-24T16:42:00Z,272.855,272.87,272.59,272.69,51630,272.686,1834
AAPL,2026-02-24T16:43:00Z,272.67,272.71,272.55,272.64,53536,272.632,1852
AAPL,2026-02-24T16:44:00Z,272.645,272.66,272.476,272.62,37643,272.564,1742
AAPL,2026-02-24T16:45:00Z,272.61,272.89,272.58,272.85,48553,272.75,1785
AAPL,2026-02-24T16:46:00Z,272.85,273.067,272.84,272.89,44576,272.947,1713
AAPL,2026-02-24T16:47:00Z,272.9,273.05,272.741,273.01,50261,272.911,1980
AAPL,2026-02-24T16:48:00Z,273.014,273.06,272.81,273.04,84903,272.93,2613
AAPL,2026-02-24T16:49:00Z,273.06,273.175,272.97,273.06,60578,273.082,1719
AAPL,2026-02-24T16:50:00Z,273.04,273.18,272.95,273.01,56986,273.082,1991
AAPL,2026-02-24T16:51:00Z,273.005,273.15,272.99,273.1,29951,273.077,1499
AAPL,2026-02-24T16:52:00Z,273.13,273.14,273.05,273.11,27240,273.086,1462
AAPL,2026-02-24T16:53:00Z,273.105,273.12,272.91,272.93,56199,273.051,1943
AAPL,2026-02-24T16:54:00Z,272.91,272.95,272.75,272.83,57062,272.825,2032
AAPL,2026-02-24T16:55:00Z,272.81,272.87,272.68,272.74,41118,272.76,1575
AAPL,2026-02-24T16:56:00Z,272.74,272.78,272.53,272.57,72706,272.66,2339
AAPL,2026-02-24T16:57:00Z,272.53,272.67,272.46,272.53,64180,272.52,1926
AAPL,2026-02-24T16:58:00Z,272.54,272.645,272.51,272.548,39786,272.583,1645
AAPL,2026-02-24T16:59:00Z,272.54,272.59,272.42,272.46,54262,272.503,1414
AAPL,2026-02-24T17:00:00Z,272.46,272.51,272.08,272.1,106447,272.263,1525
AAPL,2026-02-24T17:01:00Z,272.09,272.399,272.09,272.315,69651,272.229,1002
AAPL,2026-02-24T17:02:00Z,272.315,272.505,272.16,272.27,133522,272.308,2180
AAPL,2026-02-24T17:03:00Z,272.25,272.53,272.16,272.53,67717,272.325,1184
AAPL,2026-02-24T17:04:00Z,272.5,272.62,272.44,272.52,93628,272.513,1610
AAPL,2026-02-24T17:05:00Z,272.55,272.675,272.26,272.32,50951,272.502,889
AAPL,2026-02-24T17:06:00Z,272.32,272.46,272.31,272.32,27508,272.38,668
AAPL,2026-02-24T17:07:00Z,272.315,272.33,272.2,272.232,33485,272.273,792
AAPL,2026-02-24T17:08:00Z,272.2,272.25,272.11,272.22,28378,272.18,774
AAPL,2026-02-24T17:09:00Z,272.215,272.27,271.99,272.27,78369,272.082,1805
AAPL,2026-02-24T17:10:00Z,272.29,272.76,272.29,272.67,129610,272.542,1858
AAPL,2026-02-24T17:11:00Z,272.674,272.82,272.674,272.75,112272,272.745,1358
AAPL,2026-02-24T17:12:00Z,272.77,272.87,272.69,272.752,85241,272.758,1225
AAPL,2026-02-24T17:13:00Z,272.755,272.81,272.66,272.78,85993,272.725,1239
AAPL,2026-02-24T17:14:00Z,272.74,272.74,272.418,272.418,53090,272.61,926
AAPL,2026-02-24T17:15:00Z,272.4,272.66,272.4,272.65,55801,272.539,842
AAPL,2026-02-24T17:16:00Z,272.65,272.75,272.52,272.54,41357,272.668,818
AAPL,2026-02-24T17:17:00Z,272.51,272.56,272.49,272.5,31911,272.522,757
AAPL,2026-02-24T17:18:00Z,272.5,272.57,272.38,272.38,56048,272.451,948
AAPL,2026-02-24T17:19:00Z,272.38,272.54,272.29,272.46,51218,272.406,1081
AAPL,2026-02-24T17:20:00Z,272.45,272.53,272.25,272.43,66845,272.354,1007
AAPL,2026-02-24T17:21:00Z,272.464,272.54,272.332,272.335,34469,272.459,909
AAPL,2026-02-24T17:22:00Z,272.34,272.35,272.22,272.25,39984,272.283,966
AAPL,2026-02-24T17:23:00Z,272.22,272.31,272.15,272.24,40318,272.231,826
AAPL,2026-02-24T17:24:00Z,272.26,272.34,272.21,272.315,26414,272.281,825
AAPL,2026-02-24T17:25:00Z,272.3,272.35,272.26,272.29,29926,272.316,686
AAPL,2026-02-24T17:26:00Z,272.28,272.4,272.28,272.4,34069,272.33,795
AAPL,2026-02-24T17:27:00Z,272.405,272.55,272.4,272.5,68048,272.497,1143
AAPL,2026-02-24T17:28:00Z,272.5,272.519,272.44,272.45,28146,272.482,667
AAPL,2026-02-24T17:29:00Z,272.47,272.58,272.45,272.51,20574,272.502,673
AAPL,2026-02-24T17:30:00Z,272.49,272.49,272.32,272.44,32406,272.416,734
AAPL,2026-02-24T17:31:00Z,272.415,272.5,272.36,272.36,43224,272.461,781
AAPL,2026-02-24T17:32:00Z,272.353,272.42,272.34,272.375,33073,272.385,808
AAPL,2026-02-24T17:33:00Z,272.375,272.375,272.25,272.36,20544,272.301,664
AAPL,2026-02-24T17:34:00Z,272.347,272.369,272.08,272.1,46047,272.181,1067
AAPL,2026-02-24T17:35:00Z,272.11,272.135,271.92,271.94,47360,272.022,1107
AAPL,2026-02-24T17:36:00Z,271.95,271.95,271.84,271.86,38903,271.894,982
AAPL,2026-02-24T17:37:00Z,271.86,271.98,271.82,271.93,272241,271.907,1009
AAPL,2026-02-24T17:38:00Z,271.92,272.051,271.9,272.05,41780,271.956,866
AAPL,2026-02-24T17:39:00Z,272.03,272.16,272.03,272.15,43798,272.091,985
AAPL,2026-02-24T17:40:00Z,272.15,272.15,272.01,272.115,30117,272.103,850
AAPL,2026-02-24T17:41:00Z,272.115,272.18,272.11,272.145,24702,272.138,748
AAPL,2026-02-24T17:42:00Z,272.15,272.28,272.11,272.25,27572,272.196,735
AAPL,2026-02-24T17:43:00Z,272.25,272.25,272,272.042,43349,272.07,870
AAPL,2026-02-24T17:44:00Z,272.05,272.07,271.93,271.94,39718,272.003,836
AAPL,2026-02-24T17:45:00Z,271.93,272.08,271.89,272.04,49964,271.973,1056
AAPL,2026-02-24T17:46:00Z,272.04,272.12,272.03,272.1,30508,272.097,812
AAPL,2026-02-24T17:47:00Z,272.094,272.24,272.04,272.21,20858,272.141,598
AAPL,2026-02-24T17:48:00Z,272.205,272.32,272.16,272.305,28848,272.261,744
AAPL,2026-02-24T17:49:00Z,272.29,272.42,272.26,272.4,34471,272.328,851
AAPL,2026-02-24T17:50:00Z,272.435,272.79,272.41,272.66,59203,272.614,1306
AAPL,2026-02-24T17:51:00Z,272.67,272.68,272.56,272.61,34093,272.618,761
AAPL,2026-02-24T17:52:00Z,272.585,272.72,272.58,272.68,49806,272.638,760
AAPL,2026-02-24T17:53:00Z,272.7,272.7,272.52,272.53,34277,272.601,821
AAPL,2026-02-24T17:54:00Z,272.52,272.555,272.33,272.36,52532,272.467,1049
AAPL,2026-02-24T17:55:00Z,272.37,272.39,272.21,272.23,58525,272.302,1056
AAPL,2026-02-24T17:56:00Z,272.24,272.28,272.14,272.22,39507,272.22,852
AAPL,2026-02-24T17:57:00Z,272.24,272.41,272.23,272.382,27710,272.337,740
AAPL,2026-02-24T17:58:00Z,272.42,272.42,272.29,272.307,38459,272.357,770
AAPL,2026-02-24T17:59:00Z,272.32,272.32,272.24,272.29,27071,272.269,695
AAPL,2026-02-24T18:00:00Z,272.305,272.43,272.1,272.1,73147,272.295,1100
AAPL,2026-02-24T18:01:00Z,272.085,272.32,272.06,272.32,23964,272.153,649
AAPL,2026-02-24T18:02:00Z,272.28,272.39,272.24,272.28,43093,272.298,842
AAPL,2026-02-24T18:03:00Z,272.29,272.53,272.24,272.51,87313,272.36,1253
AAPL,2026-02-24T18:04:00Z,272.5,272.53,272.43,272.455,43125,272.486,865
AAPL,2026-02-24T18:05:00Z,272.47,272.69,272.47,272.51,46708,272.599,1127
AAPL,2026-02-24T18:06:00Z,272.52,272.535,272.45,272.51,45508,272.5,922
AAPL,2026-02-24T18:07:00Z,272.51,272.57,272.44,272.49,38858,272.493,811
AAPL,2026-02-24T18:08:00Z,272.45,272.5,272.35,272.445,32956,272.422,779
AAPL,2026-02-24T18:09:00Z,272.445,272.55,272.38,272.49,44902,272.463,650
AAPL,2026-02-24T18:10:00Z,272.5,272.565,272.39,272.4,26957,272.497,585
AAPL,2026-02-24T18:11:00Z,272.38,272.49,272.34,272.34,16820,272.423,499
AAPL,2026-02-24T18:12:00Z,272.36,272.385,272.25,272.25,16020,272.337,514
AAPL,2026-02-24T18:13:00Z,272.276,272.29,272.17,272.18,526235,272.211,589
AAPL,2026-02-24T18:14:00Z,272.16,272.3,272.16,272.22,51357,272.23,873
AAPL,2026-02-24T18:15:00Z,272.214,272.214,272.08,272.08,23824,272.148,642
AAPL,2026-02-24T18:16:00Z,272.07,272.09,272,272.035,41868,272.04,781
AAPL,2026-02-24T18:17:00Z,272.025,272.1,271.99,272.085,41444,272.026,685
AAPL,2026-02-24T18:18:00Z,272.08,272.1,272,272.01,21646,272.063,495
AAPL,2026-02-24T18:19:00Z,272.015,272.015,271.9,271.97,33045,271.955,720
AAPL,2026-02-24T18:20:00Z,271.98,272.06,271.86,272.06,54131,271.922,1069
AAPL,2026-02-24T18:21:00Z,272.055,272.19,272.055,272.18,29613,272.131,599
AAPL,2026-02-24T18:22:00Z,272.19,272.2,272.04,272.04,38680,272.135,640
AAPL,2026-02-24T18:23:00Z,272.04,272.07,271.99,271.99,17541,272.048,487
AAPL,2026-02-24T18:24:00Z,272.01,272.06,271.99,272.04,22613,272.018,543
AAPL,2026-02-24T18:25:00Z,272.04,272.055,272.019,272.035,16236,272.031,430
AAPL,2026-02-24T18:26:00Z,272.03,272.05,271.77,271.85,46225,271.892,894
AAPL,2026-02-24T18:27:00Z,271.83,271.83,271.66,271.7,43722,271.72,843
AAPL,2026-02-24T18:28:00Z,271.705,271.75,271.62,271.64,36881,271.659,751
AAPL,2026-02-24T18:29:00Z,271.65,271.69,271.595,271.595,25011,271.641,663
AAPL,2026-02-24T18:30:00Z,271.6,271.61,271.42,271.45,56491,271.506,962
AAPL,2026-02-24T18:31:00Z,271.44,271.59,271.42,271.44,36254,271.494,771
AAPL,2026-02-24T18:32:00Z,271.435,271.52,271.41,271.44,46867,271.449,759
AAPL,2026-02-24T18:33:00Z,271.43,271.49,271.385,271.419,26597,271.437,710
AAPL,2026-02-24T18:34:00Z,271.44,271.465,271.37,271.43,38371,271.414,773
AAPL,2026-02-24T18:35:00Z,271.43,271.65,271.41,271.62,37267,271.545,694
AAPL,2026-02-24T18:36:00Z,271.632,271.632,271.52,271.58,30990,271.56,541
AAPL,2026-02-24T18:37:00Z,271.579,271.86,271.579,271.84,59225,271.726,1006
AAPL,2026-02-24T18:38:00Z,271.82,271.82,271.73,271.8,31782,271.776,663
AAPL,2026-02-24T18:39:00Z,271.79,271.97,271.76,271.925,48369,271.893,874
AAPL,2026-02-24T18:40:00Z,271.935,272.15,271.935,272.13,71017,272.08,1237
AAPL,2026-02-24T18:41:00Z,272.16,272.34,272.13,272.255,62521,272.229,1066
AAPL,2026-02-24T18:42:00Z,272.26,272.27,272.16,272.18,32419,272.21,583
AAPL,2026-02-24T18:43:00Z,272.169,272.34,272.166,272.31,28142,272.262,584
AAPL,2026-02-24T18:44:00Z,272.32,272.37,272.28,272.35,36786,272.316,678
AAPL,2026-02-24T18:45:00Z,272.355,272.51,272.34,272.42,40223,272.435,796
AAPL,2026-02-24T18:46:00Z,272.42,272.42,272.255,272.27,76295,272.331,1186
AAPL,2026-02-24T18:47:00Z,272.266,272.31,272.22,272.26,48314,272.268,961
AAPL,2026-02-24T18:48:00Z,272.251,272.27,272.11,272.175,52699,272.18,889
AAPL,2026-02-24T18:49:00Z,272.187,272.265,272.07,272.155,35046,272.154,722
AAPL,2026-02-24T18:50:00Z,272.16,272.35,272.16,272.225,25524,272.262,567
AAPL,2026-02-24T18:51:00Z,272.22,272.5,272.22,272.467,38867,272.359,773
AAPL,2026-02-24T18:52:00Z,272.461,272.51,272.4,272.44,32882,272.452,613
AAPL,2026-02-24T18:53:00Z,272.44,272.5,272.38,272.395,28090,272.443,562
AAPL,2026-02-24T18:54:00Z,272.395,272.53,272.37,272.5,39400,272.462,658
AAPL,2026-02-24T18:55:00Z,272.5,272.55,272.44,272.49,39467,272.495,822
AAPL,2026-02-24T18:56:00Z,272.49,272.51,272.29,272.33,35534,272.415,748
AAPL,2026-02-24T18:57:00Z,272.32,272.34,272.145,272.3,48412,272.244,823
AAPL,2026-02-24T18:58:00Z,272.295,272.36,272.17,272.19,59829,272.284,998
AAPL,2026-02-24T18:59:00Z,272.19,272.23,271.95,271.96,39457,272.12,812
AAPL,2026-02-24T19:00:00Z,271.955,272,271.78,271.875,53585,271.9,938
AAPL,2026-02-24T19:01:00Z,271.86,272.005,271.845,272,28068,271.915,685
AAPL,2026-02-24T19:02:00Z,272.025,272.22,271.99,272.15,42090,272.092,828
AAPL,2026-02-24T19:03:00Z,272.14,272.15,272,272.045,28058,272.077,647
AAPL,2026-02-24T19:04:00Z,272.03,272.15,272.01,272.03,30288,272.079,677
AAPL,2026-02-24T19:05:00Z,272.04,272.13,271.98,271.98,25666,272.061,662
AAPL,2026-02-24T19:06:00Z,271.985,271.985,271.905,271.93,24467,271.948,680
AAPL,2026-02-24T19:07:00Z,271.92,272,271.91,271.973,33616,271.968,715
AAPL,2026-02-24T19:08:00Z,271.98,272,271.83,271.93,61940,271.921,1135
AAPL,2026-02-24T19:09:00Z,271.93,271.97,271.885,271.92,33847,271.935,716
AAPL,2026-02-24T19:10:00Z,271.92,272.16,271.83,272.16,114799,271.995,2013
AAPL,2026-02-24T19:11:00Z,272.145,272.27,272.13,272.18,33503,272.19,958
AAPL,2026-02-24T19:12:00Z,272.17,272.26,272,272.04,58596,272.148,1193
AAPL,2026-02-24T19:13:00Z,272.03,272.08,271.97,272.016,30767,272.008,829
AAPL,2026-02-24T19:14:00Z,272.02,272.04,271.95,271.95,20382,272.003,606
AAPL,2026-02-24T19:15:00Z,271.96,272.03,271.88,271.95,31565,271.962,811
AAPL,2026-02-24T19:16:00Z,271.95,272,271.84,271.86,27495,271.92,700
AAPL,2026-02-24T19:17:00Z,271.85,272.02,271.74,271.97,94439,271.847,1553
AAPL,2026-02-24T19:18:00Z,272,272.12,271.96,272.1,40849,272.033,819
AAPL,2026-02-24T19:19:00Z,272.07,272.11,272,272.075,31335,272.06,692
AAPL,2026-02-24T19:20:00Z,272.075,272.21,272.075,272.178,29750,272.147,671
AAPL,2026-02-24T19:21:00Z,272.15,272.24,272.07,272.15,35923,272.16,735
AAPL,2026-02-24T19:22:00Z,272.144,272.29,272.144,272.16,35385,272.209,711
AAPL,2026-02-24T19:23:00Z,272.165,272.275,272.16,272.265,27951,272.23,625
AAPL,2026-02-24T19:24:00Z,272.255,272.335,272.21,272.24,32635,272.277,739
AAPL,2026-02-24T19:25:00Z,272.23,272.28,272.135,272.14,25260,272.209,625
AAPL,2026-02-24T19:26:00Z,272.15,272.23,272.15,272.18,24210,272.198,708
AAPL,2026-02-24T19:27:00Z,272.19,272.27,272.07,272.255,51409,272.153,740
AAPL,2026-02-24T19:28:00Z,272.245,272.33,272.2,272.32,55251,272.263,806
AAPL,2026-02-24T19:29:00Z,272.31,272.32,272.22,272.29,35685,272.271,716
AAPL,2026-02-24T19:30:00Z,272.28,272.315,272.16,272.16,32300,272.262,819
AAPL,2026-02-24T19:31:00Z,272.16,272.21,272.12,272.16,29834,272.147,644
AAPL,2026-02-24T19:32:00Z,272.16,272.22,272.14,272.21,24023,272.173,567
AAPL,2026-02-24T19:33:00Z,272.22,272.24,272.11,272.14,46585,272.179,828
AAPL,2026-02-24T19:34:00Z,272.13,272.15,272.07,272.07,52676,272.115,916
AAPL,2026-02-24T19:35:00Z,272.06,272.06,271.91,271.96,41131,271.97,949
AAPL,2026-02-24T19:36:00Z,271.98,272.02,271.93,271.93,32754,271.967,709
AAPL,2026-02-24T19:37:00Z,271.95,272.19,271.93,272.16,33860,272.079,726
AAPL,2026-02-24T19:38:00Z,272.17,272.18,272.12,272.15,16323,272.155,460
AAPL,2026-02-24T19:39:00Z,272.159,272.24,272.08,272.24,27415,272.163,666
AAPL,2026-02-24T19:40:00Z,272.225,272.24,272.12,272.155,40638,272.176,865
AAPL,2026-02-24T19:41:00Z,272.153,272.36,272.14,272.31,36293,272.301,653
AAPL,2026-02-24T19:42:00Z,272.33,272.4,272.32,272.355,38516,272.36,749
AAPL,2026-02-24T19:43:00Z,272.35,272.41,272.34,272.375,39642,272.376,688
AAPL,2026-02-24T19:44:00Z,272.37,272.54,272.33,272.51,73960,272.419,1219
AAPL,2026-02-24T19:45:00Z,272.53,272.65,272.525,272.58,64695,272.59,1104
AAPL,2026-02-24T19:46:00Z,272.585,272.61,272.459,272.465,65466,272.543,839
AAPL,2026-02-24T19:47:00Z,272.45,272.53,272.35,272.36,79082,272.433,1061
AAPL,2026-02-24T19:48:00Z,272.374,272.41,272.25,272.28,37769,272.355,740
AAPL,2026-02-24T19:49:00Z,272.265,272.35,272.25,272.289,54345,272.305,933
AAPL,2026-02-24T19:50:00Z,272.29,272.46,272.29,272.38,37029,272.369,796
AAPL,2026-02-24T19:51:00Z,272.38,272.455,272.36,272.44,36073,272.418,890
AAPL,2026-02-24T19:52:00Z,272.44,272.75,272.43,272.52,95559,272.614,1894
AAPL,2026-02-24T19:53:00Z,272.53,272.55,272.45,272.5,32883,272.507,706
AAPL,2026-02-24T19:54:00Z,272.49,272.555,272.48,272.53,29933,272.516,713
AAPL,2026-02-24T19:55:00Z,272.54,272.61,272.52,272.53,35469,272.56,731
AAPL,2026-02-24T19:56:00Z,272.53,272.66,272.52,272.57,30475,272.575,731
AAPL,2026-02-24T19:57:00Z,272.56,272.67,272.538,272.657,43191,272.608,813
AAPL,2026-02-24T19:58:00Z,272.67,272.7,272.46,272.585,43820,272.583,1020
AAPL,2026-02-24T19:59:00Z,272.59,272.68,272.531,272.633,36573,272.62,682
AAPL,2026-02-24T20:00:00Z,272.65,272.67,272.53,272.58,39444,272.585,934
AAPL,2026-02-24T20:01:00Z,272.6,272.67,272.59,272.615,24777,272.629,609
AAPL,2026-02-24T20:02:00Z,272.61,272.65,272.54,272.61,29807,272.592,635
AAPL,2026-02-24T20:03:00Z,272.61,272.62,272.54,272.54,28403,272.566,550
AAPL,2026-02-24T20:04:00Z,272.54,272.54,272.36,272.375,52241,272.474,813
AAPL,2026-02-24T20:05:00Z,272.375,272.46,272.17,272.17,47386,272.301,946
AAPL,2026-02-24T20:06:00Z,272.17,272.24,272.04,272.13,44643,272.123,911
AAPL,2026-02-24T20:07:00Z,272.08,272.1,272.01,272.05,30115,272.054,680
AAPL,2026-02-24T20:08:00Z,272.05,272.05,271.82,271.84,52436,271.968,1136
AAPL,2026-02-24T20:09:00Z,271.85,272,271.84,271.975,60487,271.936,897
AAPL,2026-02-24T20:10:00Z,271.99,272,271.78,271.78,41111,271.87,795
AAPL,2026-02-24T20:11:00Z,271.8,271.83,271.71,271.81,29451,271.78,724
AAPL,2026-02-24T20:12:00Z,271.81,271.82,271.62,271.66,47634,271.723,874
AAPL,2026-02-24T20:13:00Z,271.66,271.75,271.53,271.54,46156,271.647,829
AAPL,2026-02-24T20:14:00Z,271.545,271.67,271.54,271.66,48053,271.584,790
AAPL,2026-02-24T20:15:00Z,271.67,271.81,271.6,271.63,57078,271.678,1101
AAPL,2026-02-24T20:16:00Z,271.6,271.67,271.529,271.553,53819,271.586,904
AAPL,2026-02-24T20:17:00Z,271.58,271.59,271.38,271.44,66451,271.472,1210
AAPL,2026-02-24T20:18:00Z,271.436,271.571,271.43,271.571,48325,271.473,803
AAPL,2026-02-24T20:19:00Z,271.56,271.66,271.52,271.66,29912,271.573,711
AAPL,2026-02-24T20:20:00Z,271.655,271.705,271.6,271.605,45135,271.643,825
AAPL,2026-02-24T20:21:00Z,271.6,272.04,271.6,272,116235,271.838,1645
AAPL,2026-02-24T20:22:00Z,271.981,272.04,271.959,271.995,97821,272.001,1076
AAPL,2026-02-24T20:23:00Z,271.99,272.045,271.84,271.84,118337,271.945,1513
AAPL,2026-02-24T20:24:00Z,271.846,272.14,271.846,272.1,72570,272.009,1112
AAPL,2026-02-24T20:25:00Z,272.1,272.1,271.918,271.925,63837,272.039,1080
AAPL,2026-02-24T20:26:00Z,271.918,271.995,271.86,271.99,55912,271.907,867
AAPL,2026-02-24T20:27:00Z,271.99,272.205,271.97,272.15,72051,272.133,1175
AAPL,2026-02-24T20:28:00Z,272.16,272.16,271.951,272.06,57325,272.069,888
AAPL,2026-02-24T20:29:00Z,272.05,272.11,271.89,271.91,67633,272.012,1126
AAPL,2026-02-24T20:30:00Z,271.91,272.04,271.87,271.945,48372,271.943,1042
AAPL,2026-02-24T20:31:00Z,271.93,271.93,271.785,271.86,56345,271.855,955
AAPL,2026-02-24T20:32:00Z,271.86,271.97,271.75,271.86,40575,271.858,822
AAPL,2026-02-24T20:33:00Z,271.88,271.97,271.835,271.86,46012,271.921,1012
AAPL,2026-02-24T20:34:00Z,271.87,272.08,271.87,271.92,63950,271.977,1257
AAPL,2026-02-24T20:35:00Z,271.92,272.03,271.89,271.945,46969,271.948,940
AAPL,2026-02-24T20:36:00Z,271.945,271.96,271.885,271.93,24093,271.918,638
AAPL,2026-02-24T20:37:00Z,271.94,271.94,271.7,271.7,47035,271.808,888
AAPL,2026-02-24T20:38:00Z,271.73,271.74,271.56,271.58,42661,271.663,934
AAPL,2026-02-24T20:39:00Z,271.56,271.59,271.48,271.54,48620,271.541,938
AAPL,2026-02-24T20:40:00Z,271.54,271.67,271.51,271.665,48454,271.609,925
AAPL,2026-02-24T20:41:00Z,271.665,271.85,271.62,271.79,70276,271.725,1449
AAPL,2026-02-24T20:42:00Z,271.81,271.93,271.755,271.92,76332,271.869,1442
AAPL,2026-02-24T20:43:00Z,271.93,272.05,271.91,271.99,79415,271.981,1471
AAPL,2026-02-24T20:44:00Z,271.99,272.2,271.92,272.125,247330,272.072,1125
AAPL,2026-02-24T20:45:00Z,272.11,272.167,272.06,272.16,84713,272.109,1605
AAPL,2026-02-24T20:46:00Z,272.145,272.145,272,272.03,50343,272.084,1092
AAPL,2026-02-24T20:47:00Z,272.04,272.16,271.98,272.098,62525,272.071,959
AAPL,2026-02-24T20:48:00Z,272.11,272.18,272.06,272.1,62719,272.136,1224
AAPL,2026-02-24T20:49:00Z,272.12,272.2,272.011,272.011,48301,272.11,995
AAPL,2026-02-24T20:50:00Z,272.01,272.41,272.01,272.25,136985,272.247,2927
AAPL,2026-02-24T20:51:00Z,272.26,272.29,272.09,272.29,77240,272.172,1809
AAPL,2026-02-24T20:52:00Z,272.28,272.28,272.09,272.2,103309,272.164,2172
AAPL,2026-02-24T20:53:00Z,272.2,272.2,271.97,272.147,150657,272.079,2580
AAPL,2026-02-24T20:54:00Z,272.16,272.46,272.145,272.345,149978,272.276,2700
AAPL,2026-02-24T20:55:00Z,272.33,272.38,272.15,272.28,157261,272.279,3252
AAPL,2026-02-24T20:56:00Z,272.29,272.38,272.26,272.3,187091,272.307,2893
AAPL,2026-02-24T20:57:00Z,272.31,272.43,272.23,272.285,263859,272.318,3967
AAPL,2026-02-24T20:58:00Z,272.28,272.37,272.22,272.24,323919,272.294,4282
AAPL,2026-02-24T20:59:00Z,272.24,272.33,272.068,272.17,677489,272.183,8122
AAPL,2026-02-24T21:00:00Z,272.14,272.21,272.14,272.2,9.11506e+06,272.14,171
AAPL,2026-02-24T21:01:00Z,272.2,272.2,272.14,272.2,14404,272.155,48
AAPL,2026-02-24T21:02:00Z,272.14,272.14,272.14,272.14,814492,272.14,54
AAPL,2026-02-24T21:03:00Z,272.14,272.15,272.14,272.15,2.47669e+06,272.148,62
AAPL,2026-02-24T21:05:00Z,272.02,272.14,272.02,272.14,1984,272.121,97
AAPL,2026-02-24T21:06:00Z,272.08,272.08,272.08,272.08,1342,272.08,23
AAPL,2026-02-24T21:07:00Z,272.041,272.125,272.041,272.125,987,272.086,39
AAPL,2026-02-24T21:08:00Z,272.01,272.01,271.86,271.86,8843,271.97,41
AAPL,2026-02-24T21:09:00Z,271.99,271.99,271.853,271.87,1398,271.9,18
AAPL,2026-02-24T21:11:00Z,271.99,271.99,271.99,271.99,314,271.99,18
AAPL,2026-02-24T21:14:00Z,271.96,272,271.96,272,1112,271.989,75
AAPL,2026-02-24T21:15:00Z,271.92,271.92,271.92,271.92,450427,271.92,16
AAPL,2026-02-24T21:18:00Z,272.14,272.14,272.14,272.14,712,272.14,7
AAPL,2026-02-24T21:19:00Z,272.03,272.03,271.99,271.99,525,272.01,18
AAPL,2026-02-24T21:20:00Z,271.92,271.92,271.92,271.92,18335,271.92,11
AAPL,2026-02-24T21:23:00Z,271.92,271.92,271.92,271.92,1158,271.92,13
AAPL,2026-02-24T21:26:00Z,271.94,271.94,271.94,271.94,368,271.94,8
AAPL,2026-02-24T21:27:00Z,271.92,271.92,271.92,271.92,783,271.92,37
AAPL,2026-02-24T21:28:00Z,271.96,272.1,271.96,272.1,10033,272.064,179
AAPL,2026-02-24T21:29:00Z,272.09,272.15,272.082,272.082,4602,272.13,68
AAPL,2026-02-24T21:32:00Z,272,272,272,272,906,272,22
AAPL,2026-02-24T21:35:00Z,272,272,271.86,271.86,2534,271.901,34
AAPL,2026-02-24T21:39:00Z,271.84,271.88,271.6,271.88,3559,271.738,88
AAPL,2026-02-24T21:40:00Z,271.65,271.65,271.6,271.6,22745,271.616,26
AAPL,2026-02-24T21:41:00Z,271.6,271.6,271.59,271.6,1480,271.597,20
AAPL,2026-02-24T21:43:00Z,271.512,271.55,271.512,271.55,428,271.529,14
AAPL,2026-02-24T21:44:00Z,271.56,271.56,271.53,271.53,795,271.535,28
AAPL,2026-02-24T21:45:00Z,271.57,271.57,271.5,271.5,1086,271.514,39
AAPL,2026-02-24T21:46:00Z,271.49,271.49,271.4,271.41,2521,271.409,63
AAPL,2026-02-24T21:47:00Z,271.6,271.6,271.59,271.6,711,271.598,24
AAPL,2026-02-24T21:48:00Z,271.6,271.6,271.6,271.6,139,271.6,11
AAPL,2026-02-24T21:49:00Z,271.59,271.6,271.59,271.6,1321,271.599,27
AAPL,2026-02-24T21:50:00Z,271.6,271.6,271.58,271.58,1107,271.591,20
AAPL,2026-02-24T21:51:00Z,272,272,272,272,364,272,20
AAPL,2026-02-24T21:52:00Z,271.6,271.6,271.55,271.55,2378,271.565,105
AAPL,2026-02-24T21:53:00Z,271.51,271.55,271.51,271.55,762,271.525,26
AAPL,2026-02-24T21:54:00Z,271.55,271.59,271.55,271.55,3061,271.564,77
AAPL,2026-02-24T21:55:00Z,271.55,271.55,271.54,271.55,3193,271.549,87
AAPL,2026-02-24T21:56:00Z,271.55,271.55,271.55,271.55,1354,271.55,43
AAPL,2026-02-24T21:57:00Z,271.56,271.56,271.55,271.55,1497,271.555,43
AAPL,2026-02-24T21:58:00Z,271.549,271.58,271.549,271.58,780,271.555,21
AAPL,2026-02-24T21:59:00Z,271.54,271.54,271.54,271.54,939,271.54,38
AAPL,2026-02-24T22:00:00Z,271.482,271.482,271.482,271.482,197,271.482,10
AAPL,2026-02-24T22:02:00Z,271.45,271.45,271.45,271.45,208,271.45,8
AAPL,2026-02-24T22:03:00Z,271.5,272.14,271.43,272.14,76795,272.113,42
AAPL,2026-02-24T22:04:00Z,271.45,271.51,271.45,271.45,5334,271.46,101
AAPL,2026-02-24T22:05:00Z,271.45,271.47,271.45,271.47,1682,271.462,48
AAPL,2026-02-24T22:06:00Z,271.43,271.43,271.43,271.43,444,271.43,27
AAPL,2026-02-24T22:08:00Z,271.45,271.45,271.45,271.45,463,271.45,9
AAPL,2026-02-24T22:10:00Z,271.449,271.45,271.449,271.45,2148,271.449,35
AAPL,2026-02-24T22:12:00Z,271.45,271.45,271.45,271.45,1398,271.45,46
AAPL,2026-02-24T22:13:00Z,271.36,271.45,271.36,271.45,1371,271.439,37
AAPL,2026-02-24T22:14:00Z,271.44,271.44,271.37,271.37,1329,271.396,55
AAPL,2026-02-24T22:15:00Z,271.36,271.36,271.335,271.335,5220,271.348,34
AAPL,2026-02-24T22:16:00Z,271.35,271.36,271.35,271.36,313,271.355,16
AAPL,2026-02-24T22:17:00Z,271.36,271.36,271.3,271.3,127968,271.319,178
AAPL,2026-02-24T22:19:00Z,271.45,271.45,271.45,271.45,1059,271.45,30
AAPL,2026-02-24T22:20:00Z,271.45,271.45,271.36,271.36,1664,271.406,20
AAPL,2026-02-24T22:22:00Z,271.332,271.332,271.332,271.332,660,271.332,15
AAPL,2026-02-24T22:24:00Z,271.31,271.31,271.31,271.31,2600,271.31,8
AAPL,2026-02-24T22:25:00Z,271.45,271.45,271.33,271.33,1850,271.337,7
AAPL,2026-02-24T22:26:00Z,271.31,271.31,271.31,271.31,3389,271.31,8
AAPL,2026-02-24T22:31:00Z,271.4,271.4,271.4,271.4,279,271.4,7
AAPL,2026-02-24T22:35:00Z,271.45,271.45,271.45,271.45,170,271.45,7
AAPL,2026-02-24T22:38:00Z,271.45,271.45,271.45,271.45,392,271.45,19
AAPL,2026-02-24T22:39:00Z,271.5,271.5,271.5,271.5,556,271.5,12
AAPL,2026-02-24T22:41:00Z,271.57,271.57,271.51,271.51,902,271.528,10
AAPL,2026-02-24T22:44:00Z,271.95,271.95,271.95,271.95,122,271.95,5
AAPL,2026-02-24T22:45:00Z,271.64,271.64,271.64,271.64,203,271.64,7
AAPL,2026-02-24T22:53:00Z,271.53,271.53,271.53,271.53,400,271.53,9
AAPL,2026-02-24T22:54:00Z,271.5,271.5,271.5,271.5,128,271.5,7
AAPL,2026-02-24T23:00:00Z,271.4,271.4,271.4,271.4,305,271.4,11
AAPL,2026-02-24T23:01:00Z,271.5,271.5,271.5,271.5,166,271.5,6
AAPL,2026-02-24T23:02:00Z,271.36,271.36,271.36,271.36,327,271.36,17
AAPL,2026-02-24T23:03:00Z,271.33,271.33,271.3,271.3,1544,271.304,30
AAPL,2026-02-24T23:04:00Z,271.3,271.3,271.3,271.3,161,271.3,6
AAPL,2026-02-24T23:05:00Z,271.3,271.31,271.2,271.2,2318,271.293,41
AAPL,2026-02-24T23:06:00Z,271.13,271.13,271.11,271.11,831,271.127,27
AAPL,2026-02-24T23:10:00Z,271.36,271.36,271.36,271.36,861,271.36,26
AAPL,2026-02-24T23:12:00Z,271.4,271.4,271.4,271.4,514,271.4,5
AAPL,2026-02-24T23:15:00Z,271.41,271.41,271.41,271.41,130,271.41,6
AAPL,2026-02-24T23:17:00Z,271.5,271.5,271.5,271.5,704,271.5,12
AAPL,2026-02-24T23:19:00Z,271.4,271.4,271.4,271.4,290,271.4,8
AAPL,2026-02-24T23:22:00Z,271.39,271.39,271.39,271.39,108,271.39,4
AAPL,2026-02-24T23:24:00Z,271.45,271.45,271.34,271.34,618,271.384,14
AAPL,2026-02-24T23:27:00Z,271.33,271.34,271.32,271.32,498,271.327,15
AAPL,2026-02-24T23:28:00Z,271.32,271.32,271.32,271.32,510,271.32,18
AAPL,2026-02-24T23:32:00Z,271.31,271.31,271.31,271.31,226,271.31,8
AAPL,2026-02-24T23:33:00Z,271.227,271.32,271.227,271.32,868,271.299,14
AAPL,2026-02-24T23:34:00Z,271.22,271.22,271.2,271.2,2202,271.207,71
AAPL,2026-02-24T23:35:00Z,271.3,271.3,271.3,271.3,552,271.3,11
AAPL,2026-02-24T23:40:00Z,271.6,271.6,271.6,271.6,319,271.6,16
AAPL,2026-02-24T23:48:00Z,271.8,271.8,271.8,271.8,126,271.8,11
AAPL,2026-02-24T23:49:00Z,271.8,271.8,271.592,271.6,727,271.708,18
AAPL,2026-02-24T23:50:00Z,271.64,271.64,271.64,271.64,223,271.64,5
AAPL,2026-02-24T23:52:00Z,271.63,271.63,271.544,271.55,1012,271.564,13
AAPL,2026-02-24T23:53:00Z,271.64,271.64,271.64,271.64,358,271.64,15
AAPL,2026-02-24T23:54:00Z,271.53,271.64,271.53,271.64,491,271.612,15
AAPL,2026-02-24T23:56:00Z,271.62,271.62,271.62,271.62,820,271.62,37
AAPL,2026-02-24T23:57:00Z,271.5,271.8,271.5,271.8,571,271.723,13
AAPL,2026-02-24T23:58:00Z,271.342,271.342,271.342,271.342,612,271.342,6
AAPL,2026-02-25T00:01:00Z,271.61,271.62,271.61,271.61,643,271.612,8
AAPL,2026-02-25T00:03:00Z,271.4,271.4,271.4,271.4,171,271.4,10
AAPL,2026-02-25T00:07:00Z,271.82,271.82,271.82,271.82,106,271.82,3
AAPL,2026-02-25T00:08:00Z,271.82,271.82,271.63,271.63,520,271.699,10
AAPL,2026-02-25T00:09:00Z,271.61,271.61,271.61,271.61,227,271.61,9
AAPL,2026-02-25T00:11:00Z,271.411,271.411,271.411,271.411,339,271.411,6
AAPL,2026-02-25T00:12:00Z,271.52,271.52,271.52,271.52,164,271.52,5
AAPL,2026-02-25T00:14:00Z,271.53,271.53,271.53,271.53,326,271.53,17
AAPL,2026-02-25T00:17:00Z,271.457,271.457,271.457,271.457,355,271.457,6
AAPL,2026-02-25T00:22:00Z,271.546,271.546,271.546,271.546,101,271.546,2
AAPL,2026-02-25T00:23:00Z,271.554,271.554,271.554,271.554,191,271.554,5
AAPL,2026-02-25T00:24:00Z,271.795,271.795,271.795,271.795,106,271.795,3
AAPL,2026-02-25T00:25:00Z,271.473,271.473,271.473,271.473,364,271.473,6
AAPL,2026-02-25T00:34:00Z,271.479,271.479,271.479,271.479,570,271.479,6
AAPL,2026-02-25T00:35:00Z,271.65,271.673,271.65,271.673,776,271.653,9
AAPL,2026-02-25T00:38:00Z,271.82,271.94,271.82,271.94,1663,271.877,36
AAPL,2026-02-25T00:39:00Z,271.77,271.77,271.77,271.77,532,271.77,9
AAPL,2026-02-25T00:40:00Z,271.82,271.82,271.82,271.82,1059,271.82,25
AAPL,2026-02-25T00:41:00Z,271.91,271.91,271.91,271.91,775,271.91,4
AAPL,2026-02-25T00:42:00Z,271.91,272.04,271.91,272.03,3122,271.977,78
AAPL,2026-02-25T00:43:00Z,272.03,272.05,272.03,272.05,1424,272.044,8
AAPL,2026-02-25T00:44:00Z,272.04,272.14,272.04,272.14,2724,272.097,59
AAPL,2026-02-25T00:45:00Z,272.35,272.35,272.35,272.35,1410,272.35,17
AAPL,2026-02-25T00:46:00Z,272.16,272.2,272.16,272.2,1506,272.196,23
AAPL,2026-02-25T00:47:00Z,272.248,272.248,272.248,272.248,678,272.248,26
AAPL,2026-02-25T00:48:00Z,272.39,272.48,272.26,272.26,3440,272.431,36
AAPL,2026-02-25T00:49:00Z,272.29,272.55,272.29,272.55,2672,272.493,51
AAPL,2026-02-25T00:50:00Z,272.5,272.56,272.5,272.5,2195,272.543,33
AAPL,2026-02-25T00:51:00Z,272.5,272.547,272.15,272.38,2113,272.425,32
AAPL,2026-02-25T00:52:00Z,272.45,272.81,272.45,272.75,4938,272.707,63
AAPL,2026-02-25T00:53:00Z,272.39,272.39,272.39,272.39,437,272.39,12
AAPL,2026-02-25T00:54:00Z,272.29,272.41,272.29,272.41,702,272.383,17
AAPL,2026-02-25T00:55:00Z,272.8,272.8,272.4,272.4,712,272.506,8
AAPL,2026-02-25T00:56:00Z,272.39,272.39,272.359,272.359,1257,272.377,8
AAPL,2026-02-25T00:57:00Z,272.25,272.46,272.25,272.46,1003,272.415,24
AAPL,2026-02-25T00:59:00Z,272.6,272.6,272.6,272.6,831,272.6,23
AAPL,2026-02-25T09:00:00Z,272,272,271.8,271.86,1821,271.931,56
AAPL,2026-02-25T09:06:00Z,271.72,271.73,271.5,271.51,1611,271.665,51
AAPL,2026-02-25T09:07:00Z,271.55,271.56,271.5,271.5,2723,271.524,43
AAPL,2026-02-25T09:08:00Z,271.83,271.91,271.83,271.91,603,271.879,7
AAPL,2026-02-25T09:17:00Z,271.6,271.6,271.6,271.6,119,271.6,5
AAPL,2026-02-25T09:19:00Z,271.51,271.51,271.51,271.51,284,271.51,10
AAPL,2026-02-25T09:21:00Z,271.57,271.57,271.57,271.57,125,271.57,3
AAPL,2026-02-25T09:22:00Z,271.42,271.42,271.38,271.38,1664,271.404,70
AAPL,2026-02-25T09:23:00Z,271.4,271.4,271.4,271.4,463,271.4,12
AAPL,2026-02-25T09:24:00Z,271.42,271.42,271.42,271.42,104,271.42,5
AAPL,2026-02-25T09:28:00Z,271.34,271.34,271.34,271.34,481,271.34,17
AAPL,2026-02-25T09:29:00Z,271.19,271.19,271.09,271.09,1314,271.16,29
AAPL,2026-02-25T09:41:00Z,271.48,271.48,271.48,271.48,602,271.48,10
AAPL,2026-02-25T09:54:00Z,271.46,271.46,271.46,271.46,213,271.46,10
AAPL,2026-02-25T09:58:00Z,271.53,271.53,271.5,271.5,571,271.513,16
AAPL,2026-02-25T09:59:00Z,271.49,271.49,271.48,271.48,890,271.482,23
AAPL,2026-02-25T10:01:00Z,271.59,271.65,271.59,271.65,677,271.627,27
AAPL,2026-02-25T10:17:00Z,271.58,271.58,271.58,271.58,106,271.58,3
AAPL,2026-02-25T10:22:00Z,271.67,271.67,271.64,271.64,752,271.657,27
AAPL,2026-02-25T10:32:00Z,271.54,271.54,271.54,271.54,887,271.54,39
AAPL,2026-02-25T10:37:00Z,271.51,271.51,271.51,271.51,203,271.51,8
AAPL,2026-02-25T10:38:00Z,271.71,271.71,271.71,271.71,602,271.71,27
AAPL,2026-02-25T10:47:00Z,271.73,271.73,271.73,271.73,112,271.73,7
AAPL,2026-02-25T10:50:00Z,271.66,271.66,271.66,271.66,674,271.66,32
AAPL,2026-02-25T11:13:00Z,271.55,271.55,271.53,271.53,619,271.539,29
AAPL,2026-02-25T11:17:00Z,271.52,271.52,271.52,271.52,201,271.52,16
AAPL,2026-02-25T11:18:00Z,271.5,271.5,271.5,271.5,598,271.5,27
AAPL,2026-02-25T11:21:00Z,271.39,271.44,271.39,271.44,1265,271.417,30
AAPL,2026-02-25T11:28:00Z,271.5,271.5,271.5,271.5,558,271.5,29
AAPL,2026-02-25T11:29:00Z,271.46,271.46,271.46,271.46,144,271.46,6
AAPL,2026-02-25T11:31:00Z,271.46,271.46,271.46,271.46,160,271.46,6
AAPL,2026-02-25T11:34:00Z,271.43,271.43,271.43,271.43,344,271.43,10
AAPL,2026-02-25T11:38:00Z,271.5,271.5,271.5,271.5,399,271.5,16
AAPL,2026-02-25T11:46:00Z,271.5,271.5,271.5,271.5,455,271.5,21
AAPL,2026-02-25T11:54:00Z,271.5,271.5,271.5,271.5,559,271.5,21
AAPL,2026-02-25T11:55:00Z,271.5,271.5,271.5,271.5,225,271.5,10
AAPL,2026-02-25T12:00:00Z,271.52,271.8,271.52,271.8,1992,271.774,70
AAPL,2026-02-25T12:02:00Z,271.55,271.55,271.46,271.46,960,271.49,47
AAPL,2026-02-25T12:03:00Z,271.45,271.45,271.37,271.37,1435,271.413,54
AAPL,2026-02-25T12:04:00Z,271.38,271.43,271.38,271.43,2006,271.415,49
AAPL,2026-02-25T12:05:00Z,271.31,271.31,271.27,271.27,2078,271.3,43
AAPL,2026-02-25T12:06:00Z,271.27,271.27,271.27,271.27,389,271.27,9
AAPL,2026-02-25T12:11:00Z,271.32,271.32,271.32,271.32,936,271.32,30
AAPL,2026-02-25T12:12:00Z,271.26,271.26,271.26,271.26,523,271.26,22
AAPL,2026-02-25T12:14:00Z,271.25,271.25,271.19,271.19,835,271.23,70
AAPL,2026-02-25T12:17:00Z,271.2,271.2,271.2,271.2,200,271.2,10
AAPL,2026-02-25T12:18:00Z,271.15,271.15,271.15,271.15,497,271.15,29
AAPL,2026-02-25T12:19:00Z,271.26,271.28,271.26,271.28,1292,271.27,65
AAPL,2026-02-25T12:22:00Z,271.44,271.5,271.44,271.5,663,271.464,31
AAPL,2026-02-25T12:24:00Z,271.46,271.49,271.45,271.49,913,271.478,24
AAPL,2026-02-25T12:27:00Z,271.42,271.42,271.42,271.42,2114,271.42,35
AAPL,2026-02-25T12:29:00Z,271.4,271.4,271.4,271.4,260,271.4,27
AAPL,2026-02-25T12:30:00Z,271.4,271.42,271.4,271.42,440,271.41,13
AAPL,2026-02-25T12:33:00Z,271.46,271.54,271.46,271.54,2822,271.5,48
AAPL,2026-02-25T12:34:00Z,271.55,271.6,271.55,271.6,1023,271.583,53
AAPL,2026-02-25T12:36:00Z,271.6,271.66,271.6,271.65,1533,271.64,47
AAPL,2026-02-25T12:39:00Z,271.63,271.63,271.4,271.4,5207,271.52,101
AAPL,2026-02-25T12:50:00Z,271.41,271.41,271.34,271.34,2071,271.352,76
AAPL,2026-02-25T12:52:00Z,271.33,271.35,271.33,271.35,409,271.34,22
AAPL,2026-02-25T12:55:00Z,271.37,271.4,271.37,271.4,736,271.377,23
AAPL,2026-02-25T12:56:00Z,271.3,271.3,271.3,271.3,610,271.3,18
AAPL,2026-02-25T12:57:00Z,271.23,271.24,271.2,271.2,2815,271.209,71
AAPL,2026-02-25T12:58:00Z,271.21,271.21,271.2,271.2,388,271.205,13
AAPL,2026-02-25T13:00:00Z,271.76,272.4,271.19,272.26,40707,271.645,4165
AAPL,2026-02-25T13:01:00Z,272.25,272.3,272.13,272.13,6214,272.261,635
AAPL,2026-02-25T13:02:00Z,271.3,271.3,271.295,271.295,3116,271.297,212
AAPL,2026-02-25T13:03:00Z,271.4,271.5,271.39,271.5,2926,271.404,86
AAPL,2026-02-25T13:04:00Z,271.468,271.5,271.468,271.5,1672,271.481,169
AAPL,2026-02-25T13:05:00Z,271.44,271.44,271.44,271.44,323,271.44,33
AAPL,2026-02-25T13:07:00Z,271.3,271.3,271.3,271.3,540,271.3,33
AAPL,2026-02-25T13:08:00Z,271.32,271.45,271.3,271.45,1176,271.326,31
AAPL,2026-02-25T13:10:00Z,271.28,271.28,271.28,271.28,389,271.28,30
AAPL,2026-02-25T13:13:00Z,271.446,271.446,271.38,271.4,1417,271.424,27
AAPL,2026-02-25T13:15:00Z,271.36,271.36,271.36,271.36,649,271.36,31
AAPL,2026-02-25T13:17:00Z,271.401,271.401,271.4,271.4,351,271.401,27
AAPL,2026-02-25T13:18:00Z,271.34,271.34,271.33,271.33,780,271.337,40
AAPL,2026-02-25T13:19:00Z,271.31,271.41,271.31,271.41,1461,271.327,52
AAPL,2026-02-25T13:20:00Z,271.28,271.41,271.26,271.26,1286,271.281,50
AAPL,2026-02-25T13:21:00Z,271.2,271.2,271.15,271.15,2230,271.182,82
AAPL,2026-02-25T13:22:00Z,271.18,271.18,271.15,271.15,1263,271.163,75
AAPL,2026-02-25T13:23:00Z,271.2,271.217,271.141,271.141,1041,271.18,35
AAPL,2026-02-25T13:24:00Z,271.19,271.23,271.19,271.21,2702,271.205,83
AAPL,2026-02-25T13:25:00Z,271.28,271.28,271.28,271.28,1265,271.28,41
AAPL,2026-02-25T13:26:00Z,271.221,271.221,271.221,271.221,596,271.221,32
AAPL,2026-02-25T13:27:00Z,271.329,271.329,271.329,271.329,257,271.329,22
AAPL,2026-02-25T13:28:00Z,271.3,271.3,271.285,271.285,489,271.295,23
AAPL,2026-02-25T13:29:00Z,271.35,271.35,271.35,271.35,134,271.35,9
AAPL,2026-02-25T13:30:00Z,271.24,271.25,271.21,271.25,1369,271.223,50
AAPL,2026-02-25T13:31:00Z,271.191,271.191,271.1,271.11,710,271.133,51
AAPL,2026-02-25T13:32:00Z,271.108,271.35,271.108,271.35,760,271.179,30
AAPL,2026-02-25T13:33:00Z,271.14,271.15,271.1,271.1,2043,271.113,73
AAPL,2026-02-25T13:34:00Z,271.17,271.17,271.17,271.17,780,271.17,24
AAPL,2026-02-25T13:36:00Z,271.11,271.14,271,271.03,2516,271.067,130
AAPL,2026-02-25T13:37:00Z,271.06,271.06,271,271.009,2375,271.04,63
AAPL,2026-02-25T13:38:00Z,271,271.04,271,271.04,6160,271.004,159
AAPL,2026-02-25T13:39:00Z,271.16,271.21,271.16,271.21,992,271.185,40
AAPL,2026-02-25T13:40:00Z,271.16,271.16,271.08,271.08,4810,271.113,127
AAPL,2026-02-25T13:41:00Z,271.07,271.08,271.07,271.08,673,271.075,35
AAPL,2026-02-25T13:42:00Z,271,271,270.9,270.9,1392,270.921,54
AAPL,2026-02-25T13:43:00Z,270.95,270.96,270.85,270.85,2860,270.926,111
AAPL,2026-02-25T13:45:00Z,270.94,271.06,270.94,271.054,7711,271.016,118
AAPL,2026-02-25T13:46:00Z,271.05,271.05,271,271,1186,271.026,59
AAPL,2026-02-25T13:47:00Z,270.95,271,270.95,271,603,270.963,45
AAPL,2026-02-25T13:48:00Z,270.899,271.08,270.899,271.08,3876,271.044,98
AAPL,2026-02-25T13:49:00Z,271.08,271.08,271.01,271.05,443598,271.041,52
AAPL,2026-02-25T13:50:00Z,271.02,271.08,271.02,271.08,1097,271.051,45
AAPL,2026-02-25T13:51:00Z,271.08,271.08,271.015,271.015,5504,271.072,121
AAPL,2026-02-25T13:52:00Z,271.02,271.02,271.02,271.02,732,271.02,60
AAPL,2026-02-25T13:53:00Z,271.01,271.067,271,271.067,3135,271.006,99
AAPL,2026-02-25T13:54:00Z,271.02,271.08,271.02,271.07,8845,271.077,196
AAPL,2026-02-25T13:55:00Z,271.07,271.08,271.024,271.05,1604,271.059,65
AAPL,2026-02-25T13:56:00Z,271.08,271.08,271.08,271.08,1645,271.08,107
AAPL,2026-02-25T13:57:00Z,271.08,271.08,271,271,3608,271.004,123
AAPL,2026-02-25T13:58:00Z,270.83,270.83,270.5,270.59,9600,270.694,251
AAPL,2026-02-25T13:59:00Z,270.57,270.7,270.57,270.6,1644,270.609,84
AAPL,2026-02-25T14:00:00Z,270.69,270.7,270.6,270.6,2612,270.685,79
AAPL,2026-02-25T14:01:00Z,270.87,270.87,270.86,270.86,4021,270.869,111
AAPL,2026-02-25T14:02:00Z,270.9,270.95,270.9,270.9,4395,270.933,67
AAPL,2026-02-25T14:03:00Z,270.99,270.99,270.8,270.84,1275,270.886,42
AAPL,2026-02-25T14:05:00Z,271,271,270.84,270.88,5074,270.927,117
AAPL,2026-02-25T14:06:00Z,270.87,270.88,270.79,270.79,5020,270.829,111
AAPL,2026-02-25T14:07:00Z,270.83,271,270.83,271,4018,270.987,68
AAPL,2026-02-25T14:09:00Z,271,271,270.99,270.99,4058,270.998,188
AAPL,2026-02-25T14:10:00Z,271,271.15,271,271.08,3000,271.083,127
AAPL,2026-02-25T14:11:00Z,271.09,271.11,271.05,271.05,3058,271.063,61
AAPL,2026-02-25T14:12:00Z,271.003,271.02,271.003,271.02,553,271.008,36
AAPL,2026-02-25T14:13:00Z,270.98,271.05,270.98,271.01,2158,271.02,78
AAPL,2026-02-25T14:14:00Z,270.93,270.96,270.9,270.95,1504,270.933,54
AAPL,2026-02-25T14:15:00Z,270.9,270.95,270.8,270.85,4166,270.863,108
AAPL,2026-02-25T14:16:00Z,270.802,270.9,270.802,270.85,2971,270.874,66
AAPL,2026-02-25T14:17:00Z,270.85,270.85,270.85,270.85,2467,270.85,71
AAPL,2026-02-25T14:18:00Z,270.89,270.89,270.8,270.85,2265,270.834,103
AAPL,2026-02-25T14:19:00Z,270.88,270.88,270.795,270.82,2462,270.814,93
AAPL,2026-02-25T14:20:00Z,270.86,270.9,270.86,270.9,2145,270.894,89
AAPL,2026-02-25T14:21:00Z,270.9,270.9,270.82,270.9,7874,270.854,81
AAPL,2026-02-25T14:22:00Z,270.98,271.05,270.98,271.05,1531,271.015,96
AAPL,2026-02-25T14:23:00Z,270.97,271.08,270.97,271.06,2716,271.015,110
AAPL,2026-02-25T14:24:00Z,271,271.02,270.95,270.98,3770,270.99,133
AAPL,2026-02-25T14:25:00Z,270.97,270.97,270.76,270.827,7949,270.827,191
AAPL,2026-02-25T14:26:00Z,270.72,270.77,270.55,270.69,9146,270.676,219
AAPL,2026-02-25T14:27:00Z,270.805,271.24,270.689,271.08,30418,270.972,347
AAPL,2026-02-25T14:28:00Z,271.1,272.01,271.07,271.83,56112,271.457,504
AAPL,2026-02-25T14:29:00Z,271.88,271.97,271.5,271.84,55429,271.764,545
AAPL,2026-02-25T14:30:00Z,271.73,272.66,271.45,272.16,932360,271.911,14165
AAPL,2026-02-25T14:31:00Z,272.14,272.42,271.81,272.34,196143,272.074,3045
AAPL,2026-02-25T14:32:00Z,272.335,272.58,271.88,271.922,185020,272.328,2917
AAPL,2026-02-25T14:33:00Z,271.989,272,271.69,271.91,117520,271.874,2524
AAPL,2026-02-25T14:34:00Z,271.91,272.29,271.87,272.19,139007,272.094,2777
AAPL,2026-02-25T14:35:00Z,272.21,272.22,271.1,271.21,163455,271.757,3600
AAPL,2026-02-25T14:36:00Z,271.13,271.47,271.05,271.24,132217,271.23,2361
AAPL,2026-02-25T14:37:00Z,271.25,271.705,271.12,271.615,90601,271.393,1819
AAPL,2026-02-25T14:38:00Z,271.657,271.72,271.3,271.55,107976,271.474,1879
AAPL,2026-02-25T14:39:00Z,271.57,271.77,271.36,271.39,85814,271.625,1674
AAPL,2026-02-25T14:40:00Z,271.43,271.78,271.26,271.59,180295,271.45,2437
AAPL,2026-02-25T14:41:00Z,271.61,271.8,271.32,271.48,89125,271.596,1578
AAPL,2026-02-25T14:42:00Z,271.48,271.94,271.44,271.84,93113,271.765,2376
AAPL,2026-02-25T14:43:00Z,271.84,272.63,271.84,272.47,139803,272.327,3146
AAPL,2026-02-25T14:44:00Z,272.47,272.52,272.15,272.23,70700,272.325,2066
AAPL,2026-02-25T14:45:00Z,272.26,272.98,272.26,272.91,188238,272.762,3572
AAPL,2026-02-25T14:46:00Z,272.92,273.48,272.87,273.37,216848,273.183,3482
AAPL,2026-02-25T14:47:00Z,273.33,273.501,272.95,273.01,75475,273.201,2368
AAPL,2026-02-25T14:48:00Z,273.01,273.455,272.925,273.455,81894,273.165,2289
AAPL,2026-02-25T14:49:00Z,273.457,273.76,273.345,273.52,113714,273.517,2450
AAPL,2026-02-25T14:50:00Z,273.52,273.64,273.29,273.53,123176,273.49,2220
AAPL,2026-02-25T14:51:00Z,273.49,273.57,273.23,273.39,120041,273.351,2481
AAPL,2026-02-25T14:52:00Z,273.35,273.35,273,273.068,83190,273.113,2117
AAPL,2026-02-25T14:53:00Z,273.045,273.144,272.94,273.13,64920,273.028,1853
AAPL,2026-02-25T14:54:00Z,273.12,273.35,273.07,273.29,72826,273.195,2025
AAPL,2026-02-25T14:55:00Z,273.31,273.89,273.29,273.71,146831,273.692,2915
AAPL,2026-02-25T14:56:00Z,273.65,273.695,273.25,273.37,82746,273.509,2005
AAPL,2026-02-25T14:57:00Z,273.35,273.77,273.3,273.755,71472,273.501,2185
AAPL,2026-02-25T14:58:00Z,273.77,273.88,273.63,273.7,76872,273.744,2241
AAPL,2026-02-25T14:59:00Z,273.68,274,273.52,273.93,185779,273.863,3660
AAPL,2026-02-25T15:00:00Z,273.94,274.08,273.55,273.655,114037,273.855,2651
AAPL,2026-02-25T15:01:00Z,273.655,273.9,273.31,273.438,71408,273.655,2291
AAPL,2026-02-25T15:02:00Z,273.4,273.53,273.16,273.195,75491,273.335,2130
AAPL,2026-02-25T15:03:00Z,273.205,273.205,272.93,272.998,142210,273.028,2890
AAPL,2026-02-25T15:04:00Z,272.995,272.995,272.66,272.725,70457,272.841,2285
AAPL,2026-02-25T15:05:00Z,272.75,273.04,272.59,272.81,64042,272.842,2066
AAPL,2026-02-25T15:06:00Z,272.89,273,272.68,272.77,44295,272.817,3526
AAPL,2026-02-25T15:07:00Z,272.775,272.94,272.56,272.57,62290,272.75,2344
AAPL,2026-02-25T15:08:00Z,272.57,272.9,272.56,272.8,49974,272.751,1913
AAPL,2026-02-25T15:09:00Z,272.84,272.92,272.68,272.7,67556,272.758,2144
AAPL,2026-02-25T15:10:00Z,272.7,272.75,272.408,272.408,76935,272.598,2393
AAPL,2026-02-25T15:11:00Z,272.425,272.61,272.34,272.452,67078,272.445,2134
AAPL,2026-02-25T15:12:00Z,272.44,272.93,272.35,272.93,59599,272.591,2157
AAPL,2026-02-25T15:13:00Z,272.95,272.99,272.73,272.86,53575,272.888,1907
AAPL,2026-02-25T15:14:00Z,272.84,273.05,272.81,272.965,80748,272.97,2086
AAPL,2026-02-25T15:15:00Z,272.99,273,272.702,272.71,53670,272.891,2001
AAPL,2026-02-25T15:16:00Z,272.71,272.94,272.67,272.92,34849,272.832,1799
AAPL,2026-02-25T15:17:00Z,272.918,273.29,272.9,273.23,77633,273.113,2485
AAPL,2026-02-25T15:18:00Z,273.24,273.37,273.19,273.34,51929,273.287,1956
AAPL,2026-02-25T15:19:00Z,273.325,273.37,273.25,273.27,48745,273.295,1908
AAPL,2026-02-25T15:20:00Z,273.275,273.3,273.05,273.25,47214,273.187,2000
AAPL,2026-02-25T15:21:00Z,273.248,273.48,273.16,273.471,37640,273.357,1789
AAPL,2026-02-25T15:22:00Z,273.46,273.48,273.22,273.22,56738,273.389,1975
AAPL,2026-02-25T15:23:00Z,273.231,273.29,273.02,273.12,50709,273.13,1917
AAPL,2026-02-25T15:24:00Z,273.12,273.22,273.02,273.19,55204,273.103,2030
AAPL,2026-02-25T15:25:00Z,273.23,273.45,273.19,273.3,94168,273.299,2489
AAPL,2026-02-25T15:26:00Z,273.29,273.36,273.235,273.33,47972,273.304,1933
AAPL,2026-02-25T15:27:00Z,273.32,273.53,273.261,273.505,54582,273.454,1825
AAPL,2026-02-25T15:28:00Z,273.5,273.64,273.47,273.55,54263,273.542,1912
AAPL,2026-02-25T15:29:00Z,273.53,273.64,273.47,273.63,70559,273.557,2107
AAPL,2026-02-25T15:30:00Z,273.63,273.8,273.62,273.75,83857,273.734,2454
AAPL,2026-02-25T15:31:00Z,273.791,273.96,273.75,273.81,71189,273.898,2350
AAPL,2026-02-25T15:32:00Z,273.84,273.86,273.74,273.8,44660,273.797,1876
AAPL,2026-02-25T15:33:00Z,273.83,273.835,273.65,273.66,63190,273.723,2033
AAPL,2026-02-25T15:34:00Z,273.66,273.66,273.435,273.49,57552,273.54,2305
AAPL,2026-02-25T15:35:00Z,273.48,273.615,273.43,273.505,56909,273.52,2257
AAPL,2026-02-25T15:36:00Z,273.51,273.62,273.48,273.54,47028,273.541,1903
AAPL,2026-02-25T15:37:00Z,273.54,273.75,273.5,273.73,57577,273.607,2046
AAPL,2026-02-25T15:38:00Z,273.72,273.75,273.645,273.69,50654,273.715,1920
AAPL,2026-02-25T15:39:00Z,273.7,273.865,273.655,273.695,55311,273.776,1933
AAPL,2026-02-25T15:40:00Z,273.7,273.74,273.26,273.26,61646,273.538,2168
AAPL,2026-02-25T15:41:00Z,273.229,273.43,273.15,273.43,56463,273.271,1969
AAPL,2026-02-25T15:42:00Z,273.46,273.53,273.16,273.305,31260,273.318,1709
AAPL,2026-02-25T15:43:00Z,273.326,273.358,273.19,273.25,40618,273.265,1611
AAPL,2026-02-25T15:44:00Z,273.29,273.43,273.29,273.4,35034,273.382,1699
AAPL,2026-02-25T15:45:00Z,273.42,273.6,273.42,273.505,35890,273.497,1770
AAPL,2026-02-25T15:46:00Z,273.52,273.66,273.48,273.57,71316,273.583,2211
AAPL,2026-02-25T15:47:00Z,273.56,273.56,273.37,273.528,33832,273.42,1604
AAPL,2026-02-25T15:48:00Z,273.52,273.578,273.335,273.404,29296,273.442,1599
AAPL,2026-02-25T15:49:00Z,273.4,273.48,273.31,273.385,28821,273.406,1461
AAPL,2026-02-25T15:50:00Z,273.35,273.44,273.2,273.2,37255,273.315,1652
AAPL,2026-02-25T15:51:00Z,273.15,273.34,273.142,273.27,61862,273.292,2005
AAPL,2026-02-25T15:52:00Z,273.295,273.295,273,273.01,58440,273.091,1999
AAPL,2026-02-25T15:53:00Z,273.045,273.15,272.965,273.14,90075,273.029,2101
AAPL,2026-02-25T15:54:00Z,273.165,273.25,273.02,273.245,47179,273.135,1859
AAPL,2026-02-25T15:55:00Z,273.245,273.245,272.935,272.97,55282,273.066,2285
AAPL,2026-02-25T15:56:00Z,272.95,273.145,272.92,273.09,53784,273.01,1911
AAPL,2026-02-25T15:57:00Z,273.082,273.35,273.07,273.35,52474,273.181,1847
AAPL,2026-02-25T15:58:00Z,273.34,273.43,273.29,273.405,41618,273.345,1726
AAPL,2026-02-25T15:59:00Z,273.41,273.58,273.39,273.54,52516,273.508,1791
AAPL,2026-02-25T16:00:00Z,273.54,273.77,273.53,273.765,86266,273.635,1829
AAPL,2026-02-25T16:01:00Z,273.78,273.781,273.62,273.725,72154,273.717,2253
AAPL,2026-02-25T16:02:00Z,273.74,273.86,273.73,273.745,48394,273.777,1822
AAPL,2026-02-25T16:03:00Z,273.75,273.78,273.63,273.715,31728,273.705,1669
AAPL,2026-02-25T16:04:00Z,273.715,274.07,273.715,274.059,99675,273.959,2713
AAPL,2026-02-25T16:05:00Z,274.04,274.12,273.85,273.962,122559,273.972,3031
AAPL,2026-02-25T16:06:00Z,273.96,274.14,273.96,274.08,75122,274.067,1897
AAPL,2026-02-25T16:07:00Z,274.08,274.225,273.97,274.145,106310,274.12,2472
AAPL,2026-02-25T16:08:00Z,274.17,274.4,274.13,274.338,88850,274.26,2274
AAPL,2026-02-25T16:09:00Z,274.34,274.46,274.27,274.28,126612,274.368,2553
AAPL,2026-02-25T16:10:00Z,274.32,274.58,274.292,274.565,85189,274.459,2246
AAPL,2026-02-25T16:11:00Z,274.59,274.59,274.33,274.37,81922,274.469,2358
AAPL,2026-02-25T16:12:00Z,274.37,274.42,274.25,274.32,69651,274.339,2028
AAPL,2026-02-25T16:13:00Z,274.295,274.35,274.014,274.03,54214,274.132,2073
AAPL,2026-02-25T16:14:00Z,274.03,274.259,273.93,274.23,66247,274.068,1971
AAPL,2026-02-25T16:15:00Z,274.22,274.22,274.11,274.18,42088,274.162,1767
AAPL,2026-02-25T16:16:00Z,274.185,274.28,274.13,274.2,25611,274.204,1587
AAPL,2026-02-25T16:17:00Z,274.19,274.19,274.01,274.155,31933,274.086,1675
AAPL,2026-02-25T16:18:00Z,274.155,274.24,274.07,274.07,32780,274.17,1680
AAPL,2026-02-25T16:19:00Z,274.06,274.14,273.91,274.11,55170,274.02,1938
AAPL,2026-02-25T16:20:00Z,274.105,274.41,274.05,274.24,82677,274.246,2440
AAPL,2026-02-25T16:21:00Z,274.26,274.35,274.211,274.26,36589,274.27,1734
AAPL,2026-02-25T16:22:00Z,274.26,274.28,274.09,274.18,44876,274.199,1790
AAPL,2026-02-25T16:23:00Z,274.185,274.273,274.095,274.095,37625,274.217,1770
AAPL,2026-02-25T16:24:00Z,274.12,274.125,273.9,274.02,68212,274.01,2325
AAPL,2026-02-25T16:25:00Z,274.01,274.12,273.86,273.9,37964,274.006,1739
AAPL,2026-02-25T16:26:00Z,273.885,274.025,273.84,274.025,35560,273.913,1727
AAPL,2026-02-25T16:27:00Z,274.04,274.255,274.03,274.22,47961,274.117,1800
AAPL,2026-02-25T16:28:00Z,274.235,274.26,274.02,274.13,31908,274.133,1692
AAPL,2026-02-25T16:29:00Z,274.14,274.2,273.9,273.965,48355,274.097,1904
AAPL,2026-02-25T16:30:00Z,273.96,274.07,273.87,273.98,28401,273.975,1613
AAPL,2026-02-25T16:31:00Z,273.984,274.06,273.9,273.98,33957,273.952,1624
AAPL,2026-02-25T16:32:00Z,274.019,274.019,273.81,273.815,38320,273.924,1719
AAPL,2026-02-25T16:33:00Z,273.82,273.86,273.63,273.649,58480,273.725,2009
AAPL,2026-02-25T16:34:00Z,273.685,273.685,273.43,273.445,42956,273.528,1784
AAPL,2026-02-25T16:35:00Z,273.425,273.5,273.3,273.31,50283,273.421,1856
AAPL,2026-02-25T16:36:00Z,273.31,273.31,273.13,273.18,47887,273.227,1823
AAPL,2026-02-25T16:37:00Z,273.15,273.2,272.96,273.024,108879,273.069,2106
AAPL,2026-02-25T16:38:00Z,273,273.19,273,273.16,38506,273.123,1704
AAPL,2026-02-25T16:39:00Z,273.16,273.29,273.155,273.29,37693,273.205,1673
AAPL,2026-02-25T16:40:00Z,273.305,273.37,273.22,273.236,40737,273.318,1854
AAPL,2026-02-25T16:41:00Z,273.24,273.29,273.15,273.22,25139,273.223,1537
AAPL,2026-02-25T16:42:00Z,273.215,273.26,273.14,273.17,23943,273.202,1565
AAPL,2026-02-25T16:43:00Z,273.18,273.345,273.12,273.345,26290,273.206,1563
AAPL,2026-02-25T16:44:00Z,273.33,273.44,273.28,273.35,41149,273.365,1658
AAPL,2026-02-25T16:45:00Z,273.36,273.39,273.18,273.22,24197,273.291,1593
AAPL,2026-02-25T16:46:00Z,273.23,273.29,273.13,273.205,22664,273.209,1561
AAPL,2026-02-25T16:47:00Z,273.18,273.23,273.14,273.19,25364,273.193,1576
AAPL,2026-02-25T16:48:00Z,273.2,273.25,273.09,273.13,44477,273.163,1700
AAPL,2026-02-25T16:49:00Z,273.13,273.245,273.122,273.21,26271,273.188,1512
AAPL,2026-02-25T16:50:00Z,273.219,273.27,273.12,273.225,19838,273.213,1502
AAPL,2026-02-25T16:51:00Z,273.22,273.33,273.18,273.3,34993,273.256,1698
AAPL,2026-02-25T16:52:00Z,273.32,273.43,273.31,273.365,30729,273.375,1529
AAPL,2026-02-25T16:53:00Z,273.35,273.445,273.33,273.405,57799,273.392,2023
AAPL,2026-02-25T16:54:00Z,273.4,273.615,273.4,273.54,85795,273.547,2122
AAPL,2026-02-25T16:55:00Z,273.5,273.515,273.34,273.385,75414,273.44,2151
AAPL,2026-02-25T16:56:00Z,273.37,273.54,273.35,273.54,35257,273.43,1707
AAPL,2026-02-25T16:57:00Z,273.53,273.58,273.45,273.46,31606,273.509,1628
AAPL,2026-02-25T16:58:00Z,273.47,273.49,273.4,273.48,36153,273.44,1488
AAPL,2026-02-25T16:59:00Z,273.49,273.56,273.415,273.415,33578,273.48,1473
AAPL,2026-02-25T17:00:00Z,273.4,273.46,273.285,273.3,39249,273.362,1864
AAPL,2026-02-25T17:01:00Z,273.29,273.43,273.215,273.388,33709,273.316,801
AAPL,2026-02-25T17:02:00Z,273.375,273.51,273.36,273.5,33155,273.428,801
AAPL,2026-02-25T17:03:00Z,273.53,273.54,273.46,273.503,28641,273.509,728
AAPL,2026-02-25T17:04:00Z,273.505,273.59,273.48,273.59,45076,273.557,830
AAPL,2026-02-25T17:05:00Z,273.584,273.65,273.524,273.525,29886,273.576,878
AAPL,2026-02-25T17:06:00Z,273.525,273.61,273.52,273.61,26505,273.568,699
AAPL,2026-02-25T17:07:00Z,273.61,273.63,273.46,273.52,33286,273.55,841
AAPL,2026-02-25T17:08:00Z,273.5,273.53,273.21,273.415,65266,273.401,2190
AAPL,2026-02-25T17:09:00Z,273.415,273.63,273.415,273.63,22357,273.524,829
AAPL,2026-02-25T17:10:00Z,273.61,273.73,273.595,273.68,29001,273.67,908
AAPL,2026-02-25T17:11:00Z,273.68,273.72,273.65,273.661,40307,273.688,825
AAPL,2026-02-25T17:12:00Z,273.69,273.82,273.66,273.815,34291,273.755,887
AAPL,2026-02-25T17:13:00Z,273.815,273.84,273.64,273.69,36188,273.74,958
AAPL,2026-02-25T17:14:00Z,273.69,273.8,273.69,273.785,37912,273.764,913
AAPL,2026-02-25T17:15:00Z,273.76,273.8,273.7,273.79,23136,273.769,852
AAPL,2026-02-25T17:16:00Z,273.76,273.84,273.695,273.8,53444,273.771,1156
AAPL,2026-02-25T17:17:00Z,273.8,273.82,273.72,273.755,29910,273.774,934
AAPL,2026-02-25T17:18:00Z,273.77,273.9,273.77,273.84,34160,273.857,872
AAPL,2026-02-25T17:19:00Z,273.83,273.94,273.805,273.811,35794,273.886,870
AAPL,2026-02-25T17:20:00Z,273.79,273.79,273.65,273.73,34743,273.716,898
AAPL,2026-02-25T17:21:00Z,273.7,273.79,273.67,273.71,26103,273.728,751
AAPL,2026-02-25T17:22:00Z,273.705,273.76,273.6,273.67,36949,273.687,1087
AAPL,2026-02-25T17:23:00Z,273.705,273.79,273.68,273.74,33730,273.737,901
AAPL,2026-02-25T17:24:00Z,273.735,273.8,273.7,273.79,22381,273.745,655
AAPL,2026-02-25T17:25:00Z,273.79,273.89,273.74,273.87,22676,273.827,865
AAPL,2026-02-25T17:26:00Z,273.89,273.96,273.865,273.865,36414,273.927,876
AAPL,2026-02-25T17:27:00Z,273.873,273.95,273.835,273.855,39737,273.897,837
AAPL,2026-02-25T17:28:00Z,273.84,273.861,273.59,273.59,83781,273.801,1037
AAPL,2026-02-25T17:29:00Z,273.57,273.625,273.5,273.61,53077,273.547,1078
AAPL,2026-02-25T17:30:00Z,273.625,273.645,273.42,273.63,46217,273.532,998
AAPL,2026-02-25T17:31:00Z,273.665,273.79,273.6,273.62,22271,273.707,766
AAPL,2026-02-25T17:32:00Z,273.625,273.69,273.59,273.68,32177,273.64,835
AAPL,2026-02-25T17:33:00Z,273.67,273.88,273.665,273.87,34863,273.787,798
AAPL,2026-02-25T17:34:00Z,273.87,273.875,273.74,273.74,20454,273.828,694
AAPL,2026-02-25T17:35:00Z,273.75,273.96,273.75,273.93,24419,273.901,788
AAPL,2026-02-25T17:36:00Z,273.93,274,273.871,273.92,50771,273.968,1061
AAPL,2026-02-25T17:37:00Z,273.89,274.03,273.83,274,34643,273.936,881
AAPL,2026-02-25T17:38:00Z,273.99,274.07,273.95,274,22714,274.027,720
AAPL,2026-02-25T17:39:00Z,273.995,274.13,273.97,274.095,29065,274.052,714
AAPL,2026-02-25T17:40:00Z,274.09,274.15,274.01,274.07,43125,274.086,898
AAPL,2026-02-25T17:41:00Z,274.055,274.22,274.051,274.165,64112,274.161,1188
AAPL,2026-02-25T17:42:00Z,274.165,274.355,274.14,274.325,85801,274.249,1255
AAPL,2026-02-25T17:43:00Z,274.32,274.4,274.29,274.4,42354,274.344,1001
AAPL,2026-02-25T17:44:00Z,274.38,274.38,274.22,274.32,34088,274.291,831
AAPL,2026-02-25T17:45:00Z,274.34,274.37,274.22,274.24,39294,274.3,936
AAPL,2026-02-25T17:46:00Z,274.235,274.311,274.17,274.26,34690,274.243,804
AAPL,2026-02-25T17:47:00Z,274.25,274.35,274.24,274.335,25605,274.282,726
AAPL,2026-02-25T17:48:00Z,274.33,274.4,274.24,274.24,25130,274.329,730
AAPL,2026-02-25T17:49:00Z,274.235,274.305,274.235,274.27,21318,274.271,688
AAPL,2026-02-25T17:50:00Z,274.28,274.4,274.2,274.26,41432,274.321,1133
AAPL,2026-02-25T17:51:00Z,274.23,274.32,274.22,274.289,27505,274.282,712
AAPL,2026-02-25T17:52:00Z,274.26,274.305,274.19,274.29,20112,274.245,593
AAPL,2026-02-25T17:53:00Z,274.26,274.39,274.255,274.34,20702,274.322,631
AAPL,2026-02-25T17:54:00Z,274.34,274.37,274.29,274.34,31293,274.333,680
AAPL,2026-02-25T17:55:00Z,274.345,274.43,274.21,274.242,30540,274.349,861
AAPL,2026-02-25T17:56:00Z,274.23,274.26,274.03,274.13,27714,274.136,867
AAPL,2026-02-25T17:57:00Z,274.14,274.16,274.039,274.125,40474,274.093,896
AAPL,2026-02-25T17:58:00Z,274.14,274.22,274.121,274.19,71175,274.162,855
AAPL,2026-02-25T17:59:00Z,274.182,274.215,274.16,274.215,17468,274.184,760
AAPL,2026-02-25T18:00:00Z,274.225,274.28,274.19,274.26,41301,274.234,1009
AAPL,2026-02-25T18:01:00Z,274.27,274.288,274.18,274.22,18343,274.222,527
AAPL,2026-02-25T18:02:00Z,274.245,274.3,274.22,274.275,21416,274.267,700
AAPL,2026-02-25T18:03:00Z,274.29,274.35,274.21,274.24,26719,274.266,792
AAPL,2026-02-25T18:04:00Z,274.25,274.26,274.19,274.24,27342,274.221,695
AAPL,2026-02-25T18:05:00Z,274.21,274.22,274.15,274.16,23878,274.167,665
AAPL,2026-02-25T18:06:00Z,274.17,274.27,274.156,274.24,36045,274.212,878
AAPL,2026-02-25T18:07:00Z,274.235,274.235,274.03,274.03,47286,274.103,994
AAPL,2026-02-25T18:08:00Z,274.05,274.16,274.03,274.13,28734,274.106,893
AAPL,2026-02-25T18:09:00Z,274.12,274.14,274.06,274.13,20179,274.104,778
AAPL,2026-02-25T18:10:00Z,274.16,274.16,274.03,274.03,20085,274.079,712
AAPL,2026-02-25T18:11:00Z,274.038,274.1,274.02,274.075,40290,274.076,1023
AAPL,2026-02-25T18:12:00Z,274.07,274.1,274.03,274.1,26946,274.071,813
AAPL,2026-02-25T18:13:00Z,274.09,274.1,273.96,274.005,38063,274.036,1016
AAPL,2026-02-25T18:14:00Z,274.001,274.035,273.99,274.02,18632,274.014,732
AAPL,2026-02-25T18:15:00Z,274.04,274.1,274.01,274.03,27965,274.071,972
AAPL,2026-02-25T18:16:00Z,274.045,274.24,274.01,274.23,35565,274.13,1008
AAPL,2026-02-25T18:17:00Z,274.215,274.31,274.165,274.2,40731,274.241,1121
AAPL,2026-02-25T18:18:00Z,274.23,274.34,274.23,274.315,31010,274.305,914
AAPL,2026-02-25T18:19:00Z,274.34,274.36,274.2,274.242,34718,274.271,902
AAPL,2026-02-25T18:20:00Z,274.235,274.26,274.145,274.215,19050,274.205,773
AAPL,2026-02-25T18:21:00Z,274.22,274.22,274.1,274.125,24558,274.139,877
AAPL,2026-02-25T18:22:00Z,274.122,274.215,274.1,274.2,39168,274.15,850
AAPL,2026-02-25T18:23:00Z,274.195,274.39,274.195,274.38,60273,274.33,1294
AAPL,2026-02-25T18:24:00Z,274.4,274.55,274.4,274.4,80053,274.48,1285
AAPL,2026-02-25T18:25:00Z,274.42,274.63,274.41,274.62,62943,274.537,1080
AAPL,2026-02-25T18:26:00Z,274.62,274.621,274.444,274.444,52332,274.557,1077
AAPL,2026-02-25T18:27:00Z,274.45,274.575,274.445,274.52,30137,274.516,694
AAPL,2026-02-25T18:28:00Z,274.52,274.545,274.41,274.445,43185,274.49,735
AAPL,2026-02-25T18:29:00Z,274.45,274.45,274.34,274.35,36386,274.376,842
AAPL,2026-02-25T18:30:00Z,274.34,274.49,274.28,274.43,49915,274.383,971
AAPL,2026-02-25T18:31:00Z,274.43,274.485,274.42,274.425,22560,274.459,617
AAPL,2026-02-25T18:32:00Z,274.37,274.41,274.32,274.355,25243,274.38,723
AAPL,2026-02-25T18:33:00Z,274.345,274.43,274.33,274.38,34831,274.386,739
AAPL,2026-02-25T18:34:00Z,274.36,274.38,274.28,274.3,20194,274.324,686
AAPL,2026-02-25T18:35:00Z,274.29,274.3,274.23,274.236,43981,274.258,869
AAPL,2026-02-25T18:36:00Z,274.245,274.28,274.22,274.27,31584,274.253,624
AAPL,2026-02-25T18:37:00Z,274.26,274.29,274.24,274.26,24989,274.27,605
AAPL,2026-02-25T18:38:00Z,274.29,274.34,274.23,274.3,23833,274.287,616
AAPL,2026-02-25T18:39:00Z,274.33,274.4,274.3,274.365,33436,274.349,846
AAPL,2026-02-25T18:40:00Z,274.35,274.4,274.29,274.37,43046,274.349,785
AAPL,2026-02-25T18:41:00Z,274.365,274.55,274.3,274.54,39197,274.417,857
AAPL,2026-02-25T18:42:00Z,274.54,274.59,274.48,274.505,38511,274.53,857
AAPL,2026-02-25T18:43:00Z,274.49,274.51,274.44,274.48,28195,274.471,614
AAPL,2026-02-25T18:44:00Z,274.49,274.535,274.49,274.5,19834,274.51,513
AAPL,2026-02-25T18:45:00Z,274.51,274.51,274.4,274.41,23420,274.46,568
AAPL,2026-02-25T18:46:00Z,274.39,274.39,274.32,274.352,27913,274.357,618
AAPL,2026-02-25T18:47:00Z,274.35,274.52,274.33,274.52,29335,274.413,586
AAPL,2026-02-25T18:48:00Z,274.51,274.515,274.35,274.46,28812,274.468,700
AAPL,2026-02-25T18:49:00Z,274.45,274.53,274.43,274.53,23753,274.484,523
AAPL,2026-02-25T18:50:00Z,274.54,274.63,274.52,274.601,64597,274.586,1000
AAPL,2026-02-25T18:51:00Z,274.61,274.675,274.55,274.67,42696,274.61,711
AAPL,2026-02-25T18:52:00Z,274.665,274.71,274.63,274.69,30995,274.672,691
AAPL,2026-02-25T18:53:00Z,274.69,274.728,274.595,274.595,33978,274.658,700
AAPL,2026-02-25T18:54:00Z,274.58,274.59,274.46,274.48,55839,274.537,859
AAPL,2026-02-25T18:55:00Z,274.5,274.6,274.485,274.575,25697,274.555,565
AAPL,2026-02-25T18:56:00Z,274.57,274.69,274.54,274.664,33546,274.625,651
AAPL,2026-02-25T18:57:00Z,274.66,274.66,274.555,274.59,21343,274.609,514
AAPL,2026-02-25T18:58:00Z,274.59,274.685,274.586,274.685,29011,274.641,623
AAPL,2026-02-25T18:59:00Z,274.69,274.75,274.61,274.61,65839,274.703,1078
AAPL,2026-02-25T19:00:00Z,274.62,274.71,274.58,274.63,42644,274.638,820
AAPL,2026-02-25T19:01:00Z,274.64,274.67,274.59,274.63,18395,274.626,481
AAPL,2026-02-25T19:02:00Z,274.62,274.665,274.52,274.61,38320,274.604,890
AAPL,2026-02-25T19:03:00Z,274.585,274.7,274.52,274.55,40025,274.618,850
AAPL,2026-02-25T19:04:00Z,274.555,274.555,274.41,274.48,24559,274.479,586
AAPL,2026-02-25T19:05:00Z,274.47,274.53,274.4,274.5,44471,274.488,964
AAPL,2026-02-25T19:06:00Z,274.5,274.5,274.37,274.45,36291,274.442,652
AAPL,2026-02-25T19:07:00Z,274.47,274.55,274.42,274.43,31550,274.498,647
AAPL,2026-02-25T19:08:00Z,274.435,274.6,274.43,274.59,30879,274.522,646
AAPL,2026-02-25T19:09:00Z,274.59,274.75,274.59,274.68,40383,274.659,779
AAPL,2026-02-25T19:10:00Z,274.675,274.838,274.65,274.77,61189,274.769,1238
AAPL,2026-02-25T19:11:00Z,274.784,274.79,274.691,274.73,26826,274.729,665
AAPL,2026-02-25T19:12:00Z,274.73,274.75,274.67,274.74,53927,274.719,677
AAPL,2026-02-25T19:13:00Z,274.738,274.78,274.716,274.74,40481,274.746,662
AAPL,2026-02-25T19:14:00Z,274.73,274.94,274.71,274.83,75662,274.835,1248
AAPL,2026-02-25T19:15:00Z,274.83,274.84,274.77,274.83,34739,274.81,723
AAPL,2026-02-25T19:16:00Z,274.82,274.93,274.82,274.91,59120,274.886,882
AAPL,2026-02-25T19:17:00Z,274.91,274.92,274.772,274.79,80218,274.819,755
AAPL,2026-02-25T19:18:00Z,274.785,274.82,274.7,274.815,56786,274.756,1056
AAPL,2026-02-25T19:19:00Z,274.815,274.82,274.67,274.67,41804,274.749,696
AAPL,2026-02-25T19:20:00Z,274.69,274.73,274.521,274.521,30221,274.638,687
AAPL,2026-02-25T19:21:00Z,274.51,274.595,274.51,274.595,29265,274.557,591
AAPL,2026-02-25T19:22:00Z,274.6,274.63,274.48,274.5,50343,274.55,962
AAPL,2026-02-25T19:23:00Z,274.5,274.545,274.471,274.505,17154,274.507,519
AAPL,2026-02-25T19:24:00Z,274.505,274.595,274.505,274.565,21091,274.557,587
AAPL,2026-02-25T19:25:00Z,274.57,274.65,274.56,274.6,25528,274.621,697
AAPL,2026-02-25T19:26:00Z,274.59,274.755,274.57,274.59,37468,274.699,795
AAPL,2026-02-25T19:27:00Z,274.585,274.6,274.26,274.3,48877,274.454,1072
AAPL,2026-02-25T19:28:00Z,274.3,274.415,274.18,274.4,52990,274.257,1060
AAPL,2026-02-25T19:29:00Z,274.39,274.465,274.34,274.41,32002,274.409,773
AAPL,2026-02-25T19:30:00Z,274.41,274.54,274.38,274.435,37912,274.453,781
AAPL,2026-02-25T19:31:00Z,274.45,274.45,274.335,274.335,17154,274.393,484
AAPL,2026-02-25T19:32:00Z,274.343,274.5,274.315,274.329,33618,274.413,765
AAPL,2026-02-25T19:33:00Z,274.315,274.37,274.24,274.29,20789,274.304,641
AAPL,2026-02-25T19:34:00Z,274.32,274.33,274.23,274.245,23208,274.275,579
AAPL,2026-02-25T19:35:00Z,274.25,274.315,274.2,274.315,22069,274.258,609
AAPL,2026-02-25T19:36:00Z,274.315,274.38,274.225,274.27,36342,274.303,770
AAPL,2026-02-25T19:37:00Z,274.285,274.315,274.275,274.305,14327,274.288,451
AAPL,2026-02-25T19:38:00Z,274.3,274.355,274.295,274.32,23203,274.33,596
AAPL,2026-02-25T19:39:00Z,274.29,274.3,274.22,274.255,29517,274.257,773
AAPL,2026-02-25T19:40:00Z,274.27,274.285,274.22,274.27,29400,274.244,677
AAPL,2026-02-25T19:41:00Z,274.27,274.285,274.19,274.255,34866,274.233,864
AAPL,2026-02-25T19:42:00Z,274.24,274.3,274.21,274.29,31519,274.253,734
AAPL,2026-02-25T19:43:00Z,274.29,274.4,274.23,274.23,38430,274.292,973
AAPL,2026-02-25T19:44:00Z,274.23,274.265,274.2,274.24,32887,274.234,694
AAPL,2026-02-25T19:45:00Z,274.22,274.22,273.87,273.9,167698,274.078,2063
AAPL,2026-02-25T19:46:00Z,273.9,274.02,273.87,273.92,57832,273.918,1013
AAPL,2026-02-25T19:47:00Z,273.915,274.12,273.81,274.11,32821,274.004,819
AAPL,2026-02-25T19:48:00Z,274.095,274.11,273.974,273.995,31372,274.056,637
AAPL,2026-02-25T19:49:00Z,273.98,274.05,273.92,273.955,23769,274.002,701
AAPL,2026-02-25T19:50:00Z,273.97,273.986,273.83,273.87,47515,273.907,920
AAPL,2026-02-25T19:51:00Z,273.85,273.86,273.75,273.76,34527,273.821,664
AAPL,2026-02-25T19:52:00Z,273.765,273.84,273.745,273.82,37690,273.776,737
AAPL,2026-02-25T19:53:00Z,273.8,273.835,273.701,273.71,30811,273.782,742
AAPL,2026-02-25T19:54:00Z,273.71,273.725,273.65,273.665,33048,273.689,788
AAPL,2026-02-25T19:55:00Z,273.68,273.81,273.49,273.55,80577,273.623,1381
AAPL,2026-02-25T19:56:00Z,273.53,273.54,273.42,273.52,34536,273.472,734
AAPL,2026-02-25T19:57:00Z,273.52,273.54,273.43,273.455,30554,273.474,749
AAPL,2026-02-25T19:58:00Z,273.44,273.57,273.39,273.435,51404,273.463,938
AAPL,2026-02-25T19:59:00Z,273.43,273.43,273.26,273.29,59102,273.34,1002
AAPL,2026-02-25T20:00:00Z,273.27,273.41,273.21,273.35,64503,273.311,1315
AAPL,2026-02-25T20:01:00Z,273.35,273.47,273.31,273.45,46828,273.389,923
AAPL,2026-02-25T20:02:00Z,273.45,273.66,273.44,273.56,54982,273.556,1047
AAPL,2026-02-25T20:03:00Z,273.552,273.61,273.51,273.58,29790,273.579,735
AAPL,2026-02-25T20:04:00Z,273.585,273.66,273.5,273.535,52385,273.597,906
AAPL,2026-02-25T20:05:00Z,273.55,273.64,273.55,273.59,25593,273.593,629
AAPL,2026-02-25T20:06:00Z,273.58,273.65,273.46,273.475,34169,273.572,754
AAPL,2026-02-25T20:07:00Z,273.475,273.62,273.39,273.61,58048,273.528,1141
AAPL,2026-02-25T20:08:00Z,273.61,273.685,273.58,273.645,67811,273.628,1269
AAPL,2026-02-25T20:09:00Z,273.65,273.655,273.53,273.545,42901,273.603,911
AAPL,2026-02-25T20:10:00Z,273.54,273.615,273.53,273.6,47172,273.584,844
AAPL,2026-02-25T20:11:00Z,273.59,273.72,273.56,273.702,38493,273.635,909
AAPL,2026-02-25T20:12:00Z,273.69,273.7,273.49,273.59,56364,273.597,1040
AAPL,2026-02-25T20:13:00Z,273.58,273.755,273.55,273.73,80504,273.662,1348
AAPL,2026-02-25T20:14:00Z,273.735,273.86,273.735,273.78,40958,273.799,949
AAPL,2026-02-25T20:15:00Z,273.79,273.814,273.67,273.69,32764,273.734,840
AAPL,2026-02-25T20:16:00Z,273.69,273.855,273.65,273.85,48927,273.74,1004
AAPL,2026-02-25T20:17:00Z,273.85,273.931,273.825,273.89,67385,273.88,1247
AAPL,2026-02-25T20:18:00Z,273.895,273.9,273.78,273.805,45325,273.846,950
AAPL,2026-02-25T20:19:00Z,273.81,273.83,273.62,273.705,45797,273.734,1183
AAPL,2026-02-25T20:20:00Z,273.705,273.74,273.47,273.51,50364,273.607,1050
AAPL,2026-02-25T20:21:00Z,273.52,273.675,273.42,273.66,69557,273.502,1446
AAPL,2026-02-25T20:22:00Z,273.67,273.75,273.665,273.71,53530,273.706,1202
AAPL,2026-02-25T20:23:00Z,273.73,273.775,273.676,273.75,46325,273.724,911
AAPL,2026-02-25T20:24:00Z,273.75,273.78,273.714,273.75,40224,273.747,808
AAPL,2026-02-25T20:25:00Z,273.74,273.825,273.715,273.72,48387,273.764,962
AAPL,2026-02-25T20:26:00Z,273.715,273.86,273.7,273.83,49633,273.771,962
AAPL,2026-02-25T20:27:00Z,273.825,273.89,273.795,273.89,42695,273.844,821
AAPL,2026-02-25T20:28:00Z,273.868,273.895,273.82,273.845,30580,273.856,663
AAPL,2026-02-25T20:29:00Z,273.85,273.86,273.72,273.75,48330,273.8,963
AAPL,2026-02-25T20:30:00Z,273.74,273.74,273.66,273.68,72074,273.686,1399
AAPL,2026-02-25T20:31:00Z,273.68,273.75,273.62,273.69,53894,273.686,1202
AAPL,2026-02-25T20:32:00Z,273.69,273.83,273.68,273.8,58920,273.747,1210
AAPL,2026-02-25T20:33:00Z,273.79,273.85,273.73,273.83,49263,273.819,1099
AAPL,2026-02-25T20:34:00Z,273.83,273.88,273.77,273.805,46748,273.84,979
AAPL,2026-02-25T20:35:00Z,273.8,273.85,273.78,273.84,42625,273.823,1004
AAPL,2026-02-25T20:36:00Z,273.83,274.09,273.82,274.05,67158,273.983,1486
AAPL,2026-02-25T20:37:00Z,274.04,274.11,274.024,274.1,48294,274.069,974
AAPL,2026-02-25T20:38:00Z,274.091,274.17,274.05,274.13,44902,274.104,938
AAPL,2026-02-25T20:39:00Z,274.14,274.22,274.06,274.06,53840,274.126,1029
AAPL,2026-02-25T20:40:00Z,274.05,274.08,273.925,273.925,54525,274.011,1121
AAPL,2026-02-25T20:41:00Z,273.921,274.08,273.89,274.06,44702,273.988,1040
AAPL,2026-02-25T20:42:00Z,274.07,274.07,274,274.06,62184,274.034,737
AAPL,2026-02-25T20:43:00Z,274.06,274.08,273.96,273.975,66152,274.017,1096
AAPL,2026-02-25T20:44:00Z,273.96,273.98,273.905,273.97,59189,273.951,969
AAPL,2026-02-25T20:45:00Z,273.97,274.28,273.96,274.135,126264,274.174,2563
AAPL,2026-02-25T20:46:00Z,274.1,274.2,274.045,274.2,78221,274.089,1217
AAPL,2026-02-25T20:47:00Z,274.19,274.259,274.14,274.24,57558,274.198,1239
AAPL,2026-02-25T20:48:00Z,274.25,274.31,274.2,274.23,47906,274.257,1002
AAPL,2026-02-25T20:49:00Z,274.22,274.31,274.18,274.25,68347,274.258,1304
AAPL,2026-02-25T20:50:00Z,274.29,274.77,274.13,274.495,185194,274.536,3851
AAPL,2026-02-25T20:51:00Z,274.51,274.62,274.48,274.595,114256,274.553,2097
AAPL,2026-02-25T20:52:00Z,274.6,274.68,274.555,274.66,194554,274.632,2524
AAPL,2026-02-25T20:53:00Z,274.66,274.7,274.495,274.56,148645,274.608,2664
AAPL,2026-02-25T20:54:00Z,274.57,274.72,274.55,274.58,150258,274.629,2784
AAPL,2026-02-25T20:55:00Z,274.57,274.58,274.36,274.475,209564,274.482,3388
AAPL,2026-02-25T20:56:00Z,274.48,274.505,274.203,274.26,192344,274.343,3275
AAPL,2026-02-25T20:57:00Z,274.27,274.35,274.13,274.23,186828,274.252,3405
AAPL,2026-02-25T20:58:00Z,274.23,274.24,274.11,274.18,280915,274.186,4564
AAPL,2026-02-25T20:59:00Z,274.18,274.32,274.13,274.18,700166,274.229,8934
AAPL,2026-02-25T21:00:00Z,274.2,274.3,274.2,274.25,7.35767e+06,274.23,191
AAPL,2026-02-25T21:01:00Z,274.191,274.191,274.191,274.191,27709,274.191,32
AAPL,2026-02-25T21:02:00Z,274.19,274.19,274.19,274.19,33461,274.19,50
AAPL,2026-02-25T21:03:00Z,274.16,274.25,274.16,274.25,80295,274.22,85
AAPL,2026-02-25T21:04:00Z,274.19,274.19,274.19,274.19,787934,274.19,95
AAPL,2026-02-25T21:05:00Z,274.05,274.05,274.01,274.02,915508,274.022,39
AAPL,2026-02-25T21:06:00Z,274.02,274.02,273.97,274.01,2483,274.006,48
AAPL,2026-02-25T21:07:00Z,273.99,274,273.98,273.98,1125,273.989,33
AAPL,2026-02-25T21:08:00Z,273.97,273.97,273.97,273.97,163465,273.97,26
AAPL,2026-02-25T21:09:00Z,273.968,273.97,273.922,273.922,1182,273.945,46
AAPL,2026-02-25T21:10:00Z,274,274,274,274,2027,274,35
AAPL,2026-02-25T21:11:00Z,274.01,274.01,273.95,273.95,1050,273.996,23
AAPL,2026-02-25T21:13:00Z,274,274,273.94,273.94,866,273.968,26
AAPL,2026-02-25T21:16:00Z,273.84,273.84,273.84,273.84,449,273.84,6
AAPL,2026-02-25T21:17:00Z,274.23,274.23,274.23,274.23,29638,274.23,10
AAPL,2026-02-25T21:18:00Z,274.17,274.17,274.17,274.17,2023,274.17,12
AAPL,2026-02-25T21:21:00Z,273.99,273.99,273.99,273.99,320,273.99,27
AAPL,2026-02-25T21:22:00Z,273.97,274,273.97,274,1175,273.987,29
AAPL,2026-02-25T21:23:00Z,274.02,274.02,274.02,274.02,3991,274.02,40
AAPL,2026-02-25T21:24:00Z,273.8,273.8,273.8,273.8,129,273.8,7
AAPL,2026-02-25T21:25:00Z,274.05,274.05,273.98,273.98,710,274.001,20
AAPL,2026-02-25T21:26:00Z,273.98,274,273.98,273.99,1503,273.99,45
AAPL,2026-02-25T21:28:00Z,273.856,273.9,273.856,273.9,524,273.885,5
AAPL,2026-02-25T21:31:00Z,273.98,273.98,273.98,273.98,3795,273.98,266
AAPL,2026-02-25T21:32:00Z,273.979,273.979,273.77,273.77,2632,273.854,98
AAPL,2026-02-25T21:33:00Z,273.77,273.77,273.68,273.68,786,273.726,32
AAPL,2026-02-25T21:36:00Z,273.93,273.93,273.82,273.82,712,273.901,29
AAPL,2026-02-25T21:37:00Z,273.99,273.99,273.99,273.99,335,273.99,17
AAPL,2026-02-25T21:38:00Z,273.82,273.9,273.82,273.86,1166,273.86,37
AAPL,2026-02-25T21:42:00Z,273.894,273.894,273.75,273.75,936,273.822,41
AAPL,2026-02-25T21:43:00Z,273.84,273.91,273.84,273.91,2114,273.886,66
AAPL,2026-02-25T21:44:00Z,273.94,274.038,273.94,274.038,1402,273.993,50
AAPL,2026-02-25T21:46:00Z,274.12,274.12,274.12,274.12,595,274.12,34
AAPL,2026-02-25T21:47:00Z,273.98,274.12,273.98,274.12,3342,274.116,19
AAPL,2026-02-25T21:48:00Z,274.15,274.15,274.13,274.13,1946,274.134,44
AAPL,2026-02-25T21:49:00Z,274.23,274.23,274.23,274.23,22335,274.23,13
AAPL,2026-02-25T21:50:00Z,273.95,273.95,273.95,273.95,312,273.95,18
AAPL,2026-02-25T21:51:00Z,274.1,274.1,274.1,274.1,8897,274.1,14
AAPL,2026-02-25T21:52:00Z,274.15,274.15,274.1,274.1,1042,274.117,33
AAPL,2026-02-25T21:55:00Z,274.08,274.08,274.08,274.08,213,274.08,17
AAPL,2026-02-25T21:56:00Z,274.075,274.075,274.075,274.075,283,274.075,14
AAPL,2026-02-25T22:00:00Z,274.06,274.06,274.05,274.05,345,274.055,14
AAPL,2026-02-25T22:02:00Z,274.05,274.17,274.05,274.17,6388,274.142,44
AAPL,2026-02-25T22:03:00Z,274.111,274.111,274.111,274.111,840,274.111,10
AAPL,2026-02-25T22:05:00Z,274.17,274.17,274.17,274.17,196,274.17,12
AAPL,2026-02-25T22:08:00Z,274.12,274.12,274.12,274.12,194,274.12,14
AAPL,2026-02-25T22:09:00Z,274.12,274.13,274.12,274.13,1199,274.121,9
AAPL,2026-02-25T22:10:00Z,274.12,274.12,274.12,274.12,328,274.12,25
AAPL,2026-02-25T22:11:00Z,274.16,274.18,274.16,274.18,509,274.17,40
AAPL,2026-02-25T22:12:00Z,274.11,274.11,274.1,274.1,1860,274.108,25
AAPL,2026-02-25T22:13:00Z,274.1,274.1,274.1,274.1,122,274.1,9
AAPL,2026-02-25T22:15:00Z,274.02,274.06,274.02,274.06,1323,274.035,66
AAPL,2026-02-25T22:16:00Z,274.18,274.2,274.16,274.18,13179,274.19,103
AAPL,2026-02-25T22:17:00Z,274.15,274.25,274.15,274.25,3348,274.236,76
AAPL,2026-02-25T22:18:00Z,274.25,274.478,274.25,274.42,6435,274.282,84
AAPL,2026-02-25T22:19:00Z,274.44,274.44,274.39,274.39,938,274.42,42
AAPL,2026-02-25T22:20:00Z,274.14,274.14,274.11,274.11,3379,274.113,80
AAPL,2026-02-25T22:21:00Z,274.362,274.362,274.06,274.23,2284,274.257,43
AAPL,2026-02-25T22:23:00Z,274.34,274.34,274.1,274.12,1232,274.206,19
AAPL,2026-02-25T22:26:00Z,274.1,274.2,274.1,274.2,1447,274.148,24
AAPL,2026-02-25T22:28:00Z,274.39,274.65,274.39,274.616,3421,274.502,120
AAPL,2026-02-25T22:30:00Z,274.5,274.5,274.42,274.42,917,274.455,22
AAPL,2026-02-25T22:31:00Z,274.51,274.51,274.51,274.51,267,274.51,9
AAPL,2026-02-25T22:32:00Z,274.4,274.61,274.4,274.57,3204,274.544,42
AAPL,2026-02-25T22:33:00Z,274.55,274.55,274.49,274.49,1053,274.501,18
AAPL,2026-02-25T22:34:00Z,274.48,274.49,274.48,274.49,716,274.487,12
AAPL,2026-02-25T22:36:00Z,274.5,274.5,274.5,274.5,478,274.5,23
AAPL,2026-02-25T22:38:00Z,274.3,274.47,274.3,274.47,1206,274.381,9
AAPL,2026-02-25T22:39:00Z,274.47,274.47,274.47,274.47,393,274.47,21
AAPL,2026-02-25T22:40:00Z,274.47,274.55,274.47,274.52,1164,274.518,22
AAPL,2026-02-25T22:42:00Z,274.26,274.26,274.23,274.23,756,274.235,15
AAPL,2026-02-25T22:44:00Z,274.49,274.49,274.49,274.49,510,274.49,7
AAPL,2026-02-25T22:47:00Z,274.25,274.262,274.228,274.262,321418,274.247,14
AAPL,2026-02-25T22:53:00Z,274.47,274.48,274.46,274.48,989,274.463,17
AAPL,2026-02-25T22:54:00Z,274.489,274.489,274.47,274.47,788,274.486,16
AAPL,2026-02-25T22:55:00Z,274.37,274.37,274.37,274.37,354,274.37,12
AAPL,2026-02-25T22:57:00Z,274.45,274.45,274.45,274.45,200,274.45,19
AAPL,2026-02-25T22:58:00Z,274.4,274.4,274.4,274.4,295,274.4,7
AAPL,2026-02-25T23:00:00Z,274.45,274.94,274.45,274.9,12315,274.84,201
AAPL,2026-02-25T23:01:00Z,274.811,274.811,274.217,274.217,361,274.387,4
AAPL,2026-02-25T23:02:00Z,274.88,274.88,274.88,274.88,420,274.88,14
AAPL,2026-02-25T23:03:00Z,274.73,274.86,274.73,274.86,951,274.817,22
AAPL,2026-02-25T23:04:00Z,274.83,274.88,274.83,274.88,773,274.858,13
AAPL,2026-02-25T23:05:00Z,274.51,274.6,274.51,274.6,475,274.555,15
AAPL,2026-02-25T23:06:00Z,274.563,274.88,274.563,274.88,1737,274.716,35
AAPL,2026-02-25T23:07:00Z,274.83,274.88,274.52,274.88,3923,274.594,43
AAPL,2026-02-25T23:10:00Z,274.9,274.9,274.9,274.9,835,274.9,27
AAPL,2026-02-25T23:11:00Z,274.739,274.9,274.739,274.9,743,274.86,26
AAPL,2026-02-25T23:13:00Z,274.656,274.8,274.656,274.8,412,274.728,16
AAPL,2026-02-25T23:14:00Z,274.9,274.956,274.89,274.956,2689,274.935,62
AAPL,2026-02-25T23:17:00Z,274.82,274.92,274.82,274.92,459,274.848,13
AAPL,2026-02-25T23:20:00Z,274.931,274.931,274.931,274.931,116,274.931,9
AAPL,2026-02-25T23:21:00Z,274.95,274.95,274.95,274.95,749,274.95,15
AAPL,2026-02-25T23:23:00Z,274.75,274.75,274.75,274.75,502,274.75,17
AAPL,2026-02-25T23:24:00Z,274.83,274.84,274.83,274.84,538,274.836,21
AAPL,2026-02-25T23:26:00Z,274.62,274.83,274.53,274.83,4106,274.552,47
AAPL,2026-02-25T23:27:00Z,274.86,274.88,274.86,274.88,1870,274.862,41
AAPL,2026-02-25T23:28:00Z,274.87,274.99,274.86,274.99,2689,274.915,68
AAPL,2026-02-25T23:29:00Z,274.99,274.99,274.98,274.99,2119,274.989,60
AAPL,2026-02-25T23:30:00Z,274.98,275.25,274.98,275.04,21555,275.021,829
AAPL,2026-02-25T23:33:00Z,275,275,275,275,1142,275,6
AAPL,2026-02-25T23:35:00Z,274.851,275,274.85,274.98,2043,274.961,25
AAPL,2026-02-25T23:36:00Z,274.98,275,274.86,274.86,2950,274.894,71
AAPL,2026-02-25T23:37:00Z,274.99,274.99,274.99,274.99,717,274.99,20
AAPL,2026-02-25T23:38:00Z,274.8,274.82,274.7,274.74,2636,274.724,36
AAPL,2026-02-25T23:39:00Z,274.8,274.8,274.8,274.8,1862,274.8,52
AAPL,2026-02-25T23:40:00Z,274.8,274.8,274.8,274.8,593,274.8,29
AAPL,2026-02-25T23:41:00Z,274.8,274.8,274.7,274.7,4308,274.792,48
AAPL,2026-02-25T23:42:00Z,274.61,274.61,274.489,274.489,1431,274.512,29
AAPL,2026-02-25T23:43:00Z,274.45,274.45,274.45,274.45,1488,274.45,35
AAPL,2026-02-25T23:44:00Z,274.35,274.35,274.35,274.35,582,274.35,24
AAPL,2026-02-25T23:45:00Z,274.52,274.52,274.38,274.38,1373,274.507,19
AAPL,2026-02-25T23:47:00Z,274.46,274.46,274.46,274.46,206,274.46,12
AAPL,2026-02-25T23:48:00Z,274.44,274.44,274.42,274.42,521,274.433,18
AAPL,2026-02-25T23:49:00Z,274.42,274.42,274.32,274.32,3265,274.399,32
AAPL,2026-02-25T23:51:00Z,274.44,274.44,274.31,274.31,840,274.382,23
AAPL,2026-02-25T23:52:00Z,274.31,274.32,274.31,274.31,1045,274.311,24
AAPL,2026-02-25T23:54:00Z,274.13,274.13,274.13,274.13,287,274.13,10
AAPL,2026-02-25T23:55:00Z,274.16,274.16,274.16,274.16,1119,274.16,14
AAPL,2026-02-26T00:00:00Z,274.16,274.17,274.16,274.17,526,274.166,14
AAPL,2026-02-26T00:02:00Z,274.202,274.202,274.202,274.202,278,274.202,9
AAPL,2026-02-26T00:03:00Z,274.3,274.42,274.3,274.334,1582,274.373,54
AAPL,2026-02-26T00:09:00Z,274.53,274.53,274.362,274.362,466,274.418,18
AAPL,2026-02-26T00:11:00Z,274.59,274.82,274.59,274.82,795,274.651,32
AAPL,2026-02-26T00:13:00Z,274.74,274.74,274.74,274.74,345,274.74,15
AAPL,2026-02-26T00:16:00Z,274.8,274.8,274.8,274.8,175,274.8,10
AAPL,2026-02-26T00:19:00Z,274.79,274.79,274.79,274.79,634,274.79,17
AAPL,2026-02-26T00:22:00Z,274.5,274.5,274.5,274.5,1234,274.5,20
AAPL,2026-02-26T00:23:00Z,274.55,274.55,274.55,274.55,1084,274.55,26
AAPL,2026-02-26T00:24:00Z,274.255,274.255,274.255,274.255,1009,274.255,5
AAPL,2026-02-26T00:28:00Z,274.74,274.74,274.51,274.51,311,274.625,7
AAPL,2026-02-26T00:29:00Z,274.45,274.45,274.45,274.45,1568,274.45,4
AAPL,2026-02-26T00:31:00Z,274.2,274.2,274.2,274.2,170,274.2,9
AAPL,2026-02-26T00:33:00Z,274.31,274.31,274.31,274.31,166,274.31,6
AAPL,2026-02-26T00:43:00Z,274.29,274.29,274.26,274.26,662,274.268,24
AAPL,2026-02-26T00:45:00Z,274.32,274.32,274.32,274.32,240,274.32,7
AAPL,2026-02-26T00:48:00Z,274.463,274.463,274.463,274.463,204,274.463,5
AAPL,2026-02-26T00:49:00Z,274.26,274.26,274.26,274.26,108,274.26,5
AAPL,2026-02-26T00:50:00Z,274.36,274.36,274.36,274.36,213,274.36,6
AAPL,2026-02-26T00:51:00Z,274.44,274.44,274.35,274.35,665,274.365,7
AAPL,2026-02-26T00:53:00Z,274.35,274.35,274.35,274.35,102,274.35,2
AAPL,2026-02-26T00:54:00Z,274.35,274.35,274.35,274.35,400,274.35,7
AAPL,2026-02-26T00:55:00Z,274.3,274.36,274.27,274.36,934,274.31,29
AAPL,2026-02-26T00:56:00Z,274.26,274.26,274.25,274.25,617,274.257,31
AAPL,2026-02-26T00:58:00Z,274.5,274.5,274.29,274.29,353,274.395,8
AAPL,2026-02-26T00:59:00Z,274.2,274.2,274.2,274.2,409,274.2,16
AAPL,2026-02-26T09:00:00Z,273.46,274.06,273.46,274,3121,273.868,160
AAPL,2026-02-26T09:01:00Z,273.87,274,273.87,273.95,1978,273.946,51
AAPL,2026-02-26T09:02:00Z,273.88,274,273.88,274,1158,273.969,32
AAPL,2026-02-26T09:04:00Z,274.1,274.1,274.01,274.01,851,274.041,14
AAPL,2026-02-26T09:05:00Z,274.05,274.2,274,274.2,2001,274.156,41
AAPL,2026-02-26T09:06:00Z,274.18,274.23,274.18,274.23,1142,274.207,23
AAPL,2026-02-26T09:07:00Z,274.05,274.05,274.05,274.05,364,274.05,16
AAPL,2026-02-26T09:08:00Z,274.03,274.2,274.03,274.2,1203,274.138,21
AAPL,2026-02-26T09:10:00Z,274,274,274,274,246,274,13
AAPL,2026-02-26T09:13:00Z,274.17,274.19,274.17,274.19,1068,274.182,20
AAPL,2026-02-26T09:14:00Z,274.09,274.09,274.09,274.09,142,274.09,6
AAPL,2026-02-26T09:15:00Z,274.13,274.2,274.13,274.2,505,274.165,18
AAPL,2026-02-26T09:16:00Z,274.2,274.23,274.2,274.23,728,274.213,36
AAPL,2026-02-26T09:17:00Z,274.23,274.23,274.23,274.23,401,274.23,25
AAPL,2026-02-26T09:18:00Z,274.08,274.08,274.03,274.08,763,274.059,22
AAPL,2026-02-26T09:20:00Z,274.06,274.1,274.06,274.1,1519,274.082,31
AAPL,2026-02-26T09:27:00Z,274.14,274.14,274.03,274.03,1008,274.086,13
AAPL,2026-02-26T09:31:00Z,274,274,274,274,335,274,11
AAPL,2026-02-26T09:34:00Z,273.88,273.88,273.88,273.88,218,273.88,9
AAPL,2026-02-26T09:36:00Z,273.68,273.68,273.68,273.68,1151,273.68,10
AAPL,2026-02-26T09:38:00Z,273.66,273.66,273.66,273.66,241,273.66,13
AAPL,2026-02-26T09:39:00Z,273.66,273.67,273.64,273.67,845,273.656,14
AAPL,2026-02-26T09:49:00Z,273.65,273.65,273.65,273.65,609,273.65,12
AAPL,2026-02-26T09:50:00Z,273.63,273.63,273.63,273.63,762,273.63,31
AAPL,2026-02-26T09:54:00Z,273.4,273.4,273.4,273.4,1060,273.4,15
AAPL,2026-02-26T09:59:00Z,273.37,273.37,273.34,273.34,420,273.356,12
AAPL,2026-02-26T10:07:00Z,273.36,273.36,273.36,273.36,103,273.36,4
AAPL,2026-02-26T10:08:00Z,273.34,273.34,273.34,273.34,200,273.34,8
AAPL,2026-02-26T10:09:00Z,273.34,273.39,273.34,273.39,1133,273.382,50
AAPL,2026-02-26T10:10:00Z,273.39,273.39,273.39,273.39,592,273.39,13
AAPL,2026-02-26T10:11:00Z,273.39,273.48,273.39,273.48,704,273.417,19
AAPL,2026-02-26T10:12:00Z,273.47,273.6,273.47,273.6,1188,273.521,25
AAPL,2026-02-26T10:17:00Z,273.9,273.9,273.9,273.9,311,273.9,26
AAPL,2026-02-26T10:18:00Z,273.89,274.04,273.89,274.04,1321,274.012,18
AAPL,2026-02-26T10:23:00Z,273.81,273.94,273.8,273.83,1310,273.846,14
AAPL,2026-02-26T10:24:00Z,273.78,273.8,273.76,273.78,2018,273.779,16
AAPL,2026-02-26T10:32:00Z,273.98,273.98,273.94,273.94,913,273.974,19
AAPL,2026-02-26T10:33:00Z,273.94,273.98,273.9,273.98,362,273.94,13
AAPL,2026-02-26T10:42:00Z,274.07,274.7,274.07,274.7,4434,274.292,135
AAPL,2026-02-26T10:43:00Z,274.59,274.59,274.38,274.38,504,274.485,13
AAPL,2026-02-26T10:52:00Z,274.27,274.27,274.2,274.2,1527,274.212,31
AAPL,2026-02-26T10:57:00Z,274.02,274.02,274.02,274.02,116,274.02,6
AAPL,2026-02-26T10:59:00Z,274.02,274.02,274.01,274.01,466,274.014,7
AAPL,2026-02-26T11:01:00Z,274.09,274.09,274.09,274.09,456,274.09,22
AAPL,2026-02-26T11:02:00Z,274.11,274.14,274.11,274.12,1482,274.115,25
AAPL,2026-02-26T11:08:00Z,274.17,274.17,274.17,274.17,103,274.17,2
AAPL,2026-02-26T11:16:00Z,274.01,274.01,274,274,638,274.003,14
AAPL,2026-02-26T11:28:00Z,274.05,274.05,274,274,1303,274.01,18
AAPL,2026-02-26T11:31:00Z,273.98,273.98,273.98,273.98,226,273.98,7
AAPL,2026-02-26T11:32:00Z,273.98,274.05,273.98,274.05,918,274.041,17
AAPL,2026-02-26T11:33:00Z,274.05,274.05,274.05,274.05,349,274.05,17
AAPL,2026-02-26T11:36:00Z,273.97,273.97,273.97,273.97,389,273.97,12
AAPL,2026-02-26T11:40:00Z,273.98,273.98,273.94,273.94,531,273.953,22
AAPL,2026-02-26T11:50:00Z,273.99,273.99,273.99,273.99,536,273.99,14
AAPL,2026-02-26T11:52:00Z,274.03,274.03,274.03,274.03,539,274.03,9
AAPL,2026-02-26T11:53:00Z,274.03,274.03,274.03,274.03,374,274.03,15
AAPL,2026-02-26T11:57:00Z,273.98,273.98,273.98,273.98,585,273.98,7
AAPL,2026-02-26T11:58:00Z,273.98,273.98,273.97,273.97,811,273.974,12
AAPL,2026-02-26T12:00:00Z,273.86,273.86,273.8,273.8,930,273.838,69
AAPL,2026-02-26T12:01:00Z,274,274,274,274,596,274,12
AAPL,2026-02-26T12:03:00Z,274.12,274.12,274.12,274.12,511,274.12,21
AAPL,2026-02-26T12:04:00Z,274.16,274.2,274.16,274.17,1516,274.188,82
AAPL,2026-02-26T12:06:00Z,274.21,274.21,274.21,274.21,461,274.21,16
AAPL,2026-02-26T12:12:00Z,274.22,274.22,274.22,274.22,246,274.22,13
AAPL,2026-02-26T12:13:00Z,274.16,274.16,274.16,274.16,601,274.16,19
AAPL,2026-02-26T12:21:00Z,274.28,274.28,274.28,274.28,406,274.28,5
AAPL,2026-02-26T12:23:00Z,274.24,274.3,274.24,274.3,524,274.268,18
AAPL,2026-02-26T12:24:00Z,274.33,274.33,274.33,274.33,974,274.33,43
AAPL,2026-02-26T12:26:00Z,274.38,274.38,274.38,274.38,262,274.38,7
AAPL,2026-02-26T12:27:00Z,274.35,274.35,274.35,274.35,326,274.35,10
AAPL,2026-02-26T12:37:00Z,274.2,274.2,274.2,274.2,225,274.2,9
AAPL,2026-02-26T12:43:00Z,274.37,274.39,274.37,274.39,830,274.385,15
AAPL,2026-02-26T12:44:00Z,274.39,274.39,274.38,274.38,445,274.386,11
AAPL,2026-02-26T12:46:00Z,274.4,274.4,274.4,274.4,323,274.4,10
AAPL,2026-02-26T12:47:00Z,274.4,274.4,274.4,274.4,502,274.4,8
AAPL,2026-02-26T12:48:00Z,274.35,274.35,274.35,274.35,1649,274.35,24
AAPL,2026-02-26T12:50:00Z,274.34,274.34,274.32,274.32,506,274.327,17
AAPL,2026-02-26T12:52:00Z,274.36,274.36,274.32,274.32,1398,274.339,26
AAPL,2026-02-26T12:57:00Z,274.28,274.28,274.23,274.23,481,274.266,25
AAPL,2026-02-26T12:58:00Z,274.23,274.23,274.2,274.2,1092,274.209,31
AAPL,2026-02-26T13:00:00Z,274.18,274.5,273.14,273.59,38053,273.975,3347
AAPL,2026-02-26T13:01:00Z,273.25,273.55,273.12,273.55,4627,273.296,258
AAPL,2026-02-26T13:02:00Z,274.38,274.38,274.38,274.38,938,274.38,157
AAPL,2026-02-26T13:03:00Z,274.18,274.18,273.12,273.12,1618,273.801,110
AAPL,2026-02-26T13:04:00Z,273.15,274.2,273.15,274.18,2431,273.963,76
AAPL,2026-02-26T13:05:00Z,274.145,274.145,274.145,274.145,296,274.145,47
AAPL,2026-02-26T13:06:00Z,274.39,274.39,274.39,274.39,249,274.39,20
AAPL,2026-02-26T13:07:00Z,274.22,274.22,274.22,274.22,1166,274.22,17
AAPL,2026-02-26T13:08:00Z,274.39,274.39,274.18,274.18,9865,274.386,18
AAPL,2026-02-26T13:10:00Z,274.4,274.4,274.4,274.4,1323,274.4,50
AAPL,2026-02-26T13:12:00Z,274.435,274.435,274.435,274.435,548,274.435,23
AAPL,2026-02-26T13:13:00Z,274.46,274.46,274.46,274.46,170,274.46,11
AAPL,2026-02-26T13:14:00Z,274.5,274.52,274.5,274.51,2757,274.506,73
AAPL,2026-02-26T13:15:00Z,274.5,274.5,274.5,274.5,569,274.5,20
AAPL,2026-02-26T13:16:00Z,274.5,274.5,274.5,274.5,8821,274.5,30
AAPL,2026-02-26T13:17:00Z,274.53,274.53,274.53,274.53,551,274.53,33
AAPL,2026-02-26T13:20:00Z,274.55,274.55,274.55,274.55,428,274.55,35
AAPL,2026-02-26T13:22:00Z,274.65,274.65,274.65,274.65,292,274.65,18
AAPL,2026-02-26T13:23:00Z,274.63,274.63,274.6,274.6,399,274.615,29
AAPL,2026-02-26T13:26:00Z,274.5,274.5,274.5,274.5,784,274.5,36
AAPL,2026-02-26T13:27:00Z,274.48,274.5,274.48,274.5,1228,274.497,15
AAPL,2026-02-26T13:28:00Z,274.4,274.4,274.4,274.4,521,274.4,17
AAPL,2026-02-26T13:30:00Z,274.47,274.47,274.47,274.47,191,274.47,16
AAPL,2026-02-26T13:32:00Z,274.3,274.3,274.193,274.193,815,274.276,40
AAPL,2026-02-26T13:34:00Z,274.402,274.402,274.402,274.402,246,274.402,19
AAPL,2026-02-26T13:35:00Z,274.379,274.42,274.379,274.42,667,274.405,26
AAPL,2026-02-26T13:37:00Z,274.47,274.47,274.47,274.47,749,274.47,39
AAPL,2026-02-26T13:38:00Z,274.55,274.55,274.55,274.55,779,274.55,26
AAPL,2026-02-26T13:40:00Z,274.59,274.59,274.59,274.59,328,274.59,36
AAPL,2026-02-26T13:41:00Z,274.62,274.62,274.366,274.366,1099,274.529,26
AAPL,2026-02-26T13:43:00Z,274.58,274.58,274.58,274.58,227,274.58,10
AAPL,2026-02-26T13:46:00Z,274.51,274.51,274.51,274.51,172,274.51,14
AAPL,2026-02-26T13:48:00Z,274.51,274.51,274.51,274.51,401,274.51,15
AAPL,2026-02-26T13:50:00Z,274.47,274.53,274.47,274.53,330,274.5,34
AAPL,2026-02-26T13:52:00Z,274.531,274.54,274.5,274.54,758,274.521,35
AAPL,2026-02-26T13:54:00Z,274.51,274.51,274.51,274.51,195,274.51,18
AAPL,2026-02-26T13:55:00Z,274.4,274.4,274.4,274.4,402,274.4,32
AAPL,2026-02-26T13:56:00Z,274.33,274.48,274.33,274.48,509,274.418,31
AAPL,2026-02-26T13:57:00Z,274.45,274.45,274.45,274.45,512,274.45,7
AAPL,2026-02-26T13:58:00Z,274.43,274.6,274.43,274.6,743,274.515,36
AAPL,2026-02-26T13:59:00Z,274.578,274.6,274.46,274.46,900,274.568,72
AAPL,2026-02-26T14:00:00Z,274.6,274.6,274.6,274.6,309,274.6,17
AAPL,2026-02-26T14:01:00Z,274.569,274.6,274.48,274.6,799,274.557,14
AAPL,2026-02-26T14:02:00Z,274.59,274.59,274.59,274.59,301,274.59,18
AAPL,2026-02-26T14:06:00Z,274.61,274.64,274.6,274.64,3722,274.613,125
AAPL,2026-02-26T14:09:00Z,274.84,274.84,274.8,274.8,1456,274.836,22
AAPL,2026-02-26T14:11:00Z,274.6,274.63,274.52,274.63,969,274.605,30
AAPL,2026-02-26T14:12:00Z,274.7,274.7,274.7,274.7,421,274.7,43
AAPL,2026-02-26T14:13:00Z,274.77,274.8,274.562,274.562,2572,274.701,74
AAPL,2026-02-26T14:15:00Z,274.85,274.9,274.63,274.86,3442,274.73,95
AAPL,2026-02-26T14:16:00Z,274.9,274.9,274.9,274.9,1385,274.9,32
AAPL,2026-02-26T14:17:00Z,274.94,274.94,274.925,274.925,684,274.932,34
AAPL,2026-02-26T14:18:00Z,274.825,274.9,274.825,274.9,337,274.862,32
AAPL,2026-02-26T14:19:00Z,274.98,275,274.98,274.98,5899,274.993,208
AAPL,2026-02-26T14:20:00Z,274.87,275,274.85,274.98,3415,274.945,75
AAPL,2026-02-26T14:21:00Z,274.99,275,274.97,275,3527,274.994,130
AAPL,2026-02-26T14:22:00Z,274.99,274.99,274.95,274.95,2113,274.961,71
AAPL,2026-02-26T14:23:00Z,274.9,274.97,274.9,274.97,1671,274.945,43
AAPL,2026-02-26T14:24:00Z,274.87,274.91,274.8,274.8,3041,274.849,94
AAPL,2026-02-26T14:25:00Z,274.55,274.67,274.45,274.63,6523,274.584,200
AAPL,2026-02-26T14:26:00Z,274.67,274.973,274.49,274.973,3682,274.761,98
AAPL,2026-02-26T14:27:00Z,275,275.1,274.67,275.011,7956,274.899,318
AAPL,2026-02-26T14:28:00Z,275,275.2,274.92,275.2,3928,275.026,119
AAPL,2026-02-26T14:29:00Z,275.01,275.1,274.9,274.96,9829,275.063,124
AAPL,2026-02-26T14:30:00Z,274.88,276.11,274.54,274.73,990166,275.187,15773
AAPL,2026-02-26T14:31:00Z,274.76,275.4,274.5,275.33,192256,274.922,3329
AAPL,2026-02-26T14:32:00Z,275.29,275.49,274.76,274.88,106274,275.062,2454
AAPL,2026-02-26T14:33:00Z,274.82,274.96,274.4,274.41,110231,274.771,2781
AAPL,2026-02-26T14:34:00Z,274.401,275.1,274.401,274.74,115979,274.734,3325
AAPL,2026-02-26T14:35:00Z,274.73,274.77,273.74,273.96,219674,274.247,5061
AAPL,2026-02-26T14:36:00Z,274.025,274.042,273.2,273.241,162257,273.542,3199
AAPL,2026-02-26T14:37:00Z,273.26,273.73,273.2,273.6,82657,273.478,1910
AAPL,2026-02-26T14:38:00Z,273.555,273.9,273.28,273.758,100421,273.587,2072
AAPL,2026-02-26T14:39:00Z,273.79,274.013,273.58,273.86,70628,273.789,1670
AAPL,2026-02-26T14:40:00Z,273.86,274.18,273.685,273.86,175978,273.883,3010
AAPL,2026-02-26T14:41:00Z,273.83,274.16,273.65,274.145,84348,273.926,1926
AAPL,2026-02-26T14:42:00Z,274.14,274.32,274.01,274.11,134007,274.174,3298
AAPL,2026-02-26T14:43:00Z,274.09,274.55,273.95,274.44,149403,274.221,3200
AAPL,2026-02-26T14:44:00Z,274.5,274.77,274.04,274.51,143961,274.534,2797
AAPL,2026-02-26T14:45:00Z,274.53,274.77,274.45,274.54,141341,274.64,3563
AAPL,2026-02-26T14:46:00Z,274.57,274.61,274.32,274.34,87580,274.486,2594
AAPL,2026-02-26T14:47:00Z,274.31,274.33,274.01,274.06,83776,274.182,2369
AAPL,2026-02-26T14:48:00Z,274.02,274.47,273.9,274.392,74129,274.123,2336
AAPL,2026-02-26T14:49:00Z,274.43,274.75,274.36,274.64,84172,274.569,2264
AAPL,2026-02-26T14:50:00Z,274.67,275.02,274.44,274.48,147701,274.765,3227
AAPL,2026-02-26T14:51:00Z,274.48,274.53,273.9,273.92,149091,274.141,3381
AAPL,2026-02-26T14:52:00Z,273.92,274.63,273.92,274.47,108531,274.268,2877
AAPL,2026-02-26T14:53:00Z,274.5,274.51,273.77,273.9,91220,274.08,2179
AAPL,2026-02-26T14:54:00Z,273.9,274.115,273.83,273.944,66123,273.935,1887
AAPL,2026-02-26T14:55:00Z,273.97,274.065,273.67,273.8,164514,273.825,3238
AAPL,2026-02-26T14:56:00Z,273.79,273.96,273.57,273.63,101397,273.793,2823
AAPL,2026-02-26T14:57:00Z,273.62,273.74,273.45,273.58,106381,273.612,2824
AAPL,2026-02-26T14:58:00Z,273.595,273.94,273.56,273.915,67332,273.771,2107
AAPL,2026-02-26T14:59:00Z,273.94,273.97,273.75,273.875,72712,273.856,2368
AAPL,2026-02-26T15:00:00Z,273.89,274.04,273.7,273.75,139886,273.887,3615
AAPL,2026-02-26T15:01:00Z,273.77,273.87,273.31,273.46,102467,273.532,2776
AAPL,2026-02-26T15:02:00Z,273.45,274.11,273.45,274.1,98857,273.837,3061
AAPL,2026-02-26T15:03:00Z,274.1,274.15,273.545,273.545,76799,273.885,2430
AAPL,2026-02-26T15:04:00Z,273.54,273.85,273.37,273.725,80747,273.603,2680
AAPL,2026-02-26T15:05:00Z,273.71,273.73,273.52,273.72,57379,273.633,2338
AAPL,2026-02-26T15:06:00Z,273.7,273.95,273.61,273.785,76116,273.808,2555
AAPL,2026-02-26T15:07:00Z,273.815,273.96,273.57,273.58,87998,273.737,2603
AAPL,2026-02-26T15:08:00Z,273.55,273.68,273.42,273.46,77418,273.543,2699
AAPL,2026-02-26T15:09:00Z,273.485,273.5,273.27,273.285,71328,273.36,2613
AAPL,2026-02-26T15:10:00Z,273.3,273.5,273.26,273.49,43638,273.36,1961
AAPL,2026-02-26T15:11:00Z,273.49,273.82,273.49,273.69,60963,273.703,2186
AAPL,2026-02-26T15:12:00Z,273.69,273.69,272.79,272.84,144843,273.214,4215
AAPL,2026-02-26T15:13:00Z,272.86,272.94,272.67,272.77,81613,272.791,3814
AAPL,2026-02-26T15:14:00Z,272.775,272.805,272.5,272.56,71310,272.603,2214
AAPL,2026-02-26T15:15:00Z,272.5,272.51,272.13,272.19,77349,272.307,2443
AAPL,2026-02-26T15:16:00Z,272.215,272.272,271.77,271.888,111312,272.003,3192
AAPL,2026-02-26T15:17:00Z,271.885,272.34,271.885,272.215,156043,272.151,3298
AAPL,2026-02-26T15:18:00Z,272.22,272.49,271.959,272.45,89183,272.19,2763
AAPL,2026-02-26T15:19:00Z,272.41,272.6,272.23,272.295,102512,272.411,2809
AAPL,2026-02-26T15:20:00Z,272.28,272.67,272.14,272.15,131880,272.457,3377
AAPL,2026-02-26T15:21:00Z,272.16,272.19,271.73,271.73,139470,271.884,3637
AAPL,2026-02-26T15:22:00Z,271.74,271.82,271.28,271.53,117246,271.485,2891
AAPL,2026-02-26T15:23:00Z,271.52,271.58,271.335,271.45,95327,271.455,2365
AAPL,2026-02-26T15:24:00Z,271.4,271.4,270.84,271.01,115178,271.099,3116
AAPL,2026-02-26T15:25:00Z,271.015,271.44,270.975,271.193,117819,271.196,3412
AAPL,2026-02-26T15:26:00Z,271.195,271.74,271.195,271.63,96247,271.602,2933
AAPL,2026-02-26T15:27:00Z,271.63,271.652,271.4,271.517,95348,271.528,3127
AAPL,2026-02-26T15:28:00Z,271.49,271.765,271.35,271.755,172502,271.574,3390
AAPL,2026-02-26T15:29:00Z,271.77,272.06,271.77,271.96,87215,271.907,2737
AAPL,2026-02-26T15:30:00Z,271.92,272.16,271.55,271.795,188708,271.833,4459
AAPL,2026-02-26T15:31:00Z,271.815,271.94,271.56,271.817,76888,271.728,2283
AAPL,2026-02-26T15:32:00Z,271.78,271.877,271.45,271.61,66208,271.642,2109
AAPL,2026-02-26T15:33:00Z,271.62,271.75,271.28,271.35,52351,271.549,1909
AAPL,2026-02-26T15:34:00Z,271.35,271.43,271.15,271.19,131571,271.268,2808
AAPL,2026-02-26T15:35:00Z,271.22,271.53,271.21,271.445,70589,271.434,2649
AAPL,2026-02-26T15:36:00Z,271.44,271.46,271.12,271.4,83725,271.327,2581
AAPL,2026-02-26T15:37:00Z,271.38,271.54,271.32,271.35,65036,271.429,2382
AAPL,2026-02-26T15:38:00Z,271.42,271.66,271.3,271.63,80434,271.426,2573
AAPL,2026-02-26T15:39:00Z,271.66,271.73,271.33,271.375,82744,271.509,2474
AAPL,2026-02-26T15:40:00Z,271.34,271.49,271.165,271.165,81330,271.345,2848
AAPL,2026-02-26T15:41:00Z,271.15,271.3,271.08,271.095,80924,271.179,2679
AAPL,2026-02-26T15:42:00Z,271.11,271.69,271.09,271.46,143164,271.499,3635
AAPL,2026-02-26T15:43:00Z,271.455,271.74,271.44,271.62,107444,271.656,2971
AAPL,2026-02-26T15:44:00Z,271.64,271.69,271.401,271.43,91809,271.602,2276
AAPL,2026-02-26T15:45:00Z,271.45,271.77,271.441,271.54,94742,271.622,2614
AAPL,2026-02-26T15:46:00Z,271.55,271.8,271.15,271.2,88763,271.559,2850
AAPL,2026-02-26T15:47:00Z,271.26,271.35,271.14,271.325,92471,271.231,2462
AAPL,2026-02-26T15:48:00Z,271.33,271.46,271.23,271.46,50559,271.335,1932
AAPL,2026-02-26T15:49:00Z,271.478,271.478,271.24,271.34,43598,271.336,1853
AAPL,2026-02-26T15:50:00Z,271.32,271.325,271.1,271.18,44316,271.189,1883
AAPL,2026-02-26T15:51:00Z,271.195,271.195,270.92,271.02,61452,271.02,2361
AAPL,2026-02-26T15:52:00Z,271.02,271.415,271.02,271.335,63013,271.273,2135
AAPL,2026-02-26T15:53:00Z,271.32,271.33,270.99,271.1,47464,271.141,1990
AAPL,2026-02-26T15:54:00Z,271.14,271.2,271.06,271.08,46842,271.119,1825
AAPL,2026-02-26T15:55:00Z,271.11,271.19,270.95,271.04,53294,271.062,2094
AAPL,2026-02-26T15:56:00Z,271.04,271.09,270.81,270.915,55688,270.932,2021
AAPL,2026-02-26T15:57:00Z,270.93,271.17,270.885,271.12,66764,271.038,2097
AAPL,2026-02-26T15:58:00Z,271.12,271.2,271.075,271.075,40424,271.139,1816
AAPL,2026-02-26T15:59:00Z,271.06,271.07,270.88,270.97,70307,270.961,2364
AAPL,2026-02-26T16:00:00Z,270.98,271.19,270.97,271.15,46956,271.103,1937
AAPL,2026-02-26T16:01:00Z,271.14,271.25,270.795,270.915,73126,271.049,2166
AAPL,2026-02-26T16:02:00Z,270.91,271.15,270.91,271.13,48207,271.03,1881
AAPL,2026-02-26T16:03:00Z,271.12,271.47,271.108,271.435,87216,271.331,2566
AAPL,2026-02-26T16:04:00Z,271.415,271.67,271.32,271.641,77855,271.48,2550
AAPL,2026-02-26T16:05:00Z,271.62,271.9,271.62,271.82,69545,271.765,2311
AAPL,2026-02-26T16:06:00Z,271.822,272.043,271.66,271.69,72460,271.838,2343
AAPL,2026-02-26T16:07:00Z,271.69,271.96,271.61,271.87,49747,271.828,2023
AAPL,2026-02-26T16:08:00Z,271.85,271.921,271.68,271.801,58135,271.814,2058
AAPL,2026-02-26T16:09:00Z,271.79,271.94,271.79,271.796,42246,271.869,1780
AAPL,2026-02-26T16:10:00Z,271.78,271.93,271.64,271.71,44852,271.77,1887
AAPL,2026-02-26T16:11:00Z,271.73,271.86,271.57,271.86,40329,271.698,1913
AAPL,2026-02-26T16:12:00Z,271.855,272.105,271.83,271.98,59026,271.991,2136
AAPL,2026-02-26T16:13:00Z,271.99,271.99,271.78,271.895,44077,271.868,1834
AAPL,2026-02-26T16:14:00Z,271.91,272.16,271.91,272.16,26030,272.045,1572
AAPL,2026-02-26T16:15:00Z,272.155,272.421,272.13,272.41,68119,272.298,2011
AAPL,2026-02-26T16:16:00Z,272.42,272.45,272.3,272.365,43984,272.375,1853
AAPL,2026-02-26T16:17:00Z,272.35,272.38,272.07,272.145,59639,272.224,1858
AAPL,2026-02-26T16:18:00Z,272.13,272.189,272.075,272.075,29760,272.124,1677
AAPL,2026-02-26T16:19:00Z,272.07,272.13,272.02,272.11,42599,272.083,1755
AAPL,2026-02-26T16:20:00Z,272.13,272.149,271.94,272.1,53315,272.061,2026
AAPL,2026-02-26T16:21:00Z,272.09,272.45,272.09,272.39,60011,272.301,2070
AAPL,2026-02-26T16:22:00Z,272.375,272.544,272.37,272.47,57584,272.443,1852
AAPL,2026-02-26T16:23:00Z,272.47,272.49,272.265,272.285,39401,272.354,1833
AAPL,2026-02-26T16:24:00Z,272.28,272.43,272.28,272.32,29541,272.36,1702
AAPL,2026-02-26T16:25:00Z,272.34,272.59,272.34,272.59,40692,272.469,1921
AAPL,2026-02-26T16:26:00Z,272.63,272.7,272.37,272.435,53467,272.562,2053
AAPL,2026-02-26T16:27:00Z,272.45,272.61,272.43,272.58,36173,272.508,2006
AAPL,2026-02-26T16:28:00Z,272.605,272.71,272.595,272.67,62343,272.663,2075
AAPL,2026-02-26T16:29:00Z,272.67,272.79,272.54,272.54,58053,272.668,2242
AAPL,2026-02-26T16:30:00Z,272.545,272.74,272.52,272.56,42279,272.632,1911
AAPL,2026-02-26T16:31:00Z,272.56,272.63,272.48,272.63,53690,272.543,2199
AAPL,2026-02-26T16:32:00Z,272.623,272.73,272.58,272.58,40751,272.634,1805
AAPL,2026-02-26T16:33:00Z,272.61,272.61,272.37,272.413,39415,272.443,1880
AAPL,2026-02-26T16:34:00Z,272.43,272.66,272.43,272.619,31364,272.571,1704
AAPL,2026-02-26T16:35:00Z,272.62,272.65,272.41,272.425,26763,272.509,1574
AAPL,2026-02-26T16:36:00Z,272.4,272.4,272,272.06,66942,272.219,2257
AAPL,2026-02-26T16:37:00Z,272.069,272.11,271.96,271.985,52964,272.03,2018
AAPL,2026-02-26T16:38:00Z,271.96,271.96,271.8,271.84,37124,271.871,1931
AAPL,2026-02-26T16:39:00Z,271.84,271.845,271.68,271.745,46629,271.73,2006
AAPL,2026-02-26T16:40:00Z,271.74,271.78,271.64,271.74,29673,271.721,1702
AAPL,2026-02-26T16:41:00Z,271.77,271.93,271.74,271.91,30639,271.843,1664
AAPL,2026-02-26T16:42:00Z,271.95,272.14,271.86,272.085,41800,272.015,1774
AAPL,2026-02-26T16:43:00Z,272.1,272.13,271.921,271.97,34701,271.981,1654
AAPL,2026-02-26T16:44:00Z,271.99,272.11,271.94,272.09,31990,272.016,1532
AAPL,2026-02-26T16:45:00Z,272.07,272.09,271.89,271.945,42147,271.976,1679
AAPL,2026-02-26T16:46:00Z,271.931,272.12,271.805,272.04,55816,271.93,2012
AAPL,2026-02-26T16:47:00Z,272.025,272.19,272.025,272.1,41638,272.129,1802
AAPL,2026-02-26T16:48:00Z,272.105,272.155,271.99,272.155,28134,272.071,1646
AAPL,2026-02-26T16:49:00Z,272.17,272.32,272.17,272.305,47651,272.254,1886
AAPL,2026-02-26T16:50:00Z,272.305,272.425,272.17,272.17,55094,272.307,1913
AAPL,2026-02-26T16:51:00Z,272.185,272.276,272.01,272.03,39829,272.184,1713
AAPL,2026-02-26T16:52:00Z,272,272.024,271.845,271.88,27432,271.931,1639
AAPL,2026-02-26T16:53:00Z,271.88,271.88,271.71,271.785,32986,271.779,1630
AAPL,2026-02-26T16:54:00Z,271.785,271.8,271.72,271.73,21236,271.752,1540
AAPL,2026-02-26T16:55:00Z,271.74,271.79,271.62,271.645,37344,271.7,1553
AAPL,2026-02-26T16:56:00Z,271.66,271.775,271.64,271.65,20811,271.715,1364
AAPL,2026-02-26T16:57:00Z,271.64,271.75,271.513,271.7,24194,271.64,1578
AAPL,2026-02-26T16:58:00Z,271.7,271.865,271.64,271.78,61506,271.71,1578
AAPL,2026-02-26T16:59:00Z,271.77,271.97,271.77,271.935,31151,271.894,1023
AAPL,2026-02-26T17:00:00Z,271.94,272.05,271.83,271.91,31365,271.919,875
AAPL,2026-02-26T17:01:00Z,271.89,271.89,271.69,271.73,24452,271.749,690
AAPL,2026-02-26T17:02:00Z,271.73,271.82,271.67,271.75,22130,271.74,740
AAPL,2026-02-26T17:03:00Z,271.72,271.84,271.72,271.77,21758,271.791,846
AAPL,2026-02-26T17:04:00Z,271.77,272.05,271.77,272.05,25761,271.942,822
AAPL,2026-02-26T17:05:00Z,272.045,272.175,272.02,272.085,41016,272.116,917
AAPL,2026-02-26T17:06:00Z,272.115,272.2,272,272,23328,272.117,727
AAPL,2026-02-26T17:07:00Z,271.955,272.16,271.94,272.1,24215,272.051,887
AAPL,2026-02-26T17:08:00Z,272.09,272.17,272.06,272.09,25110,272.117,785
AAPL,2026-02-26T17:09:00Z,272.09,272.09,271.95,272.015,23007,272.009,741
AAPL,2026-02-26T17:10:00Z,272.017,272.17,272.017,272.14,23691,272.124,829
AAPL,2026-02-26T17:11:00Z,272.13,272.165,271.99,271.99,18474,272.105,640
AAPL,2026-02-26T17:12:00Z,272.005,272.07,271.94,272.01,29627,271.994,813
AAPL,2026-02-26T17:13:00Z,272.01,272.085,271.88,271.911,24296,271.988,693
AAPL,2026-02-26T17:14:00Z,271.93,271.97,271.81,271.82,20446,271.884,841
AAPL,2026-02-26T17:15:00Z,271.81,271.86,271.67,271.685,24716,271.78,897
AAPL,2026-02-26T17:16:00Z,271.67,271.815,271.63,271.7,36413,271.71,1029
AAPL,2026-02-26T17:17:00Z,271.71,271.76,271.64,271.66,25163,271.712,808
AAPL,2026-02-26T17:18:00Z,271.69,271.79,271.65,271.74,19565,271.714,872
AAPL,2026-02-26T17:19:00Z,271.73,271.83,271.69,271.765,26340,271.758,674
AAPL,2026-02-26T17:20:00Z,271.78,271.89,271.77,271.87,27002,271.825,727
AAPL,2026-02-26T17:21:00Z,271.85,271.87,271.78,271.8,24677,271.826,763
AAPL,2026-02-26T17:22:00Z,271.79,271.87,271.75,271.76,13002,271.804,551
AAPL,2026-02-26T17:23:00Z,271.74,271.78,271.74,271.76,16870,271.766,666
AAPL,2026-02-26T17:24:00Z,271.775,271.88,271.76,271.84,22575,271.801,772
AAPL,2026-02-26T17:25:00Z,271.83,271.865,271.7,271.7,32339,271.779,912
AAPL,2026-02-26T17:26:00Z,271.72,271.82,271.64,271.64,31419,271.746,914
AAPL,2026-02-26T17:27:00Z,271.645,271.72,271.64,271.72,19552,271.684,691
AAPL,2026-02-26T17:28:00Z,271.73,271.74,271.54,271.58,31423,271.647,832
AAPL,2026-02-26T17:29:00Z,271.575,271.76,271.575,271.76,26983,271.706,889
AAPL,2026-02-26T17:30:00Z,271.755,271.81,271.63,271.63,25178,271.717,794
AAPL,2026-02-26T17:31:00Z,271.62,271.73,271.62,271.64,24551,271.674,821
AAPL,2026-02-26T17:32:00Z,271.655,271.855,271.64,271.855,27717,271.74,766
AAPL,2026-02-26T17:33:00Z,271.86,272.03,271.835,271.91,36443,271.943,1016
AAPL,2026-02-26T17:34:00Z,271.89,271.91,271.79,271.79,17949,271.839,666
AAPL,2026-02-26T17:35:00Z,271.79,271.8,271.65,271.67,20909,271.743,719
AAPL,2026-02-26T17:36:00Z,271.69,271.69,271.43,271.46,32238,271.525,956
AAPL,2026-02-26T17:37:00Z,271.46,271.475,271.29,271.327,33155,271.377,960
AAPL,2026-02-26T17:38:00Z,271.31,271.37,271.29,271.33,63916,271.324,762
AAPL,2026-02-26T17:39:00Z,271.315,271.47,271.315,271.44,24745,271.403,713
AAPL,2026-02-26T17:40:00Z,271.45,271.495,271.42,271.49,21814,271.466,732
AAPL,2026-02-26T17:41:00Z,271.5,271.61,271.49,271.53,25586,271.548,689
AAPL,2026-02-26T17:42:00Z,271.56,271.57,271.48,271.52,13179,271.534,600
AAPL,2026-02-26T17:43:00Z,271.52,271.58,271.48,271.56,20634,271.523,788
AAPL,2026-02-26T17:44:00Z,271.56,271.56,271.44,271.44,19039,271.483,668
AAPL,2026-02-26T17:45:00Z,271.43,271.43,271.25,271.259,47501,271.326,1119
AAPL,2026-02-26T17:46:00Z,271.24,271.34,271.23,271.33,16634,271.276,700
AAPL,2026-02-26T17:47:00Z,271.36,271.43,271.28,271.291,24135,271.345,844
AAPL,2026-02-26T17:48:00Z,271.305,271.37,271.29,271.32,22942,271.307,656
AAPL,2026-02-26T17:49:00Z,271.3,271.32,271.1,271.114,48036,271.25,1025
AAPL,2026-02-26T17:50:00Z,271.13,271.167,270.99,271.06,46915,271.059,1219
AAPL,2026-02-26T17:51:00Z,271.03,271.12,271.025,271.12,20778,271.078,714
AAPL,2026-02-26T17:52:00Z,271.132,271.19,271.1,271.144,18721,271.141,649
AAPL,2026-02-26T17:53:00Z,271.15,271.24,271.1,271.16,34783,271.163,960
AAPL,2026-02-26T17:54:00Z,271.15,271.16,271,271.03,33610,271.076,864
AAPL,2026-02-26T17:55:00Z,271.01,271.08,270.943,270.97,28426,271.017,797
AAPL,2026-02-26T17:56:00Z,270.97,271.13,270.96,271.075,33197,271.065,965
AAPL,2026-02-26T17:57:00Z,271.07,271.21,271.05,271.14,35613,271.163,961
AAPL,2026-02-26T17:58:00Z,271.13,271.2,271.07,271.14,32525,271.141,836
AAPL,2026-02-26T17:59:00Z,271.17,271.26,271.17,271.19,25636,271.218,722
AAPL,2026-02-26T18:00:00Z,271.17,271.3,271.15,271.22,30589,271.213,820
AAPL,2026-02-26T18:01:00Z,271.24,271.35,271.2,271.2,21113,271.271,657
AAPL,2026-02-26T18:02:00Z,271.24,271.31,271.11,271.13,35689,271.226,885
AAPL,2026-02-26T18:03:00Z,271.11,271.11,270.98,270.995,24612,271.028,848
AAPL,2026-02-26T18:04:00Z,270.985,271.11,270.96,271.11,26808,271.018,847
AAPL,2026-02-26T18:05:00Z,271.1,271.16,271.04,271.04,29386,271.092,905
AAPL,2026-02-26T18:06:00Z,271.05,271.12,270.99,271.005,31946,271.048,872
AAPL,2026-02-26T18:07:00Z,271,271.08,270.99,271.005,22487,271.046,798
AAPL,2026-02-26T18:08:00Z,271.04,271.19,270.89,271.19,151170,271.029,1521
AAPL,2026-02-26T18:09:00Z,271.18,271.23,271.03,271.2,32578,271.132,968
AAPL,2026-02-26T18:10:00Z,271.211,271.46,271.211,271.38,35612,271.334,1076
AAPL,2026-02-26T18:11:00Z,271.365,271.43,271.24,271.27,40109,271.35,1042
AAPL,2026-02-26T18:12:00Z,271.29,271.34,271.22,271.3,27272,271.288,674
AAPL,2026-02-26T18:13:00Z,271.305,271.36,271.26,271.29,25389,271.307,750
AAPL,2026-02-26T18:14:00Z,271.3,271.49,271.3,271.42,27461,271.424,783
AAPL,2026-02-26T18:15:00Z,271.43,271.46,271.39,271.43,24457,271.422,717
AAPL,2026-02-26T18:16:00Z,271.44,271.44,271.26,271.33,27632,271.334,673
AAPL,2026-02-26T18:17:00Z,271.33,271.36,271.3,271.341,22429,271.323,769
AAPL,2026-02-26T18:18:00Z,271.34,271.45,271.31,271.42,22528,271.385,630
AAPL,2026-02-26T18:19:00Z,271.395,271.42,271.31,271.34,33505,271.357,568
AAPL,2026-02-26T18:20:00Z,271.33,271.39,271.28,271.37,26000,271.338,566
AAPL,2026-02-26T18:21:00Z,271.39,271.54,271.38,271.46,54786,271.465,1227
AAPL,2026-02-26T18:22:00Z,271.43,271.53,271.42,271.44,29878,271.48,745
AAPL,2026-02-26T18:23:00Z,271.43,271.43,271.26,271.34,21623,271.322,569
AAPL,2026-02-26T18:24:00Z,271.39,271.57,271.35,271.545,24825,271.478,559
AAPL,2026-02-26T18:25:00Z,271.53,271.68,271.53,271.58,35279,271.596,745
AAPL,2026-02-26T18:26:00Z,271.61,271.8,271.56,271.76,62734,271.731,1182
AAPL,2026-02-26T18:27:00Z,271.78,271.79,271.405,271.41,25339,271.578,626
AAPL,2026-02-26T18:28:00Z,271.42,271.515,271.41,271.43,21158,271.464,532
AAPL,2026-02-26T18:29:00Z,271.44,271.5,271.385,271.42,14324,271.441,483
AAPL,2026-02-26T18:30:00Z,271.4,271.42,271.2,271.225,25892,271.293,813
AAPL,2026-02-26T18:31:00Z,271.23,271.26,270.92,271.03,56212,271.056,1206
AAPL,2026-02-26T18:32:00Z,271.055,271.08,270.98,270.99,522419,271.04,628
AAPL,2026-02-26T18:33:00Z,270.985,271.23,270.853,271.13,77131,271.023,1729
AAPL,2026-02-26T18:34:00Z,271.125,271.54,271.09,271.53,75732,271.305,1724
AAPL,2026-02-26T18:35:00Z,271.55,271.59,271.25,271.31,39177,271.392,870
AAPL,2026-02-26T18:36:00Z,271.28,271.83,271.255,271.83,47163,271.621,1000
AAPL,2026-02-26T18:37:00Z,271.81,271.89,271.69,271.8,47092,271.798,871
AAPL,2026-02-26T18:38:00Z,271.785,271.8,271.57,271.61,29418,271.669,604
AAPL,2026-02-26T18:39:00Z,271.62,271.73,271.62,271.675,26902,271.681,550
AAPL,2026-02-26T18:40:00Z,271.657,271.715,271.56,271.575,134748,271.642,587
AAPL,2026-02-26T18:41:00Z,271.55,271.68,271.545,271.67,22868,271.641,515
AAPL,2026-02-26T18:42:00Z,271.68,271.7,271.605,271.63,30200,271.638,454
AAPL,2026-02-26T18:43:00Z,271.63,271.87,271.6,271.85,85924,271.816,996
AAPL,2026-02-26T18:44:00Z,271.845,271.89,271.75,271.75,31864,271.827,615
AAPL,2026-02-26T18:45:00Z,271.78,272.08,271.775,272.012,59206,271.975,1021
AAPL,2026-02-26T18:46:00Z,272.04,272.04,271.89,271.975,27844,271.949,577
AAPL,2026-02-26T18:47:00Z,271.975,271.985,271.755,271.777,33854,271.847,601
AAPL,2026-02-26T18:48:00Z,271.79,271.85,271.74,271.807,24122,271.795,453
AAPL,2026-02-26T18:49:00Z,271.79,271.865,271.71,271.865,23002,271.781,488
AAPL,2026-02-26T18:50:00Z,271.86,271.87,271.65,271.67,30202,271.713,504
AAPL,2026-02-26T18:51:00Z,271.67,271.765,271.64,271.715,26535,271.716,612
AAPL,2026-02-26T18:52:00Z,271.71,271.81,271.69,271.755,20598,271.738,451
AAPL,2026-02-26T18:53:00Z,271.745,271.86,271.74,271.81,23753,271.804,566
AAPL,2026-02-26T18:54:00Z,271.82,271.82,271.74,271.77,22716,271.779,580
AAPL,2026-02-26T18:55:00Z,271.78,271.78,271.645,271.705,24039,271.72,573
AAPL,2026-02-26T18:56:00Z,271.7,271.89,271.68,271.86,38680,271.747,794
AAPL,2026-02-26T18:57:00Z,271.86,271.98,271.79,271.96,44074,271.891,660
AAPL,2026-02-26T18:58:00Z,271.99,272.19,271.97,272.155,37108,272.058,772
AAPL,2026-02-26T18:59:00Z,272.15,272.19,272.11,272.18,24126,272.157,601
AAPL,2026-02-26T19:00:00Z,272.16,272.16,271.22,271.45,492380,271.622,8152
AAPL,2026-02-26T19:01:00Z,271.455,271.88,271.455,271.73,114771,271.628,1855
AAPL,2026-02-26T19:02:00Z,271.75,271.92,271.68,271.74,54211,271.813,1140
AAPL,2026-02-26T19:03:00Z,271.76,271.91,271.732,271.89,22464,271.825,654
AAPL,2026-02-26T19:04:00Z,271.915,271.915,271.74,271.793,33369,271.797,612
AAPL,2026-02-26T19:05:00Z,271.79,271.8,271.64,271.73,34639,271.691,642
AAPL,2026-02-26T19:06:00Z,271.73,271.93,271.73,271.84,39615,271.833,620
AAPL,2026-02-26T19:07:00Z,271.8,271.911,271.76,271.885,28565,271.818,589
AAPL,2026-02-26T19:08:00Z,271.91,272,271.87,271.97,27176,271.95,603
AAPL,2026-02-26T19:09:00Z,271.94,271.99,271.92,271.96,28386,271.951,592
AAPL,2026-02-26T19:10:00Z,271.95,272.14,271.88,272.06,52803,272.046,1041
AAPL,2026-02-26T19:11:00Z,272.09,272.095,271.73,271.77,47297,271.841,939
AAPL,2026-02-26T19:12:00Z,271.77,271.925,271.76,271.9,30157,271.866,679
AAPL,2026-02-26T19:13:00Z,271.91,272.05,271.895,271.965,34252,271.991,675
AAPL,2026-02-26T19:14:00Z,271.965,272.045,271.955,271.99,21675,271.994,554
AAPL,2026-02-26T19:15:00Z,271.99,272.27,271.99,272.195,77228,272.139,1033
AAPL,2026-02-26T19:16:00Z,272.185,272.33,272.17,272.305,57913,272.243,1187
AAPL,2026-02-26T19:17:00Z,272.33,272.35,272.245,272.32,36740,272.301,624
AAPL,2026-02-26T19:18:00Z,272.33,272.44,272.33,272.38,23343,272.393,617
AAPL,2026-02-26T19:19:00Z,272.39,272.59,272.38,272.54,52220,272.497,844
AAPL,2026-02-26T19:20:00Z,272.56,272.59,272.5,272.53,25826,272.55,707
AAPL,2026-02-26T19:21:00Z,272.54,272.61,272.5,272.549,36476,272.562,847
AAPL,2026-02-26T19:22:00Z,272.53,272.7,272.51,272.675,41431,272.599,785
AAPL,2026-02-26T19:23:00Z,272.685,272.84,272.67,272.84,40228,272.769,702
AAPL,2026-02-26T19:24:00Z,272.84,272.94,272.8,272.84,64602,272.892,940
AAPL,2026-02-26T19:25:00Z,272.86,272.91,272.76,272.77,33734,272.841,664
AAPL,2026-02-26T19:26:00Z,272.78,272.89,272.75,272.83,51137,272.85,909
AAPL,2026-02-26T19:27:00Z,272.835,272.84,272.69,272.765,34419,272.749,627
AAPL,2026-02-26T19:28:00Z,272.76,272.815,272.75,272.78,29976,272.781,606
AAPL,2026-02-26T19:29:00Z,272.77,272.84,272.75,272.8,30617,272.788,701
AAPL,2026-02-26T19:30:00Z,272.81,272.89,272.74,272.88,128114,272.833,1026
AAPL,2026-02-26T19:31:00Z,272.83,272.97,272.82,272.95,51572,272.921,752
AAPL,2026-02-26T19:32:00Z,272.97,273.12,272.97,273.01,61717,273.036,1137
AAPL,2026-02-26T19:33:00Z,273.02,273.02,272.81,272.81,68519,272.897,1153
AAPL,2026-02-26T19:34:00Z,272.83,272.945,272.825,272.91,34657,272.896,715
AAPL,2026-02-26T19:35:00Z,272.9,273.07,272.9,273.06,52871,272.981,907
AAPL,2026-02-26T19:36:00Z,273.06,273.11,272.97,273,29503,273.035,734
AAPL,2026-02-26T19:37:00Z,272.99,272.99,272.9,272.95,27127,272.936,566
AAPL,2026-02-26T19:38:00Z,272.98,273.11,272.98,273.08,37026,273.033,779
AAPL,2026-02-26T19:39:00Z,273.065,273.065,273,273.05,25972,273.031,583
AAPL,2026-02-26T19:40:00Z,273.05,273.18,272.98,273.16,35384,273.078,780
AAPL,2026-02-26T19:41:00Z,273.168,273.17,273.03,273.05,47061,273.132,890
AAPL,2026-02-26T19:42:00Z,273.05,273.14,273.04,273.04,37472,273.104,711
AAPL,2026-02-26T19:43:00Z,273.06,273.18,273,273.17,49357,273.087,894
AAPL,2026-02-26T19:44:00Z,273.16,273.22,273.13,273.19,40812,273.182,856
AAPL,2026-02-26T19:45:00Z,273.21,273.29,273.21,273.27,43551,273.25,910
AAPL,2026-02-26T19:46:00Z,273.28,273.33,273.205,273.3,42192,273.27,886
AAPL,2026-02-26T19:47:00Z,273.3,273.44,273.27,273.4,47352,273.361,949
AAPL,2026-02-26T19:48:00Z,273.42,273.42,273.31,273.31,41488,273.354,715
AAPL,2026-02-26T19:49:00Z,273.32,273.44,273.32,273.43,26939,273.383,622
AAPL,2026-02-26T19:50:00Z,273.44,273.44,273.13,273.155,43249,273.256,867
AAPL,2026-02-26T19:51:00Z,273.155,273.23,273.12,273.17,54402,273.177,774
AAPL,2026-02-26T19:52:00Z,273.21,273.32,273.21,273.22,33542,273.268,642
AAPL,2026-02-26T19:53:00Z,273.245,273.33,273.24,273.31,19752,273.298,456
AAPL,2026-02-26T19:54:00Z,273.31,273.5,273.3,273.45,56452,273.412,971
AAPL,2026-02-26T19:55:00Z,273.45,273.48,273.32,273.44,59035,273.399,1039
AAPL,2026-02-26T19:56:00Z,273.45,273.5,273.33,273.336,44428,273.439,803
AAPL,2026-02-26T19:57:00Z,273.35,273.37,273.21,273.255,42696,273.281,765
AAPL,2026-02-26T19:58:00Z,273.25,273.263,273,273.025,51588,273.112,923
AAPL,2026-02-26T19:59:00Z,273.03,273.06,272.95,273.02,65935,272.996,1210
AAPL,2026-02-26T20:00:00Z,273.01,273.02,272.79,272.93,51624,272.888,1023
AAPL,2026-02-26T20:01:00Z,272.93,273.07,272.91,273.03,34356,272.974,632
AAPL,2026-02-26T20:02:00Z,273.05,273.16,273.05,273.14,36212,273.107,923
AAPL,2026-02-26T20:03:00Z,273.14,273.3,273.13,273.25,30902,273.222,705
AAPL,2026-02-26T20:04:00Z,273.25,273.32,273.21,273.3,34829,273.281,608
AAPL,2026-02-26T20:05:00Z,273.3,273.32,273.25,273.32,36150,273.287,785
AAPL,2026-02-26T20:06:00Z,273.3,273.41,273.25,273.28,45787,273.339,846
AAPL,2026-02-26T20:07:00Z,273.29,273.291,273.18,273.2,29961,273.224,584
AAPL,2026-02-26T20:08:00Z,273.21,273.31,273.18,273.25,27891,273.255,705
AAPL,2026-02-26T20:09:00Z,273.24,273.3,273.16,273.16,40523,273.23,756
AAPL,2026-02-26T20:10:00Z,273.15,273.17,272.82,273.05,47949,273.074,1238
AAPL,2026-02-26T20:11:00Z,273.045,273.07,272.88,272.91,73153,272.981,952
AAPL,2026-02-26T20:12:00Z,272.91,273.01,272.91,273.005,24298,272.962,608
AAPL,2026-02-26T20:13:00Z,273,273,272.88,272.89,28304,272.929,618
AAPL,2026-02-26T20:14:00Z,272.89,272.94,272.84,272.91,25622,272.904,672
AAPL,2026-02-26T20:15:00Z,272.89,272.91,272.79,272.84,37703,272.842,836
AAPL,2026-02-26T20:16:00Z,272.86,273.02,272.86,272.92,32686,272.94,740
AAPL,2026-02-26T20:17:00Z,272.92,272.94,272.87,272.875,30297,272.901,603
AAPL,2026-02-26T20:18:00Z,272.87,272.95,272.809,272.86,23831,272.876,702
AAPL,2026-02-26T20:19:00Z,272.89,272.92,272.79,272.8,36518,272.842,695
AAPL,2026-02-26T20:20:00Z,272.81,272.84,272.73,272.77,34913,272.783,743
AAPL,2026-02-26T20:21:00Z,272.77,272.77,272.65,272.71,57144,272.704,943
AAPL,2026-02-26T20:22:00Z,272.71,272.829,272.71,272.71,31627,272.764,618
AAPL,2026-02-26T20:23:00Z,272.7,272.705,272.59,272.66,34370,272.646,699
AAPL,2026-02-26T20:24:00Z,272.665,272.74,272.63,272.71,34020,272.678,675
AAPL,2026-02-26T20:25:00Z,272.71,272.86,272.71,272.84,44204,272.82,851
AAPL,2026-02-26T20:26:00Z,272.85,272.96,272.85,272.88,40641,272.892,740
AAPL,2026-02-26T20:27:00Z,272.895,272.909,272.69,272.72,29638,272.799,656
AAPL,2026-02-26T20:28:00Z,272.734,272.75,272.63,272.64,39463,272.698,875
AAPL,2026-02-26T20:29:00Z,272.64,272.67,272.58,272.63,35164,272.642,769
AAPL,2026-02-26T20:30:00Z,272.65,272.75,272.64,272.73,51536,272.692,1119
AAPL,2026-02-26T20:31:00Z,272.7,272.7,272.58,272.635,47223,272.636,1145
AAPL,2026-02-26T20:32:00Z,272.62,272.7,272.53,272.56,43713,272.599,1019
AAPL,2026-02-26T20:33:00Z,272.55,272.68,272.54,272.68,49323,272.588,1099
AAPL,2026-02-26T20:34:00Z,272.66,272.961,272.64,272.94,59686,272.823,1294
AAPL,2026-02-26T20:35:00Z,272.925,272.98,272.82,272.85,61905,272.894,1322
AAPL,2026-02-26T20:36:00Z,272.863,272.89,272.785,272.85,50887,272.848,860
AAPL,2026-02-26T20:37:00Z,272.85,272.86,272.76,272.81,35484,272.808,781
AAPL,2026-02-26T20:38:00Z,272.81,272.95,272.77,272.88,47070,272.858,1142
AAPL,2026-02-26T20:39:00Z,272.89,272.91,272.66,272.725,39527,272.749,918
AAPL,2026-02-26T20:40:00Z,272.72,272.75,272.59,272.63,44238,272.663,989
AAPL,2026-02-26T20:41:00Z,272.63,272.64,272.51,272.55,46404,272.576,949
AAPL,2026-02-26T20:42:00Z,272.54,272.64,272.51,272.6,46180,272.593,1028
AAPL,2026-02-26T20:43:00Z,272.605,272.71,272.52,272.69,54705,272.623,1386
AAPL,2026-02-26T20:44:00Z,272.683,272.82,272.67,272.79,64751,272.737,1420
AAPL,2026-02-26T20:45:00Z,272.83,272.83,272.66,272.66,71225,272.747,1214
AAPL,2026-02-26T20:46:00Z,272.67,272.68,272.4,272.41,66133,272.519,1173
AAPL,2026-02-26T20:47:00Z,272.41,272.58,272.41,272.56,43461,272.509,952
AAPL,2026-02-26T20:48:00Z,272.542,272.542,272.47,272.54,42046,272.5,946
AAPL,2026-02-26T20:49:00Z,272.553,272.67,272.51,272.67,55687,272.606,1205
AAPL,2026-02-26T20:50:00Z,272.65,272.67,272.2,272.26,124304,272.365,2489
AAPL,2026-02-26T20:51:00Z,272.27,272.55,272.27,272.5,94224,272.449,1547
AAPL,2026-02-26T20:52:00Z,272.5,272.52,272.32,272.42,79660,272.39,1496
AAPL,2026-02-26T20:53:00Z,272.41,272.454,272.27,272.41,115189,272.373,1861
AAPL,2026-02-26T20:54:00Z,272.45,272.95,272.41,272.735,135496,272.625,2767
AAPL,2026-02-26T20:55:00Z,272.75,273.01,272.66,272.925,140166,272.853,2620
AAPL,2026-02-26T20:56:00Z,272.94,272.99,272.87,272.96,155146,272.941,2466
AAPL,2026-02-26T20:57:00Z,272.95,273.07,272.82,272.82,173085,272.941,2542
AAPL,2026-02-26T20:58:00Z,272.83,272.93,272.815,272.9,172567,272.87,2902
AAPL,2026-02-26T20:59:00Z,272.9,273,272.817,273,545985,272.919,7390
AAPL,2026-02-26T21:00:00Z,273,273,272.81,272.81,6.03624e+06,272.95,203
AAPL,2026-02-26T21:01:00Z,272.9,272.98,272.9,272.98,4843,272.94,23
AAPL,2026-02-26T21:02:00Z,272.97,272.99,272.97,272.99,26617,272.985,31
AAPL,2026-02-26T21:04:00Z,272.9,272.99,272.9,272.99,1.48242e+06,272.965,101
AAPL,2026-02-26T21:05:00Z,272.95,272.95,272.95,272.95,24856,272.95,33
AAPL,2026-02-26T21:06:00Z,273,273.01,272.99,272.99,206997,273.003,52
AAPL,2026-02-26T21:08:00Z,273,273.08,273,273.08,1564,273.052,43
AAPL,2026-02-26T21:09:00Z,272.95,272.95,272.95,272.95,2291,272.95,23
AAPL,2026-02-26T21:10:00Z,273,273.01,273,273.01,486,273.005,21
AAPL,2026-02-26T21:11:00Z,273.07,273.07,273.05,273.05,3541,273.065,17
AAPL,2026-02-26T21:12:00Z,272.95,272.95,272.95,272.95,336,272.95,15
AAPL,2026-02-26T21:13:00Z,273.04,273.04,273.04,273.04,724,273.04,16
AAPL,2026-02-26T21:14:00Z,273,273,273,273,632,273,25
AAPL,2026-02-26T21:16:00Z,272.9,272.95,272.62,272.95,1237,272.887,21
AAPL,2026-02-26T21:20:00Z,272.91,272.91,272.62,272.62,9386,272.747,15
AAPL,2026-02-26T21:21:00Z,272.98,272.99,272.95,272.95,366,272.973,18
AAPL,2026-02-26T21:22:00Z,272.95,272.95,272.95,272.95,479,272.95,30
AAPL,2026-02-26T21:23:00Z,272.95,272.95,272.95,272.95,1227,272.95,20
AAPL,2026-02-26T21:24:00Z,272.95,272.95,272.95,272.95,1188,272.95,13
AAPL,2026-02-26T21:26:00Z,272.85,272.85,272.85,272.85,212,272.85,14
AAPL,2026-02-26T21:28:00Z,272.94,272.94,272.93,272.93,555,272.933,6
AAPL,2026-02-26T21:30:00Z,272.93,272.93,272.758,272.758,377,272.817,14
AAPL,2026-02-26T21:34:00Z,272.95,272.95,272.93,272.95,842,272.94,24
AAPL,2026-02-26T21:35:00Z,272.93,272.93,272.93,272.93,1527,272.93,18
AAPL,2026-02-26T21:38:00Z,272.85,272.85,272.85,272.85,198,272.85,17
AAPL,2026-02-26T21:39:00Z,272.81,272.81,272.81,272.81,197,272.81,12
AAPL,2026-02-26T21:41:00Z,272.8,272.8,272.8,272.8,106,272.8,6
AAPL,2026-02-26T21:48:00Z,272.8,272.8,272.8,272.8,359,272.8,11
AAPL,2026-02-26T21:51:00Z,272.92,272.95,272.8,272.86,2100,272.906,48
AAPL,2026-02-26T21:53:00Z,272.91,272.91,272.91,272.91,115,272.91,4
AAPL,2026-02-26T21:56:00Z,272.9,272.9,272.88,272.9,1582,272.898,32
AAPL,2026-02-26T21:58:00Z,272.96,272.98,272.96,272.98,3291,272.975,69
AAPL,2026-02-26T21:59:00Z,272.99,273.8,272.93,273.8,14642,273.201,235
AAPL,2026-02-26T22:00:00Z,273.19,273.42,273.19,273.42,3031,273.289,43
AAPL,2026-02-26T22:01:00Z,272.83,273.08,272.83,273.08,286,272.955,6
AAPL,2026-02-26T22:02:00Z,273.19,273.19,273.19,273.19,422,273.19,11
AAPL,2026-02-26T22:05:00Z,273.13,273.36,273.13,273.36,571,273.195,26
AAPL,2026-02-26T22:07:00Z,273.03,273.03,273.03,273.03,139,273.03,8
AAPL,2026-02-26T22:08:00Z,273,273,272.87,272.87,391,272.935,19
AAPL,2026-02-26T22:11:00Z,273.1,273.1,273.1,273.1,269,273.1,8
AAPL,2026-02-26T22:15:00Z,273.1,273.1,273.1,273.1,609,273.1,11
AAPL,2026-02-26T22:17:00Z,272.9,272.9,272.9,272.9,428,272.9,13
AAPL,2026-02-26T22:18:00Z,272.94,272.94,272.9,272.9,529,272.908,8
AAPL,2026-02-26T22:19:00Z,272.95,272.95,272.95,272.95,2065,272.95,21
AAPL,2026-02-26T22:21:00Z,272.9,272.9,272.9,272.9,575,272.9,13
AAPL,2026-02-26T22:22:00Z,272.93,272.93,272.83,272.83,285527,272.85,42
AAPL,2026-02-26T22:29:00Z,273,273,273,273,538,273,21
AAPL,2026-02-26T22:31:00Z,272.85,272.855,272.85,272.855,403,272.851,7
AAPL,2026-02-26T22:33:00Z,272.81,272.81,272.62,272.69,3529,272.698,50
AAPL,2026-02-26T22:34:00Z,273,273,273,273,272,273,11
AAPL,2026-02-26T22:35:00Z,272.75,272.75,272.75,272.75,1030,272.75,9
AAPL,2026-02-26T22:36:00Z,272.62,272.62,272.54,272.54,1439,272.555,44
AAPL,2026-02-26T22:41:00Z,272.51,272.51,272.4,272.48,1991,272.433,64
AAPL,2026-02-26T22:42:00Z,272.43,272.43,272.3,272.3,1861,272.375,36
AAPL,2026-02-26T22:43:00Z,272.21,272.25,272.21,272.25,2059,272.228,21
AAPL,2026-02-26T22:44:00Z,272.21,272.21,272.21,272.21,590,272.21,6
AAPL,2026-02-26T22:45:00Z,272.21,272.21,272.21,272.21,1002,272.21,4
AAPL,2026-02-26T22:46:00Z,272.329,272.329,272.21,272.21,2762,272.215,28
AAPL,2026-02-26T22:47:00Z,272.22,272.22,272.2,272.2,1004,272.205,7
AAPL,2026-02-26T22:48:00Z,272.2,272.2,272.01,272.01,4244,272.058,87
AAPL,2026-02-26T22:49:00Z,272.01,272.95,271.62,271.62,26671,272.621,124
AAPL,2026-02-26T22:53:00Z,271.694,271.85,271.6,271.6,2395,271.722,36
AAPL,2026-02-26T22:56:00Z,272.02,272.02,271.739,271.739,501,271.851,13
AAPL,2026-02-26T22:58:00Z,272.27,272.27,272.19,272.25,1470,272.252,41
AAPL,2026-02-26T22:59:00Z,272.26,272.26,272.11,272.13,1534,272.217,9
AAPL,2026-02-26T23:00:00Z,272.02,272.28,271.75,271.76,4809,272.144,98
AAPL,2026-02-26T23:03:00Z,271.85,271.91,271.81,271.81,1095,271.843,23
AAPL,2026-02-26T23:04:00Z,271.75,271.83,271.56,271.56,2937,271.738,131
AAPL,2026-02-26T23:05:00Z,271.61,271.62,271.5,271.5,4876,271.573,95
AAPL,2026-02-26T23:06:00Z,271.41,271.41,271.35,271.35,2378,271.376,51
AAPL,2026-02-26T23:07:00Z,271.47,271.47,271.4,271.4,1539,271.414,7
AAPL,2026-02-26T23:08:00Z,271.59,271.6,271.59,271.6,1185,271.599,12
AAPL,2026-02-26T23:09:00Z,271.6,271.6,271.6,271.6,81862,271.6,22
AAPL,2026-02-26T23:14:00Z,271.9,271.97,271.9,271.97,2421,271.962,51
AAPL,2026-02-26T23:15:00Z,272,272.19,272,272.19,3176,272.108,45
AAPL,2026-02-26T23:16:00Z,272.15,272.27,272.14,272.27,2233,272.198,28
AAPL,2026-02-26T23:17:00Z,272.25,272.42,272.25,272.42,2699,272.376,55
AAPL,2026-02-26T23:18:00Z,272.41,272.45,272.38,272.38,1157,272.419,44
AAPL,2026-02-26T23:19:00Z,272.12,272.12,271.95,271.95,2065,271.979,52
AAPL,2026-02-26T23:21:00Z,272.01,272.09,272,272,2103,272.06,44
AAPL,2026-02-26T23:25:00Z,272.01,272.01,272.01,272.01,487,272.01,14
AAPL,2026-02-26T23:28:00Z,271.95,271.95,271.95,271.95,140,271.95,9
AAPL,2026-02-26T23:29:00Z,272.04,272.04,272.04,272.04,117,272.04,6
AAPL,2026-02-26T23:31:00Z,271.95,271.95,271.95,271.95,1098,271.95,16
AAPL,2026-02-26T23:36:00Z,271.99,271.99,271.99,271.99,394,271.99,12
AAPL,2026-02-26T23:37:00Z,271.84,271.84,271.84,271.84,382,271.84,8
AAPL,2026-02-26T23:38:00Z,271.81,271.81,271.81,271.81,206,271.81,4
AAPL,2026-02-26T23:40:00Z,271.99,272.05,271.99,272.05,652,272.036,10
AAPL,2026-02-26T23:43:00Z,271.81,271.81,271.81,271.81,427,271.81,29
AAPL,2026-02-26T23:44:00Z,271.63,271.63,271.61,271.61,497,271.615,7
AAPL,2026-02-26T23:47:00Z,271.688,271.688,271.6,271.6,973,271.619,40
AAPL,2026-02-26T23:49:00Z,271.52,271.52,271.52,271.52,290,271.52,15
AAPL,2026-02-26T23:50:00Z,271.5,271.995,271.5,271.995,951,271.768,35
AAPL,2026-02-26T23:51:00Z,271.41,271.41,271.4,271.4,281,271.404,4
AAPL,2026-02-26T23:54:00Z,271.55,271.55,271.55,271.55,110,271.55,2
AAPL,2026-02-26T23:57:00Z,271.45,271.45,271.4,271.4,2635,271.429,77
AAPL,2026-02-26T23:58:00Z,271.5,271.5,271.5,271.5,129,271.5,5
AAPL,2026-02-27T00:02:00Z,271.659,271.659,271.659,271.659,332,271.659,7
AAPL,2026-02-27T00:05:00Z,271.66,271.68,271.66,271.68,758,271.673,9
AAPL,2026-02-27T00:07:00Z,271.67,271.67,271.66,271.66,226,271.665,8
AAPL,2026-02-27T00:08:00Z,271.8,271.8,271.51,271.51,2111,271.537,39
AAPL,2026-02-27T00:11:00Z,271.96,272,271.96,272,1756,271.992,74
AAPL,2026-02-27T00:12:00Z,271.61,271.66,271.61,271.61,1276,271.63,36
AAPL,2026-02-27T00:13:00Z,271.81,271.81,271.81,271.81,517,271.81,24
AAPL,2026-02-27T00:15:00Z,271.91,271.91,271.91,271.91,343,271.91,10
AAPL,2026-02-27T00:16:00Z,271.96,271.96,271.95,271.95,1815,271.951,19
AAPL,2026-02-27T00:17:00Z,271.71,271.71,271.71,271.71,156,271.71,5
AAPL,2026-02-27T00:20:00Z,272,272,272,272,215,272,8
AAPL,2026-02-27T00:23:00Z,272.14,272.14,272.14,272.14,885,272.14,19
AAPL,2026-02-27T00:24:00Z,271.98,272,271.98,272,929,271.99,31
AAPL,2026-02-27T00:26:00Z,271.7,271.7,271.7,271.7,211,271.7,7
AAPL,2026-02-27T00:27:00Z,271.72,271.72,271.72,271.72,256,271.72,12
AAPL,2026-02-27T00:28:00Z,271.7,271.7,271.7,271.7,606,271.7,19
AAPL,2026-02-27T00:29:00Z,271.59,271.59,271.57,271.57,596,271.575,17
AAPL,2026-02-27T00:30:00Z,271.58,271.58,271.58,271.58,239,271.58,8
AAPL,2026-02-27T00:33:00Z,271.52,271.52,271.52,271.52,935,271.52,43
AAPL,2026-02-27T00:34:00Z,271.51,271.51,271.51,271.51,200,271.51,2
AAPL,2026-02-27T00:35:00Z,271.61,271.61,271.61,271.61,261,271.61,13
AAPL,2026-02-27T00:37:00Z,271.4,271.4,271.4,271.4,1174,271.4,35
AAPL,2026-02-27T00:38:00Z,271.3,271.3,271.3,271.3,1408,271.3,29
AAPL,2026-02-27T00:39:00Z,271.35,271.35,271.35,271.35,150,271.35,17
AAPL,2026-02-27T00:42:00Z,271.46,271.46,271.46,271.46,307,271.46,3
AAPL,2026-02-27T00:44:00Z,271.316,271.35,271.316,271.35,542,271.326,16
AAPL,2026-02-27T00:45:00Z,271.33,271.33,271.33,271.33,288,271.33,8
AAPL,2026-02-27T00:49:00Z,271.55,271.65,271.55,271.65,779,271.619,12
AAPL,2026-02-27T00:50:00Z,271.64,271.65,271.64,271.65,599,271.646,23
AAPL,2026-02-27T00:52:00Z,271.65,271.81,271.64,271.81,670,271.728,17
AAPL,2026-02-27T00:57:00Z,271.728,271.79,271.728,271.79,832,271.739,16
AAPL,2026-02-27T00:59:00Z,271.8,271.8,271.7,271.7,1222,271.754,21
AAPL,2026-02-27T09:03:00Z,272.03,272.03,272.03,272.03,200,272.03,5
AAPL,2026-02-27T09:04:00Z,272,272,272,272,316,272,11
AAPL,2026-02-27T09:05:00Z,272.08,272.23,272.08,272.23,330,272.137,5
AAPL,2026-02-27T09:06:00Z,272.23,272.23,272.23,272.23,255,272.23,10
AAPL,2026-02-27T09:08:00Z,272.23,272.23,272.23,272.23,165,272.23,2
AAPL,2026-02-27T09:09:00Z,272.22,272.22,272.22,272.22,254,272.22,5
AAPL,2026-02-27T09:10:00Z,272.2,272.23,272.2,272.23,478,272.212,6
AAPL,2026-02-27T09:12:00Z,272.28,272.28,272.28,272.28,1150,272.28,40
AAPL,2026-02-27T09:13:00Z,272.33,272.33,272.33,272.33,614,272.33,20
AAPL,2026-02-27T09:15:00Z,272.36,272.36,272.36,272.36,830,272.36,34
AAPL,2026-02-27T09:17:00Z,272.34,272.34,272.34,272.34,370,272.34,19
AAPL,2026-02-27T09:19:00Z,272.25,272.25,272.25,272.25,232,272.25,16
AAPL,2026-02-27T09:20:00Z,272.15,272.15,272.15,272.15,201,272.15,4
AAPL,2026-02-27T09:21:00Z,272.13,272.13,272.06,272.06,423,272.091,21
AAPL,2026-02-27T09:28:00Z,272.24,272.25,272.24,272.25,645,272.245,19
AAPL,2026-02-27T09:32:00Z,272.27,272.3,272.26,272.3,457,272.276,8
AAPL,2026-02-27T09:33:00Z,272.29,272.29,272.29,272.29,129,272.29,6
AAPL,2026-02-27T09:38:00Z,272,272,272,272,378,272,20
AAPL,2026-02-27T09:54:00Z,272.03,272.03,271.99,271.99,1118,272.013,14
AAPL,2026-02-27T09:55:00Z,272.03,272.03,272.03,272.03,203,272.03,4
AAPL,2026-02-27T09:56:00Z,272.08,272.08,272.08,272.08,700,272.08,10
AAPL,2026-02-27T10:02:00Z,272.05,272.05,272.05,272.05,134,272.05,5
AAPL,2026-02-27T10:12:00Z,271.52,271.52,271.52,271.52,624,271.52,38
AAPL,2026-02-27T10:24:00Z,271.7,271.7,271.7,271.7,371,271.7,12
AAPL,2026-02-27T10:33:00Z,271.91,271.91,271.91,271.91,646,271.91,22
AAPL,2026-02-27T10:40:00Z,272.08,272.08,272.08,272.08,441,272.08,19
AAPL,2026-02-27T10:54:00Z,271.88,271.88,271.88,271.88,239,271.88,8
AAPL,2026-02-27T11:12:00Z,271.66,271.66,271.66,271.66,252,271.66,6
AAPL,2026-02-27T11:29:00Z,271.8,271.8,271.8,271.8,435,271.8,18
AAPL,2026-02-27T11:36:00Z,271.68,271.68,271.68,271.68,500,271.68,66
AAPL,2026-02-27T11:41:00Z,271.66,271.66,271.66,271.66,245,271.66,9
AAPL,2026-02-27T11:42:00Z,271.41,271.41,271.41,271.41,644,271.41,40
AAPL,2026-02-27T11:43:00Z,271.41,271.41,271.41,271.41,131,271.41,4
AAPL,2026-02-27T11:45:00Z,271.41,271.41,271.41,271.41,124,271.41,3
AAPL,2026-02-27T11:51:00Z,271.72,271.72,271.72,271.72,681,271.72,32
AAPL,2026-02-27T11:57:00Z,271.76,271.76,271.76,271.76,282,271.76,13
AAPL,2026-02-27T11:59:00Z,271.94,271.94,271.94,271.94,508,271.94,18
AAPL,2026-02-27T12:00:00Z,272,272,272,272,1168,272,42
AAPL,2026-02-27T12:01:00Z,271.97,271.97,271.9,271.9,780,271.945,25
AAPL,2026-02-27T12:03:00Z,271.76,271.76,271.76,271.76,314,271.76,7
AAPL,2026-02-27T12:06:00Z,271.78,271.78,271.75,271.75,954,271.766,31
AAPL,2026-02-27T12:07:00Z,271.81,272,271.81,271.99,1775,271.943,47
AAPL,2026-02-27T12:09:00Z,272,272,272,272,533,272,10
AAPL,2026-02-27T12:10:00Z,272.309,272.309,272.25,272.25,567,272.274,61
AAPL,2026-02-27T12:11:00Z,272.3,272.31,272.3,272.31,925,272.305,34
AAPL,2026-02-27T12:12:00Z,272.39,272.5,272.39,272.5,1078,272.422,31
AAPL,2026-02-27T12:13:00Z,272.5,272.5,272.5,272.5,2396,272.5,35
AAPL,2026-02-27T12:15:00Z,272.24,272.48,272.03,272.29,6731,272.16,190
AAPL,2026-02-27T12:16:00Z,272.26,272.26,272.26,272.26,766,272.26,19
AAPL,2026-02-27T12:24:00Z,272.49,272.55,272.49,272.55,2342,272.502,60
AAPL,2026-02-27T12:26:00Z,272.33,272.33,272.33,272.33,100,272.33,1
AAPL,2026-02-27T12:27:00Z,272.35,272.35,272.34,272.34,504,272.347,9
AAPL,2026-02-27T12:31:00Z,272.48,272.48,272.48,272.48,295,272.48,9
AAPL,2026-02-27T12:35:00Z,272.36,272.36,272.24,272.24,825,272.324,28
AAPL,2026-02-27T12:45:00Z,272.25,272.25,272.14,272.14,581,272.192,23
AAPL,2026-02-27T12:46:00Z,272.14,272.25,272.14,272.25,1533,272.211,36
AAPL,2026-02-27T12:47:00Z,272.2,272.21,272.2,272.21,2505,272.201,35
AAPL,2026-02-27T12:48:00Z,272.29,272.29,272.29,272.29,689,272.29,32
AAPL,2026-02-27T12:50:00Z,272.24,272.24,272.21,272.21,600,272.229,15
AAPL,2026-02-27T12:54:00Z,272.4,272.56,272.4,272.56,3759,272.46,59
AAPL,2026-02-27T12:55:00Z,272.45,272.45,272.45,272.45,749,272.45,17
AAPL,2026-02-27T12:58:00Z,272.47,272.47,272.45,272.45,1121,272.453,15
AAPL,2026-02-27T12:59:00Z,272.38,272.38,272.38,272.38,326,272.38,14
AAPL,2026-02-27T13:00:00Z,272.8,272.8,271.57,272.45,31455,272.214,2689
AAPL,2026-02-27T13:01:00Z,272.38,272.38,272.38,272.38,2119,272.38,183
AAPL,2026-02-27T13:04:00Z,272.2,272.2,272.2,272.2,1162,272.2,93
AAPL,2026-02-27T13:05:00Z,272.5,272.5,272.5,272.5,451,272.5,39
AAPL,2026-02-27T13:06:00Z,272.31,272.31,272.3,272.3,1275,272.302,7
AAPL,2026-02-27T13:08:00Z,272.588,272.588,272.588,272.588,146,272.588,9
AAPL,2026-02-27T13:11:00Z,272.38,272.46,272.38,272.44,816,272.42,20
AAPL,2026-02-27T13:12:00Z,272.44,272.49,272.44,272.47,1578,272.47,44
AAPL,2026-02-27T13:13:00Z,272.47,272.56,272.47,272.56,713,272.53,41
AAPL,2026-02-27T13:14:00Z,272.57,272.57,272.51,272.56,2372,272.543,67
AAPL,2026-02-27T13:15:00Z,272.6,272.8,272.6,272.8,3467,272.667,95
AAPL,2026-02-27T13:16:00Z,272.82,273.1,272.4,273.06,7091,272.823,167
AAPL,2026-02-27T13:17:00Z,273.01,273.1,273.01,273.1,1185,273.088,28
AAPL,2026-02-27T13:18:00Z,272.6,272.6,272,272.14,10272,272.407,365
AAPL,2026-02-27T13:19:00Z,272.554,272.554,272.554,272.554,341,272.554,15
AAPL,2026-02-27T13:20:00Z,272.35,272.44,272.35,272.44,828,272.41,20
AAPL,2026-02-27T13:21:00Z,272.56,272.867,272.56,272.867,711,272.714,48
AAPL,2026-02-27T13:24:00Z,272.38,272.38,272.38,272.38,817,272.38,26
AAPL,2026-02-27T13:26:00Z,272.36,272.43,272.36,272.43,2334,272.402,49
AAPL,2026-02-27T13:28:00Z,272.2,272.2,272.2,272.2,709,272.2,19
AAPL,2026-02-27T13:29:00Z,271.93,272.5,271.93,272.49,2633,272.439,85
AAPL,2026-02-27T13:30:00Z,271.92,272.2,271.65,271.8,4464,271.861,146
AAPL,2026-02-27T13:31:00Z,271.717,271.717,271.717,271.717,570,271.717,18
AAPL,2026-02-27T13:32:00Z,271.76,271.76,271.72,271.72,868,271.735,28
AAPL,2026-02-27T13:33:00Z,271.98,271.98,271.98,271.98,695,271.98,28
AAPL,2026-02-27T13:35:00Z,271.84,271.84,271.84,271.84,319,271.84,30
AAPL,2026-02-27T13:36:00Z,271.88,271.88,271.78,271.88,975,271.83,26
AAPL,2026-02-27T13:38:00Z,272,272,271.85,271.85,1574,271.876,36
AAPL,2026-02-27T13:39:00Z,271.85,271.872,271.85,271.872,676,271.864,30
AAPL,2026-02-27T13:40:00Z,271.85,272.04,271.85,271.87,1608,271.919,43
AAPL,2026-02-27T13:41:00Z,272,272,271.89,271.89,1153,271.907,22
AAPL,2026-02-27T13:42:00Z,271.92,272,271.92,272,1786,271.994,37
AAPL,2026-02-27T13:47:00Z,272.19,272.19,272.19,272.19,638,272.19,26
AAPL,2026-02-27T13:48:00Z,272.18,272.21,272.18,272.21,1115,272.191,30
AAPL,2026-02-27T13:49:00Z,272.26,272.38,272.26,272.3,810,272.324,26
AAPL,2026-02-27T13:50:00Z,272.38,272.38,272.38,272.38,284,272.38,24
AAPL,2026-02-27T13:51:00Z,272.191,272.191,272.191,272.191,148,272.191,9
AAPL,2026-02-27T13:52:00Z,272.29,272.33,272.29,272.33,952,272.307,21
AAPL,2026-02-27T13:53:00Z,272.29,272.31,272.29,272.3,1237,272.303,38
AAPL,2026-02-27T13:55:00Z,272.21,272.21,272.21,272.21,484,272.21,25
AAPL,2026-02-27T13:56:00Z,272.23,272.49,272.23,272.242,3725,272.367,69
AAPL,2026-02-27T13:58:00Z,272.5,272.924,272.5,272.924,4581,272.6,136
AAPL,2026-02-27T13:59:00Z,272.6,272.88,272.21,272.21,2150,272.465,50
AAPL,2026-02-27T14:00:00Z,272.78,272.94,272.78,272.94,1866,272.872,57
AAPL,2026-02-27T14:01:00Z,272.77,272.97,272.49,272.84,6690,272.687,212
AAPL,2026-02-27T14:02:00Z,273,273,272.822,272.822,588,272.882,24
AAPL,2026-02-27T14:03:00Z,272.81,272.89,272.81,272.89,448,272.854,25
AAPL,2026-02-27T14:04:00Z,272.85,272.9,272.85,272.9,770,272.883,24
AAPL,2026-02-27T14:05:00Z,272.92,272.92,272.92,272.92,591,272.92,18
AAPL,2026-02-27T14:06:00Z,272.77,272.77,272.77,272.77,1247,272.77,39
AAPL,2026-02-27T14:07:00Z,272.73,272.73,272.73,272.73,403,272.73,21
AAPL,2026-02-27T14:08:00Z,272.6,272.61,272.6,272.61,931,272.603,21
AAPL,2026-02-27T14:11:00Z,272.75,272.75,272.75,272.75,2286,272.75,86
AAPL,2026-02-27T14:12:00Z,272.73,272.73,272.69,272.69,468,272.71,36
AAPL,2026-02-27T14:13:00Z,272.65,272.7,272.64,272.7,1403,272.658,45
AAPL,2026-02-27T14:15:00Z,272.54,272.6,272.54,272.54,1536,272.586,28
AAPL,2026-02-27T14:17:00Z,272.58,272.65,272.58,272.65,2956,272.608,104
AAPL,2026-02-27T14:18:00Z,272.63,272.72,272.58,272.7,5341,272.615,57
AAPL,2026-02-27T14:19:00Z,272.576,272.62,272.576,272.62,728,272.591,31
AAPL,2026-02-27T14:20:00Z,272.52,272.62,272.52,272.564,786,272.55,33
AAPL,2026-02-27T14:21:00Z,272.62,272.752,272.53,272.752,1283,272.629,37
AAPL,2026-02-27T14:22:00Z,272.6,272.62,272.6,272.62,1209,272.606,43
AAPL,2026-02-27T14:23:00Z,272.64,272.75,272.63,272.75,2403,272.654,55
AAPL,2026-02-27T14:24:00Z,272.67,272.73,272.59,272.59,2207,272.665,34
AAPL,2026-02-27T14:25:00Z,272.57,273.12,272.57,273.01,7985,272.956,209
AAPL,2026-02-27T14:26:00Z,272.943,273.12,272.943,273,7325,273.019,105
AAPL,2026-02-27T14:27:00Z,272.935,273.18,272.49,272.65,14198,272.823,310
AAPL,2026-02-27T14:28:00Z,272.68,273,272.64,272.92,4909,272.835,103
AAPL,2026-02-27T14:29:00Z,272.92,272.92,272.72,272.72,5725,272.834,103
AAPL,2026-02-27T14:30:00Z,272.77,272.81,269.8,269.96,1.00489e+06,271.812,14962
AAPL,2026-02-27T14:31:00Z,269.939,270.12,269.2,269.22,234136,269.725,3619
AAPL,2026-02-27T14:32:00Z,269.2,270.06,269.2,269.93,248913,269.807,3654
AAPL,2026-02-27T14:33:00Z,269.91,270,269.59,269.74,151876,269.794,2773
AAPL,2026-02-27T14:34:00Z,269.81,269.99,269.351,269.47,138549,269.585,2624
AAPL,2026-02-27T14:35:00Z,269.47,269.65,269.04,269.395,209397,269.266,3230
AAPL,2026-02-27T14:36:00Z,269.35,269.754,269.19,269.25,162247,269.437,2966
AAPL,2026-02-27T14:37:00Z,269.24,269.745,269.12,269.6,147680,269.474,2395
AAPL,2026-02-27T14:38:00Z,269.66,269.96,269.54,269.9,145538,269.758,2486
AAPL,2026-02-27T14:39:00Z,269.856,269.92,269.33,269.545,159306,269.539,2699
AAPL,2026-02-27T14:40:00Z,269.545,269.74,269.09,269.21,176948,269.458,2885
AAPL,2026-02-27T14:41:00Z,269.283,269.5,269.1,269.19,127061,269.295,2477
AAPL,2026-02-27T14:42:00Z,269.26,269.59,269.22,269.23,142366,269.396,3001
AAPL,2026-02-27T14:43:00Z,269.33,269.38,268.91,269.08,135663,269.118,3019
AAPL,2026-02-27T14:44:00Z,269.11,269.26,268.87,268.975,238724,269.077,3698
AAPL,2026-02-27T14:45:00Z,268.93,269.19,268.76,269.14,146315,268.978,3257
AAPL,2026-02-27T14:46:00Z,269.09,270.25,269.09,270.225,204418,269.732,4257
AAPL,2026-02-27T14:47:00Z,270.22,270.27,269.66,269.875,100881,269.961,2466
AAPL,2026-02-27T14:48:00Z,269.83,270.83,269.8,270.805,135970,270.404,3097
AAPL,2026-02-27T14:49:00Z,270.83,270.92,270.64,270.89,101581,270.79,2643
AAPL,2026-02-27T14:50:00Z,270.89,271.07,270.75,270.75,92275,270.9,2259
AAPL,2026-02-27T14:51:00Z,270.748,271.276,270.748,271.16,84919,271.004,2129
AAPL,2026-02-27T14:52:00Z,271.14,271.3,271.02,271.19,86311,271.137,2182
AAPL,2026-02-27T14:53:00Z,271.18,271.195,270.79,270.965,68069,270.919,2053
AAPL,2026-02-27T14:54:00Z,270.95,271.24,270.81,271.1,91153,271.075,2201
AAPL,2026-02-27T14:55:00Z,271.1,271.12,270.79,270.805,86965,271.031,2269
AAPL,2026-02-27T14:56:00Z,270.795,270.84,270.46,270.475,103887,270.637,2702
AAPL,2026-02-27T14:57:00Z,270.47,270.59,270.285,270.3,86099,270.409,2240
AAPL,2026-02-27T14:58:00Z,270.305,270.95,270.215,270.905,116789,270.578,2537
AAPL,2026-02-27T14:59:00Z,270.917,270.917,270.49,270.64,77717,270.69,1995
AAPL,2026-02-27T15:00:00Z,270.72,271.31,270.56,271.285,156603,270.99,3597
AAPL,2026-02-27T15:01:00Z,271.285,271.4,270.96,271.095,124406,271.184,2912
AAPL,2026-02-27T15:02:00Z,271.09,271.33,270.89,271.07,105901,271.119,2559
AAPL,2026-02-27T15:03:00Z,271.085,271.1,270.31,270.38,77908,270.699,2233
AAPL,2026-02-27T15:04:00Z,270.3,270.3,269.88,270.03,83122,270.06,2969
AAPL,2026-02-27T15:05:00Z,270.01,270.37,269.81,269.925,84547,270.081,4267
AAPL,2026-02-27T15:06:00Z,269.925,270.19,269.895,269.95,79542,270.044,2217
AAPL,2026-02-27T15:07:00Z,269.92,270.189,269.92,270.145,43990,270.052,1786
AAPL,2026-02-27T15:08:00Z,270.14,270.39,270.09,270.27,49325,270.209,1943
AAPL,2026-02-27T15:09:00Z,270.26,270.27,269.795,269.84,77014,270.026,2235
AAPL,2026-02-27T15:10:00Z,269.88,270.1,269.835,270.065,68128,270.008,2272
AAPL,2026-02-27T15:11:00Z,270.1,270.33,270.02,270.235,81680,270.181,2266
AAPL,2026-02-27T15:12:00Z,270.24,270.24,269.79,269.79,101859,270.021,2412
AAPL,2026-02-27T15:13:00Z,269.805,270.06,269.63,269.73,81517,269.833,2325
AAPL,2026-02-27T15:14:00Z,269.739,269.79,269.46,269.52,90844,269.62,2350
AAPL,2026-02-27T15:15:00Z,269.53,269.7,269.39,269.44,87476,269.547,2178
AAPL,2026-02-27T15:16:00Z,269.4,269.4,268.95,268.96,94548,269.179,2568
AAPL,2026-02-27T15:17:00Z,268.95,269.14,268.92,269.1,612556,269.027,2332
AAPL,2026-02-27T15:18:00Z,269.07,269.21,269.02,269.18,98426,269.115,2725
AAPL,2026-02-27T15:19:00Z,269.17,269.39,269.01,269.36,94945,269.232,2415
AAPL,2026-02-27T15:20:00Z,269.32,269.85,269.24,269.795,97941,269.603,2365
AAPL,2026-02-27T15:21:00Z,269.79,269.79,269.42,269.435,54242,269.605,1839
AAPL,2026-02-27T15:22:00Z,269.406,269.45,269.145,269.19,47245,269.251,1771
AAPL,2026-02-27T15:23:00Z,269.2,269.342,269.16,269.322,39018,269.229,1757
AAPL,2026-02-27T15:24:00Z,269.315,269.585,269.27,269.41,64860,269.413,1856
AAPL,2026-02-27T15:25:00Z,269.4,269.413,269.21,269.24,49765,269.328,1693
AAPL,2026-02-27T15:26:00Z,269.215,269.215,268.7,268.74,168316,268.87,3495
AAPL,2026-02-27T15:27:00Z,268.75,268.77,268.47,268.575,111586,268.615,2992
AAPL,2026-02-27T15:28:00Z,268.57,268.635,268.375,268.375,74646,268.492,2328
AAPL,2026-02-27T15:29:00Z,268.375,268.57,268.3,268.5,94604,268.399,2510
AAPL,2026-02-27T15:30:00Z,268.47,268.87,268.43,268.83,81774,268.641,2237
AAPL,2026-02-27T15:31:00Z,268.85,268.85,268.42,268.54,72499,268.647,2150
AAPL,2026-02-27T15:32:00Z,268.56,268.58,268.192,268.31,95025,268.355,2725
AAPL,2026-02-27T15:33:00Z,268.28,268.56,268.2,268.405,91313,268.358,2376
AAPL,2026-02-27T15:34:00Z,268.39,268.505,268.2,268.31,74463,268.327,2223
AAPL,2026-02-27T15:35:00Z,268.31,268.47,268.27,268.42,61529,268.355,1934
AAPL,2026-02-27T15:36:00Z,268.42,268.76,268.37,268.66,89253,268.574,2337
AAPL,2026-02-27T15:37:00Z,268.68,268.98,268.68,268.8,72551,268.855,2138
AAPL,2026-02-27T15:38:00Z,268.78,268.87,268.54,268.832,62084,268.716,2052
AAPL,2026-02-27T15:39:00Z,268.84,268.85,268.55,268.585,56420,268.698,1940
AAPL,2026-02-27T15:40:00Z,268.59,268.812,268.281,268.7,146579,268.555,3549
AAPL,2026-02-27T15:41:00Z,268.7,268.82,268.57,268.7,64683,268.679,1871
AAPL,2026-02-27T15:42:00Z,268.69,268.82,268.3,268.57,105807,268.488,2864
AAPL,2026-02-27T15:43:00Z,268.521,268.9,268.45,268.785,86899,268.705,2461
AAPL,2026-02-27T15:44:00Z,268.81,268.86,268.64,268.705,63909,268.728,1903
AAPL,2026-02-27T15:45:00Z,268.69,269.09,268.6,269.06,96662,268.896,2514
AAPL,2026-02-27T15:46:00Z,269.06,269.06,268.87,269.03,90538,268.951,2597
AAPL,2026-02-27T15:47:00Z,269.02,269.09,268.73,268.77,54776,268.894,1823
AAPL,2026-02-27T15:48:00Z,268.76,269.02,268.61,269.02,79506,268.847,2192
AAPL,2026-02-27T15:49:00Z,268.95,269.132,268.85,268.95,58358,269.013,1864
AAPL,2026-02-27T15:50:00Z,268.94,269.03,268.76,268.791,48684,268.881,1750
AAPL,2026-02-27T15:51:00Z,268.8,268.8,268.44,268.46,60217,268.568,1975
AAPL,2026-02-27T15:52:00Z,268.479,268.81,268.479,268.77,65729,268.675,2105
AAPL,2026-02-27T15:53:00Z,268.775,268.975,268.41,268.455,91926,268.725,2417
AAPL,2026-02-27T15:54:00Z,268.445,268.53,268.39,268.521,59407,268.463,1818
AAPL,2026-02-27T15:55:00Z,268.51,268.64,268.38,268.51,68710,268.502,1923
AAPL,2026-02-27T15:56:00Z,268.56,268.795,268.43,268.63,48582,268.612,1785
AAPL,2026-02-27T15:57:00Z,268.62,268.83,268.5,268.791,40943,268.67,1555
AAPL,2026-02-27T15:58:00Z,268.8,268.8,268.66,268.72,42352,268.738,1554
AAPL,2026-02-27T15:59:00Z,268.71,268.91,268.64,268.91,39775,268.796,1700
AAPL,2026-02-27T16:00:00Z,268.89,269.26,268.85,269.155,71100,269.041,2292
AAPL,2026-02-27T16:01:00Z,269.17,269.44,269.14,269.41,69585,269.261,1965
AAPL,2026-02-27T16:02:00Z,269.395,269.64,269.38,269.58,72719,269.52,2056
AAPL,2026-02-27T16:03:00Z,269.56,269.586,269.43,269.5,64451,269.493,2023
AAPL,2026-02-27T16:04:00Z,269.48,269.52,269.42,269.45,45203,269.469,1852
AAPL,2026-02-27T16:05:00Z,269.445,269.48,269.32,269.385,56755,269.391,1819
AAPL,2026-02-27T16:06:00Z,269.38,269.38,269.16,269.235,57198,269.248,1937
AAPL,2026-02-27T16:07:00Z,269.24,269.258,269.01,269.01,35249,269.148,1702
AAPL,2026-02-27T16:08:00Z,269,269.035,268.89,268.93,71262,268.957,2264
AAPL,2026-02-27T16:09:00Z,268.9,268.9,268.69,268.72,64198,268.749,2123
AAPL,2026-02-27T16:10:00Z,268.72,268.85,268.72,268.725,33164,268.79,1759
AAPL,2026-02-27T16:11:00Z,268.735,268.85,268.65,268.705,84147,268.745,2242
AAPL,2026-02-27T16:12:00Z,268.72,268.73,268.21,268.31,71770,268.481,2371
AAPL,2026-02-27T16:13:00Z,268.34,268.55,268.305,268.405,90786,268.429,2422
AAPL,2026-02-27T16:14:00Z,268.4,268.44,268.32,268.42,41790,268.391,1792
AAPL,2026-02-27T16:15:00Z,268.42,268.52,268.35,268.475,43822,268.45,1813
AAPL,2026-02-27T16:16:00Z,268.475,268.5,268.23,268.32,72418,268.317,1930
AAPL,2026-02-27T16:17:00Z,268.35,268.53,268.28,268.49,55735,268.423,1719
AAPL,2026-02-27T16:18:00Z,268.51,268.66,268.38,268.59,66434,268.527,1932
AAPL,2026-02-27T16:19:00Z,268.59,268.67,268.485,268.595,54370,268.577,1938
AAPL,2026-02-27T16:20:00Z,268.58,268.58,268.39,268.45,57272,268.504,2080
AAPL,2026-02-27T16:21:00Z,268.46,268.635,268.44,268.49,61746,268.554,1959
AAPL,2026-02-27T16:22:00Z,268.49,268.55,268.39,268.45,47361,268.461,1902
AAPL,2026-02-27T16:23:00Z,268.445,268.52,268.41,268.48,52109,268.474,1913
AAPL,2026-02-27T16:24:00Z,268.48,268.81,268.43,268.75,85140,268.637,2118
AAPL,2026-02-27T16:25:00Z,268.755,268.83,268.62,268.76,85090,268.76,2224
AAPL,2026-02-27T16:26:00Z,268.735,268.95,268.71,268.9,40286,268.856,1743
AAPL,2026-02-27T16:27:00Z,268.9,268.925,268.68,268.71,48816,268.801,1814
AAPL,2026-02-27T16:28:00Z,268.68,268.98,268.63,268.98,71271,268.797,2021
AAPL,2026-02-27T16:29:00Z,268.998,269.13,268.95,269.055,56287,269.038,1853
AAPL,2026-02-27T16:30:00Z,269.07,269.42,269.05,269.385,64791,269.261,2065
AAPL,2026-02-27T16:31:00Z,269.422,269.422,269.11,269.195,49864,269.231,1902
AAPL,2026-02-27T16:32:00Z,269.2,269.2,269.02,269.2,50616,269.109,1869
AAPL,2026-02-27T16:33:00Z,269.194,269.24,269.065,269.187,38801,269.155,1574
AAPL,2026-02-27T16:34:00Z,269.19,269.32,269.165,269.32,49517,269.249,1761
AAPL,2026-02-27T16:35:00Z,269.33,269.44,269.31,269.44,50346,269.383,1765
AAPL,2026-02-27T16:36:00Z,269.43,269.52,269.24,269.276,93004,269.355,2189
AAPL,2026-02-27T16:37:00Z,269.29,269.395,269.28,269.385,42364,269.327,1440
AAPL,2026-02-27T16:38:00Z,269.41,269.48,269.23,269.26,57177,269.375,1929
AAPL,2026-02-27T16:39:00Z,269.26,269.28,269.02,269.12,54649,269.127,1903
AAPL,2026-02-27T16:40:00Z,269.05,269.05,268.822,268.94,43637,268.93,1844
AAPL,2026-02-27T16:41:00Z,268.97,269.16,268.86,269.085,44653,269.052,1729
AAPL,2026-02-27T16:42:00Z,269.07,269.12,268.99,269.07,27558,269.047,1481
AAPL,2026-02-27T16:43:00Z,269.055,269.07,268.845,269.015,32214,268.951,1488
AAPL,2026-02-27T16:44:00Z,268.99,269.06,268.815,268.83,26197,268.903,1379
AAPL,2026-02-27T16:45:00Z,268.845,269,268.76,268.87,34581,268.869,1618
AAPL,2026-02-27T16:46:00Z,268.85,268.87,268.725,268.77,27113,268.797,1496
AAPL,2026-02-27T16:47:00Z,268.785,268.785,268.6,268.66,25939,268.671,1413
AAPL,2026-02-27T16:48:00Z,268.665,268.7,268.59,268.63,44660,268.643,1488
AAPL,2026-02-27T16:49:00Z,268.63,268.69,268.58,268.6,23925,268.637,1333
AAPL,2026-02-27T16:50:00Z,268.6,268.78,268.6,268.72,38994,268.696,1665
AAPL,2026-02-27T16:51:00Z,268.72,269,268.643,268.97,54701,268.79,1866
AAPL,2026-02-27T16:52:00Z,268.965,269.19,268.89,269.139,69920,269.009,1680
AAPL,2026-02-27T16:53:00Z,269.14,269.24,269.04,269.095,32180,269.115,1555
AAPL,2026-02-27T16:54:00Z,269.1,269.23,269.085,269.185,19892,269.166,1344
AAPL,2026-02-27T16:55:00Z,269.2,269.36,269.19,269.325,40854,269.304,1729
AAPL,2026-02-27T16:56:00Z,269.3,269.4,269.19,269.19,36830,269.312,1557
AAPL,2026-02-27T16:57:00Z,269.21,269.23,269.05,269.05,36000,269.154,1641
AAPL,2026-02-27T16:58:00Z,269.06,269.065,268.94,268.95,29012,269.002,1482
AAPL,2026-02-27T16:59:00Z,268.982,268.982,268.56,268.63,58478,268.678,1798
AAPL,2026-02-27T17:00:00Z,268.63,268.8,268.605,268.76,63408,268.699,2120
AAPL,2026-02-27T17:01:00Z,268.76,268.85,268.68,268.8,50998,268.774,1082
AAPL,2026-02-27T17:02:00Z,268.82,268.94,268.78,268.9,27049,268.864,689
AAPL,2026-02-27T17:03:00Z,268.9,269,268.875,268.98,36701,268.946,793
AAPL,2026-02-27T17:04:00Z,268.985,269.1,268.975,269.025,26464,269.021,681
AAPL,2026-02-27T17:05:00Z,269.02,269.2,268.98,269.155,44717,269.1,1059
AAPL,2026-02-27T17:06:00Z,269.14,269.18,268.81,268.866,61383,268.993,1282
AAPL,2026-02-27T17:07:00Z,268.885,269.12,268.88,268.95,53637,268.991,1201
AAPL,2026-02-27T17:08:00Z,268.96,269.11,268.92,269.068,41449,269.014,1114
AAPL,2026-02-27T17:09:00Z,269.05,269.12,268.925,268.955,35868,269.032,816
AAPL,2026-02-27T17:10:00Z,268.955,268.965,268.75,268.75,39374,268.856,1003
AAPL,2026-02-27T17:11:00Z,268.79,268.79,268.595,268.67,55994,268.69,1185
AAPL,2026-02-27T17:12:00Z,268.65,268.65,268.53,268.53,21943,268.61,771
AAPL,2026-02-27T17:13:00Z,268.53,268.54,268.3,268.302,62331,268.461,1363
AAPL,2026-02-27T17:14:00Z,268.325,268.36,267.93,267.969,118677,268.121,2793
AAPL,2026-02-27T17:15:00Z,267.935,267.94,267.77,267.86,75817,267.861,1484
AAPL,2026-02-27T17:16:00Z,267.86,267.87,267.71,267.735,35715,267.783,906
AAPL,2026-02-27T17:17:00Z,267.72,267.78,267.63,267.68,56152,267.706,1262
AAPL,2026-02-27T17:18:00Z,267.67,267.735,267.64,267.67,56240,267.689,980
AAPL,2026-02-27T17:19:00Z,267.64,267.88,267.53,267.805,80756,267.674,1762
AAPL,2026-02-27T17:20:00Z,267.84,267.9,267.555,267.63,40361,267.714,994
AAPL,2026-02-27T17:21:00Z,267.62,267.68,267.51,267.55,37101,267.616,925
AAPL,2026-02-27T17:22:00Z,267.55,267.56,267.28,267.31,70644,267.415,1641
AAPL,2026-02-27T17:23:00Z,267.322,267.48,267.27,267.45,55301,267.349,1388
AAPL,2026-02-27T17:24:00Z,267.4,267.64,267.38,267.54,77463,267.515,1690
AAPL,2026-02-27T17:25:00Z,267.54,267.84,267.462,267.8,121828,267.714,2085
AAPL,2026-02-27T17:26:00Z,267.805,268.01,267.75,267.775,78496,267.913,1325
AAPL,2026-02-27T17:27:00Z,267.77,267.89,267.62,267.64,42644,267.705,1266
AAPL,2026-02-27T17:28:00Z,267.635,267.94,267.61,267.925,46251,267.821,1255
AAPL,2026-02-27T17:29:00Z,267.92,267.95,267.8,267.884,40490,267.882,1034
AAPL,2026-02-27T17:30:00Z,267.87,268.26,267.73,267.93,103239,267.949,2421
AAPL,2026-02-27T17:31:00Z,267.94,267.94,267.5,267.76,95340,267.681,2421
AAPL,2026-02-27T17:32:00Z,267.73,268.135,267.71,268.08,74175,267.987,1665
AAPL,2026-02-27T17:33:00Z,268.08,268.08,267.76,267.96,48033,267.866,929
AAPL,2026-02-27T17:34:00Z,267.948,268.2,267.945,268.1,53517,268.075,1063
AAPL,2026-02-27T17:35:00Z,268.11,268.14,267.98,268.06,62168,268.059,1139
AAPL,2026-02-27T17:36:00Z,268.04,268.18,267.98,268.005,43646,268.089,1066
AAPL,2026-02-27T17:37:00Z,268.01,268.08,267.92,268.055,33100,267.983,848
AAPL,2026-02-27T17:38:00Z,268.065,268.17,267.95,268,48248,268.075,1117
AAPL,2026-02-27T17:39:00Z,267.97,268.02,267.71,267.758,56067,267.849,1247
AAPL,2026-02-27T17:40:00Z,267.735,267.809,267.58,267.58,34153,267.679,933
AAPL,2026-02-27T17:41:00Z,267.6,267.71,267.54,267.68,32210,267.617,952
AAPL,2026-02-27T17:42:00Z,267.71,267.71,267.43,267.45,40348,267.518,946
AAPL,2026-02-27T17:43:00Z,267.46,267.6,267.46,267.51,43473,267.534,1144
AAPL,2026-02-27T17:44:00Z,267.51,267.57,267.33,267.39,47022,267.453,1123
AAPL,2026-02-27T17:45:00Z,267.39,267.39,267.11,267.114,45973,267.249,1155
AAPL,2026-02-27T17:46:00Z,267.125,267.17,266.96,267.055,66193,267.036,1815
AAPL,2026-02-27T17:47:00Z,267.02,267.058,266.929,266.95,39550,266.988,1088
AAPL,2026-02-27T17:48:00Z,266.94,266.98,266.875,266.89,44855,266.925,1095
AAPL,2026-02-27T17:49:00Z,266.92,267.05,266.853,266.975,55355,266.954,1244
AAPL,2026-02-27T17:50:00Z,266.99,267.267,266.96,267.2,86453,267.139,1647
AAPL,2026-02-27T17:51:00Z,267.205,267.29,266.98,267.15,49708,267.125,1253
AAPL,2026-02-27T17:52:00Z,267.13,267.22,267.085,267.15,37099,267.138,1099
AAPL,2026-02-27T17:53:00Z,267.17,267.43,267.17,267.41,58611,267.321,1320
AAPL,2026-02-27T17:54:00Z,267.43,267.445,267.33,267.36,28369,267.397,856
AAPL,2026-02-27T17:55:00Z,267.345,267.43,267.28,267.35,39032,267.358,1118
AAPL,2026-02-27T17:56:00Z,267.29,267.35,267.21,267.24,36159,267.27,1012
AAPL,2026-02-27T17:57:00Z,267.25,267.325,267.165,267.29,36915,267.247,979
AAPL,2026-02-27T17:58:00Z,267.33,267.37,267.224,267.34,26518,267.307,840
AAPL,2026-02-27T17:59:00Z,267.34,267.34,267.085,267.085,36975,267.172,1042
AAPL,2026-02-27T18:00:00Z,267.075,267.46,267.075,267.32,92296,267.285,1616
AAPL,2026-02-27T18:01:00Z,267.32,267.36,267.135,267.145,74648,267.232,1378
AAPL,2026-02-27T18:02:00Z,267.16,267.19,266.94,267.015,45251,267.066,1202
AAPL,2026-02-27T18:03:00Z,267.015,267.03,266.91,267,37436,266.979,926
AAPL,2026-02-27T18:04:00Z,266.99,267.09,266.92,266.92,43009,267.014,1031
AAPL,2026-02-27T18:05:00Z,266.95,266.96,266.75,266.775,59160,266.857,1360
AAPL,2026-02-27T18:06:00Z,266.775,266.905,266.75,266.81,55057,266.838,1186
AAPL,2026-02-27T18:07:00Z,266.85,266.94,266.78,266.88,51427,266.883,1017
AAPL,2026-02-27T18:08:00Z,266.86,266.97,266.83,266.93,36491,266.911,821
AAPL,2026-02-27T18:09:00Z,266.93,266.99,266.72,266.79,50389,266.854,1253
AAPL,2026-02-27T18:10:00Z,266.77,266.88,266.72,266.87,43491,266.796,1043
AAPL,2026-02-27T18:11:00Z,266.87,266.93,266.785,266.83,29333,266.873,873
AAPL,2026-02-27T18:12:00Z,266.81,266.84,266.58,266.615,78229,266.715,1154
AAPL,2026-02-27T18:13:00Z,266.615,266.73,266.615,266.72,47965,266.682,1045
AAPL,2026-02-27T18:14:00Z,266.688,266.688,266.465,266.465,56436,266.58,1243
AAPL,2026-02-27T18:15:00Z,266.465,266.53,266.38,266.39,63224,266.44,1484
AAPL,2026-02-27T18:16:00Z,266.395,266.5,266.36,266.47,45382,266.418,1131
AAPL,2026-02-27T18:17:00Z,266.48,266.48,266.36,266.42,46911,266.403,1184
AAPL,2026-02-27T18:18:00Z,266.44,266.52,266.42,266.425,70394,266.464,1054
AAPL,2026-02-27T18:19:00Z,266.4,266.45,266.358,266.4,35459,266.389,955
AAPL,2026-02-27T18:20:00Z,266.39,266.48,266.32,266.45,53091,266.402,1245
AAPL,2026-02-27T18:21:00Z,266.44,266.45,266.26,266.295,49509,266.353,1036
AAPL,2026-02-27T18:22:00Z,266.29,266.52,266.265,266.49,49297,266.403,1058
AAPL,2026-02-27T18:23:00Z,266.49,266.49,266.33,266.37,35897,266.41,913
AAPL,2026-02-27T18:24:00Z,266.38,266.43,266.23,266.26,40006,266.314,995
AAPL,2026-02-27T18:25:00Z,266.23,266.262,265.95,265.955,88530,266.085,2090
AAPL,2026-02-27T18:26:00Z,265.981,266.06,265.95,265.95,37051,266,1012
AAPL,2026-02-27T18:27:00Z,265.97,265.99,265.88,265.907,39772,265.918,1120
AAPL,2026-02-27T18:28:00Z,265.915,266.06,265.884,265.98,91734,265.975,1782
AAPL,2026-02-27T18:29:00Z,265.98,266.22,265.951,265.951,67011,266.096,1399
AAPL,2026-02-27T18:30:00Z,265.95,266.13,265.9,266.12,61636,265.99,1174
AAPL,2026-02-27T18:31:00Z,266.1,266.25,266.01,266.23,42697,266.132,997
AAPL,2026-02-27T18:32:00Z,266.235,266.235,266.05,266.105,32932,266.125,830
AAPL,2026-02-27T18:33:00Z,266.09,266.24,266.01,266.16,48865,266.128,997
AAPL,2026-02-27T18:34:00Z,266.165,266.31,266.13,266.14,42659,266.217,980
AAPL,2026-02-27T18:35:00Z,266.145,266.312,266.13,266.245,55553,266.245,1096
AAPL,2026-02-27T18:36:00Z,266.23,266.32,266.17,266.24,36227,266.266,828
AAPL,2026-02-27T18:37:00Z,266.25,266.25,265.88,265.915,60517,266.03,1109
AAPL,2026-02-27T18:38:00Z,265.93,266.04,265.87,266.01,32859,265.94,810
AAPL,2026-02-27T18:39:00Z,266.04,266.1,265.9,265.95,44185,265.982,958
AAPL,2026-02-27T18:40:00Z,265.94,266.12,265.91,266.08,37215,266.036,833
AAPL,2026-02-27T18:41:00Z,266.09,266.19,266.06,266.14,44939,266.119,973
AAPL,2026-02-27T18:42:00Z,266.15,266.18,266.025,266.025,59421,266.139,831
AAPL,2026-02-27T18:43:00Z,266.02,266.06,265.87,266,37158,265.987,824
AAPL,2026-02-27T18:44:00Z,266.01,266.12,265.99,266.01,30203,266.057,761
AAPL,2026-02-27T18:45:00Z,266.01,266.13,266,266.095,38731,266.066,700
AAPL,2026-02-27T18:46:00Z,266.095,266.169,265.978,266.025,36654,266.06,825
AAPL,2026-02-27T18:47:00Z,266.04,266.27,265.981,266.2,32351,266.1,745
AAPL,2026-02-27T18:48:00Z,266.21,266.22,265.885,265.91,43929,266.042,949
AAPL,2026-02-27T18:49:00Z,265.91,265.92,265.85,265.92,40686,265.877,995
AAPL,2026-02-27T18:50:00Z,265.945,266.055,265.915,265.97,38491,265.988,814
AAPL,2026-02-27T18:51:00Z,265.98,266.19,265.94,266.11,47421,266.084,856
AAPL,2026-02-27T18:52:00Z,266.138,266.27,266.01,266.22,34866,266.135,780
AAPL,2026-02-27T18:53:00Z,266.202,266.223,266.06,266.14,60266,266.135,1095
AAPL,2026-02-27T18:54:00Z,266.18,266.21,266.02,266.02,26518,266.14,708
AAPL,2026-02-27T18:55:00Z,266.018,266.14,266.01,266.14,38376,266.075,691
AAPL,2026-02-27T18:56:00Z,266.15,266.15,265.97,265.98,42137,266.039,823
AAPL,2026-02-27T18:57:00Z,266,266.05,265.95,266.02,26928,265.989,701
AAPL,2026-02-27T18:58:00Z,266.02,266.23,265.96,266.23,47261,266.098,860
AAPL,2026-02-27T18:59:00Z,266.22,266.318,266.11,266.17,41240,266.208,1008
AAPL,2026-02-27T19:00:00Z,266.18,266.24,266.05,266.05,46768,266.151,890
AAPL,2026-02-27T19:01:00Z,266.045,266.19,266.045,266.14,42348,266.104,867
AAPL,2026-02-27T19:02:00Z,266.13,266.24,266.115,266.24,35703,266.172,792
AAPL,2026-02-27T19:03:00Z,266.24,266.335,266.19,266.324,56784,266.26,1019
AAPL,2026-02-27T19:04:00Z,266.325,266.45,266.284,266.295,56024,266.352,1099
AAPL,2026-02-27T19:05:00Z,266.31,266.34,266.23,266.295,60469,266.276,942
AAPL,2026-02-27T19:06:00Z,266.287,266.49,266.28,266.34,48788,266.368,1013
AAPL,2026-02-27T19:07:00Z,266.34,266.43,266.19,266.23,60384,266.312,1155
AAPL,2026-02-27T19:08:00Z,266.23,266.23,266.03,266.06,44494,266.087,994
AAPL,2026-02-27T19:09:00Z,266.05,266.05,265.65,265.79,65155,265.821,1628
AAPL,2026-02-27T19:10:00Z,265.8,265.81,265.68,265.721,69413,265.74,1109
AAPL,2026-02-27T19:11:00Z,265.76,265.82,265.71,265.78,74313,265.762,1059
AAPL,2026-02-27T19:12:00Z,265.8,265.88,265.79,265.84,70934,265.833,1223
AAPL,2026-02-27T19:13:00Z,265.86,265.97,265.81,265.85,88624,265.887,1448
AAPL,2026-02-27T19:14:00Z,265.88,266.19,265.865,266.135,77706,266.074,1361
AAPL,2026-02-27T19:15:00Z,266.15,266.19,266,266.07,35443,266.101,742
AAPL,2026-02-27T19:16:00Z,266.06,266.17,266.03,266.15,46546,266.108,783
AAPL,2026-02-27T19:17:00Z,266.145,266.39,266.13,266.37,52544,266.274,929
AAPL,2026-02-27T19:18:00Z,266.405,266.425,266.13,266.17,46428,266.288,945
AAPL,2026-02-27T19:19:00Z,266.17,266.3,266.09,266.091,53455,266.176,1149
AAPL,2026-02-27T19:20:00Z,266.11,266.11,266.01,266.056,46754,266.067,836
AAPL,2026-02-27T19:21:00Z,266.055,266.055,265.78,265.8,51838,265.934,1036
AAPL,2026-02-27T19:22:00Z,265.805,265.845,265.635,265.67,45424,265.761,980
AAPL,2026-02-27T19:23:00Z,265.68,265.815,265.57,265.57,55271,265.679,1087
AAPL,2026-02-27T19:24:00Z,265.585,265.64,265.55,265.615,36634,265.607,788
AAPL,2026-02-27T19:25:00Z,265.63,265.69,265.5,265.505,53700,265.61,956
AAPL,2026-02-27T19:26:00Z,265.505,265.75,265.48,265.67,95077,265.622,1530
AAPL,2026-02-27T19:27:00Z,265.68,265.81,265.68,265.72,43457,265.752,844
AAPL,2026-02-27T19:28:00Z,265.73,265.77,265.68,265.76,43929,265.724,835
AAPL,2026-02-27T19:29:00Z,265.74,265.82,265.726,265.73,36338,265.775,804
AAPL,2026-02-27T19:30:00Z,265.73,265.73,265.56,265.58,50232,265.599,853
AAPL,2026-02-27T19:31:00Z,265.57,265.655,265.53,265.6,33383,265.592,723
AAPL,2026-02-27T19:32:00Z,265.6,265.65,265.51,265.53,45586,265.591,843
AAPL,2026-02-27T19:33:00Z,265.55,265.72,265.38,265.68,119879,265.525,1706
AAPL,2026-02-27T19:34:00Z,265.69,265.95,265.665,265.935,91036,265.817,1384
AAPL,2026-02-27T19:35:00Z,265.92,266.1,265.88,265.9,100985,265.966,1755
AAPL,2026-02-27T19:36:00Z,265.9,266.035,265.89,266,52499,265.955,881
AAPL,2026-02-27T19:37:00Z,265.97,266.09,265.92,266.025,51045,266.014,958
AAPL,2026-02-27T19:38:00Z,266.04,266.14,265.9,266,124740,266.005,1254
AAPL,2026-02-27T19:39:00Z,265.985,266.22,265.97,266.12,80136,266.091,1437
AAPL,2026-02-27T19:40:00Z,266.13,266.15,265.8,265.81,62275,266.005,1132
AAPL,2026-02-27T19:41:00Z,265.82,265.82,265.53,265.53,43632,265.696,976
AAPL,2026-02-27T19:42:00Z,265.53,265.61,265.42,265.42,46093,265.503,932
AAPL,2026-02-27T19:43:00Z,265.405,265.52,265.375,265.41,58367,265.454,1152
AAPL,2026-02-27T19:44:00Z,265.43,265.43,265.27,265.4,74853,265.368,1328
AAPL,2026-02-27T19:45:00Z,265.42,265.565,265.365,265.49,57609,265.467,1123
AAPL,2026-02-27T19:46:00Z,265.505,265.6,265.35,265.555,50681,265.49,841
AAPL,2026-02-27T19:47:00Z,265.555,265.63,265.5,265.575,49146,265.549,954
AAPL,2026-02-27T19:48:00Z,265.57,265.62,265.421,265.45,51249,265.509,1014
AAPL,2026-02-27T19:49:00Z,265.45,265.47,265.341,265.35,36518,265.41,726
AAPL,2026-02-27T19:50:00Z,265.36,265.46,265.31,265.42,50825,265.399,927
AAPL,2026-02-27T19:51:00Z,265.4,265.41,265.315,265.36,44787,265.343,856
AAPL,2026-02-27T19:52:00Z,265.35,265.415,265.27,265.39,33650,265.353,828
AAPL,2026-02-27T19:53:00Z,265.4,265.5,265.34,265.441,28587,265.405,692
AAPL,2026-02-27T19:54:00Z,265.45,265.54,265.3,265.37,57876,265.46,1153
AAPL,2026-02-27T19:55:00Z,265.365,265.4,265.27,265.39,45889,265.35,1071
AAPL,2026-02-27T19:56:00Z,265.39,265.48,265.37,265.37,49635,265.441,925
AAPL,2026-02-27T19:57:00Z,265.37,265.42,265.28,265.39,54157,265.351,1021
AAPL,2026-02-27T19:58:00Z,265.415,265.43,265.26,265.305,46927,265.338,955
AAPL,2026-02-27T19:59:00Z,265.3,265.41,265.29,265.35,62199,265.335,1235
AAPL,2026-02-27T20:00:00Z,265.37,265.46,265.28,265.34,75919,265.376,1227
AAPL,2026-02-27T20:01:00Z,265.35,265.51,265.32,265.47,36440,265.405,882
AAPL,2026-02-27T20:02:00Z,265.46,265.59,265.45,265.585,37177,265.532,891
AAPL,2026-02-27T20:03:00Z,265.58,265.59,265.406,265.46,55474,265.498,1176
AAPL,2026-02-27T20:04:00Z,265.49,265.56,265.355,265.39,47792,265.464,959
AAPL,2026-02-27T20:05:00Z,265.395,265.58,265.381,265.525,101479,265.477,1634
AAPL,2026-02-27T20:06:00Z,265.55,265.58,265.365,265.39,62558,265.489,1102
AAPL,2026-02-27T20:07:00Z,265.4,265.56,265.36,265.55,76188,265.461,1696
AAPL,2026-02-27T20:08:00Z,265.59,265.75,265.57,265.61,41365,265.681,976
AAPL,2026-02-27T20:09:00Z,265.621,265.65,265.48,265.6,52190,265.562,1155
AAPL,2026-02-27T20:10:00Z,265.62,265.93,265.6,265.93,111369,265.756,1943
AAPL,2026-02-27T20:11:00Z,265.925,266.11,265.85,266.109,87531,265.97,1332
AAPL,2026-02-27T20:12:00Z,266.1,266.3,266.055,266.25,105195,266.159,1634
AAPL,2026-02-27T20:13:00Z,266.25,266.295,266.13,266.14,89663,266.202,1368
AAPL,2026-02-27T20:14:00Z,266.14,266.45,266.14,266.45,68716,266.322,1088
AAPL,2026-02-27T20:15:00Z,266.46,266.62,266.45,266.61,131858,266.554,1789
AAPL,2026-02-27T20:16:00Z,266.61,266.68,266.45,266.541,74139,266.571,1418
AAPL,2026-02-27T20:17:00Z,266.55,266.66,266.47,266.66,83369,266.575,1505
AAPL,2026-02-27T20:18:00Z,266.66,266.72,266.52,266.705,75824,266.628,1162
AAPL,2026-02-27T20:19:00Z,266.705,266.88,266.67,266.85,76847,266.781,1431
AAPL,2026-02-27T20:20:00Z,266.86,266.87,266.6,266.7,80118,266.696,1282
AAPL,2026-02-27T20:21:00Z,266.705,266.85,266.58,266.84,77550,266.736,1255
AAPL,2026-02-27T20:22:00Z,266.84,266.89,266.725,266.755,69681,266.82,1098
AAPL,2026-02-27T20:23:00Z,266.766,266.85,266.72,266.83,63222,266.768,1162
AAPL,2026-02-27T20:24:00Z,266.83,266.9,266.62,266.62,74284,266.767,1257
AAPL,2026-02-27T20:25:00Z,266.61,266.65,266.46,266.575,80498,266.547,1278
AAPL,2026-02-27T20:26:00Z,266.57,266.79,266.545,266.72,87671,266.629,1559
AAPL,2026-02-27T20:27:00Z,266.715,266.74,266.58,266.61,62486,266.642,1136
AAPL,2026-02-27T20:28:00Z,266.59,266.74,266.57,266.69,66980,266.676,1249
AAPL,2026-02-27T20:29:00Z,266.685,266.725,266.62,266.64,58708,266.678,1124
AAPL,2026-02-27T20:30:00Z,266.63,266.63,266.31,266.345,130824,266.513,2511
AAPL,2026-02-27T20:31:00Z,266.36,266.38,266,266.03,194138,266.219,3745
AAPL,2026-02-27T20:32:00Z,266,266.2,265.91,265.965,155527,266.049,2406
AAPL,2026-02-27T20:33:00Z,265.965,266.095,265.88,265.91,159074,265.978,1829
AAPL,2026-02-27T20:34:00Z,265.9,265.92,265.57,265.63,126305,265.718,2458
AAPL,2026-02-27T20:35:00Z,265.63,265.64,265.36,265.39,143634,265.523,2260
AAPL,2026-02-27T20:36:00Z,265.395,265.725,265.395,265.53,151987,265.584,2218
AAPL,2026-02-27T20:37:00Z,265.5,265.71,265.326,265.326,197214,265.543,2448
AAPL,2026-02-27T20:38:00Z,265.31,265.47,265.165,265.26,161447,265.301,2348
AAPL,2026-02-27T20:39:00Z,265.24,265.39,265.2,265.25,109574,265.31,1819
AAPL,2026-02-27T20:40:00Z,265.23,265.35,265.19,265.235,162165,265.266,2220
AAPL,2026-02-27T20:41:00Z,265.25,265.29,264.97,264.97,222404,265.142,4424
AAPL,2026-02-27T20:42:00Z,264.98,265.18,264.945,265.18,142843,265.016,2223
AAPL,2026-02-27T20:43:00Z,265.19,265.25,265.08,265.235,132208,265.146,2046
AAPL,2026-02-27T20:44:00Z,265.22,265.29,264.83,264.865,173200,264.965,2815
AAPL,2026-02-27T20:45:00Z,264.86,264.95,264.77,264.935,219112,264.852,3101
AAPL,2026-02-27T20:46:00Z,264.93,265.24,264.83,265.015,240800,265.016,3047
AAPL,2026-02-27T20:47:00Z,265.015,265.195,265.01,265.05,154194,265.1,2308
AAPL,2026-02-27T20:48:00Z,265.06,265.17,264.92,264.925,148689,265.037,2400
AAPL,2026-02-27T20:49:00Z,264.94,265.08,264.801,265.08,246231,264.962,2986
AAPL,2026-02-27T20:50:00Z,265.11,265.18,264.03,264.76,567157,264.618,8897
AAPL,2026-02-27T20:51:00Z,264.75,264.83,264.52,264.73,353826,264.653,4346
AAPL,2026-02-27T20:52:00Z,264.72,265.1,264.7,265.05,405179,264.887,5218
AAPL,2026-02-27T20:53:00Z,265.08,265.69,264.975,265.47,406320,265.284,5383
AAPL,2026-02-27T20:54:00Z,265.49,265.49,264.03,264.415,480711,264.846,7537
AAPL,2026-02-27T20:55:00Z,264.46,264.52,263.06,263.51,1.38454e+06,263.839,21875
AAPL,2026-02-27T20:56:00Z,263.51,263.775,263.22,263.67,1.06131e+06,263.473,14356
AAPL,2026-02-27T20:57:00Z,263.67,263.78,262.89,263.63,1.36695e+06,263.42,15974
AAPL,2026-02-27T20:58:00Z,263.59,263.94,263.24,263.7,1.46804e+06,263.541,14635
AAPL,2026-02-27T20:59:00Z,263.69,264.31,263.69,264.17,2.41901e+06,264.042,20171
AAPL,2026-02-27T21:00:00Z,264.17,264.18,263.76,264.05,2.45445e+07,264.179,611
AAPL,2026-02-27T21:01:00Z,264.05,264.05,263.89,263.89,286611,263.988,172
AAPL,2026-02-27T21:02:00Z,263.89,264.21,263.73,263.969,404961,264.051,306
AAPL,2026-02-27T21:03:00Z,263.95,264.18,263.83,264.14,4.74207e+06,264.179,191
AAPL,2026-02-27T21:04:00Z,264.03,264.18,263.9,264.18,929216,264.121,172
AAPL,2026-02-27T21:05:00Z,263.92,264.16,263.88,264,440782,264.053,192
AAPL,2026-02-27T21:06:00Z,263.93,263.93,263.93,263.93,74620,263.93,108
AAPL,2026-02-27T21:07:00Z,263.93,264,263.93,263.96,5767,263.984,39
AAPL,2026-02-27T21:08:00Z,263.98,264,263.85,263.85,31616,263.966,111
AAPL,2026-02-27T21:09:00Z,263.96,263.99,263.75,263.75,69794,263.859,105
AAPL,2026-02-27T21:10:00Z,263.85,263.89,263.8,263.81,879196,263.855,94
AAPL,2026-02-27T21:11:00Z,263.81,264.18,263.75,263.87,505061,263.824,87
AAPL,2026-02-27T21:12:00Z,263.8,263.97,263.8,263.97,586,263.885,42
AAPL,2026-02-27T21:13:00Z,263.85,263.89,263.76,263.76,18768,263.82,53
AAPL,2026-02-27T21:14:00Z,263.92,263.92,263.83,263.875,96638,263.879,50
AAPL,2026-02-27T21:15:00Z,263.76,263.76,263.76,263.76,1588,263.76,108
AAPL,2026-02-27T21:16:00Z,264.18,264.18,263.81,263.81,100834,264.179,38
AAPL,2026-02-27T21:17:00Z,263.8,263.8,263.8,263.8,115383,263.8,29
AAPL,2026-02-27T21:18:00Z,263.93,263.95,263.82,263.9,17037,263.877,36
AAPL,2026-02-27T21:19:00Z,263.87,263.87,263.74,263.74,16433,263.821,81
AAPL,2026-02-27T21:20:00Z,263.73,263.73,263.52,263.56,11540,263.593,149
AAPL,2026-02-27T21:21:00Z,263.64,263.91,263.6,263.91,5203,263.88,108
AAPL,2026-02-27T21:22:00Z,263.61,263.76,263.61,263.7,2106,263.666,67
AAPL,2026-02-27T21:24:00Z,264.18,264.18,263.81,263.82,2539,264.072,35
AAPL,2026-02-27T21:25:00Z,263.8,263.8,263.756,263.78,813,263.779,27
AAPL,2026-02-27T21:26:00Z,263.77,263.78,263.7,263.78,15770,263.747,63
AAPL,2026-02-27T21:27:00Z,263.74,263.74,263.74,263.74,619,263.74,30
AAPL,2026-02-27T21:28:00Z,263.79,263.83,263.7,263.76,1491,263.743,52
AAPL,2026-02-27T21:29:00Z,263.8,263.8,263.76,263.76,836,263.767,33
AAPL,2026-02-27T21:30:00Z,263.79,263.84,263.79,263.84,742,263.808,23
AAPL,2026-02-27T21:31:00Z,263.81,263.82,263.8,263.8,716,263.806,22
AAPL,2026-02-27T21:32:00Z,263.84,263.885,263.77,263.77,569,263.823,29
AAPL,2026-02-27T21:34:00Z,263.88,263.88,263.85,263.85,554,263.868,34
AAPL,2026-02-27T21:35:00Z,263.9,264.18,263.9,264.18,963,264.079,37
AAPL,2026-02-27T21:37:00Z,263.86,263.92,263.86,263.92,6967,263.914,122
AAPL,2026-02-27T21:38:00Z,263.93,263.93,263.87,263.93,4185,263.928,29
AAPL,2026-02-27T21:39:00Z,263.92,263.92,263.92,263.92,419,263.92,31
AAPL,2026-02-27T21:41:00Z,263.89,263.89,263.87,263.87,945,263.88,55
AAPL,2026-02-27T21:42:00Z,263.822,263.83,263.81,263.81,1306,263.822,38
AAPL,2026-02-27T21:43:00Z,263.86,263.86,263.86,263.86,700,263.86,35
AAPL,2026-02-27T21:44:00Z,263.861,263.861,263.861,263.861,13527,263.861,49
AAPL,2026-02-27T21:46:00Z,263.75,263.75,263.75,263.75,1127,263.75,67
AAPL,2026-02-27T21:47:00Z,263.7,263.73,263.61,263.61,3049,263.664,92
AAPL,2026-02-27T21:48:00Z,263.71,263.85,263.66,263.66,1169,263.74,66
AAPL,2026-02-27T21:49:00Z,263.59,263.7,263.56,263.7,2038,263.635,82
AAPL,2026-02-27T21:53:00Z,263.6,263.6,263.6,263.6,268,263.6,20
AAPL,2026-02-27T21:54:00Z,263.6,263.6,263.6,263.6,1435,263.6,48
AAPL,2026-02-27T21:56:00Z,263.798,263.798,263.6,263.6,1162,263.666,54
AAPL,2026-02-27T21:59:00Z,263.75,263.75,263.75,263.75,391,263.75,14
AAPL,2026-02-27T22:00:00Z,263.75,263.75,263.75,263.75,432,263.75,11
AAPL,2026-02-27T22:01:00Z,263.63,263.63,263.63,263.63,1107,263.63,16
AAPL,2026-02-27T22:02:00Z,263.63,263.63,263.63,263.63,1891,263.63,58
AAPL,2026-02-27T22:03:00Z,263.65,263.65,263.65,263.65,291,263.65,22
AAPL,2026-02-27T22:04:00Z,263.75,263.75,263.61,263.61,2059,263.618,30
AAPL,2026-02-27T22:05:00Z,263.71,263.75,263.7,263.7,1435,263.721,19
AAPL,2026-02-27T22:06:00Z,263.71,263.75,263.71,263.75,562,263.72,22
AAPL,2026-02-27T22:07:00Z,263.727,263.79,263.727,263.79,506,263.768,21
AAPL,2026-02-27T22:08:00Z,263.77,263.82,263.77,263.8,1908,263.804,36
AAPL,2026-02-27T22:09:00Z,263.81,264.18,263.74,263.74,107525,264.175,52
AAPL,2026-02-27T22:10:00Z,263.74,263.74,263.72,263.72,1622,263.736,46
AAPL,2026-02-27T22:11:00Z,263.77,263.81,263.77,263.8,2491,263.798,55
AAPL,2026-02-27T22:12:00Z,263.803,263.803,263.77,263.77,855,263.775,22
AAPL,2026-02-27T22:13:00Z,263.76,263.78,263.76,263.78,869,263.764,13
AAPL,2026-02-27T22:14:00Z,263.82,263.82,263.82,263.82,275,263.82,14
AAPL,2026-02-27T22:15:00Z,263.761,263.8,263.75,263.75,1430,263.761,44
AAPL,2026-02-27T22:16:00Z,263.82,263.82,263.74,263.74,703,263.767,59
AAPL,2026-02-27T22:22:00Z,263.752,263.79,263.752,263.79,366,263.765,11
AAPL,2026-02-27T22:23:00Z,263.82,263.82,263.82,263.82,264,263.82,14
AAPL,2026-02-27T22:24:00Z,263.82,263.82,263.77,263.77,841,263.797,31
AAPL,2026-02-27T22:25:00Z,263.81,263.81,263.74,263.74,972,263.775,48
AAPL,2026-02-27T22:30:00Z,263.759,263.759,263.759,263.759,308,263.759,17
AAPL,2026-02-27T22:31:00Z,263.8,263.8,263.8,263.8,174,263.8,19
AAPL,2026-02-27T22:32:00Z,263.841,263.841,263.841,263.841,261,263.841,22
AAPL,2026-02-27T22:34:00Z,263.857,263.857,263.8,263.8,1062,263.814,21
AAPL,2026-02-27T22:37:00Z,263.77,263.77,263.71,263.71,2590,263.734,60
AAPL,2026-02-27T22:38:00Z,263.79,263.79,263.75,263.75,1842,263.787,22
AAPL,2026-02-27T22:39:00Z,263.85,263.86,263.85,263.86,1218,263.851,22
AAPL,2026-02-27T22:40:00Z,263.89,263.89,263.89,263.89,1262,263.89,11
AAPL,2026-02-27T22:42:00Z,263.89,263.89,263.89,263.89,978,263.89,28
AAPL,2026-02-27T22:44:00Z,263.954,263.959,263.95,263.95,1328,263.955,27
AAPL,2026-02-27T22:45:00Z,263.83,264,263.83,264,6069,263.941,32
AAPL,2026-02-27T22:46:00Z,264.1,264.12,264.1,264.12,4088,264.115,24
AAPL,2026-02-27T22:48:00Z,264.14,264.14,264.14,264.14,175,264.14,11
AAPL,2026-02-27T22:49:00Z,264,264,264,264,446,264,13
AAPL,2026-02-27T22:50:00Z,264,264,264,264,371,264,14
AAPL,2026-02-27T22:51:00Z,264,264,264,264,441,264,22
AAPL,2026-02-27T22:53:00Z,263.83,263.83,263.83,263.83,750,263.83,41
AAPL,2026-02-27T22:55:00Z,263.89,263.89,263.82,263.82,2998,263.848,37
AAPL,2026-02-27T22:56:00Z,263.96,263.96,263.83,263.83,1218,263.846,22
AAPL,2026-02-27T22:57:00Z,263.92,263.92,263.8,263.8,4075,263.81,76
AAPL,2026-02-27T22:58:00Z,263.7,263.85,263.68,263.72,2603,263.705,63
AAPL,2026-02-27T22:59:00Z,263.73,263.73,263.73,263.73,676,263.73,14
AAPL,2026-02-27T23:03:00Z,263.67,263.67,263.67,263.67,1537,263.67,31
AAPL,2026-02-27T23:04:00Z,263.8,263.8,263.8,263.8,274,263.8,10
AAPL,2026-02-27T23:05:00Z,263.76,263.76,263.76,263.76,1113,263.76,12
AAPL,2026-02-27T23:06:00Z,263.917,263.917,263.76,263.76,567,263.826,26
AAPL,2026-02-27T23:07:00Z,263.773,263.773,263.773,263.773,727,263.773,16
AAPL,2026-02-27T23:08:00Z,263.66,263.66,263.66,263.66,691,263.66,20
AAPL,2026-02-27T23:09:00Z,263.65,263.65,263.63,263.63,879,263.637,56
AAPL,2026-02-27T23:13:00Z,263.68,263.68,263.65,263.65,1944,263.676,25
AAPL,2026-02-27T23:17:00Z,263.75,263.75,263.75,263.75,133,263.75,12
AAPL,2026-02-27T23:20:00Z,263.67,263.75,263.67,263.75,1062,263.679,19
AAPL,2026-02-27T23:22:00Z,263.73,263.75,263.73,263.75,2844,263.748,24
AAPL,2026-02-27T23:23:00Z,263.75,263.75,263.7,263.7,3182,263.748,37
AAPL,2026-02-27T23:25:00Z,263.75,263.75,263.75,263.75,624,263.75,26
AAPL,2026-02-27T23:27:00Z,263.748,263.748,263.65,263.65,727,263.732,24
AAPL,2026-02-27T23:28:00Z,263.6,263.6,263.6,263.6,720,263.6,47
AAPL,2026-02-27T23:31:00Z,263.6,263.6,263.6,263.6,1743,263.6,22
AAPL,2026-02-27T23:35:00Z,263.58,263.58,263.56,263.56,506,263.573,20
AAPL,2026-02-27T23:38:00Z,263.629,263.629,263.629,263.629,194,263.629,9
AAPL,2026-02-27T23:41:00Z,263.61,263.61,263.61,263.61,349,263.61,30
AAPL,2026-02-27T23:42:00Z,263.573,263.573,263.573,263.573,72849,263.573,16
AAPL,2026-02-27T23:43:00Z,263.578,263.578,263.578,263.578,446,263.578,41
AAPL,2026-02-27T23:45:00Z,263.58,263.58,263.58,263.58,1500,263.58,17
AAPL,2026-02-27T23:47:00Z,263.58,263.58,263.58,263.58,2075,263.58,22
AAPL,2026-02-27T23:48:00Z,263.65,263.65,263.58,263.58,233,263.615,14
AAPL,2026-02-27T23:49:00Z,263.65,263.65,263.65,263.65,607,263.65,17
AAPL,2026-02-27T23:50:00Z,263.581,263.581,263.581,263.581,590,263.581,20
AAPL,2026-02-27T23:53:00Z,263.61,263.61,263.61,263.61,214,263.61,15
AAPL,2026-02-27T23:54:00Z,263.639,263.639,263.639,263.639,144,263.639,14
AAPL,2026-02-27T23:55:00Z,263.65,263.65,263.58,263.6,2441,263.585,25
AAPL,2026-02-27T23:56:00Z,263.64,263.64,263.64,263.64,401,263.64,19
AAPL,2026-02-27T23:57:00Z,263.58,263.65,263.58,263.65,244,263.616,10
AAPL,2026-02-28T00:00:00Z,263.6,263.6,263.6,263.6,181,263.6,11
