symbol,timestamp,open,high,low,close,volume,vwap,trade_count
AAPL,2026-09-01T08:00:00Z,316.55,317.058,316.02,316.77,36664,316.508,2030
AAPL,2026-09-01T08:01:00Z,316,317,316,316.69,5617,316.356,369
AAPL,2026-09-01T08:02:00Z,316.55,316.55,316.4,316.4,428,316.464,13
AAPL,2026-09-01T08:04:00Z,316.49,316.49,316.44,316.44,947,316.443,60
AAPL,2026-09-01T08:05:00Z,316.5,316.5,316.34,316.34,1575,316.435,64
AAPL,2026-09-01T08:06:00Z,316.3,316.5,316.01,316.11,5382,316.294,181
AAPL,2026-09-01T08:07:00Z,316.025,316.255,316.025,316.07,460,316.101,26
AAPL,2026-09-01T08:08:00Z,316.14,316.25,316.14,316.25,1837,316.174,38
AAPL,2026-09-01T08:09:00Z,316.24,316.29,316.16,316.29,2021,316.234,32
AAPL,2026-09-01T08:10:00Z,316.19,316.23,316.18,316.2,593,316.194,12
AAPL,2026-09-01T08:11:00Z,316.16,316.25,316.09,316.25,1237,316.151,48
AAPL,2026-09-01T08:12:00Z,316.09,316.24,316.09,316.19,398,316.15,13
AAPL,2026-09-01T08:13:00Z,316.18,316.21,316.102,316.21,470,316.162,13
AAPL,2026-09-01T08:14:00Z,316.13,316.21,316.13,316.21,1284,316.168,26
AAPL,2026-09-01T08:15:00Z,316.15,316.19,316.11,316.11,550,316.138,13
AAPL,2026-09-01T08:16:00Z,316.13,316.13,316.09,316.09,726,316.113,26
AAPL,2026-09-01T08:17:00Z,316.109,316.109,316.01,316.01,722,316.044,39
AAPL,2026-09-01T08:18:00Z,316.09,316.09,316.03,316.03,1014,316.065,32
AAPL,2026-09-01T08:19:00Z,316.03,316.04,316.01,316.01,964,316.035,37
AAPL,2026-09-01T08:20:00Z,316.03,316.03,316.03,316.03,302,316.03,18
AAPL,2026-09-01T08:21:00Z,316.04,316.05,315.81,315.81,2253,316.002,83
AAPL,2026-09-01T08:22:00Z,316.02,316.06,315.93,316,968,316.003,53
AAPL,2026-09-01T08:23:00Z,315.93,316.02,315.81,315.81,1263,315.91,34
AAPL,2026-09-01T08:24:00Z,315.85,315.85,315.82,315.82,614,315.83,37
AAPL,2026-09-01T08:25:00Z,315.87,315.87,315.85,315.85,104,315.86,6
AAPL,2026-09-01T08:26:00Z,315.86,315.86,315.86,315.86,514,315.86,57
AAPL,2026-09-01T08:27:00Z,315.872,315.95,315.85,315.95,945,315.869,29
AAPL,2026-09-01T08:28:00Z,315.83,315.89,315.83,315.86,874,315.849,25
AAPL,2026-09-01T08:29:00Z,315.97,316.18,315.93,316.18,1897,316.08,62
AAPL,2026-09-01T08:31:00Z,316.1,316.1,316.09,316.09,440,316.096,26
AAPL,2026-09-01T08:32:00Z,316.11,316.14,316.11,316.14,574,316.12,40
AAPL,2026-09-01T08:33:00Z,316.13,316.15,316.12,316.15,1036,316.131,71
AAPL,2026-09-01T08:34:00Z,316.11,316.11,316.11,316.11,562,316.11,29
AAPL,2026-09-01T08:35:00Z,315.826,316,315.826,316,684,315.896,28
AAPL,2026-09-01T08:36:00Z,315.863,315.863,315.863,315.863,94,315.863,8
AAPL,2026-09-01T08:37:00Z,315.98,316,315.58,315.58,1969,315.733,107
AAPL,2026-09-01T08:38:00Z,315.64,315.67,315.52,315.66,755,315.592,25
AAPL,2026-09-01T08:39:00Z,315.58,315.7,315.58,315.7,677,315.662,30
AAPL,2026-09-01T08:40:00Z,315.66,315.74,315.65,315.74,944,315.706,17
AAPL,2026-09-01T08:41:00Z,315.71,315.73,315.65,315.66,688,315.7,32
AAPL,2026-09-01T08:42:00Z,315.67,315.87,315.65,315.87,842,315.769,44
AAPL,2026-09-01T08:43:00Z,315.92,315.94,315.59,315.59,1407,315.694,49
AAPL,2026-09-01T08:45:00Z,315.827,315.827,315.827,315.827,224,315.827,15
AAPL,2026-09-01T08:46:00Z,315.74,315.74,315.74,315.74,97,315.74,7
AAPL,2026-09-01T08:47:00Z,315.64,315.64,315.64,315.64,137,315.64,13
AAPL,2026-09-01T08:48:00Z,315.64,315.64,315.57,315.57,576,315.603,37
AAPL,2026-09-01T08:49:00Z,315.58,315.58,315.58,315.58,104,315.58,9
AAPL,2026-09-01T08:50:00Z,315.67,315.67,315.52,315.52,573,315.62,37
AAPL,2026-09-01T08:51:00Z,315.52,315.52,315.51,315.51,912,315.515,86
AAPL,2026-09-01T08:52:00Z,315.51,315.67,315.5,315.5,488,315.573,18
AAPL,2026-09-01T08:53:00Z,315.64,315.68,315.55,315.55,659,315.619,28
AAPL,2026-09-01T08:54:00Z,315.64,315.65,315.53,315.65,650,315.596,21
AAPL,2026-09-01T08:55:00Z,315.53,315.65,315.53,315.65,626,315.602,23
AAPL,2026-09-01T08:56:00Z,315.65,315.68,315.65,315.68,235,315.663,9
AAPL,2026-09-01T08:57:00Z,315.7,315.7,315.69,315.7,307,315.698,17
AAPL,2026-09-01T08:58:00Z,315.74,315.74,315.66,315.66,310,315.689,21
AAPL,2026-09-01T08:59:00Z,315.68,315.68,315.65,315.65,366,315.664,26
AAPL,2026-09-01T09:00:00Z,315.75,315.75,315.68,315.68,1061,315.732,59
AAPL,2026-09-01T09:01:00Z,315.68,315.77,315.66,315.67,1225,315.694,64
AAPL,2026-09-01T09:02:00Z,315.8,315.99,315.68,315.88,1609,315.848,80
AAPL,2026-09-01T09:03:00Z,315.99,316.1,315.96,316.1,1346,316.002,55
AAPL,2026-09-01T09:04:00Z,315.99,315.99,315.91,315.92,887,315.953,23
AAPL,2026-09-01T09:05:00Z,315.91,316.02,315.66,315.89,3283,315.906,83
AAPL,2026-09-01T09:06:00Z,315.72,315.96,315.72,315.9,2351,315.91,64
AAPL,2026-09-01T09:07:00Z,315.82,315.95,315.82,315.95,563,315.865,19
AAPL,2026-09-01T09:08:00Z,315.88,315.94,315.88,315.94,151,315.91,11
AAPL,2026-09-01T09:09:00Z,315.89,315.89,315.89,315.89,191,315.89,21
AAPL,2026-09-01T09:10:00Z,315.885,315.92,315.885,315.92,427,315.896,29
AAPL,2026-09-01T09:11:00Z,315.91,316,315.91,315.97,1959,315.943,80
AAPL,2026-09-01T09:13:00Z,315.99,315.99,315.99,315.99,137,315.99,10
AAPL,2026-09-01T09:14:00Z,316.04,316.04,316,316,678,316.017,14
AAPL,2026-09-01T09:15:00Z,316,316,315.71,315.84,1113,315.878,49
AAPL,2026-09-01T09:16:00Z,315.79,315.81,315.79,315.81,384,315.798,21
AAPL,2026-09-01T09:17:00Z,315.8,315.8,315.753,315.753,306,315.789,12
AAPL,2026-09-01T09:19:00Z,315.827,315.827,315.773,315.773,361,315.809,19
AAPL,2026-09-01T09:20:00Z,315.76,315.76,315.66,315.76,1021,315.711,42
AAPL,2026-09-01T09:22:00Z,315.85,315.85,315.85,315.85,338,315.85,37
AAPL,2026-09-01T09:23:00Z,315.84,315.92,315.84,315.92,506,315.877,24
AAPL,2026-09-01T09:25:00Z,315.96,316.05,315.96,316,1179,316.017,61
AAPL,2026-09-01T09:26:00Z,316.29,316.29,316.05,316.05,969,316.176,21
AAPL,2026-09-01T09:27:00Z,316.09,316.11,316.09,316.11,277,316.1,16
AAPL,2026-09-01T09:28:00Z,316.15,316.26,316.14,316.26,624,316.199,33
AAPL,2026-09-01T09:29:00Z,316.27,316.27,316.16,316.17,835,316.219,31
AAPL,2026-09-01T09:30:00Z,316.22,316.22,316.08,316.08,1840,316.194,46
AAPL,2026-09-01T09:31:00Z,316.115,316.16,316.01,316.01,817,316.088,37
AAPL,2026-09-01T09:32:00Z,316.15,316.15,316.01,316.15,1054,316.085,28
AAPL,2026-09-01T09:33:00Z,316.04,316.15,316.01,316.15,1234,316.09,26
AAPL,2026-09-01T09:34:00Z,316.08,316.15,316.08,316.15,567,316.115,13
AAPL,2026-09-01T09:35:00Z,316.08,316.095,315.8,315.84,3189,315.898,119
AAPL,2026-09-01T09:36:00Z,315.82,315.97,315.82,315.97,387,315.879,9
AAPL,2026-09-01T09:37:00Z,315.85,315.95,315.85,315.94,879,315.904,18
AAPL,2026-09-01T09:38:00Z,315.88,315.88,315.85,315.86,364,315.867,14
AAPL,2026-09-01T09:40:00Z,315.87,315.9,315.85,315.9,415,315.874,18
AAPL,2026-09-01T09:41:00Z,315.86,315.88,315.86,315.87,619,315.869,18
AAPL,2026-09-01T09:42:00Z,315.913,315.913,315.8,315.8,2210,315.82,44
AAPL,2026-09-01T09:43:00Z,315.78,315.78,315.76,315.76,469,315.771,58
AAPL,2026-09-01T09:44:00Z,315.77,315.8,315.77,315.8,596,315.78,28
AAPL,2026-09-01T09:45:00Z,315.82,315.86,315.82,315.86,188,315.833,9
AAPL,2026-09-01T09:46:00Z,315.86,315.88,315.85,315.85,764,315.857,28
AAPL,2026-09-01T09:47:00Z,315.8,315.8,315.8,315.8,227,315.8,11
AAPL,2026-09-01T09:48:00Z,315.85,315.88,315.85,315.88,443,315.864,13
AAPL,2026-09-01T09:49:00Z,315.83,315.86,315.8,315.86,347,315.836,13
AAPL,2026-09-01T09:50:00Z,315.8,315.86,315.8,315.85,863,315.827,17
AAPL,2026-09-01T09:51:00Z,315.8,315.85,315.8,315.8,1464,315.823,28
AAPL,2026-09-01T09:52:00Z,315.85,315.86,315.8,315.81,884,315.826,24
AAPL,2026-09-01T09:53:00Z,315.8,315.81,315.78,315.79,1332,315.795,51
AAPL,2026-09-01T09:55:00Z,315.791,315.791,315.7,315.75,1181,315.751,17
AAPL,2026-09-01T09:56:00Z,315.7,315.7,315.7,315.7,111,315.7,8
AAPL,2026-09-01T09:58:00Z,315.72,315.72,315.7,315.72,1485,315.703,52
AAPL,2026-09-01T09:59:00Z,315.7,315.7,315.7,315.7,333,315.7,19
AAPL,2026-09-01T10:00:00Z,315.7,315.7,315.7,315.7,186,315.7,20
AAPL,2026-09-01T10:01:00Z,315.71,315.71,315.71,315.71,250,315.71,18
AAPL,2026-09-01T10:02:00Z,315.71,315.71,315.71,315.71,484,315.71,36
AAPL,2026-09-01T10:03:00Z,315.7,315.71,315.56,315.64,1700,315.669,81
AAPL,2026-09-01T10:05:00Z,315.51,315.51,315.51,315.51,292,315.51,40
AAPL,2026-09-01T10:09:00Z,315.7,315.7,315.64,315.64,169,315.673,9
AAPL,2026-09-01T10:11:00Z,315.84,315.9,315.825,315.825,482,315.87,43
AAPL,2026-09-01T10:12:00Z,315.73,315.81,315.63,315.63,11512,315.65,119
AAPL,2026-09-01T10:13:00Z,315.6,315.6,315.5,315.5,3774,315.524,67
AAPL,2026-09-01T10:14:00Z,315.77,315.79,315.77,315.79,2286,315.788,27
AAPL,2026-09-01T10:18:00Z,315.75,315.75,315.75,315.75,454,315.75,23
AAPL,2026-09-01T10:19:00Z,315.94,315.94,315.94,315.94,181,315.94,17
AAPL,2026-09-01T10:21:00Z,315.8,315.91,315.8,315.91,390,315.853,11
AAPL,2026-09-01T10:22:00Z,315.9,315.9,315.9,315.9,147,315.9,6
AAPL,2026-09-01T10:23:00Z,315.95,315.95,315.94,315.94,444,315.947,29
AAPL,2026-09-01T10:24:00Z,315.921,315.975,315.921,315.975,475,315.958,24
AAPL,2026-09-01T10:25:00Z,315.95,315.98,315.95,315.97,426,315.965,23
AAPL,2026-09-01T10:26:00Z,315.98,315.99,315.98,315.99,401,315.987,35
AAPL,2026-09-01T10:27:00Z,316.02,316.02,316.02,316.02,115,316.02,8
AAPL,2026-09-01T10:28:00Z,316.03,316.03,316.02,316.02,469,316.022,17
AAPL,2026-09-01T10:29:00Z,316,316.1,315.995,316,400,316.028,14
AAPL,2026-09-01T10:30:00Z,316.03,316.03,315.97,315.97,652,315.998,62
AAPL,2026-09-01T10:31:00Z,315.93,315.98,315.92,315.94,655,315.945,22
AAPL,2026-09-01T10:32:00Z,315.93,315.95,315.93,315.95,144,315.938,14
AAPL,2026-09-01T10:35:00Z,316,316.02,316,316,1143,316.002,51
AAPL,2026-09-01T10:36:00Z,315.97,315.98,315.97,315.97,321,315.973,16
AAPL,2026-09-01T10:37:00Z,315.96,315.96,315.96,315.96,108,315.96,16
AAPL,2026-09-01T10:38:00Z,316.1,316.1,315.995,315.995,141,316.048,9
AAPL,2026-09-01T10:40:00Z,315.96,316.04,315.96,316.04,408,316.015,27
AAPL,2026-09-01T10:43:00Z,315.91,315.91,315.91,315.91,663,315.91,57
AAPL,2026-09-01T10:44:00Z,315.9,315.9,315.8,315.8,340,315.878,25
AAPL,2026-09-01T10:45:00Z,315.78,315.78,315.75,315.75,318,315.761,11
AAPL,2026-09-01T10:46:00Z,315.75,315.75,315.75,315.75,122,315.75,6
AAPL,2026-09-01T10:47:00Z,315.77,315.77,315.77,315.77,358,315.77,26
AAPL,2026-09-01T10:48:00Z,315.75,315.75,315.75,315.75,249,315.75,17
AAPL,2026-09-01T10:50:00Z,315.75,315.75,315.75,315.75,300,315.75,33
AAPL,2026-09-01T10:51:00Z,315.77,315.77,315.77,315.77,328,315.77,15
AAPL,2026-09-01T10:52:00Z,315.76,315.76,315.75,315.76,497,315.758,15
AAPL,2026-09-01T10:53:00Z,315.77,315.77,315.77,315.77,325,315.77,17
AAPL,2026-09-01T10:54:00Z,315.8,315.848,315.8,315.848,708,315.827,35
AAPL,2026-09-01T10:55:00Z,315.82,315.85,315.76,315.85,926,315.832,15
AAPL,2026-09-01T10:56:00Z,315.82,315.82,315.81,315.81,228,315.815,15
AAPL,2026-09-01T10:57:00Z,315.84,316,315.77,315.83,1199,315.849,33
AAPL,2026-09-01T10:58:00Z,315.79,315.83,315.79,315.83,685,315.805,131
AAPL,2026-09-01T10:59:00Z,315.84,315.87,315.84,315.87,572,315.865,30
AAPL,2026-09-01T11:00:00Z,315.9,316,315.8,315.84,4776,315.902,188
AAPL,2026-09-01T11:01:00Z,315.86,315.86,315.8,315.8,691,315.824,38
AAPL,2026-09-01T11:02:00Z,315.82,315.88,315.75,315.82,4000,315.779,85
AAPL,2026-09-01T11:03:00Z,315.83,315.83,315.75,315.75,2288,315.755,41
AAPL,2026-09-01T11:04:00Z,315.74,315.78,315.73,315.78,2064,315.768,64
AAPL,2026-09-01T11:05:00Z,315.75,315.75,315.75,315.75,487,315.75,24
AAPL,2026-09-01T11:06:00Z,315.79,315.82,315.79,315.82,352,315.811,30
AAPL,2026-09-01T11:07:00Z,315.81,315.88,315.75,315.88,889,315.841,27
AAPL,2026-09-01T11:08:00Z,315.96,315.96,315.88,315.88,415,315.933,24
AAPL,2026-09-01T11:09:00Z,315.89,315.9,315.85,315.9,1573,315.889,44
AAPL,2026-09-01T11:10:00Z,316,316.072,315.9,316,1616,316.003,35
AAPL,2026-09-01T11:11:00Z,316.09,316.15,316,316.15,529,316.088,43
AAPL,2026-09-01T11:12:00Z,316,316.2,316,316.2,680,316.032,17
AAPL,2026-09-01T11:15:00Z,316.039,316.249,316.039,316.249,407,316.209,22
AAPL,2026-09-01T11:16:00Z,316.23,316.38,316.23,316.38,1943,316.328,60
AAPL,2026-09-01T11:17:00Z,316.4,316.56,316.32,316.56,3456,316.437,123
AAPL,2026-09-01T11:18:00Z,316.41,316.51,316.33,316.51,942,316.389,50
AAPL,2026-09-01T11:19:00Z,316.49,316.658,316.484,316.658,1262,316.524,38
AAPL,2026-09-01T11:20:00Z,316.572,316.736,316.57,316.57,700,316.707,28
AAPL,2026-09-01T11:21:00Z,316.656,316.69,316.28,316.28,2804,316.422,71
AAPL,2026-09-01T11:22:00Z,316.29,316.29,316.29,316.29,327,316.29,23
AAPL,2026-09-01T11:23:00Z,316.27,316.27,316.26,316.26,5202,316.262,63
AAPL,2026-09-01T11:25:00Z,316.142,316.142,316.142,316.142,208,316.142,14
AAPL,2026-09-01T11:26:00Z,316.3,316.32,316.3,316.32,622,316.314,25
AAPL,2026-09-01T11:27:00Z,316.168,316.36,316.168,316.3,616,316.333,32
AAPL,2026-09-01T11:28:00Z,316.219,316.219,316.19,316.19,329,316.205,18
AAPL,2026-09-01T11:29:00Z,316.19,316.3,316.19,316.3,1648,316.217,19
AAPL,2026-09-01T11:31:00Z,316.36,316.52,316.19,316.25,704,316.335,39
AAPL,2026-09-01T11:33:00Z,316.34,316.34,316.34,316.34,309,316.34,17
AAPL,2026-09-01T11:34:00Z,316.37,316.38,316.37,316.37,2162,316.371,33
AAPL,2026-09-01T11:35:00Z,316.39,316.43,316.36,316.36,488,316.4,44
AAPL,2026-09-01T11:36:00Z,316.49,316.66,316.49,316.66,2032,316.567,87
AAPL,2026-09-01T11:37:00Z,316.706,316.706,316.706,316.706,304,316.706,30
AAPL,2026-09-01T11:38:00Z,316.61,316.7,316.6,316.6,456,316.642,56
AAPL,2026-09-01T11:39:00Z,316.59,316.68,316.59,316.68,344,316.605,47
AAPL,2026-09-01T11:40:00Z,316.67,316.7,316.67,316.7,1179,316.685,36
AAPL,2026-09-01T11:41:00Z,316.61,316.61,316.61,316.61,168,316.61,12
AAPL,2026-09-01T11:42:00Z,316.7,316.7,316.7,316.7,278,316.7,29
AAPL,2026-09-01T11:43:00Z,316.7,316.7,316.61,316.634,498,316.664,18
AAPL,2026-09-01T11:44:00Z,316.7,316.7,316.67,316.7,547,316.69,36
AAPL,2026-09-01T11:45:00Z,316.7,316.71,316.68,316.7,2190,316.697,70
AAPL,2026-09-01T11:46:00Z,316.7,316.84,316.63,316.63,3216,316.778,124
AAPL,2026-09-01T11:47:00Z,316.7,316.7,316.66,316.66,287,316.682,22
AAPL,2026-09-01T11:48:00Z,316.67,316.89,316.67,316.85,2613,316.834,71
AAPL,2026-09-01T11:49:00Z,316.85,317.04,316.83,317,3352,316.966,127
AAPL,2026-09-01T11:50:00Z,317.04,317.04,316.8,316.8,527,316.88,18
AAPL,2026-09-01T11:51:00Z,317.01,317.03,316.95,317.03,1017,317.01,36
AAPL,2026-09-01T11:52:00Z,317.03,317.11,316.95,317.11,746,317.003,42
AAPL,2026-09-01T11:53:00Z,316.955,316.955,316.734,316.871,540,316.844,13
AAPL,2026-09-01T11:54:00Z,316.88,316.88,316.879,316.879,357,316.88,27
AAPL,2026-09-01T11:55:00Z,316.74,316.83,316.74,316.83,476,316.766,22
AAPL,2026-09-01T11:56:00Z,316.828,316.828,316.62,316.62,886,316.747,43
AAPL,2026-09-01T11:57:00Z,316.55,316.75,316.55,316.62,2257,316.637,44
AAPL,2026-09-01T11:58:00Z,316.65,316.65,316.59,316.59,320,316.625,14
AAPL,2026-09-01T11:59:00Z,316.7,316.7,316.63,316.69,734,316.672,34
AAPL,2026-09-01T12:00:00Z,316.65,316.65,316.57,316.57,346877,316.6,43
AAPL,2026-09-01T12:01:00Z,316.546,317,316.546,317,1864,316.706,78
AAPL,2026-09-01T12:02:00Z,317,317.11,317,317,772,317.017,48
AAPL,2026-09-01T12:03:00Z,317.079,317.1,317.06,317.06,2788,317.068,58
AAPL,2026-09-01T12:04:00Z,317.1,317.1,317.024,317.024,600,317.062,49
AAPL,2026-09-01T12:05:00Z,316.96,316.99,316.75,316.81,2090,316.928,128
AAPL,2026-09-01T12:06:00Z,316.7,316.95,316.7,316.95,793,316.871,49
AAPL,2026-09-01T12:07:00Z,316.83,316.83,316.79,316.79,2014,316.827,47
AAPL,2026-09-01T12:08:00Z,316.8,316.8,316.78,316.78,775,316.797,22
AAPL,2026-09-01T12:09:00Z,316.86,316.87,316.71,316.76,566,316.807,34
AAPL,2026-09-01T12:10:00Z,316.71,316.79,316.7,316.72,1184,316.723,59
AAPL,2026-09-01T12:11:00Z,316.71,316.71,316.7,316.71,2016,316.709,49
AAPL,2026-09-01T12:12:00Z,316.63,316.79,316.63,316.712,857,316.725,45
AAPL,2026-09-01T12:13:00Z,316.75,316.75,316.614,316.638,851,316.675,31
AAPL,2026-09-01T12:14:00Z,316.67,316.67,316.67,316.67,462,316.67,39
AAPL,2026-09-01T12:15:00Z,316.62,316.75,316.62,316.75,2797,316.64,16
AAPL,2026-09-01T12:16:00Z,316.72,316.84,316.72,316.8,2213,316.778,33
AAPL,2026-09-01T12:17:00Z,316.8,316.8,316.73,316.78,1136,316.763,44
AAPL,2026-09-01T12:18:00Z,316.76,316.77,316.71,316.72,1215,316.741,47
AAPL,2026-09-01T12:19:00Z,316.7,316.72,316.63,316.64,3074,316.678,76
AAPL,2026-09-01T12:20:00Z,316.65,316.72,316.55,316.6,1309,316.622,70
AAPL,2026-09-01T12:21:00Z,316.72,316.9,316.72,316.9,2508,316.837,119
AAPL,2026-09-01T12:22:00Z,316.83,316.9,316.83,316.9,453,316.882,36
AAPL,2026-09-01T12:23:00Z,316.69,316.7,316.611,316.611,1675,316.688,28
AAPL,2026-09-01T12:24:00Z,316.67,316.79,316.67,316.79,490,316.704,35
AAPL,2026-09-01T12:25:00Z,316.73,316.73,316.604,316.62,1417,316.637,37
AAPL,2026-09-01T12:26:00Z,316.52,316.75,316.52,316.52,866,316.561,45
AAPL,2026-09-01T12:27:00Z,316.587,316.587,316.587,316.587,80,316.587,7
AAPL,2026-09-01T12:28:00Z,316.601,316.75,316.6,316.72,430,316.644,23
AAPL,2026-09-01T12:29:00Z,316.744,316.79,316.7,316.79,921,316.751,28
AAPL,2026-09-01T12:30:00Z,316.8,316.8,316.8,316.8,161,316.8,21
AAPL,2026-09-01T12:31:00Z,316.83,316.83,316.719,316.719,666,316.747,40
AAPL,2026-09-01T12:32:00Z,316.64,316.78,316.62,316.71,1076,316.69,42
AAPL,2026-09-01T12:33:00Z,316.69,316.73,316.69,316.71,427,316.712,31
AAPL,2026-09-01T12:34:00Z,316.73,316.73,316.73,316.73,112,316.73,16
AAPL,2026-09-01T12:35:00Z,316.819,317,316.76,316.91,2308,316.875,128
AAPL,2026-09-01T12:36:00Z,316.99,317.19,316.96,317.19,4073,317.09,129
AAPL,2026-09-01T12:37:00Z,317.2,317.3,317.13,317.28,4070,317.272,136
AAPL,2026-09-01T12:38:00Z,317.4,317.74,317.4,317.74,7785,317.589,183
AAPL,2026-09-01T12:39:00Z,317.64,317.65,317.41,317.41,5385,317.544,142
AAPL,2026-09-01T12:40:00Z,317.4,317.4,317.179,317.179,2104,317.347,85
AAPL,2026-09-01T12:41:00Z,317.35,317.46,317.35,317.45,996,317.437,43
AAPL,2026-09-01T12:42:00Z,317.31,317.384,317.31,317.384,547,317.358,48
AAPL,2026-09-01T12:43:00Z,317.38,317.38,317.311,317.311,1514,317.368,64
AAPL,2026-09-01T12:44:00Z,317.34,317.37,317.3,317.31,1346,317.346,49
AAPL,2026-09-01T12:45:00Z,317.35,317.35,317.1,317.25,1171,317.234,53
AAPL,2026-09-01T12:46:00Z,317.29,317.29,317.2,317.2,863,317.24,55
AAPL,2026-09-01T12:47:00Z,317.1,317.14,317.1,317.14,389,317.114,31
AAPL,2026-09-01T12:48:00Z,317.16,317.2,317.045,317.2,1104,317.105,67
AAPL,2026-09-01T12:49:00Z,317.05,317.2,317.05,317.05,1931,317.063,30
AAPL,2026-09-01T12:50:00Z,317.1,317.25,317.1,317.1,583,317.172,26
AAPL,2026-09-01T12:51:00Z,317.139,317.139,317.09,317.09,1300,317.096,30
AAPL,2026-09-01T12:52:00Z,317.05,317.42,317,317.11,13400,317.143,301
AAPL,2026-09-01T12:53:00Z,317.087,317.13,317.087,317.13,578,317.1,37
AAPL,2026-09-01T12:54:00Z,317.071,317.15,317,317,3967,317.034,54
AAPL,2026-09-01T12:55:00Z,317.06,317.06,316.78,316.81,4240,316.914,125
AAPL,2026-09-01T12:56:00Z,316.8,316.951,316.8,316.84,3152,316.833,43
AAPL,2026-09-01T12:57:00Z,316.8,316.924,316.676,316.676,1465,316.806,41
AAPL,2026-09-01T12:58:00Z,316.71,316.71,316.71,316.71,496,316.71,36
AAPL,2026-09-01T12:59:00Z,316.711,316.711,316.534,316.565,3093,316.61,66
AAPL,2026-09-01T13:00:00Z,316.51,316.53,316.49,316.49,2724,316.511,119
AAPL,2026-09-01T13:01:00Z,316.46,316.5,316.32,316.32,2945,316.414,115
AAPL,2026-09-01T13:02:00Z,316.205,316.39,316.205,316.339,2093,316.297,65
AAPL,2026-09-01T13:03:00Z,316.33,316.33,316.2,316.2,1155,316.283,71
AAPL,2026-09-01T13:04:00Z,316.25,316.3,316.2,316.286,4012,316.275,78
AAPL,2026-09-01T13:05:00Z,316.23,316.3,316.2,316.28,1113,316.24,50
AAPL,2026-09-01T13:06:00Z,316.3,316.32,316.22,316.22,1629,316.291,76
AAPL,2026-09-01T13:07:00Z,316.26,316.35,316.2,316.2,1343,316.25,46
AAPL,2026-09-01T13:08:00Z,316.2,316.46,316.2,316.46,3165,316.307,86
AAPL,2026-09-01T13:09:00Z,316.36,316.46,316.243,316.46,2446,316.35,83
AAPL,2026-09-01T13:10:00Z,316.44,316.56,316.44,316.464,2809,316.495,131
AAPL,2026-09-01T13:11:00Z,316.48,316.48,316.252,316.46,2883,316.379,69
AAPL,2026-09-01T13:12:00Z,316.37,316.47,316.22,316.47,1172,316.327,82
AAPL,2026-09-01T13:13:00Z,316.41,316.41,316.03,316.14,8893,316.211,207
AAPL,2026-09-01T13:14:00Z,316.13,316.49,316.13,316.49,2090,316.272,62
AAPL,2026-09-01T13:15:00Z,316.312,316.312,316.312,316.312,407,316.312,38
AAPL,2026-09-01T13:16:00Z,316.36,316.38,316.2,316.2,1625,316.34,80
AAPL,2026-09-01T13:17:00Z,316.24,316.25,316.15,316.16,5999,316.18,171
AAPL,2026-09-01T13:18:00Z,316.17,316.17,316.04,316.07,6667,316.132,276
AAPL,2026-09-01T13:19:00Z,316.07,316.16,316,316.07,8614,316.024,317
AAPL,2026-09-01T13:20:00Z,316.14,316.18,315.97,316.098,6174,316.057,193
AAPL,2026-09-01T13:21:00Z,315.901,315.97,315.901,315.93,1846,315.938,95
AAPL,2026-09-01T13:22:00Z,315.911,315.99,315.88,315.89,2995,315.92,106
AAPL,2026-09-01T13:23:00Z,315.88,316,315.88,315.89,3946,315.922,130
AAPL,2026-09-01T13:24:00Z,315.84,315.95,315.82,315.9,2308,315.894,91
AAPL,2026-09-01T13:25:00Z,316,316.5,315.99,316.32,2267,316.107,83
AAPL,2026-09-01T13:26:00Z,316.53,316.856,316.34,316.46,5174,316.622,146
AAPL,2026-09-01T13:27:00Z,316.21,316.36,316,316.15,4879,316.166,147
AAPL,2026-09-01T13:28:00Z,316.3,317.26,316.3,317.26,6354,316.888,179
AAPL,2026-09-01T13:29:00Z,317.2,317.2,316.975,317,4094,317.06,135
AAPL,2026-09-01T13:30:00Z,316.98,317.38,316.21,316.7,599352,316.882,14781
AAPL,2026-09-01T13:31:00Z,316.7,316.76,315.51,316,131867,315.981,3488
AAPL,2026-09-01T13:32:00Z,315.95,316.45,315.52,315.523,117231,316.07,2810
AAPL,2026-09-01T13:33:00Z,315.5,315.67,314.92,315.04,156478,315.296,4037
AAPL,2026-09-01T13:34:00Z,315,315.35,314.73,315.34,101087,314.994,2602
AAPL,2026-09-01T13:35:00Z,315.37,316.5,315.19,316.43,121994,315.966,2674
AAPL,2026-09-01T13:36:00Z,316.445,317.36,316.35,317.294,149485,316.882,3049
AAPL,2026-09-01T13:37:00Z,317.31,318.04,317.22,317.93,224132,317.586,4249
AAPL,2026-09-01T13:38:00Z,317.935,318.12,317.36,317.855,271021,317.698,4951
AAPL,2026-09-01T13:39:00Z,317.82,318.25,317.68,318.165,167348,317.959,3449
AAPL,2026-09-01T13:40:00Z,318.17,318.435,317.72,318.385,191580,318.03,3209
AAPL,2026-09-01T13:41:00Z,318.394,318.9,318.146,318.804,226988,318.536,4100
AAPL,2026-09-01T13:42:00Z,318.785,319.13,318.55,318.885,222633,318.908,4063
AAPL,2026-09-01T13:43:00Z,318.885,319.08,318.2,318.37,205620,318.741,3919
AAPL,2026-09-01T13:44:00Z,318.37,319.34,318.35,319.15,259719,319.018,4563
AAPL,2026-09-01T13:45:00Z,319.15,319.76,319.02,319.445,306444,319.423,5218
AAPL,2026-09-01T13:46:00Z,319.465,320.45,319.36,320.189,376160,320.011,6668
AAPL,2026-09-01T13:47:00Z,320.19,320.49,319.91,320.397,221348,320.267,4188
AAPL,2026-09-01T13:48:00Z,320.44,321,320.397,320.775,296009,320.783,4988
AAPL,2026-09-01T13:49:00Z,320.78,320.93,320.425,320.67,241351,320.709,4588
AAPL,2026-09-01T13:50:00Z,320.635,320.889,320.43,320.79,212871,320.68,4311
AAPL,2026-09-01T13:51:00Z,320.71,321.755,320.71,321.58,418976,321.396,6483
AAPL,2026-09-01T13:52:00Z,321.59,321.596,320.69,320.94,241934,321.088,4788
AAPL,2026-09-01T13:53:00Z,320.91,321.075,320.17,320.49,187795,320.562,3827
AAPL,2026-09-01T13:54:00Z,320.52,321.78,320.43,321.745,215506,321.095,4484
AAPL,2026-09-01T13:55:00Z,321.71,321.78,320.82,321.225,374867,321.41,6707
AAPL,2026-09-01T13:56:00Z,321.225,321.7,320.83,320.83,232625,321.299,4431
AAPL,2026-09-01T13:57:00Z,320.83,321.33,320.83,321.13,139264,321.131,3427
AAPL,2026-09-01T13:58:00Z,321.13,322.19,321.13,322.105,333111,321.863,6181
AAPL,2026-09-01T13:59:00Z,322.11,322.75,322.03,322.695,319954,322.43,5918
AAPL,2026-09-01T14:00:00Z,322.695,323.18,322.58,323.05,466710,322.906,8451
AAPL,2026-09-01T14:01:00Z,323.07,323.39,322.82,322.97,295450,323.158,5342
AAPL,2026-09-01T14:02:00Z,322.975,322.975,322.05,322.4,293755,322.44,5320
AAPL,2026-09-01T14:03:00Z,322.4,322.58,321.84,322,184561,322.254,3850
AAPL,2026-09-01T14:04:00Z,322.02,322.026,321.47,321.81,176980,321.763,3806
AAPL,2026-09-01T14:05:00Z,321.82,322.63,321.81,322.205,203934,322.312,4219
AAPL,2026-09-01T14:06:00Z,322.18,322.64,322.18,322.49,132969,322.447,2996
AAPL,2026-09-01T14:07:00Z,322.488,323.28,322.488,323.225,233787,323.004,4535
AAPL,2026-09-01T14:08:00Z,323.225,323.36,322.29,322.76,410253,322.691,7815
AAPL,2026-09-01T14:09:00Z,322.744,323.04,322.61,323,125949,322.858,3131
AAPL,2026-09-01T14:10:00Z,323.005,323.23,322.94,322.97,149751,323.065,3334
AAPL,2026-09-01T14:11:00Z,322.96,323.42,322.96,323.19,150795,323.254,3509
AAPL,2026-09-01T14:12:00Z,323.19,323.32,322.96,323.165,100950,323.18,3232
AAPL,2026-09-01T14:13:00Z,323.16,323.53,323.06,323.485,210704,323.346,4719
AAPL,2026-09-01T14:14:00Z,323.485,323.52,323.16,323.405,118918,323.382,3471
AAPL,2026-09-01T14:15:00Z,323.405,323.76,323.391,323.59,219081,323.61,4791
AAPL,2026-09-01T14:16:00Z,323.575,323.68,323.28,323.3,127497,323.516,3488
AAPL,2026-09-01T14:17:00Z,323.305,323.54,323.19,323.51,126705,323.34,3504
AAPL,2026-09-01T14:18:00Z,323.535,323.56,323.04,323.085,126316,323.321,3487
AAPL,2026-09-01T14:19:00Z,323.08,323.7,323.03,323.58,166011,323.463,4306
AAPL,2026-09-01T14:20:00Z,323.582,323.98,323.51,323.72,206504,323.809,4988
AAPL,2026-09-01T14:21:00Z,323.72,324.62,323.72,324.51,338265,324.209,6650
AAPL,2026-09-01T14:22:00Z,324.5,325.12,324.47,325.01,467124,324.871,9248
AAPL,2026-09-01T14:23:00Z,325.01,325.21,324.85,324.875,278700,325.063,5675
AAPL,2026-09-01T14:24:00Z,324.89,325.16,324.68,325.145,221552,324.937,4960
AAPL,2026-09-01T14:25:00Z,325.16,325.25,324.78,324.89,216921,324.983,4978
AAPL,2026-09-01T14:26:00Z,324.91,325.3,324.885,325.29,214146,325.134,4687
AAPL,2026-09-01T14:27:00Z,325.275,325.39,324.97,324.99,152729,325.21,4097
AAPL,2026-09-01T14:28:00Z,324.99,325.07,324.67,324.8,194556,324.859,4911
AAPL,2026-09-01T14:29:00Z,324.766,325.37,324.76,325.344,192609,325.158,4701
AAPL,2026-09-01T14:30:00Z,325.335,325.39,324.81,324.9,278040,325.05,5739
AAPL,2026-09-01T14:31:00Z,324.88,325.035,324.713,324.723,210518,324.924,4904
AAPL,2026-09-01T14:32:00Z,324.72,325.33,324.65,325.27,197670,324.997,4851
AAPL,2026-09-01T14:33:00Z,325.26,325.77,325.19,325.592,343141,325.477,6732
AAPL,2026-09-01T14:34:00Z,325.6,325.86,325.52,325.635,213541,325.722,4816
AAPL,2026-09-01T14:35:00Z,325.64,325.7,325.029,325.095,140149,325.358,3873
AAPL,2026-09-01T14:36:00Z,325.1,325.17,324.83,324.84,206189,324.997,5582
AAPL,2026-09-01T14:37:00Z,324.835,324.95,324.555,324.8,164402,324.73,3817
AAPL,2026-09-01T14:38:00Z,324.8,324.99,324.51,324.58,113907,324.711,3326
AAPL,2026-09-01T14:39:00Z,324.58,324.81,324.54,324.71,89364,324.64,2932
AAPL,2026-09-01T14:40:00Z,324.762,325.099,324.74,324.805,104675,324.916,3422
AAPL,2026-09-01T14:41:00Z,324.8,324.86,324.6,324.63,100868,324.707,3481
AAPL,2026-09-01T14:42:00Z,324.62,324.625,324.24,324.565,153372,324.425,3767
AAPL,2026-09-01T14:43:00Z,324.56,324.56,324.35,324.455,72106,324.449,2790
AAPL,2026-09-01T14:44:00Z,324.46,324.8,324.39,324.735,149054,324.599,4110
AAPL,2026-09-01T14:45:00Z,324.735,324.75,324.53,324.67,68482,324.613,2601
AAPL,2026-09-01T14:46:00Z,324.657,324.91,324.62,324.845,78469,324.777,2916
AAPL,2026-09-01T14:47:00Z,324.85,325.15,324.8,325.02,110352,324.999,3614
AAPL,2026-09-01T14:48:00Z,325.048,325.09,324.86,324.96,90837,325.004,3006
AAPL,2026-09-01T14:49:00Z,324.97,325.255,324.95,325.19,136426,325.129,3540
AAPL,2026-09-01T14:50:00Z,325.2,325.25,324.92,325.13,92346,325.096,3041
AAPL,2026-09-01T14:51:00Z,325.12,325.155,324.69,324.81,111177,324.836,3453
AAPL,2026-09-01T14:52:00Z,324.82,325.04,324.52,324.625,103139,324.711,3218
AAPL,2026-09-01T14:53:00Z,324.625,324.645,324.452,324.62,72881,324.552,2895
AAPL,2026-09-01T14:54:00Z,324.62,324.835,324.62,324.8,47403,324.731,2419
AAPL,2026-09-01T14:55:00Z,324.81,324.92,324.65,324.745,53235,324.76,2567
AAPL,2026-09-01T14:56:00Z,324.745,324.95,324.625,324.93,53478,324.724,2691
AAPL,2026-09-01T14:57:00Z,324.92,325.12,324.858,324.97,98025,325.001,3160
AAPL,2026-09-01T14:58:00Z,324.965,325.08,324.7,324.785,113380,324.874,3061
AAPL,2026-09-01T14:59:00Z,324.81,324.9,324.24,324.38,94237,324.499,3178
AAPL,2026-09-01T15:00:00Z,324.39,324.395,323.75,324.003,224056,324.137,5030
AAPL,2026-09-01T15:01:00Z,323.995,324.25,323.885,324.249,106150,324.054,3544
AAPL,2026-09-01T15:02:00Z,324.23,324.23,323.66,323.83,135699,323.81,3767
AAPL,2026-09-01T15:03:00Z,323.84,323.93,323.46,323.475,117280,323.66,3391
AAPL,2026-09-01T15:04:00Z,323.45,323.458,322.95,323.12,154195,323.154,3766
AAPL,2026-09-01T15:05:00Z,323.12,323.4,323.09,323.38,88833,323.187,2910
AAPL,2026-09-01T15:06:00Z,323.385,323.49,323.02,323.06,83029,323.29,2796
AAPL,2026-09-01T15:07:00Z,323.061,323.13,322.77,322.85,90218,322.973,2941
AAPL,2026-09-01T15:08:00Z,322.85,323.19,322.83,322.99,97200,323.038,2995
AAPL,2026-09-01T15:09:00Z,323.005,323.3,322.95,323.12,146241,323.129,3896
AAPL,2026-09-01T15:10:00Z,323.11,323.21,322.98,323.085,73007,323.094,2787
AAPL,2026-09-01T15:11:00Z,323.09,323.22,323.055,323.115,78834,323.126,2793
AAPL,2026-09-01T15:12:00Z,323.115,323.185,322.85,322.9,70752,322.985,2642
AAPL,2026-09-01T15:13:00Z,322.88,323.15,322.74,323.096,92397,322.971,2968
AAPL,2026-09-01T15:14:00Z,323.07,323.41,323.06,323.36,93395,323.218,3036
AAPL,2026-09-01T15:15:00Z,323.36,323.905,323.33,323.905,131138,323.63,3448
AAPL,2026-09-01T15:16:00Z,323.9,324.02,323.6,323.945,144069,323.807,3238
AAPL,2026-09-01T15:17:00Z,323.945,324.43,323.87,324.43,135334,324.106,3390
AAPL,2026-09-01T15:18:00Z,324.405,324.89,324.4,324.86,101090,324.634,3311
AAPL,2026-09-01T15:19:00Z,324.855,325.1,324.82,325.06,129181,324.938,3670
AAPL,2026-09-01T15:20:00Z,325.04,325.44,324.986,325.21,171241,325.256,4172
AAPL,2026-09-01T15:21:00Z,325.2,325.43,325.09,325.115,138172,325.263,3467
AAPL,2026-09-01T15:22:00Z,325.1,325.22,324.74,324.785,116537,324.957,3157
AAPL,2026-09-01T15:23:00Z,324.79,325.079,324.78,324.855,92470,324.93,3312
AAPL,2026-09-01T15:24:00Z,324.855,324.96,324.75,324.92,71900,324.828,2828
AAPL,2026-09-01T15:25:00Z,324.95,325,324.6,324.685,85743,324.783,3017
AAPL,2026-09-01T15:26:00Z,324.66,324.98,324.66,324.821,47401,324.828,2327
AAPL,2026-09-01T15:27:00Z,324.846,324.87,324.6,324.67,68686,324.748,2463
AAPL,2026-09-01T15:28:00Z,324.67,324.74,324.501,324.6,94060,324.6,2713
AAPL,2026-09-01T15:29:00Z,324.59,324.695,324.4,324.6,87890,324.527,2744
AAPL,2026-09-01T15:30:00Z,324.615,324.726,324.401,324.705,63376,324.538,2473
AAPL,2026-09-01T15:31:00Z,324.7,324.72,324.36,324.41,49038,324.516,2311
AAPL,2026-09-01T15:32:00Z,324.42,324.42,324.23,324.297,56249,324.331,2293
AAPL,2026-09-01T15:33:00Z,324.305,324.35,324.2,324.34,44581,324.285,2013
AAPL,2026-09-01T15:34:00Z,324.33,324.52,324.26,324.42,53961,324.397,2245
AAPL,2026-09-01T15:35:00Z,324.44,324.48,324.23,324.28,44783,324.335,2075
AAPL,2026-09-01T15:36:00Z,324.29,324.32,324.11,324.13,52628,324.202,2161
AAPL,2026-09-01T15:37:00Z,324.145,324.26,324.02,324.23,45440,324.116,2156
AAPL,2026-09-01T15:38:00Z,324.23,324.748,324.12,324.7,84208,324.461,2739
AAPL,2026-09-01T15:39:00Z,324.71,324.83,324.47,324.54,109560,324.676,3173
AAPL,2026-09-01T15:40:00Z,324.54,324.54,324.38,324.43,57793,324.453,2119
AAPL,2026-09-01T15:41:00Z,324.43,325.07,324.41,324.764,123549,324.858,3611
AAPL,2026-09-01T15:42:00Z,324.765,325.12,324.765,325.035,96366,324.994,2824
AAPL,2026-09-01T15:43:00Z,325.035,325.21,325.035,325.21,66688,325.126,2570
AAPL,2026-09-01T15:44:00Z,325.21,325.28,325.05,325.15,73184,325.178,2747
AAPL,2026-09-01T15:45:00Z,325.17,325.57,325.01,325.28,371435,325.359,7399
AAPL,2026-09-01T15:46:00Z,325.295,325.44,324.87,324.985,135832,325.159,2990
AAPL,2026-09-01T15:47:00Z,324.985,325.27,324.88,325.25,64010,325.07,2744
AAPL,2026-09-01T15:48:00Z,325.25,325.97,325.18,325.958,182575,325.692,4343
AAPL,2026-09-01T15:49:00Z,325.955,326.27,325.91,326.22,299578,326.072,5525
AAPL,2026-09-01T15:50:00Z,326.23,326.35,325.96,326.276,119964,326.171,3333
AAPL,2026-09-01T15:51:00Z,326.275,326.56,326.25,326.56,169576,326.407,3701
AAPL,2026-09-01T15:52:00Z,326.56,326.7,326.418,326.69,149567,326.575,3576
AAPL,2026-09-01T15:53:00Z,326.69,327.19,326.65,327.185,212678,326.897,5084
AAPL,2026-09-01T15:54:00Z,327.175,327.23,326.85,326.88,114222,327.028,3161
AAPL,2026-09-01T15:55:00Z,326.88,326.95,326.582,326.65,116286,326.749,3214
AAPL,2026-09-01T15:56:00Z,326.64,326.725,326.46,326.68,123679,326.562,3313
AAPL,2026-09-01T15:57:00Z,326.68,326.77,326.53,326.655,117947,326.637,3133
AAPL,2026-09-01T15:58:00Z,326.64,326.72,326.46,326.65,97915,326.606,3095
AAPL,2026-09-01T15:59:00Z,326.64,326.66,326.31,326.36,70963,326.461,2646
AAPL,2026-09-01T16:00:00Z,326.38,326.43,326.2,326.39,77107,326.325,2752
AAPL,2026-09-01T16:01:00Z,326.37,326.41,325.85,325.92,76186,326.148,2729
AAPL,2026-09-01T16:02:00Z,325.92,326.186,325.9,326.12,72441,326.034,2429
AAPL,2026-09-01T16:03:00Z,326.12,326.23,326.07,326.125,41114,326.144,2184
AAPL,2026-09-01T16:04:00Z,326.12,326.23,326.05,326.17,42045,326.151,2114
AAPL,2026-09-01T16:05:00Z,326.19,326.25,326.08,326.16,55634,326.171,2351
AAPL,2026-09-01T16:06:00Z,326.16,326.54,326.16,326.325,104958,326.332,3051
AAPL,2026-09-01T16:07:00Z,326.32,326.5,326.285,326.495,84995,326.396,2966
AAPL,2026-09-01T16:08:00Z,326.52,326.54,326.05,326.1,70604,326.309,2543
AAPL,2026-09-01T16:09:00Z,326.125,326.48,326.11,326.39,56049,326.319,2321
AAPL,2026-09-01T16:10:00Z,326.41,326.49,326.18,326.42,51881,326.326,2338
AAPL,2026-09-01T16:11:00Z,326.42,326.42,326.1,326.115,48543,326.235,2201
AAPL,2026-09-01T16:12:00Z,326.12,326.16,325.96,325.98,60140,326.048,2223
AAPL,2026-09-01T16:13:00Z,325.97,326,325.73,325.75,70162,325.849,2475
AAPL,2026-09-01T16:14:00Z,325.755,325.84,325.52,325.535,61032,325.7,2411
AAPL,2026-09-01T16:15:00Z,325.535,325.595,325.45,325.47,54608,325.523,1744
AAPL,2026-09-01T16:16:00Z,325.465,325.77,325.36,325.705,84393,325.567,2149
AAPL,2026-09-01T16:17:00Z,325.72,325.83,325.56,325.61,65033,325.699,1532
AAPL,2026-09-01T16:18:00Z,325.61,325.64,325.46,325.496,38611,325.543,1205
AAPL,2026-09-01T16:19:00Z,325.5,325.59,325.43,325.485,47419,325.503,1227
AAPL,2026-09-01T16:20:00Z,325.48,325.74,325.46,325.61,55659,325.596,1731
AAPL,2026-09-01T16:21:00Z,325.605,325.605,325.34,325.5,50910,325.461,1576
AAPL,2026-09-01T16:22:00Z,325.49,326.33,325.48,326.26,97792,325.954,2240
AAPL,2026-09-01T16:23:00Z,326.24,327.3,326.18,327.15,225919,326.955,4655
AAPL,2026-09-01T16:24:00Z,327.14,327.147,326.91,326.96,110129,327.013,2520
AAPL,2026-09-01T16:25:00Z,326.96,327.15,326.88,326.94,75332,326.996,2127
AAPL,2026-09-01T16:26:00Z,326.92,326.945,326.32,326.39,117984,326.732,3218
AAPL,2026-09-01T16:27:00Z,326.405,326.74,326.39,326.625,74253,326.636,1986
AAPL,2026-09-01T16:28:00Z,326.625,326.76,326.541,326.736,42864,326.651,1620
AAPL,2026-09-01T16:29:00Z,326.77,326.8,326.45,326.66,73567,326.653,1896
AAPL,2026-09-01T16:30:00Z,326.68,326.75,326.56,326.645,80174,326.666,2316
AAPL,2026-09-01T16:31:00Z,326.67,326.885,326.58,326.73,124008,326.726,2372
AAPL,2026-09-01T16:32:00Z,326.71,326.775,326.49,326.685,99251,326.683,2104
AAPL,2026-09-01T16:33:00Z,326.685,326.75,326.5,326.575,69608,326.633,1715
AAPL,2026-09-01T16:34:00Z,326.574,326.6,326.32,326.39,58929,326.479,1564
AAPL,2026-09-01T16:35:00Z,326.41,326.52,326.3,326.515,69018,326.424,1743
AAPL,2026-09-01T16:36:00Z,326.53,326.63,326.19,326.332,56271,326.457,1740
AAPL,2026-09-01T16:37:00Z,326.32,326.35,326,326.16,116628,326.215,2347
AAPL,2026-09-01T16:38:00Z,326.15,326.41,326.14,326.325,109888,326.321,2119
AAPL,2026-09-01T16:39:00Z,326.35,326.49,326.34,326.46,85889,326.387,1580
AAPL,2026-09-01T16:40:00Z,326.49,326.49,326.01,326.065,61235,326.27,1714
AAPL,2026-09-01T16:41:00Z,326.065,326.33,326.04,326.18,58522,326.21,1490
AAPL,2026-09-01T16:42:00Z,326.198,326.29,326.16,326.175,59452,326.203,1598
AAPL,2026-09-01T16:43:00Z,326.17,326.31,325.9,326.06,95215,326.137,2297
AAPL,2026-09-01T16:44:00Z,326.07,326.324,325.4,325.53,87219,325.918,2160
AAPL,2026-09-01T16:45:00Z,325.51,325.83,325.36,325.815,157633,325.573,2786
AAPL,2026-09-01T16:46:00Z,325.81,325.92,325.63,325.92,86025,325.79,1695
AAPL,2026-09-01T16:47:00Z,325.91,326.105,325.87,326.075,57839,326.001,1534
AAPL,2026-09-01T16:48:00Z,326.06,326.27,326.035,326.2,49709,326.167,1530
AAPL,2026-09-01T16:49:00Z,326.21,326.23,325.913,325.913,48249,326.071,1449
AAPL,2026-09-01T16:50:00Z,325.92,325.94,325.651,325.875,36090,325.772,1409
AAPL,2026-09-01T16:51:00Z,325.85,325.87,325.61,325.62,39441,325.702,1430
AAPL,2026-09-01T16:52:00Z,325.63,325.63,325.45,325.558,52488,325.537,1703
AAPL,2026-09-01T16:53:00Z,325.595,325.665,325.51,325.555,32836,325.599,1114
AAPL,2026-09-01T16:54:00Z,325.562,325.635,325.32,325.45,125412,325.474,1348
AAPL,2026-09-01T16:55:00Z,325.48,325.59,325.426,325.465,35264,325.506,1128
AAPL,2026-09-01T16:56:00Z,325.46,325.57,325.42,325.54,30609,325.493,1079
AAPL,2026-09-01T16:57:00Z,325.55,325.55,325.37,325.472,79924,325.455,1511
AAPL,2026-09-01T16:58:00Z,325.485,325.9,325.43,325.609,57215,325.661,1535
AAPL,2026-09-01T16:59:00Z,325.61,325.95,325.575,325.86,96511,325.778,1848
AAPL,2026-09-01T17:00:00Z,325.85,325.97,325.66,325.7,121153,325.817,2208
AAPL,2026-09-01T17:01:00Z,325.705,325.779,325.54,325.615,61248,325.672,1549
AAPL,2026-09-01T17:02:00Z,325.615,325.74,325.29,325.575,214466,325.613,1966
AAPL,2026-09-01T17:03:00Z,325.57,325.91,325.54,325.56,104936,325.731,1783
AAPL,2026-09-01T17:04:00Z,325.57,325.64,325.49,325.52,36957,325.548,1157
AAPL,2026-09-01T17:05:00Z,325.53,325.565,325.25,325.3,79069,325.431,1444
AAPL,2026-09-01T17:06:00Z,325.3,325.38,325.13,325.21,98397,325.222,1712
AAPL,2026-09-01T17:07:00Z,325.21,325.33,325.06,325.091,53605,325.192,1125
AAPL,2026-09-01T17:08:00Z,325.095,325.15,324.96,325.04,340893,325.041,1563
AAPL,2026-09-01T17:09:00Z,325.04,325.11,325.02,325.05,37995,325.066,1092
AAPL,2026-09-01T17:10:00Z,325.055,325.07,324.95,324.995,56997,324.995,1298
AAPL,2026-09-01T17:11:00Z,324.995,325.12,324.978,325.06,49362,325.034,1209
AAPL,2026-09-01T17:12:00Z,325.07,325.27,325.06,325.27,97019,325.213,1421
AAPL,2026-09-01T17:13:00Z,325.28,325.33,325.13,325.135,40117,325.254,1211
AAPL,2026-09-01T17:14:00Z,325.13,325.35,325.04,325.064,39369,325.228,1362
AAPL,2026-09-01T17:15:00Z,325.055,325.31,325,325.28,56013,325.125,1323
AAPL,2026-09-01T17:16:00Z,325.275,325.28,324.93,325.05,44677,325.078,1271
AAPL,2026-09-01T17:17:00Z,325.05,325.2,324.95,325,36058,325.078,1143
AAPL,2026-09-01T17:18:00Z,324.995,325.085,324.926,324.926,42555,325.006,1234
AAPL,2026-09-01T17:19:00Z,324.94,325,324.825,324.98,84075,324.882,1880
AAPL,2026-09-01T17:20:00Z,325.008,325.035,324.86,325,45307,324.921,1108
AAPL,2026-09-01T17:21:00Z,325.025,325.25,324.98,325.245,43450,325.123,1189
AAPL,2026-09-01T17:22:00Z,325.245,325.35,325.22,325.3,52809,325.287,1227
AAPL,2026-09-01T17:23:00Z,325.285,325.285,325.08,325.09,32715,325.184,1085
AAPL,2026-09-01T17:24:00Z,325.1,325.11,324.84,324.9,43469,324.961,1123
AAPL,2026-09-01T17:25:00Z,324.92,325.03,324.48,324.835,98236,324.766,3265
AAPL,2026-09-01T17:26:00Z,324.835,325.249,324.66,324.96,131965,324.946,2630
AAPL,2026-09-01T17:27:00Z,324.96,324.96,324.711,324.86,55400,324.83,1307
AAPL,2026-09-01T17:28:00Z,324.87,324.929,324.66,324.74,49996,324.765,1295
AAPL,2026-09-01T17:29:00Z,324.724,324.79,324.64,324.65,44220,324.718,1234
AAPL,2026-09-01T17:30:00Z,324.69,324.85,324.62,324.67,44169,324.743,1237
AAPL,2026-09-01T17:31:00Z,324.67,324.78,324.63,324.714,31961,324.694,1071
AAPL,2026-09-01T17:32:00Z,324.69,324.88,324.65,324.785,43212,324.744,1246
AAPL,2026-09-01T17:33:00Z,324.77,324.785,324.63,324.675,40996,324.709,1162
AAPL,2026-09-01T17:34:00Z,324.66,324.8,324.51,324.771,62171,324.683,1338
AAPL,2026-09-01T17:35:00Z,324.77,324.786,324.64,324.7,68260,324.728,1367
AAPL,2026-09-01T17:36:00Z,324.69,324.745,324.55,324.62,40270,324.669,1064
AAPL,2026-09-01T17:37:00Z,324.63,324.78,324.59,324.64,40700,324.701,983
AAPL,2026-09-01T17:38:00Z,324.64,324.65,324.5,324.55,29384,324.552,1010
AAPL,2026-09-01T17:39:00Z,324.55,324.74,324.525,324.61,31040,324.634,1113
AAPL,2026-09-01T17:40:00Z,324.61,324.61,324.42,324.47,45474,324.508,1124
AAPL,2026-09-01T17:41:00Z,324.47,324.59,324.32,324.52,60767,324.444,1539
AAPL,2026-09-01T17:42:00Z,324.524,324.65,324.42,324.58,28027,324.551,1009
AAPL,2026-09-01T17:43:00Z,324.585,324.8,324.58,324.78,46574,324.681,1155
AAPL,2026-09-01T17:44:00Z,324.78,324.92,324.72,324.862,35132,324.812,1114
AAPL,2026-09-01T17:45:00Z,324.885,324.98,324.791,324.87,44123,324.905,1407
AAPL,2026-09-01T17:46:00Z,324.875,324.875,324.65,324.67,33069,324.73,1093
AAPL,2026-09-01T17:47:00Z,324.674,324.89,324.674,324.8,30524,324.782,1056
AAPL,2026-09-01T17:48:00Z,324.8,324.83,324.63,324.705,30444,324.706,981
AAPL,2026-09-01T17:49:00Z,324.709,324.73,324.51,324.585,33208,324.633,1009
AAPL,2026-09-01T17:50:00Z,324.585,324.63,324.5,324.6,40237,324.568,1030
AAPL,2026-09-01T17:51:00Z,324.615,324.95,324.615,324.925,52820,324.797,1409
AAPL,2026-09-01T17:52:00Z,324.94,324.94,324.755,324.87,44733,324.862,1190
AAPL,2026-09-01T17:53:00Z,324.85,324.91,324.65,324.655,37646,324.794,1225
AAPL,2026-09-01T17:54:00Z,324.67,324.78,324.65,324.75,27409,324.707,3188
AAPL,2026-09-01T17:55:00Z,324.78,324.875,324.73,324.84,32466,324.791,954
AAPL,2026-09-01T17:56:00Z,324.86,324.94,324.8,324.9,50138,324.868,1162
AAPL,2026-09-01T17:57:00Z,324.92,325.03,324.9,325.005,58389,324.96,1384
AAPL,2026-09-01T17:58:00Z,325.01,325.15,324.98,325.09,51718,325.054,1311
AAPL,2026-09-01T17:59:00Z,325.09,325.22,325.09,325.21,50809,325.168,1406
AAPL,2026-09-01T18:00:00Z,325.22,325.37,325.18,325.32,90896,325.29,2071
AAPL,2026-09-01T18:01:00Z,325.31,325.75,325.31,325.69,116689,325.496,2528
AAPL,2026-09-01T18:02:00Z,325.7,325.71,325.47,325.53,65992,325.594,1597
AAPL,2026-09-01T18:03:00Z,325.525,325.56,325.15,325.235,68665,325.298,1593
AAPL,2026-09-01T18:04:00Z,325.23,325.36,325.145,325.17,48192,325.219,1261
AAPL,2026-09-01T18:05:00Z,325.17,325.17,324.86,324.885,63474,325.005,1501
AAPL,2026-09-01T18:06:00Z,324.88,324.95,324.76,324.885,43043,324.848,1233
AAPL,2026-09-01T18:07:00Z,324.885,325.13,324.88,325.06,40073,325.045,1149
AAPL,2026-09-01T18:08:00Z,325.067,325.07,324.87,324.911,39595,324.967,1308
AAPL,2026-09-01T18:09:00Z,324.905,325.23,324.88,325.2,44028,325.093,1311
AAPL,2026-09-01T18:10:00Z,325.215,325.23,325.07,325.105,44090,325.152,1266
AAPL,2026-09-01T18:11:00Z,325.105,325.16,324.9,325.08,44312,325.049,1184
AAPL,2026-09-01T18:12:00Z,325.065,325.2,325.015,325.18,28132,325.102,1000
AAPL,2026-09-01T18:13:00Z,325.18,325.2,325.08,325.1,28243,325.146,1160
AAPL,2026-09-01T18:14:00Z,325.1,325.123,324.88,324.925,31889,325.002,1063
AAPL,2026-09-01T18:15:00Z,324.93,324.93,324.67,324.72,93579,324.767,1870
AAPL,2026-09-01T18:16:00Z,324.7,324.87,324.7,324.785,58512,324.768,1425
AAPL,2026-09-01T18:17:00Z,324.785,324.85,324.63,324.85,56040,324.713,1334
AAPL,2026-09-01T18:18:00Z,324.854,324.948,324.82,324.948,40517,324.866,1043
AAPL,2026-09-01T18:19:00Z,324.94,325.125,324.87,325.115,45618,324.987,1389
AAPL,2026-09-01T18:20:00Z,325.12,325.14,324.97,325.14,36742,325.056,1303
AAPL,2026-09-01T18:21:00Z,325.14,325.23,325.05,325.095,52039,325.139,1427
AAPL,2026-09-01T18:22:00Z,325.08,325.13,325,325.08,32846,325.069,1181
AAPL,2026-09-01T18:23:00Z,325.065,325.08,324.75,324.85,54641,324.906,1386
AAPL,2026-09-01T18:24:00Z,324.84,325.12,324.81,324.965,54878,324.939,1403
AAPL,2026-09-01T18:25:00Z,324.955,325.02,324.82,325.02,55030,324.914,1634
AAPL,2026-09-01T18:26:00Z,325.02,325.24,324.99,325.16,51636,325.141,1366
AAPL,2026-09-01T18:27:00Z,325.13,325.53,325.09,325.435,119344,325.378,2317
AAPL,2026-09-01T18:28:00Z,325.435,325.435,325.14,325.31,50754,325.304,1351
AAPL,2026-09-01T18:29:00Z,325.3,325.32,325.18,325.21,30605,325.265,1076
AAPL,2026-09-01T18:30:00Z,325.2,325.24,324.72,324.77,53720,325.062,1653
AAPL,2026-09-01T18:31:00Z,324.745,324.81,324.59,324.63,68286,324.726,1521
AAPL,2026-09-01T18:32:00Z,324.625,324.78,324.57,324.71,53354,324.693,1217
AAPL,2026-09-01T18:33:00Z,324.7,324.885,324.69,324.79,42501,324.787,1204
AAPL,2026-09-01T18:34:00Z,324.79,324.92,324.732,324.86,27909,324.787,1015
AAPL,2026-09-01T18:35:00Z,324.87,325,324.8,324.89,57795,324.865,1316
AAPL,2026-09-01T18:36:00Z,324.9,325.14,324.89,325.09,32717,324.992,1162
AAPL,2026-09-01T18:37:00Z,325.07,325.12,324.92,325.015,59219,325.013,1327
AAPL,2026-09-01T18:38:00Z,325.03,325.12,324.82,324.91,37836,324.99,1300
AAPL,2026-09-01T18:39:00Z,324.91,324.94,324.66,324.67,37180,324.8,1132
AAPL,2026-09-01T18:40:00Z,324.66,324.83,324.66,324.682,39471,324.749,1233
AAPL,2026-09-01T18:41:00Z,324.69,324.74,324.6,324.66,28567,324.678,1074
AAPL,2026-09-01T18:42:00Z,324.66,324.86,324.66,324.715,43473,324.759,1245
AAPL,2026-09-01T18:43:00Z,324.715,324.76,324.5,324.56,39040,324.601,1198
AAPL,2026-09-01T18:44:00Z,324.57,324.65,324.39,324.54,45659,324.541,1298
AAPL,2026-09-01T18:45:00Z,324.54,324.61,324.456,324.462,36111,324.523,1176
AAPL,2026-09-01T18:46:00Z,324.46,324.68,324.46,324.68,43078,324.585,1160
AAPL,2026-09-01T18:47:00Z,324.69,324.83,324.65,324.8,49844,324.733,1298
AAPL,2026-09-01T18:48:00Z,324.78,324.92,324.67,324.77,50404,324.796,1438
AAPL,2026-09-01T18:49:00Z,324.77,325.09,324.77,325.04,42346,324.973,1420
AAPL,2026-09-01T18:50:00Z,325.03,325.04,324.781,324.79,46043,324.908,1174
AAPL,2026-09-01T18:51:00Z,324.79,325.12,324.73,325.065,56277,324.923,1334
AAPL,2026-09-01T18:52:00Z,325.07,325.729,325.03,325.595,132032,325.478,2885
AAPL,2026-09-01T18:53:00Z,325.595,325.595,325.39,325.44,153534,325.488,1287
AAPL,2026-09-01T18:54:00Z,325.45,325.525,325.336,325.46,50031,325.44,1192
AAPL,2026-09-01T18:55:00Z,325.44,325.52,325.3,325.36,50026,325.395,1328
AAPL,2026-09-01T18:56:00Z,325.35,325.71,325.31,325.69,71738,325.549,1439
AAPL,2026-09-01T18:57:00Z,325.68,325.83,325.47,325.53,103185,325.692,1791
AAPL,2026-09-01T18:58:00Z,325.507,325.83,325.493,325.745,67176,325.698,1442
AAPL,2026-09-01T18:59:00Z,325.745,325.86,325.541,325.55,86516,325.718,1610
AAPL,2026-09-01T19:00:00Z,325.54,325.85,325.44,325.7,93877,325.692,1940
AAPL,2026-09-01T19:01:00Z,325.72,325.745,325.46,325.535,47959,325.566,1309
AAPL,2026-09-01T19:02:00Z,325.535,325.6,325.3,325.338,57013,325.445,1380
AAPL,2026-09-01T19:03:00Z,325.35,325.51,325.25,325.505,57005,325.375,1505
AAPL,2026-09-01T19:04:00Z,325.54,325.65,325.45,325.525,52643,325.547,1376
AAPL,2026-09-01T19:05:00Z,325.54,325.54,325.25,325.345,54423,325.379,1442
AAPL,2026-09-01T19:06:00Z,325.345,325.64,325.06,325.595,110202,325.295,1981
AAPL,2026-09-01T19:07:00Z,325.57,325.64,325.3,325.485,44377,325.449,1303
AAPL,2026-09-01T19:08:00Z,325.5,325.58,325.22,325.26,48020,325.385,1387
AAPL,2026-09-01T19:09:00Z,325.26,325.35,325.2,325.236,46918,325.278,1276
AAPL,2026-09-01T19:10:00Z,325.23,325.37,325.12,325.35,46045,325.217,1238
AAPL,2026-09-01T19:11:00Z,325.35,325.7,325.35,325.585,76486,325.571,1636
AAPL,2026-09-01T19:12:00Z,325.585,325.69,325.46,325.66,50509,325.592,1280
AAPL,2026-09-01T19:13:00Z,325.66,325.79,325.56,325.58,51380,325.679,1373
AAPL,2026-09-01T19:14:00Z,325.58,325.82,325.58,325.78,67814,325.75,1355
AAPL,2026-09-01T19:15:00Z,325.755,325.93,325.673,325.68,94806,325.795,1868
AAPL,2026-09-01T19:16:00Z,325.685,325.81,325.68,325.75,46305,325.766,1139
AAPL,2026-09-01T19:17:00Z,325.74,325.76,325.56,325.61,64268,325.679,1606
AAPL,2026-09-01T19:18:00Z,325.62,325.62,325.5,325.56,51543,325.566,1236
AAPL,2026-09-01T19:19:00Z,325.585,325.74,325.56,325.63,63120,325.634,1408
AAPL,2026-09-01T19:20:00Z,325.625,325.64,325.376,325.385,60705,325.466,1303
AAPL,2026-09-01T19:21:00Z,325.385,325.52,325.38,325.51,28696,325.452,1063
AAPL,2026-09-01T19:22:00Z,325.53,325.72,325.45,325.7,40629,325.57,1229
AAPL,2026-09-01T19:23:00Z,325.69,325.8,325.65,325.71,69706,325.739,1567
AAPL,2026-09-01T19:24:00Z,325.712,325.75,325.61,325.66,49745,325.673,1270
AAPL,2026-09-01T19:25:00Z,325.68,325.69,325.56,325.67,72796,325.618,1542
AAPL,2026-09-01T19:26:00Z,325.67,325.89,325.62,325.73,77269,325.779,1837
AAPL,2026-09-01T19:27:00Z,325.69,325.8,325.52,325.75,55601,325.655,1402
AAPL,2026-09-01T19:28:00Z,325.77,325.84,325.7,325.75,55744,325.774,1390
AAPL,2026-09-01T19:29:00Z,325.77,325.87,325.548,325.59,71551,325.736,1664
AAPL,2026-09-01T19:30:00Z,325.61,325.74,325.341,325.48,84764,325.521,1975
AAPL,2026-09-01T19:31:00Z,325.485,325.54,325.34,325.47,62864,325.434,1626
AAPL,2026-09-01T19:32:00Z,325.47,325.48,325.241,325.241,59381,325.405,1704
AAPL,2026-09-01T19:33:00Z,325.316,325.55,325.26,325.462,59619,325.38,1689
AAPL,2026-09-01T19:34:00Z,325.46,325.463,325.18,325.345,68034,325.318,1647
AAPL,2026-09-01T19:35:00Z,325.37,325.575,325.37,325.401,91732,325.451,1981
AAPL,2026-09-01T19:36:00Z,325.39,325.43,325.14,325.2,59601,325.225,1610
AAPL,2026-09-01T19:37:00Z,325.21,325.365,325.21,325.32,69766,325.298,1562
AAPL,2026-09-01T19:38:00Z,325.312,325.45,325.29,325.4,55030,325.359,1618
AAPL,2026-09-01T19:39:00Z,325.4,325.54,325.38,325.4,77017,325.469,1705
AAPL,2026-09-01T19:40:00Z,325.4,325.43,325.2,325.23,83374,325.304,2118
AAPL,2026-09-01T19:41:00Z,325.23,325.39,325.195,325.33,72109,325.326,1900
AAPL,2026-09-01T19:42:00Z,325.32,325.49,325.3,325.31,81645,325.388,2114
AAPL,2026-09-01T19:43:00Z,325.3,325.37,325.2,325.248,58541,325.279,1765
AAPL,2026-09-01T19:44:00Z,325.25,325.42,325.184,325.365,59493,325.32,1922
AAPL,2026-09-01T19:45:00Z,325.38,325.5,325.28,325.37,100595,325.401,2450
AAPL,2026-09-01T19:46:00Z,325.35,325.64,325.3,325.61,82709,325.484,2028
AAPL,2026-09-01T19:47:00Z,325.61,325.71,325.53,325.69,97029,325.633,2199
AAPL,2026-09-01T19:48:00Z,325.7,325.78,325.63,325.645,95781,325.703,2418
AAPL,2026-09-01T19:49:00Z,325.645,325.79,325.505,325.775,80812,325.61,2223
AAPL,2026-09-01T19:50:00Z,325.77,325.888,325.08,325.76,307868,325.705,3692
AAPL,2026-09-01T19:51:00Z,325.755,325.835,325.58,325.71,132568,325.743,3384
AAPL,2026-09-01T19:52:00Z,325.735,325.79,325.5,325.6,213331,325.65,4655
AAPL,2026-09-01T19:53:00Z,325.57,325.57,324.55,324.66,304191,325.07,6938
AAPL,2026-09-01T19:54:00Z,324.67,325.14,324.26,324.92,520670,324.665,10327
AAPL,2026-09-01T19:55:00Z,324.91,325.05,324.29,324.44,449926,324.594,7670
AAPL,2026-09-01T19:56:00Z,324.44,324.55,324.1,324.55,328191,324.307,5950
AAPL,2026-09-01T19:57:00Z,324.55,324.805,324.31,324.75,398205,324.597,8087
AAPL,2026-09-01T19:58:00Z,324.77,325.075,324.605,325.02,521706,324.85,8884
AAPL,2026-09-01T19:59:00Z,325.02,325.28,324.85,325.14,1.08092e+06,325.092,17181
AAPL,2026-09-01T20:00:00Z,325.19,325.33,325.034,325.08,8.52471e+06,325.13,367
AAPL,2026-09-01T20:01:00Z,324.914,325.15,324.914,325.15,2311,325.09,72
AAPL,2026-09-01T20:02:00Z,325.03,325.135,325,325,1756,325.029,51
AAPL,2026-09-01T20:03:00Z,325.03,325.16,325.011,325.16,3285,325.048,134
AAPL,2026-09-01T20:04:00Z,325.1,325.16,325.035,325.05,648,325.107,72
AAPL,2026-09-01T20:05:00Z,325.127,325.13,325.03,325.104,5624,325.053,73
AAPL,2026-09-01T20:06:00Z,325.15,325.21,325.13,325.13,656,325.151,59
AAPL,2026-09-01T20:07:00Z,325.139,325.2,325.1,325.102,17644,325.114,71
AAPL,2026-09-01T20:08:00Z,325.12,325.13,325.1,325.1,12090,325.104,51
AAPL,2026-09-01T20:09:00Z,325.042,325.112,325,325.08,1359,325.067,45
AAPL,2026-09-01T20:10:00Z,325.08,325.11,325.01,325.01,2186,325.064,56
AAPL,2026-09-01T20:11:00Z,325.05,325.13,325.021,325.13,1502,325.055,52
AAPL,2026-09-01T20:12:00Z,325.16,325.17,325.108,325.108,762,325.159,50
AAPL,2026-09-01T20:13:00Z,325.11,325.13,324.911,324.95,3527,325.011,86
AAPL,2026-09-01T20:14:00Z,324.95,324.97,324.847,324.847,827,324.904,29
AAPL,2026-09-01T20:15:00Z,324.84,324.98,324.83,324.98,945,324.925,48
AAPL,2026-09-01T20:16:00Z,324.914,324.99,324.81,324.9,2505,324.939,30
AAPL,2026-09-01T20:17:00Z,324.954,324.954,324.92,324.92,316,324.937,25
AAPL,2026-09-01T20:18:00Z,324.977,324.98,324.9,324.9,413,324.93,21
AAPL,2026-09-01T20:19:00Z,324.95,325,324.862,325,4770,324.99,74
AAPL,2026-09-01T20:20:00Z,325.05,325.05,324.91,324.951,1300,324.958,52
AAPL,2026-09-01T20:21:00Z,324.99,325,324.99,325,820,324.999,26
AAPL,2026-09-01T20:22:00Z,325,325,324.95,324.951,1400,324.952,29
AAPL,2026-09-01T20:23:00Z,324.949,324.949,324.94,324.94,696,324.943,25
AAPL,2026-09-01T20:24:00Z,324.92,324.93,324.848,324.88,922,324.89,37
AAPL,2026-09-01T20:25:00Z,324.842,324.91,324.842,324.87,2265,324.876,63
AAPL,2026-09-01T20:26:00Z,324.89,324.9,324.74,324.75,2855,324.842,82
AAPL,2026-09-01T20:27:00Z,324.681,324.99,324.681,324.99,2263,324.818,80
AAPL,2026-09-01T20:28:00Z,324.84,324.87,324.66,324.78,538,324.763,36
AAPL,2026-09-01T20:29:00Z,324.78,324.8,324.78,324.8,1320,324.792,25
AAPL,2026-09-01T20:30:00Z,324.81,324.81,324.65,324.77,1798,324.73,41
AAPL,2026-09-01T20:31:00Z,324.8,325,324.79,324.84,1659,324.895,81
AAPL,2026-09-01T20:32:00Z,324.87,324.901,324.8,324.8,562,324.842,36
AAPL,2026-09-01T20:33:00Z,324.739,324.819,324.739,324.752,710,324.772,23
AAPL,2026-09-01T20:34:00Z,324.78,324.78,324.75,324.75,678,324.778,15
AAPL,2026-09-01T20:35:00Z,324.789,324.943,324.789,324.8,3290,324.804,8
AAPL,2026-09-01T20:36:00Z,324.81,324.828,324.81,324.828,192,324.815,13
AAPL,2026-09-01T20:39:00Z,324.91,324.91,324.817,324.91,1929,324.894,17
AAPL,2026-09-01T20:40:00Z,324.9,324.9,324.81,324.81,502,324.842,53
AAPL,2026-09-01T20:41:00Z,324.964,324.964,324.964,324.964,237,324.964,13
AAPL,2026-09-01T20:43:00Z,324.85,324.85,324.85,324.85,333,324.85,16
AAPL,2026-09-01T20:44:00Z,325.13,325.13,324.8,324.8,6569,325.121,23
AAPL,2026-09-01T20:45:00Z,324.75,324.83,324.75,324.83,1094,324.803,36
AAPL,2026-09-01T20:46:00Z,324.868,324.868,324.771,324.771,283,324.85,18
AAPL,2026-09-01T20:47:00Z,324.86,325.1,324.86,325.1,12639,324.986,137
AAPL,2026-09-01T20:48:00Z,325.1,325.13,325.1,325.13,1627,325.129,10
AAPL,2026-09-01T20:49:00Z,324.823,325,324.823,324.89,209,324.903,9
AAPL,2026-09-01T20:51:00Z,324.9,324.9,324.9,324.9,73,324.9,12
AAPL,2026-09-01T20:52:00Z,324.99,324.99,324.99,324.99,267,324.99,13
AAPL,2026-09-01T20:53:00Z,324.918,324.918,324.914,324.914,841,324.916,16
AAPL,2026-09-01T20:54:00Z,324.989,324.989,324.989,324.989,190,324.989,14
AAPL,2026-09-01T20:55:00Z,324.986,324.998,324.916,324.94,1896,324.968,32
AAPL,2026-09-01T20:56:00Z,324.9,325,324.9,324.932,398,324.96,9
AAPL,2026-09-01T20:58:00Z,324.9,324.9,324.75,324.75,791,324.856,31
AAPL,2026-09-01T20:59:00Z,325.13,325.13,325.13,325.13,54929,325.13,16
AAPL,2026-09-01T21:00:00Z,324.95,324.95,324.815,324.82,1082,324.896,9
AAPL,2026-09-01T21:01:00Z,325,325,324.85,324.951,292,324.931,16
AAPL,2026-09-01T21:03:00Z,324.957,324.957,324.957,324.957,204,324.957,14
AAPL,2026-09-01T21:04:00Z,325,325,324.85,324.85,447,324.982,26
AAPL,2026-09-01T21:06:00Z,324.85,324.85,324.85,324.85,267,324.85,5
AAPL,2026-09-01T21:09:00Z,324.863,324.9,324.85,324.85,938,324.857,26
AAPL,2026-09-01T21:10:00Z,324.83,324.83,324.83,324.83,84,324.83,16
AAPL,2026-09-01T21:11:00Z,324.83,324.83,324.83,324.83,197,324.83,20
AAPL,2026-09-01T21:12:00Z,324.8,324.8,324.764,324.764,377,324.783,20
AAPL,2026-09-01T21:13:00Z,324.76,324.76,324.75,324.75,202,324.754,12
AAPL,2026-09-01T21:14:00Z,324.75,324.75,324.75,324.75,655,324.75,18
AAPL,2026-09-01T21:15:00Z,324.71,324.71,324.71,324.71,478,324.71,30
AAPL,2026-09-01T21:16:00Z,324.65,324.65,324.637,324.638,289,324.644,16
AAPL,2026-09-01T21:18:00Z,324.73,324.73,324.73,324.73,1560,324.73,12
AAPL,2026-09-01T21:19:00Z,324.73,324.73,324.73,324.73,952,324.73,8
AAPL,2026-09-01T21:20:00Z,324.671,324.78,324.671,324.78,644,324.753,20
AAPL,2026-09-01T21:21:00Z,324.78,324.78,324.759,324.762,547,324.768,14
AAPL,2026-09-01T21:22:00Z,324.78,324.78,324.769,324.769,576,324.77,11
AAPL,2026-09-01T21:24:00Z,324.73,324.73,324.73,324.73,419,324.73,18
AAPL,2026-09-01T21:25:00Z,324.7,324.7,324.7,324.7,172,324.7,21
AAPL,2026-09-01T21:26:00Z,324.645,324.67,324.645,324.67,1351,324.653,16
AAPL,2026-09-01T21:27:00Z,324.66,324.67,324.66,324.67,790,324.661,37
AAPL,2026-09-01T21:28:00Z,324.73,324.73,324.7,324.72,513,324.719,45
AAPL,2026-09-01T21:29:00Z,324.63,324.636,324.63,324.636,187,324.634,15
AAPL,2026-09-01T21:30:00Z,324.72,324.73,324.7,324.73,349,324.718,25
AAPL,2026-09-01T21:31:00Z,324.72,324.72,324.72,324.72,172,324.72,13
AAPL,2026-09-01T21:33:00Z,324.78,324.78,324.633,324.633,454,324.723,15
AAPL,2026-09-01T21:34:00Z,324.757,324.757,324.741,324.741,389,324.752,13
AAPL,2026-09-01T21:35:00Z,324.78,324.78,324.733,324.733,212,324.747,12
AAPL,2026-09-01T21:36:00Z,324.705,324.705,324.655,324.655,600,324.669,17
AAPL,2026-09-01T21:37:00Z,324.66,324.66,324.65,324.66,283,324.657,23
AAPL,2026-09-01T21:38:00Z,324.66,324.66,324.66,324.66,134,324.66,12
AAPL,2026-09-01T21:39:00Z,324.767,324.767,324.75,324.76,728,324.764,18
AAPL,2026-09-01T21:40:00Z,324.72,324.72,324.72,324.72,517,324.72,16
AAPL,2026-09-01T21:42:00Z,324.73,324.769,324.7,324.769,21109,324.751,24
AAPL,2026-09-01T21:43:00Z,324.687,324.687,324.687,324.687,167,324.687,27
AAPL,2026-09-01T21:46:00Z,324.72,324.72,324.72,324.72,200,324.72,14
AAPL,2026-09-01T21:47:00Z,324.686,324.686,324.66,324.66,182,324.678,9
AAPL,2026-09-01T21:48:00Z,324.66,324.73,324.66,324.73,1179,324.721,25
AAPL,2026-09-01T21:49:00Z,324.7,324.7,324.631,324.636,2729,324.665,31
AAPL,2026-09-01T21:50:00Z,324.64,324.64,324.63,324.64,275,324.637,27
AAPL,2026-09-01T21:51:00Z,324.58,324.58,324.57,324.57,15869,324.575,20
AAPL,2026-09-01T21:52:00Z,324.57,324.6,324.57,324.6,448,324.574,30
AAPL,2026-09-01T21:56:00Z,324.65,324.65,324.65,324.65,154,324.65,11
AAPL,2026-09-01T21:58:00Z,324.65,324.65,324.61,324.65,433,324.626,17
AAPL,2026-09-01T22:00:00Z,324.69,324.78,324.61,324.78,1863,324.743,89
AAPL,2026-09-01T22:01:00Z,324.78,324.78,324.754,324.754,559,324.775,23
AAPL,2026-09-01T22:03:00Z,324.7,324.93,324.7,324.93,11148,324.799,80
AAPL,2026-09-01T22:05:00Z,324.83,324.983,324.83,324.983,297,324.915,12
AAPL,2026-09-01T22:06:00Z,324.8,324.99,324.8,324.8,469,324.839,21
AAPL,2026-09-01T22:07:00Z,324.8,324.963,324.8,324.83,517,324.895,21
AAPL,2026-09-01T22:09:00Z,324.8,324.8,324.8,324.8,218,324.8,15
AAPL,2026-09-01T22:10:00Z,324.65,324.65,324.65,324.65,100,324.65,8
AAPL,2026-09-01T22:11:00Z,324.665,324.7,324.66,324.7,1070,324.68,21
AAPL,2026-09-01T22:12:00Z,324.665,324.665,324.665,324.665,119,324.665,8
AAPL,2026-09-01T22:13:00Z,324.69,324.69,324.665,324.687,392,324.683,19
AAPL,2026-09-01T22:14:00Z,324.7,324.7,324.7,324.7,82,324.7,10
AAPL,2026-09-01T22:15:00Z,324.65,324.65,324.63,324.63,878,324.632,13
AAPL,2026-09-01T22:16:00Z,324.699,324.699,324.63,324.65,472,324.663,25
AAPL,2026-09-01T22:19:00Z,324.74,324.74,324.74,324.74,244,324.74,35
AAPL,2026-09-01T22:21:00Z,324.799,324.799,324.799,324.799,93,324.799,12
AAPL,2026-09-01T22:24:00Z,324.656,324.656,324.656,324.656,156,324.656,22
AAPL,2026-09-01T22:26:00Z,324.63,324.79,324.63,324.79,1594,324.683,50
AAPL,2026-09-01T22:27:00Z,324.8,324.85,324.8,324.84,755,324.818,25
AAPL,2026-09-01T22:28:00Z,324.84,324.84,324.8,324.8,183,324.813,11
AAPL,2026-09-01T22:29:00Z,324.8,324.8,324.656,324.656,156,324.72,10
AAPL,2026-09-01T22:30:00Z,324.8,324.8,324.79,324.8,996,324.799,11
AAPL,2026-09-01T22:32:00Z,324.8,324.8,324.8,324.8,170,324.8,9
AAPL,2026-09-01T22:33:00Z,324.69,324.69,324.69,324.69,188,324.69,6
AAPL,2026-09-01T22:34:00Z,324.8,324.85,324.78,324.78,863,324.793,29
AAPL,2026-09-01T22:35:00Z,324.78,324.78,324.78,324.78,120,324.78,13
AAPL,2026-09-01T22:37:00Z,324.795,324.846,324.795,324.846,262,324.832,13
AAPL,2026-09-01T22:38:00Z,324.8,324.8,324.8,324.8,164,324.8,7
AAPL,2026-09-01T22:41:00Z,324.7,324.7,324.7,324.7,79,324.7,15
AAPL,2026-09-01T22:42:00Z,324.712,324.712,324.712,324.712,203,324.712,7
AAPL,2026-09-01T22:43:00Z,324.7,324.709,324.7,324.709,341,324.708,15
AAPL,2026-09-01T22:44:00Z,324.701,324.735,324.701,324.735,203,324.722,10
AAPL,2026-09-01T22:45:00Z,324.77,324.77,324.77,324.77,136,324.77,12
AAPL,2026-09-01T22:47:00Z,324.771,324.78,324.771,324.775,331,324.775,29
AAPL,2026-09-01T22:48:00Z,324.847,324.847,324.791,324.84,413,324.825,25
AAPL,2026-09-01T22:49:00Z,324.85,324.9,324.85,324.9,1302,324.855,56
AAPL,2026-09-01T22:50:00Z,324.88,324.94,324.88,324.94,284,324.911,13
AAPL,2026-09-01T22:51:00Z,324.842,324.96,324.842,324.96,212,324.914,13
AAPL,2026-09-01T22:52:00Z,324.882,324.95,324.882,324.95,374,324.936,14
AAPL,2026-09-01T22:53:00Z,324.981,324.981,324.88,324.88,229,324.955,10
AAPL,2026-09-01T22:55:00Z,324.89,324.89,324.89,324.89,128,324.89,13
AAPL,2026-09-01T22:56:00Z,324.935,324.95,324.935,324.94,520,324.941,24
AAPL,2026-09-01T22:57:00Z,324.911,324.911,324.911,324.911,147,324.911,14
AAPL,2026-09-01T22:58:00Z,324.913,324.92,324.913,324.92,315,324.916,11
AAPL,2026-09-01T22:59:00Z,324.91,324.91,324.88,324.88,493,324.893,28
AAPL,2026-09-01T23:00:00Z,324.836,324.836,324.836,324.836,56,324.836,7
AAPL,2026-09-01T23:01:00Z,324.926,324.95,324.926,324.95,247,324.937,12
AAPL,2026-09-01T23:02:00Z,324.98,324.98,324.98,324.98,287,324.98,13
AAPL,2026-09-01T23:03:00Z,324.98,324.98,324.98,324.98,1038,324.98,6
AAPL,2026-09-01T23:05:00Z,324.92,324.92,324.92,324.92,81,324.92,5
AAPL,2026-09-01T23:06:00Z,324.946,324.946,324.946,324.946,106,324.946,11
AAPL,2026-09-01T23:09:00Z,324.948,324.948,324.948,324.948,340,324.948,10
AAPL,2026-09-01T23:10:00Z,324.914,324.914,324.914,324.914,50,324.914,5
AAPL,2026-09-01T23:11:00Z,324.931,324.949,324.93,324.949,224,324.934,13
AAPL,2026-09-01T23:12:00Z,324.93,324.944,324.93,324.944,293,324.941,17
AAPL,2026-09-01T23:14:00Z,324.91,324.91,324.85,324.85,1298,324.872,24
AAPL,2026-09-01T23:15:00Z,324.83,324.83,324.83,324.83,101,324.83,10
AAPL,2026-09-01T23:17:00Z,324.926,324.926,324.926,324.926,359,324.926,9
AAPL,2026-09-01T23:19:00Z,324.87,324.87,324.85,324.85,934,324.869,20
AAPL,2026-09-01T23:20:00Z,324.83,324.83,324.83,324.83,65,324.83,11
AAPL,2026-09-01T23:21:00Z,324.83,324.83,324.795,324.795,813,324.826,15
AAPL,2026-09-01T23:22:00Z,324.79,324.79,324.79,324.79,335,324.79,14
AAPL,2026-09-01T23:23:00Z,324.786,324.786,324.78,324.782,1372,324.782,14
AAPL,2026-09-01T23:24:00Z,324.79,324.95,324.788,324.95,2652,324.827,73
AAPL,2026-09-01T23:25:00Z,324.828,324.828,324.828,324.828,245,324.828,7
AAPL,2026-09-01T23:27:00Z,324.802,324.802,324.78,324.797,1683,324.792,14
AAPL,2026-09-01T23:28:00Z,324.89,324.89,324.84,324.84,451,324.865,12
AAPL,2026-09-01T23:29:00Z,324.89,324.89,324.89,324.89,398,324.89,21
AAPL,2026-09-01T23:30:00Z,324.93,324.93,324.861,324.861,326,324.899,21
AAPL,2026-09-01T23:31:00Z,324.96,325,324.96,325,235,324.989,21
AAPL,2026-09-01T23:33:00Z,324.975,324.99,324.975,324.99,585,324.985,30
AAPL,2026-09-01T23:34:00Z,324.99,324.99,324.99,324.99,476,324.99,14
AAPL,2026-09-01T23:35:00Z,324.97,324.97,324.97,324.97,132,324.97,10
AAPL,2026-09-01T23:36:00Z,324.98,324.98,324.98,324.98,814,324.98,12
AAPL,2026-09-01T23:39:00Z,324.96,324.96,324.96,324.96,572,324.96,11
AAPL,2026-09-01T23:40:00Z,325,325,324.96,324.96,720,324.969,17
AAPL,2026-09-01T23:41:00Z,324.978,325,324.94,325,665,324.978,7
AAPL,2026-09-01T23:42:00Z,324.94,324.94,324.94,324.94,118,324.94,13
AAPL,2026-09-01T23:43:00Z,324.95,324.95,324.93,324.93,436,324.947,18
AAPL,2026-09-01T23:44:00Z,325,325,325,325,1200,325,36
AAPL,2026-09-01T23:45:00Z,325,325.12,324.86,325.12,4552,324.902,91
AAPL,2026-09-01T23:46:00Z,325.11,325.11,325.11,325.11,235,325.11,11
AAPL,2026-09-01T23:48:00Z,325.08,325.08,325.08,325.08,81,325.08,8
AAPL,2026-09-01T23:50:00Z,325.02,325.07,325.02,325.034,213,325.039,11
AAPL,2026-09-01T23:51:00Z,325.07,325.07,325.064,325.064,350,325.065,12
AAPL,2026-09-01T23:53:00Z,325.05,325.12,325.05,325.12,467,325.083,18
AAPL,2026-09-01T23:54:00Z,325.115,325.12,325.112,325.112,1255,325.116,18
AAPL,2026-09-01T23:55:00Z,325.088,325.088,325.088,325.088,133,325.088,12
AAPL,2026-09-01T23:56:00Z,325.1,325.12,325.1,325.12,2421,325.111,29
AAPL,2026-09-01T23:57:00Z,325.13,325.13,325.088,325.088,666,325.114,15
AAPL,2026-09-01T23:58:00Z,325.13,325.14,325.12,325.14,1317,325.129,34
AAPL,2026-09-01T23:59:00Z,325.11,325.14,325.107,325.14,1777,325.13,21
AAPL,2026-09-02T08:00:00Z,324.66,325.36,324.03,324.85,25837,324.6,1906
AAPL,2026-09-02T08:01:00Z,324.64,325.07,324.05,324.705,6904,324.412,399
AAPL,2026-09-02T08:02:00Z,324.89,324.98,324.89,324.98,321,324.955,16
AAPL,2026-09-02T08:03:00Z,324.94,325.1,324.94,325.1,512,325.062,45
AAPL,2026-09-02T08:05:00Z,325.32,325.32,325.15,325.15,379,325.229,34
AAPL,2026-09-02T08:06:00Z,325.15,325.15,325.13,325.13,677,325.142,58
AAPL,2026-09-02T08:07:00Z,325.11,325.11,325.11,325.11,502,325.11,4
AAPL,2026-09-02T08:08:00Z,325.1,325.1,325.1,325.1,62,325.1,6
AAPL,2026-09-02T08:10:00Z,325.13,325.13,325.13,325.13,273,325.13,15
AAPL,2026-09-02T08:12:00Z,325.02,325.02,325.02,325.02,673,325.02,10
AAPL,2026-09-02T08:13:00Z,325.147,325.147,325.02,325.02,612,325.081,27
AAPL,2026-09-02T08:14:00Z,324.98,324.98,324.88,324.88,565,324.908,18
AAPL,2026-09-02T08:15:00Z,324.95,325.02,324.88,325,1403,325.005,22
AAPL,2026-09-02T08:19:00Z,324.88,324.88,324.88,324.88,182,324.88,12
AAPL,2026-09-02T08:20:00Z,324.77,324.77,324.61,324.61,484,324.637,21
AAPL,2026-09-02T08:22:00Z,324.77,324.79,324.77,324.79,543,324.784,19
AAPL,2026-09-02T08:23:00Z,324.84,324.84,324.84,324.84,122,324.84,11
AAPL,2026-09-02T08:24:00Z,324.82,324.84,324.8,324.82,618,324.82,23
AAPL,2026-09-02T08:28:00Z,324.87,324.87,324.81,324.81,242,324.847,12
AAPL,2026-09-02T08:29:00Z,324.86,324.86,324.86,324.86,234,324.86,14
AAPL,2026-09-02T08:30:00Z,324.8,324.8,324.8,324.8,306,324.8,9
AAPL,2026-09-02T08:31:00Z,324.85,324.86,324.85,324.85,216,324.853,12
AAPL,2026-09-02T08:32:00Z,324.88,324.92,324.88,324.88,496,324.902,20
AAPL,2026-09-02T08:34:00Z,324.81,324.81,324.8,324.8,507,324.801,18
AAPL,2026-09-02T08:36:00Z,324.75,324.75,324.63,324.63,496,324.649,17
AAPL,2026-09-02T08:38:00Z,324.66,324.66,324.66,324.66,147,324.66,9
AAPL,2026-09-02T08:42:00Z,324.56,324.6,324.558,324.6,328,324.57,24
AAPL,2026-09-02T08:44:00Z,324.55,324.57,324.55,324.57,265,324.561,20
AAPL,2026-09-02T08:47:00Z,324.742,324.742,324.742,324.742,92,324.742,8
AAPL,2026-09-02T08:48:00Z,324.59,324.59,324.53,324.53,3145,324.55,68
AAPL,2026-09-02T08:49:00Z,324.45,324.48,324.45,324.48,416,324.458,7
AAPL,2026-09-02T08:50:00Z,324.49,324.57,324.49,324.57,243,324.544,20
AAPL,2026-09-02T08:51:00Z,324.46,324.46,324.46,324.46,570,324.46,18
AAPL,2026-09-02T08:53:00Z,324.47,324.81,324.47,324.51,3044,324.656,114
AAPL,2026-09-02T08:54:00Z,324.47,324.47,324.47,324.47,156,324.47,17
AAPL,2026-09-02T08:55:00Z,324.62,324.625,324.49,324.51,487,324.558,15
AAPL,2026-09-02T08:59:00Z,324.6,324.62,324.6,324.62,209,324.612,11
AAPL,2026-09-02T09:01:00Z,324.63,324.63,324.49,324.49,561,324.545,52
AAPL,2026-09-02T09:02:00Z,324.63,324.63,324.565,324.565,159,324.595,17
AAPL,2026-09-02T09:05:00Z,324.59,324.73,324.59,324.73,471,324.653,62
AAPL,2026-09-02T09:06:00Z,324.69,324.77,324.69,324.77,287,324.713,22
AAPL,2026-09-02T09:07:00Z,324.74,324.74,324.74,324.74,201,324.74,8
AAPL,2026-09-02T09:08:00Z,324.65,324.65,324.65,324.65,156,324.65,17
AAPL,2026-09-02T09:09:00Z,324.74,324.74,324.69,324.74,249,324.713,4
AAPL,2026-09-02T09:10:00Z,324.64,324.69,324.64,324.641,568,324.663,27
AAPL,2026-09-02T09:11:00Z,324.69,324.75,324.69,324.75,205,324.716,8
AAPL,2026-09-02T09:14:00Z,324.64,324.64,324.64,324.64,140,324.64,24
AAPL,2026-09-02T09:15:00Z,324.57,324.66,324.56,324.66,443,324.604,10
AAPL,2026-09-02T09:16:00Z,324.56,324.66,324.56,324.56,1561,324.607,22
AAPL,2026-09-02T09:17:00Z,324.56,324.56,324.56,324.56,119,324.56,11
AAPL,2026-09-02T09:19:00Z,324.57,324.62,324.57,324.62,657,324.595,17
AAPL,2026-09-02T09:20:00Z,324.57,324.62,324.57,324.57,1220,324.594,18
AAPL,2026-09-02T09:21:00Z,324.62,324.62,324.57,324.62,837,324.598,14
AAPL,2026-09-02T09:22:00Z,324.57,324.62,324.57,324.62,1159,324.594,26
AAPL,2026-09-02T09:23:00Z,324.57,324.57,324.51,324.51,312,324.551,16
AAPL,2026-09-02T09:24:00Z,324.55,324.55,324.55,324.55,222,324.55,14
AAPL,2026-09-02T09:26:00Z,324.49,324.6,324.49,324.57,2681,324.517,158
AAPL,2026-09-02T09:27:00Z,324.57,324.69,324.57,324.57,391,324.615,7
AAPL,2026-09-02T09:28:00Z,324.69,324.69,324.624,324.69,951,324.665,37
AAPL,2026-09-02T09:29:00Z,324.63,324.69,324.63,324.63,1218,324.658,18
AAPL,2026-09-02T09:30:00Z,324.69,324.69,324.61,324.61,563,324.655,20
AAPL,2026-09-02T09:31:00Z,324.56,324.56,324.56,324.56,151,324.56,9
AAPL,2026-09-02T09:33:00Z,324.58,324.59,324.5,324.5,296,324.554,7
AAPL,2026-09-02T09:34:00Z,324.53,324.55,324.53,324.55,262,324.542,10
AAPL,2026-09-02T09:35:00Z,324.51,324.53,324.49,324.49,390,324.504,23
AAPL,2026-09-02T09:36:00Z,324.55,324.58,324.55,324.58,1046,324.561,42
AAPL,2026-09-02T09:37:00Z,324.6,324.69,324.6,324.61,294,324.634,13
AAPL,2026-09-02T09:38:00Z,324.6,324.63,324.6,324.63,226,324.611,12
AAPL,2026-09-02T09:39:00Z,324.57,324.6,324.57,324.57,659,324.578,30
AAPL,2026-09-02T09:40:00Z,324.57,324.6,324.52,324.52,1305,324.563,23
AAPL,2026-09-02T09:41:00Z,324.53,324.53,324.49,324.49,286,324.504,5
AAPL,2026-09-02T09:42:00Z,324.53,324.53,324.49,324.5,1251,324.507,21
AAPL,2026-09-02T09:43:00Z,324.49,324.5,324.49,324.49,2346,324.49,58
AAPL,2026-09-02T09:46:00Z,324.6,324.85,324.6,324.85,1551,324.68,72
AAPL,2026-09-02T09:47:00Z,324.86,324.99,324.84,324.84,843,324.924,29
AAPL,2026-09-02T09:49:00Z,324.84,324.87,324.84,324.87,147,324.859,5
AAPL,2026-09-02T09:50:00Z,324.83,324.83,324.83,324.83,84,324.83,8
AAPL,2026-09-02T09:52:00Z,324.78,324.8,324.71,324.71,1544,324.776,44
AAPL,2026-09-02T09:53:00Z,324.74,324.79,324.7,324.79,542,324.751,23
AAPL,2026-09-02T09:54:00Z,324.7,324.71,324.66,324.66,979,324.695,36
AAPL,2026-09-02T09:55:00Z,324.65,324.67,324.65,324.67,367,324.655,11
AAPL,2026-09-02T09:58:00Z,324.6,324.6,324.6,324.6,445,324.6,21
AAPL,2026-09-02T09:59:00Z,324.544,324.544,324.544,324.544,153,324.544,17
AAPL,2026-09-02T10:01:00Z,324.7,324.7,324.582,324.582,865,324.654,12
AAPL,2026-09-02T10:02:00Z,324.75,324.79,324.7,324.79,305,324.747,7
AAPL,2026-09-02T10:03:00Z,324.604,324.604,324.604,324.604,120,324.604,7
AAPL,2026-09-02T10:06:00Z,324.66,324.66,324.66,324.66,264,324.66,16
AAPL,2026-09-02T10:07:00Z,324.69,324.7,324.66,324.66,872,324.678,16
AAPL,2026-09-02T10:08:00Z,324.7,324.7,324.66,324.66,719,324.677,24
AAPL,2026-09-02T10:09:00Z,324.67,324.8,324.67,324.68,971,324.691,42
AAPL,2026-09-02T10:13:00Z,324.69,324.69,324.68,324.69,392,324.687,32
AAPL,2026-09-02T10:15:00Z,324.75,324.75,324.75,324.75,353,324.75,32
AAPL,2026-09-02T10:18:00Z,324.71,324.75,324.71,324.75,669,324.738,13
AAPL,2026-09-02T10:19:00Z,324.68,324.68,324.68,324.68,115,324.68,11
AAPL,2026-09-02T10:20:00Z,324.68,324.69,324.68,324.69,176,324.687,10
AAPL,2026-09-02T10:21:00Z,324.68,324.68,324.68,324.68,190,324.68,13
AAPL,2026-09-02T10:23:00Z,324.67,324.68,324.56,324.56,584,324.632,43
AAPL,2026-09-02T10:25:00Z,324.71,324.75,324.71,324.75,407,324.733,37
AAPL,2026-09-02T10:26:00Z,324.75,324.8,324.73,324.8,1917,324.754,109
AAPL,2026-09-02T10:27:00Z,324.9,324.9,324.9,324.9,145,324.9,8
AAPL,2026-09-02T10:28:00Z,324.9,324.9,324.77,324.77,309,324.869,18
AAPL,2026-09-02T10:31:00Z,324.93,324.93,324.78,324.78,156,324.861,10
AAPL,2026-09-02T10:32:00Z,324.75,324.75,324.75,324.75,110,324.75,10
AAPL,2026-09-02T10:33:00Z,324.87,325,324.84,325,1386,324.925,92
AAPL,2026-09-02T10:34:00Z,324.87,324.87,324.601,324.601,6772,324.736,66
AAPL,2026-09-02T10:38:00Z,324.86,324.86,324.73,324.86,323,324.799,9
AAPL,2026-09-02T10:39:00Z,324.73,324.86,324.61,324.78,975,324.733,22
AAPL,2026-09-02T10:42:00Z,324.61,324.61,324.61,324.61,136,324.61,16
AAPL,2026-09-02T10:45:00Z,324.68,324.68,324.67,324.67,205,324.675,20
AAPL,2026-09-02T10:46:00Z,324.6,324.68,324.6,324.67,884,324.644,42
AAPL,2026-09-02T10:47:00Z,324.69,324.73,324.69,324.73,144,324.718,4
AAPL,2026-09-02T10:48:00Z,324.71,324.77,324.71,324.77,403,324.748,27
AAPL,2026-09-02T10:49:00Z,324.78,324.78,324.78,324.78,179,324.78,19
AAPL,2026-09-02T10:50:00Z,324.72,324.72,324.72,324.72,166,324.72,15
AAPL,2026-09-02T10:52:00Z,324.72,324.72,324.69,324.69,346,324.702,19
AAPL,2026-09-02T10:53:00Z,324.65,324.74,324.65,324.74,277,324.711,26
AAPL,2026-09-02T10:54:00Z,324.76,324.91,324.76,324.91,2092,324.811,72
AAPL,2026-09-02T10:55:00Z,324.92,325.09,324.88,324.88,1235,324.977,78
AAPL,2026-09-02T10:56:00Z,324.97,324.99,324.92,324.97,814,324.962,28
AAPL,2026-09-02T10:57:00Z,324.99,325.01,324.99,325,785,325.001,47
AAPL,2026-09-02T10:58:00Z,325,325.001,325,325.001,395,325,32
AAPL,2026-09-02T10:59:00Z,325.05,325.11,325.05,325.11,554,325.068,70
AAPL,2026-09-02T11:00:00Z,325.15,325.173,325.08,325.14,2993,325.132,81
AAPL,2026-09-02T11:01:00Z,325.12,325.5,325.088,325.203,9052,325.291,156
AAPL,2026-09-02T11:02:00Z,325.55,325.9,325.55,325.9,2515,325.654,92
AAPL,2026-09-02T11:03:00Z,325.86,326.07,325.82,326.07,8154,325.921,255
AAPL,2026-09-02T11:04:00Z,326.08,326.15,326.07,326.14,2393,326.099,94
AAPL,2026-09-02T11:05:00Z,326.18,326.25,326.093,326.21,6922,326.2,140
AAPL,2026-09-02T11:06:00Z,326.17,326.235,325.98,326.149,3801,326.077,78
AAPL,2026-09-02T11:07:00Z,326.06,326.114,325.98,326.113,1117,326.053,45
AAPL,2026-09-02T11:08:00Z,326.095,326.095,326,326.058,2018,326.053,35
AAPL,2026-09-02T11:09:00Z,325.97,326,325.8,325.98,2371,325.932,95
AAPL,2026-09-02T11:10:00Z,325.94,326.049,325.8,325.8,3914,325.946,35
AAPL,2026-09-02T11:11:00Z,325.81,325.82,325.56,325.7,2579,325.752,89
AAPL,2026-09-02T11:12:00Z,325.749,325.749,325.715,325.73,1622,325.729,40
AAPL,2026-09-02T11:13:00Z,325.71,325.85,325.5,325.68,3340,325.684,53
AAPL,2026-09-02T11:14:00Z,325.66,325.98,325.66,325.98,2001,325.855,67
AAPL,2026-09-02T11:15:00Z,325.96,326,325.707,325.707,803,325.831,28
AAPL,2026-09-02T11:16:00Z,325.73,325.73,325.59,325.65,381,325.662,17
AAPL,2026-09-02T11:17:00Z,325.6,325.758,325.59,325.65,2588,325.623,47
AAPL,2026-09-02T11:18:00Z,325.65,325.7,325.65,325.7,1055,325.673,19
AAPL,2026-09-02T11:19:00Z,325.7,325.7,325.65,325.67,2477,325.664,86
AAPL,2026-09-02T11:20:00Z,325.7,325.7,325.61,325.627,2395,325.632,48
AAPL,2026-09-02T11:21:00Z,325.5,325.785,325.5,325.6,561,325.619,24
AAPL,2026-09-02T11:22:00Z,325.5,325.571,325.14,325.571,741,325.425,48
AAPL,2026-09-02T11:23:00Z,325.55,325.66,325.34,325.413,1490,325.48,70
AAPL,2026-09-02T11:24:00Z,325.58,325.58,325.41,325.46,699,325.447,34
AAPL,2026-09-02T11:25:00Z,325.49,325.49,325.49,325.49,664,325.49,23
AAPL,2026-09-02T11:26:00Z,325.521,325.521,325.521,325.521,281,325.521,32
AAPL,2026-09-02T11:27:00Z,325.55,325.63,325.53,325.63,630,325.596,55
AAPL,2026-09-02T11:28:00Z,325.69,325.91,325.69,325.83,2110,325.801,101
AAPL,2026-09-02T11:29:00Z,325.83,325.83,325.8,325.81,419,325.814,23
AAPL,2026-09-02T11:30:00Z,325.85,325.85,325.68,325.68,2269,325.751,32
AAPL,2026-09-02T11:31:00Z,325.68,325.797,325.68,325.797,367,325.726,23
AAPL,2026-09-02T11:32:00Z,325.7,325.85,325.7,325.85,450,325.801,38
AAPL,2026-09-02T11:33:00Z,325.862,325.89,325.77,325.77,750,325.836,28
AAPL,2026-09-02T11:34:00Z,325.91,326,325.88,326,2066,325.987,71
AAPL,2026-09-02T11:35:00Z,326.09,326.09,325.86,325.86,580,326.005,39
AAPL,2026-09-02T11:36:00Z,325.85,325.99,325.85,325.89,1015,325.926,77
AAPL,2026-09-02T11:37:00Z,325.89,326,325.89,326,4790,325.992,111
AAPL,2026-09-02T11:38:00Z,325.99,326.01,325.95,326.007,799,326,36
AAPL,2026-09-02T11:39:00Z,326.01,326.03,325.98,325.98,358,326.004,20
AAPL,2026-09-02T11:40:00Z,325.8,326,325.8,326,673,325.923,22
AAPL,2026-09-02T11:41:00Z,325.952,326.03,325.952,326.03,953,325.993,22
AAPL,2026-09-02T11:42:00Z,326.03,326.13,326.03,326.13,615,326.1,34
AAPL,2026-09-02T11:43:00Z,326.13,326.35,326.13,326.3,5571,326.189,112
AAPL,2026-09-02T11:44:00Z,326.26,326.35,326.25,326.327,1608,326.304,42
AAPL,2026-09-02T11:45:00Z,326.35,326.35,326.23,326.26,2461,326.268,47
AAPL,2026-09-02T11:46:00Z,326.26,326.26,326.031,326.21,1763,326.217,46
AAPL,2026-09-02T11:47:00Z,326.29,326.29,326.1,326.15,1519,326.249,26
AAPL,2026-09-02T11:48:00Z,326.23,326.281,326.15,326.22,1866,326.23,42
AAPL,2026-09-02T11:49:00Z,326.19,326.22,326.19,326.22,321,326.196,22
AAPL,2026-09-02T11:50:00Z,326.13,326.2,326.13,326.19,775,326.172,27
AAPL,2026-09-02T11:51:00Z,326.18,326.18,326.07,326.09,773,326.113,24
AAPL,2026-09-02T11:52:00Z,326.07,326.11,326.07,326.11,493,326.089,27
AAPL,2026-09-02T11:53:00Z,326.12,326.18,326.11,326.18,2096,326.157,36
AAPL,2026-09-02T11:54:00Z,326.14,326.168,326.06,326.13,1912,326.128,42
AAPL,2026-09-02T11:55:00Z,326.06,326.18,326.06,326.141,1403,326.142,30
AAPL,2026-09-02T11:56:00Z,326.14,326.32,326.14,326.32,1272,326.209,52
AAPL,2026-09-02T11:57:00Z,326.34,326.364,326.31,326.31,2387,326.346,65
AAPL,2026-09-02T11:58:00Z,326.351,326.45,326.351,326.4,3240,326.398,65
AAPL,2026-09-02T11:59:00Z,326.39,326.57,326.35,326.54,4754,326.494,134
AAPL,2026-09-02T12:00:00Z,326.52,326.52,326.25,326.5,10276,326.452,135
AAPL,2026-09-02T12:01:00Z,326.5,326.5,326,326.19,7002,326.236,244
AAPL,2026-09-02T12:02:00Z,326.15,326.2,326.15,326.2,840,326.189,40
AAPL,2026-09-02T12:03:00Z,326.2,326.41,326.149,326.32,3201,326.212,118
AAPL,2026-09-02T12:04:00Z,326.3,326.36,326.21,326.336,2643,326.275,68
AAPL,2026-09-02T12:05:00Z,326.25,326.299,326.25,326.27,957,326.273,77
AAPL,2026-09-02T12:06:00Z,326.28,326.29,326.19,326.275,2013,326.234,93
AAPL,2026-09-02T12:07:00Z,326.29,326.36,326.28,326.36,1773,326.302,64
AAPL,2026-09-02T12:08:00Z,326.42,326.5,326.42,326.5,724,326.458,36
AAPL,2026-09-02T12:09:00Z,326.5,326.55,326.42,326.54,4329,326.487,62
AAPL,2026-09-02T12:10:00Z,326.528,326.534,326.29,326.39,4031,326.397,150
AAPL,2026-09-02T12:11:00Z,326.48,326.58,326.39,326.49,4267,326.532,105
AAPL,2026-09-02T12:12:00Z,326.46,326.49,326.42,326.49,947,326.457,53
AAPL,2026-09-02T12:13:00Z,326.53,326.59,326.53,326.59,2025,326.561,48
AAPL,2026-09-02T12:14:00Z,326.579,326.67,326.55,326.63,37804,326.581,99
AAPL,2026-09-02T12:15:00Z,326.5,326.7,326.5,326.62,806,326.567,45
AAPL,2026-09-02T12:16:00Z,326.685,326.7,326.6,326.65,3632,326.672,42
AAPL,2026-09-02T12:17:00Z,326.664,326.664,326.5,326.618,5403,326.558,203
AAPL,2026-09-02T12:18:00Z,326.61,326.74,326.6,326.711,7546,326.664,218
AAPL,2026-09-02T12:19:00Z,326.72,326.729,326.51,326.57,2581,326.585,98
AAPL,2026-09-02T12:20:00Z,326.55,326.65,326.55,326.61,2592,326.612,105
AAPL,2026-09-02T12:21:00Z,326.7,326.78,326.69,326.69,6295,326.747,138
AAPL,2026-09-02T12:22:00Z,326.736,326.83,326.736,326.78,3122,326.785,129
AAPL,2026-09-02T12:23:00Z,326.818,326.818,326.532,326.66,4101,326.667,140
AAPL,2026-09-02T12:24:00Z,326.6,326.6,326.5,326.5,2699,326.555,96
AAPL,2026-09-02T12:25:00Z,326.51,326.58,326.5,326.5,2276,326.509,59
AAPL,2026-09-02T12:26:00Z,326.514,326.71,326.514,326.71,1844,326.6,104
AAPL,2026-09-02T12:27:00Z,326.673,326.8,326.673,326.71,1527,326.694,42
AAPL,2026-09-02T12:28:00Z,326.67,326.763,326.66,326.7,3489,326.696,107
AAPL,2026-09-02T12:29:00Z,326.74,326.74,326.6,326.67,3272,326.678,59
AAPL,2026-09-02T12:30:00Z,326.7,326.784,326.59,326.782,1996,326.695,102
AAPL,2026-09-02T12:31:00Z,326.7,326.85,326.68,326.83,4128,326.81,91
AAPL,2026-09-02T12:32:00Z,326.73,326.97,326.69,326.923,4367,326.842,104
AAPL,2026-09-02T12:33:00Z,326.9,326.97,326.77,326.9,6883,326.891,136
AAPL,2026-09-02T12:34:00Z,326.88,326.945,326.82,326.89,3308,326.893,90
AAPL,2026-09-02T12:35:00Z,326.863,326.863,326.77,326.77,1250,326.823,59
AAPL,2026-09-02T12:36:00Z,326.77,326.77,326.71,326.77,2705,326.742,91
AAPL,2026-09-02T12:37:00Z,326.76,326.76,326.688,326.688,89584,326.727,69
AAPL,2026-09-02T12:38:00Z,326.71,326.73,326.68,326.68,1321,326.688,42
AAPL,2026-09-02T12:39:00Z,326.7,326.7,326.69,326.69,648,326.699,35
AAPL,2026-09-02T12:40:00Z,326.68,326.71,326.68,326.7,1124,326.691,56
AAPL,2026-09-02T12:41:00Z,326.68,326.7,326.68,326.68,872,326.682,41
AAPL,2026-09-02T12:42:00Z,326.7,326.73,326.67,326.68,2156,326.69,47
AAPL,2026-09-02T12:43:00Z,326.69,326.69,326.6,326.6,2535,326.619,110
AAPL,2026-09-02T12:44:00Z,326.59,326.59,326.5,326.54,2592,326.54,96
AAPL,2026-09-02T12:45:00Z,326.502,326.6,326.502,326.6,2369,326.545,79
AAPL,2026-09-02T12:46:00Z,326.53,326.57,326.52,326.54,1189,326.55,46
AAPL,2026-09-02T12:47:00Z,326.56,326.65,326.54,326.554,2344,326.564,43
AAPL,2026-09-02T12:48:00Z,326.61,326.65,326.6,326.6,1857,326.633,58
AAPL,2026-09-02T12:49:00Z,326.5,326.58,326.5,326.54,1971,326.538,75
AAPL,2026-09-02T12:50:00Z,326.5,326.58,326.5,326.58,2684,326.517,101
AAPL,2026-09-02T12:51:00Z,326.5,326.55,326.5,326.55,780,326.511,63
AAPL,2026-09-02T12:52:00Z,326.5,326.57,326.5,326.54,6737,326.507,283
AAPL,2026-09-02T12:53:00Z,326.5,326.63,326.5,326.51,8329,326.547,152
AAPL,2026-09-02T12:54:00Z,326.58,326.58,326.502,326.53,928,326.51,50
AAPL,2026-09-02T12:55:00Z,326.5,326.57,326.5,326.55,1763,326.522,76
AAPL,2026-09-02T12:56:00Z,326.54,326.55,326.5,326.54,2681,326.516,89
AAPL,2026-09-02T12:57:00Z,326.52,326.9,326.5,326.89,29562,326.597,734
AAPL,2026-09-02T12:58:00Z,326.89,326.94,326.78,326.78,11034,326.892,256
AAPL,2026-09-02T12:59:00Z,326.9,326.9,326.85,326.86,1852,326.888,76
AAPL,2026-09-02T13:00:00Z,326.95,326.99,326.86,326.99,3811,326.945,131
AAPL,2026-09-02T13:01:00Z,326.95,326.981,326.85,326.85,6908,326.916,127
AAPL,2026-09-02T13:02:00Z,326.9,326.99,326.9,326.95,5344,326.961,114
AAPL,2026-09-02T13:03:00Z,326.95,326.99,326.8,326.83,4564,326.89,106
AAPL,2026-09-02T13:04:00Z,326.886,326.886,326.8,326.8,860,326.865,30
AAPL,2026-09-02T13:05:00Z,326.87,326.99,326.87,326.95,3592,326.958,109
AAPL,2026-09-02T13:06:00Z,326.95,327.1,326.95,327.078,10632,327.001,275
AAPL,2026-09-02T13:07:00Z,327,327.08,326.75,326.83,5698,326.953,123
AAPL,2026-09-02T13:08:00Z,326.8,326.83,326.76,326.76,659,326.805,42
AAPL,2026-09-02T13:09:00Z,326.82,326.83,326.75,326.8,2110,326.796,79
AAPL,2026-09-02T13:10:00Z,326.8,326.815,326.74,326.78,5316,326.759,77
AAPL,2026-09-02T13:11:00Z,326.78,326.83,326.71,326.79,1779,326.758,48
AAPL,2026-09-02T13:12:00Z,326.78,326.78,326.7,326.76,1766,326.735,85
AAPL,2026-09-02T13:13:00Z,326.76,326.78,326.7,326.7,3189,326.717,110
AAPL,2026-09-02T13:14:00Z,326.77,326.8,326.701,326.775,13224,326.769,67
AAPL,2026-09-02T13:15:00Z,326.804,326.81,326.71,326.77,1254,326.786,51
AAPL,2026-09-02T13:16:00Z,326.76,326.76,326.7,326.7,15290,326.705,353
AAPL,2026-09-02T13:17:00Z,326.7,326.75,326.5,326.52,8129,326.577,200
AAPL,2026-09-02T13:18:00Z,326.52,326.82,326.5,326.82,4190,326.562,171
AAPL,2026-09-02T13:19:00Z,326.67,326.79,326.5,326.58,3292,326.579,80
AAPL,2026-09-02T13:20:00Z,326.58,326.61,326.5,326.5,4077,326.518,133
AAPL,2026-09-02T13:21:00Z,326.618,326.618,326.5,326.5,1915,326.515,56
AAPL,2026-09-02T13:22:00Z,326.53,326.58,326.5,326.52,4657,326.527,91
AAPL,2026-09-02T13:23:00Z,326.52,326.58,326.5,326.5,13719,326.525,291
AAPL,2026-09-02T13:24:00Z,326.5,326.57,326.5,326.57,3726,326.513,162
AAPL,2026-09-02T13:25:00Z,326.5,326.5,326.1,326.2,12667,326.417,224
AAPL,2026-09-02T13:26:00Z,326.34,326.84,326.29,326.613,7222,326.683,155
AAPL,2026-09-02T13:27:00Z,326.84,327.5,326.64,326.89,15021,327.155,407
AAPL,2026-09-02T13:28:00Z,326.75,327.04,326.75,326.92,3826,326.882,95
AAPL,2026-09-02T13:29:00Z,326.93,327.04,326.76,326.76,3596,326.851,120
AAPL,2026-09-02T13:30:00Z,326.76,328.4,326.75,327.446,868199,327.221,15158
AAPL,2026-09-02T13:31:00Z,327.365,328.25,325.51,326,275647,327.029,6042
AAPL,2026-09-02T13:32:00Z,325.97,326.625,325.83,326.458,155553,326.233,3684
AAPL,2026-09-02T13:33:00Z,326.47,327.258,326.05,326.53,148822,326.747,3780
AAPL,2026-09-02T13:34:00Z,326.505,326.601,325.6,325.65,131522,325.923,3210
AAPL,2026-09-02T13:35:00Z,325.666,325.666,324.7,325.2,273195,325.122,5134
AAPL,2026-09-02T13:36:00Z,325.185,325.34,324.205,324.275,153090,324.757,3265
AAPL,2026-09-02T13:37:00Z,324.289,324.797,324.173,324.39,101209,324.507,2757
AAPL,2026-09-02T13:38:00Z,324.395,324.395,324.07,324.27,113137,324.269,2707
AAPL,2026-09-02T13:39:00Z,324.235,325.09,324.23,325.01,130461,324.587,2905
AAPL,2026-09-02T13:40:00Z,325.01,325.04,324.4,324.86,138773,324.686,2996
AAPL,2026-09-02T13:41:00Z,324.87,325.3,324.81,325.09,118323,325.114,2989
AAPL,2026-09-02T13:42:00Z,325.09,325.28,324.738,324.87,111564,324.975,2839
AAPL,2026-09-02T13:43:00Z,324.87,325.1,324.62,324.87,120679,324.859,3056
AAPL,2026-09-02T13:44:00Z,324.887,325.5,324.88,325.45,97394,325.33,2409
AAPL,2026-09-02T13:45:00Z,325.455,325.48,324.66,325.06,170448,325.088,3860
AAPL,2026-09-02T13:46:00Z,325.06,325.3,324.69,325.25,157524,325.016,3112
AAPL,2026-09-02T13:47:00Z,325.216,325.575,325.2,325.24,82070,325.403,2153
AAPL,2026-09-02T13:48:00Z,325.221,325.355,324.76,324.78,101908,324.953,2623
AAPL,2026-09-02T13:49:00Z,324.76,324.84,324.52,324.545,108662,324.683,2001
AAPL,2026-09-02T13:50:00Z,324.545,325.134,324.46,324.95,115505,324.716,2599
AAPL,2026-09-02T13:51:00Z,324.87,325.067,324.62,324.67,74574,324.808,1726
AAPL,2026-09-02T13:52:00Z,324.65,325.18,324.65,325.12,142530,325.036,2381
AAPL,2026-09-02T13:53:00Z,325.115,325.36,324.98,325.32,68688,325.171,1811
AAPL,2026-09-02T13:54:00Z,325.31,325.33,324.85,325.005,97569,325.023,2086
AAPL,2026-09-02T13:55:00Z,325.01,325.04,324.52,324.7,102601,324.738,2118
AAPL,2026-09-02T13:56:00Z,324.7,325.31,324.43,325.06,106857,324.828,2517
AAPL,2026-09-02T13:57:00Z,325.06,325.41,325.041,325.4,92379,325.23,2180
AAPL,2026-09-02T13:58:00Z,325.38,325.55,325.255,325.365,93970,325.399,2213
AAPL,2026-09-02T13:59:00Z,325.375,325.44,325.1,325.18,102436,325.262,2358
AAPL,2026-09-02T14:00:00Z,325.18,325.2,324.545,324.81,646502,324.834,2552
AAPL,2026-09-02T14:01:00Z,324.81,325.165,324.745,324.9,77433,324.978,2016
AAPL,2026-09-02T14:02:00Z,324.88,325.116,324.67,324.79,75386,324.859,2292
AAPL,2026-09-02T14:03:00Z,324.78,324.78,324.126,324.18,126628,324.463,3120
AAPL,2026-09-02T14:04:00Z,324.17,324.329,323.94,323.965,104488,324.107,2625
AAPL,2026-09-02T14:05:00Z,323.94,324.06,323.53,323.61,129540,323.835,2931
AAPL,2026-09-02T14:06:00Z,323.59,324.15,323.59,324.03,119829,323.788,2441
AAPL,2026-09-02T14:07:00Z,324.049,324.2,323.71,324.1,87409,323.933,2155
AAPL,2026-09-02T14:08:00Z,324.11,324.5,324.07,324.43,93850,324.345,2205
AAPL,2026-09-02T14:09:00Z,324.42,324.42,324.16,324.2,106527,324.278,2137
AAPL,2026-09-02T14:10:00Z,324.24,324.36,323.537,323.66,136737,323.836,2675
AAPL,2026-09-02T14:11:00Z,323.64,324.1,323.625,323.803,78845,323.854,1998
AAPL,2026-09-02T14:12:00Z,323.81,323.95,323.61,323.75,60185,323.744,2537
AAPL,2026-09-02T14:13:00Z,323.74,324.06,323.63,323.885,69132,323.902,2568
AAPL,2026-09-02T14:14:00Z,323.91,324.15,323.74,323.99,60445,323.925,2471
AAPL,2026-09-02T14:15:00Z,323.97,324.07,323.71,324.03,62295,323.848,2569
AAPL,2026-09-02T14:16:00Z,324.035,324.195,323.97,324.16,45938,324.065,2434
AAPL,2026-09-02T14:17:00Z,324.145,324.3,324,324.025,86809,324.162,2690
AAPL,2026-09-02T14:18:00Z,324.04,324.16,323.73,323.935,60021,323.94,2394
AAPL,2026-09-02T14:19:00Z,323.96,324.22,323.785,323.8,51324,323.965,2441
AAPL,2026-09-02T14:20:00Z,323.78,324.109,323.6,324.086,65220,323.831,2827
AAPL,2026-09-02T14:21:00Z,324.09,324.3,323.93,324.074,53927,324.103,2342
AAPL,2026-09-02T14:22:00Z,324.07,324.08,323.83,324.04,51918,323.964,2356
AAPL,2026-09-02T14:23:00Z,324.045,324.17,323.84,324.11,64506,324.027,2667
AAPL,2026-09-02T14:24:00Z,324.13,324.22,324.035,324.075,32721,324.112,2041
AAPL,2026-09-02T14:25:00Z,324.08,324.18,324.03,324.16,38448,324.106,2277
AAPL,2026-09-02T14:26:00Z,324.16,324.54,324.16,324.53,91619,324.381,2617
AAPL,2026-09-02T14:27:00Z,324.53,324.6,324.32,324.575,77227,324.48,2635
AAPL,2026-09-02T14:28:00Z,324.58,324.818,324.43,324.818,70206,324.576,2615
AAPL,2026-09-02T14:29:00Z,324.815,324.95,324.5,324.57,54913,324.748,2403
AAPL,2026-09-02T14:30:00Z,324.585,324.6,324,324.11,96516,324.268,2978
AAPL,2026-09-02T14:31:00Z,324.11,324.72,324.09,324.67,65953,324.253,2462
AAPL,2026-09-02T14:32:00Z,324.69,324.789,324.36,324.36,55555,324.678,2246
AAPL,2026-09-02T14:33:00Z,324.38,324.44,324.17,324.21,37404,324.302,2120
AAPL,2026-09-02T14:34:00Z,324.25,324.37,324.05,324.07,50776,324.199,2489
AAPL,2026-09-02T14:35:00Z,324.07,324.24,324.021,324.165,53620,324.143,2634
AAPL,2026-09-02T14:36:00Z,324.17,324.23,324.03,324.075,41174,324.122,2119
AAPL,2026-09-02T14:37:00Z,324.075,324.471,324.062,324.455,43368,324.29,2196
AAPL,2026-09-02T14:38:00Z,324.45,324.6,324.37,324.54,41106,324.445,2095
AAPL,2026-09-02T14:39:00Z,324.56,324.58,324.4,324.56,51766,324.487,2541
AAPL,2026-09-02T14:40:00Z,324.57,324.7,324.39,324.7,64984,324.544,2745
AAPL,2026-09-02T14:41:00Z,324.7,324.75,324.61,324.665,54407,324.692,2359
AAPL,2026-09-02T14:42:00Z,324.68,324.765,324.61,324.63,42117,324.686,2259
AAPL,2026-09-02T14:43:00Z,324.61,324.68,324.415,324.57,53193,324.515,2497
AAPL,2026-09-02T14:44:00Z,324.57,324.84,324.56,324.725,39725,324.687,2288
AAPL,2026-09-02T14:45:00Z,324.727,324.795,324.55,324.58,47197,324.695,2453
AAPL,2026-09-02T14:46:00Z,324.6,324.89,324.565,324.85,85229,324.749,2789
AAPL,2026-09-02T14:47:00Z,324.84,325.08,324.82,325.08,75848,324.939,2729
AAPL,2026-09-02T14:48:00Z,325.04,325.06,324.67,324.912,71529,324.92,2869
AAPL,2026-09-02T14:49:00Z,324.915,324.915,324.59,324.75,51907,324.727,2533
AAPL,2026-09-02T14:50:00Z,324.74,324.77,324.52,324.62,44724,324.617,2268
AAPL,2026-09-02T14:51:00Z,324.61,324.71,324.49,324.615,59979,324.603,2584
AAPL,2026-09-02T14:52:00Z,324.62,324.74,324.53,324.63,43067,324.647,2151
AAPL,2026-09-02T14:53:00Z,324.625,324.64,324.429,324.44,78196,324.533,2416
AAPL,2026-09-02T14:54:00Z,324.47,324.527,324.15,324.205,81023,324.42,2624
AAPL,2026-09-02T14:55:00Z,324.2,324.48,324.175,324.48,39183,324.346,2170
AAPL,2026-09-02T14:56:00Z,324.48,324.6,324.442,324.46,33945,324.523,2226
AAPL,2026-09-02T14:57:00Z,324.465,324.68,324.43,324.635,70669,324.576,2757
AAPL,2026-09-02T14:58:00Z,324.64,324.75,324.49,324.59,40845,324.662,2234
AAPL,2026-09-02T14:59:00Z,324.59,324.74,324.56,324.619,38546,324.666,2180
AAPL,2026-09-02T15:00:00Z,324.65,324.825,324.6,324.67,49313,324.694,2351
AAPL,2026-09-02T15:01:00Z,324.67,324.895,324.66,324.72,37129,324.784,2357
AAPL,2026-09-02T15:02:00Z,324.71,324.87,324.7,324.86,28056,324.809,2163
AAPL,2026-09-02T15:03:00Z,324.86,324.945,324.817,324.88,36607,324.891,2171
AAPL,2026-09-02T15:04:00Z,324.9,324.9,324.39,324.41,52036,324.662,2314
AAPL,2026-09-02T15:05:00Z,324.41,324.42,324.27,324.37,32492,324.37,2261
AAPL,2026-09-02T15:06:00Z,324.365,324.62,324.34,324.595,48788,324.487,2227
AAPL,2026-09-02T15:07:00Z,324.605,324.665,324.423,324.585,35320,324.55,2197
AAPL,2026-09-02T15:08:00Z,324.58,324.67,324.39,324.67,27665,324.5,2088
AAPL,2026-09-02T15:09:00Z,324.67,324.68,324.34,324.39,37981,324.473,2065
AAPL,2026-09-02T15:10:00Z,324.4,324.403,324.11,324.22,39447,324.232,2134
AAPL,2026-09-02T15:11:00Z,324.22,324.56,324.22,324.55,43276,324.419,2585
AAPL,2026-09-02T15:12:00Z,324.52,324.6,324.44,324.47,26479,324.515,2092
AAPL,2026-09-02T15:13:00Z,324.465,324.465,324.26,324.325,46789,324.33,2068
AAPL,2026-09-02T15:14:00Z,324.33,324.47,324.3,324.47,25334,324.38,2072
AAPL,2026-09-02T15:15:00Z,324.48,324.75,324.45,324.72,28874,324.587,2133
AAPL,2026-09-02T15:16:00Z,324.735,324.82,324.69,324.8,37772,324.754,2193
AAPL,2026-09-02T15:17:00Z,324.795,324.8,324.58,324.7,37686,324.69,2062
AAPL,2026-09-02T15:18:00Z,324.7,324.9,324.68,324.895,30002,324.801,2090
AAPL,2026-09-02T15:19:00Z,324.892,325.21,324.83,325.21,120231,324.986,2990
AAPL,2026-09-02T15:20:00Z,325.19,325.21,324.98,325.055,73251,325.113,2701
AAPL,2026-09-02T15:21:00Z,325.055,325.25,324.96,325.175,43863,325.073,2453
AAPL,2026-09-02T15:22:00Z,325.18,325.26,325.14,325.19,56717,325.21,2485
AAPL,2026-09-02T15:23:00Z,325.18,325.32,325.155,325.248,63130,325.245,2453
AAPL,2026-09-02T15:24:00Z,325.26,325.585,325.21,325.48,68674,325.441,2794
AAPL,2026-09-02T15:25:00Z,325.49,325.868,325.47,325.86,76290,325.627,2803
AAPL,2026-09-02T15:26:00Z,325.86,325.96,325.85,325.91,83501,325.907,2633
AAPL,2026-09-02T15:27:00Z,325.91,325.915,325.56,325.67,70841,325.717,2577
AAPL,2026-09-02T15:28:00Z,325.661,325.85,325.661,325.79,39532,325.782,2141
AAPL,2026-09-02T15:29:00Z,325.795,326.55,325.75,326.55,229693,326.181,5123
AAPL,2026-09-02T15:30:00Z,326.53,326.76,326.45,326.665,145417,326.588,3697
AAPL,2026-09-02T15:31:00Z,326.665,326.96,326.51,326.96,269719,326.671,4047
AAPL,2026-09-02T15:32:00Z,326.97,327.055,326.8,326.985,148417,326.932,3948
AAPL,2026-09-02T15:33:00Z,326.96,327.005,326.72,326.91,89096,326.864,2885
AAPL,2026-09-02T15:34:00Z,326.91,326.95,326.69,326.713,70576,326.808,2649
AAPL,2026-09-02T15:35:00Z,326.73,326.765,326.161,326.275,135609,326.468,3589
AAPL,2026-09-02T15:36:00Z,326.255,326.78,326.24,326.735,150872,326.5,3025
AAPL,2026-09-02T15:37:00Z,326.74,326.95,326.64,326.831,83281,326.8,2788
AAPL,2026-09-02T15:38:00Z,326.84,326.96,326.66,326.855,77802,326.827,2659
AAPL,2026-09-02T15:39:00Z,326.855,326.88,326.519,326.7,91350,326.714,2908
AAPL,2026-09-02T15:40:00Z,326.696,326.725,326.218,326.29,65206,326.427,2469
AAPL,2026-09-02T15:41:00Z,326.29,326.35,325.57,325.66,126145,325.874,3432
AAPL,2026-09-02T15:42:00Z,325.665,325.7,325.183,325.6,114548,325.495,3312
AAPL,2026-09-02T15:43:00Z,325.6,325.61,325.22,325.3,78021,325.391,2537
AAPL,2026-09-02T15:44:00Z,325.31,325.385,324.91,325.11,364094,325.127,2585
AAPL,2026-09-02T15:45:00Z,325.09,325.267,325.01,325.078,43016,325.118,2166
AAPL,2026-09-02T15:46:00Z,325.055,325.42,324.955,325.39,74275,325.157,3031
AAPL,2026-09-02T15:47:00Z,325.42,325.49,324.8,324.825,93072,325.269,2935
AAPL,2026-09-02T15:48:00Z,324.85,324.85,324.34,324.45,116599,324.539,2965
AAPL,2026-09-02T15:49:00Z,324.43,324.46,324,324.15,92966,324.177,3193
AAPL,2026-09-02T15:50:00Z,324.15,324.26,323.95,323.98,301227,324.058,2783
AAPL,2026-09-02T15:51:00Z,323.97,324.22,323.89,324.125,74407,324.108,2719
AAPL,2026-09-02T15:52:00Z,324.12,324.525,324.09,324.43,82047,324.329,2559
AAPL,2026-09-02T15:53:00Z,324.43,324.52,324.32,324.49,51710,324.405,2263
AAPL,2026-09-02T15:54:00Z,324.5,324.655,324.35,324.55,69748,324.491,2482
AAPL,2026-09-02T15:55:00Z,324.57,324.67,324.33,324.39,78204,324.471,2495
AAPL,2026-09-02T15:56:00Z,324.375,324.49,324.36,324.395,38589,324.42,2107
AAPL,2026-09-02T15:57:00Z,324.39,324.61,324.365,324.47,48663,324.479,2266
AAPL,2026-09-02T15:58:00Z,324.47,325.17,324.42,325.125,75834,324.875,2557
AAPL,2026-09-02T15:59:00Z,325.125,325.125,324.8,325.01,59172,324.942,2711
AAPL,2026-09-02T16:00:00Z,325.01,325.36,324.95,325.34,59872,325.165,2489
AAPL,2026-09-02T16:01:00Z,325.34,325.467,325.22,325.305,117461,325.337,2906
AAPL,2026-09-02T16:02:00Z,325.3,325.68,325.285,325.645,96572,325.548,2679
AAPL,2026-09-02T16:03:00Z,325.65,325.66,325.325,325.639,55702,325.524,2340
AAPL,2026-09-02T16:04:00Z,325.64,325.86,325.583,325.855,88494,325.702,2677
AAPL,2026-09-02T16:05:00Z,325.855,325.868,325.69,325.74,88391,325.776,2761
AAPL,2026-09-02T16:06:00Z,325.745,325.98,325.74,325.94,69944,325.902,2561
AAPL,2026-09-02T16:07:00Z,325.95,326.067,325.89,326.05,461605,325.977,2597
AAPL,2026-09-02T16:08:00Z,326.06,326.19,325.7,325.7,82102,326.031,2819
AAPL,2026-09-02T16:09:00Z,325.715,325.85,325.67,325.76,76778,325.784,2873
AAPL,2026-09-02T16:10:00Z,325.75,325.75,325.37,325.689,70708,325.56,2605
AAPL,2026-09-02T16:11:00Z,325.67,325.77,325.62,325.74,32745,325.709,2025
AAPL,2026-09-02T16:12:00Z,325.75,325.91,325.73,325.825,42318,325.83,2229
AAPL,2026-09-02T16:13:00Z,325.82,325.94,325.7,325.82,68951,325.843,1831
AAPL,2026-09-02T16:14:00Z,325.805,325.81,325.262,325.3,58755,325.522,1639
AAPL,2026-09-02T16:15:00Z,325.276,325.33,324.97,325.13,72180,325.149,1820
AAPL,2026-09-02T16:16:00Z,325.14,325.29,325.091,325.21,30715,325.193,1032
AAPL,2026-09-02T16:17:00Z,325.21,325.21,324.93,325.01,44297,325.085,1225
AAPL,2026-09-02T16:18:00Z,325.011,325.115,324.71,324.73,92916,324.913,1482
AAPL,2026-09-02T16:19:00Z,324.725,324.88,324.618,324.84,155644,324.765,1961
AAPL,2026-09-02T16:20:00Z,324.83,325.12,324.815,325.09,52544,324.973,1471
AAPL,2026-09-02T16:21:00Z,325.09,325.1,324.97,325.03,47811,325.026,1325
AAPL,2026-09-02T16:22:00Z,325.03,325.06,324.865,324.88,32612,324.982,1139
AAPL,2026-09-02T16:23:00Z,324.88,324.88,324.4,324.53,105388,324.622,2204
AAPL,2026-09-02T16:24:00Z,324.52,324.6,324.11,324.585,93983,324.336,2226
AAPL,2026-09-02T16:25:00Z,324.58,324.68,324.49,324.67,44041,324.588,1264
AAPL,2026-09-02T16:26:00Z,324.66,324.78,324.65,324.72,45648,324.73,1321
AAPL,2026-09-02T16:27:00Z,324.735,324.775,324.67,324.68,41208,324.732,1078
AAPL,2026-09-02T16:28:00Z,324.673,324.68,324.54,324.64,38562,324.605,1199
AAPL,2026-09-02T16:29:00Z,324.645,324.7,324.625,324.665,32404,324.661,1107
AAPL,2026-09-02T16:30:00Z,324.66,325.1,324.62,324.975,63478,324.878,1546
AAPL,2026-09-02T16:31:00Z,324.98,325.355,324.97,325.35,50996,325.183,1366
AAPL,2026-09-02T16:32:00Z,325.355,325.62,325.35,325.45,69447,325.468,1522
AAPL,2026-09-02T16:33:00Z,325.46,325.47,325.33,325.332,40799,325.408,1375
AAPL,2026-09-02T16:34:00Z,325.355,325.69,325.345,325.46,95298,325.499,1796
AAPL,2026-09-02T16:35:00Z,325.46,325.51,325.375,325.41,36111,325.436,1106
AAPL,2026-09-02T16:36:00Z,325.42,325.59,325.29,325.325,98929,325.476,1716
AAPL,2026-09-02T16:37:00Z,325.325,325.66,325.31,325.615,39593,325.491,1142
AAPL,2026-09-02T16:38:00Z,325.61,325.615,325.34,325.38,33276,325.468,1167
AAPL,2026-09-02T16:39:00Z,325.373,325.46,325.315,325.42,52094,325.391,1521
AAPL,2026-09-02T16:40:00Z,325.43,325.44,325.18,325.33,35694,325.277,1118
AAPL,2026-09-02T16:41:00Z,325.34,325.36,325.25,325.345,25090,325.314,865
AAPL,2026-09-02T16:42:00Z,325.345,325.52,325.305,325.48,44903,325.452,1160
AAPL,2026-09-02T16:43:00Z,325.47,325.477,325.38,325.43,19573,325.422,878
AAPL,2026-09-02T16:44:00Z,325.43,325.53,325.355,325.4,30407,325.45,942
AAPL,2026-09-02T16:45:00Z,325.4,325.481,325.37,325.42,38201,325.42,904
AAPL,2026-09-02T16:46:00Z,325.42,325.57,325.365,325.46,51965,325.507,1028
AAPL,2026-09-02T16:47:00Z,325.475,325.5,325.41,325.47,19092,325.467,810
AAPL,2026-09-02T16:48:00Z,325.47,325.76,325.39,325.45,65307,325.554,1671
AAPL,2026-09-02T16:49:00Z,325.465,325.525,325.455,325.505,23703,325.498,922
AAPL,2026-09-02T16:50:00Z,325.51,325.6,325.45,325.59,41662,325.514,1179
AAPL,2026-09-02T16:51:00Z,325.585,325.726,325.585,325.705,61731,325.655,1202
AAPL,2026-09-02T16:52:00Z,325.71,325.96,325.71,325.92,71659,325.836,1600
AAPL,2026-09-02T16:53:00Z,325.915,325.92,325.68,325.8,36658,325.767,1221
AAPL,2026-09-02T16:54:00Z,325.782,326.21,325.782,326,142063,326.035,2218
AAPL,2026-09-02T16:55:00Z,326.005,326.22,325.96,326.22,47581,326.118,1402
AAPL,2026-09-02T16:56:00Z,326.2,326.238,326.06,326.125,51652,326.149,1346
AAPL,2026-09-02T16:57:00Z,326.15,326.21,325.99,325.99,38187,326.118,1084
AAPL,2026-09-02T16:58:00Z,326.005,326.15,325.99,326.005,35331,326.057,1179
AAPL,2026-09-02T16:59:00Z,326.01,326.15,325.995,326.12,28093,326.073,1066
AAPL,2026-09-02T17:00:00Z,326.13,326.25,326.12,326.24,29044,326.185,1049
AAPL,2026-09-02T17:01:00Z,326.235,326.32,326.15,326.29,44694,326.23,1414
AAPL,2026-09-02T17:02:00Z,326.295,326.36,326.1,326.35,68605,326.264,1772
AAPL,2026-09-02T17:03:00Z,326.355,326.41,326.295,326.385,58704,326.355,1469
AAPL,2026-09-02T17:04:00Z,326.395,326.5,326.25,326.275,50707,326.397,1443
AAPL,2026-09-02T17:05:00Z,326.25,326.28,326.02,326.165,40779,326.144,1281
AAPL,2026-09-02T17:06:00Z,326.18,326.29,326.115,326.19,23037,326.18,1008
AAPL,2026-09-02T17:07:00Z,326.2,326.32,326.075,326.235,49071,326.188,1317
AAPL,2026-09-02T17:08:00Z,326.25,326.35,325.97,326.075,60348,326.193,1499
AAPL,2026-09-02T17:09:00Z,326.08,326.11,325.725,325.75,85464,325.934,1467
AAPL,2026-09-02T17:10:00Z,325.755,325.79,325.55,325.568,58331,325.688,1300
AAPL,2026-09-02T17:11:00Z,325.565,325.76,325.44,325.715,65913,325.56,1425
AAPL,2026-09-02T17:12:00Z,325.72,325.79,325.605,325.69,25413,325.677,1056
AAPL,2026-09-02T17:13:00Z,325.69,325.86,325.62,325.71,31695,325.733,1043
AAPL,2026-09-02T17:14:00Z,325.71,325.71,325.54,325.56,17587,325.633,812
AAPL,2026-09-02T17:15:00Z,325.555,325.69,325.535,325.68,26284,325.617,976
AAPL,2026-09-02T17:16:00Z,325.7,326,325.685,325.8,41861,325.839,1307
AAPL,2026-09-02T17:17:00Z,325.81,325.85,325.68,325.69,25438,325.764,958
AAPL,2026-09-02T17:18:00Z,325.67,325.68,325.5,325.58,26152,325.583,866
AAPL,2026-09-02T17:19:00Z,325.565,325.73,325.565,325.685,43222,325.67,1192
AAPL,2026-09-02T17:20:00Z,325.661,325.719,325.63,325.715,34450,325.676,1050
AAPL,2026-09-02T17:21:00Z,325.715,325.725,325.53,325.665,36854,325.62,1090
AAPL,2026-09-02T17:22:00Z,325.665,325.8,325.64,325.68,52748,325.719,1363
AAPL,2026-09-02T17:23:00Z,325.67,325.7,325.62,325.67,18546,325.66,863
AAPL,2026-09-02T17:24:00Z,325.67,325.7,325.575,325.61,24820,325.642,978
AAPL,2026-09-02T17:25:00Z,325.63,325.69,325.52,325.53,29699,325.604,946
AAPL,2026-09-02T17:26:00Z,325.525,325.58,325.21,325.245,55119,325.429,1245
AAPL,2026-09-02T17:27:00Z,325.235,325.28,325.18,325.24,30501,325.228,1029
AAPL,2026-09-02T17:28:00Z,325.25,325.283,325.09,325.283,29430,325.185,1048
AAPL,2026-09-02T17:29:00Z,325.27,325.27,325.065,325.075,31751,325.147,912
AAPL,2026-09-02T17:30:00Z,325.075,325.21,325.064,325.135,22746,325.145,1002
AAPL,2026-09-02T17:31:00Z,325.175,325.175,324.89,324.94,44613,325.019,1343
AAPL,2026-09-02T17:32:00Z,324.95,325,324.87,324.94,31846,324.932,1093
AAPL,2026-09-02T17:33:00Z,324.93,324.94,324.68,324.76,33960,324.788,1210
AAPL,2026-09-02T17:34:00Z,324.77,324.89,324.7,324.87,31968,324.774,1097
AAPL,2026-09-02T17:35:00Z,324.86,325.11,324.86,324.9,41726,324.995,1205
AAPL,2026-09-02T17:36:00Z,324.9,325.08,324.9,325.065,46750,325.004,1249
AAPL,2026-09-02T17:37:00Z,325.07,325.12,324.98,325.06,36514,325.058,1063
AAPL,2026-09-02T17:38:00Z,325.065,325.12,324.985,325.115,28478,325.058,854
AAPL,2026-09-02T17:39:00Z,325.115,325.125,324.98,325,27995,325.051,902
AAPL,2026-09-02T17:40:00Z,325,325.02,324.89,324.89,18450,324.958,771
AAPL,2026-09-02T17:41:00Z,324.9,324.98,324.85,324.979,26263,324.906,959
AAPL,2026-09-02T17:42:00Z,324.98,325.39,324.94,325.345,62692,325.2,1814
AAPL,2026-09-02T17:43:00Z,325.345,325.5,325.32,325.335,42587,325.381,1188
AAPL,2026-09-02T17:44:00Z,325.34,325.45,325.28,325.33,40315,325.375,1198
AAPL,2026-09-02T17:45:00Z,325.36,325.425,325.315,325.37,28275,325.368,989
AAPL,2026-09-02T17:46:00Z,325.365,325.49,325.27,325.47,33686,325.407,1053
AAPL,2026-09-02T17:47:00Z,325.47,325.6,325.44,325.6,32224,325.496,2551
AAPL,2026-09-02T17:48:00Z,325.595,325.705,325.57,325.665,25399,325.648,999
AAPL,2026-09-02T17:49:00Z,325.66,325.695,325.48,325.5,28748,325.583,961
AAPL,2026-09-02T17:50:00Z,325.53,325.591,325.41,325.495,28779,325.507,1026
AAPL,2026-09-02T17:51:00Z,325.5,325.59,325.48,325.495,24471,325.548,926
AAPL,2026-09-02T17:52:00Z,325.495,325.6,325.45,325.59,121643,325.531,867
AAPL,2026-09-02T17:53:00Z,325.6,325.64,325.565,325.61,23633,325.61,906
AAPL,2026-09-02T17:54:00Z,325.61,325.98,325.61,325.83,65107,325.782,1528
AAPL,2026-09-02T17:55:00Z,325.84,325.98,325.76,325.905,43147,325.863,1071
AAPL,2026-09-02T17:56:00Z,325.91,326.005,325.86,325.99,34085,325.946,946
AAPL,2026-09-02T17:57:00Z,325.98,326.14,325.92,326.12,43018,326.026,1136
AAPL,2026-09-02T17:58:00Z,326.11,326.19,325.95,325.985,66049,326.107,1238
AAPL,2026-09-02T17:59:00Z,325.99,326,325.902,325.955,49400,325.966,994
AAPL,2026-09-02T18:00:00Z,325.97,325.98,325.76,325.79,57445,325.837,1317
AAPL,2026-09-02T18:01:00Z,325.78,326.03,325.72,326.03,62589,325.857,1540
AAPL,2026-09-02T18:02:00Z,326.05,326.155,325.951,326.11,47828,326.054,1300
AAPL,2026-09-02T18:03:00Z,326.13,326.31,326.13,326.295,70350,326.234,1295
AAPL,2026-09-02T18:04:00Z,326.29,326.33,326.21,326.325,36047,326.254,1035
AAPL,2026-09-02T18:05:00Z,326.325,326.325,326.18,326.21,37513,326.24,1051
AAPL,2026-09-02T18:06:00Z,326.191,326.21,326.06,326.12,45279,326.12,1229
AAPL,2026-09-02T18:07:00Z,326.13,326.15,326.02,326.05,26514,326.096,1016
AAPL,2026-09-02T18:08:00Z,326.05,326.06,325.95,325.955,47328,326.006,1071
AAPL,2026-09-02T18:09:00Z,325.96,326.05,325.89,325.97,44146,325.951,1225
AAPL,2026-09-02T18:10:00Z,325.97,326.025,325.91,326.015,37779,325.968,1050
AAPL,2026-09-02T18:11:00Z,326.01,326.015,325.92,325.93,46024,325.967,953
AAPL,2026-09-02T18:12:00Z,325.94,326.02,325.93,325.94,21979,325.96,912
AAPL,2026-09-02T18:13:00Z,325.96,326.04,325.84,325.915,42526,325.955,1037
AAPL,2026-09-02T18:14:00Z,325.91,326.05,325.79,326,101344,325.911,1352
AAPL,2026-09-02T18:15:00Z,325.99,326.226,325.96,326.05,36401,326.124,1069
AAPL,2026-09-02T18:16:00Z,326.06,326.16,325.96,326.07,84863,326.036,1348
AAPL,2026-09-02T18:17:00Z,326.085,326.169,326.02,326.105,35166,326.086,963
AAPL,2026-09-02T18:18:00Z,326.09,326.42,326.025,326.22,81606,326.244,2663
AAPL,2026-09-02T18:19:00Z,326.215,326.23,326.04,326.19,35793,326.109,1143
AAPL,2026-09-02T18:20:00Z,326.19,326.28,326.18,326.245,37892,326.227,1118
AAPL,2026-09-02T18:21:00Z,326.23,326.38,326.225,326.36,39676,326.307,1090
AAPL,2026-09-02T18:22:00Z,326.38,326.385,326.17,326.185,34140,326.274,1059
AAPL,2026-09-02T18:23:00Z,326.18,326.23,326.13,326.18,22053,326.185,901
AAPL,2026-09-02T18:24:00Z,326.17,326.21,326.1,326.18,27387,326.168,1025
AAPL,2026-09-02T18:25:00Z,326.18,326.195,326.13,326.185,24327,326.168,913
AAPL,2026-09-02T18:26:00Z,326.19,326.49,326.19,326.46,68485,326.373,1547
AAPL,2026-09-02T18:27:00Z,326.46,326.465,326.245,326.305,44369,326.369,1164
AAPL,2026-09-02T18:28:00Z,326.31,326.42,326.28,326.38,37487,326.354,1065
AAPL,2026-09-02T18:29:00Z,326.39,326.46,326.26,326.295,39126,326.388,1104
AAPL,2026-09-02T18:30:00Z,326.31,326.44,326.22,326.42,37125,326.324,1194
AAPL,2026-09-02T18:31:00Z,326.4,326.42,326.32,326.34,33655,326.367,1085
AAPL,2026-09-02T18:32:00Z,326.345,326.35,326.224,326.24,32496,326.273,1040
AAPL,2026-09-02T18:33:00Z,326.24,326.24,326.04,326.09,47492,326.157,1408
AAPL,2026-09-02T18:34:00Z,326.09,326.19,325.93,325.95,41447,326.051,1218
AAPL,2026-09-02T18:35:00Z,325.96,326.08,325.86,326.04,70518,325.94,1478
AAPL,2026-09-02T18:36:00Z,326.045,326.13,325.945,325.98,23123,326.055,929
AAPL,2026-09-02T18:37:00Z,325.97,325.97,325.78,325.85,36299,325.865,1068
AAPL,2026-09-02T18:38:00Z,325.86,325.935,325.82,325.88,24204,325.867,1003
AAPL,2026-09-02T18:39:00Z,325.89,325.94,325.8,325.8,24517,325.879,1019
AAPL,2026-09-02T18:40:00Z,325.8,325.84,325.58,325.595,42718,325.688,1206
AAPL,2026-09-02T18:41:00Z,325.59,325.59,325.41,325.51,46686,325.506,1232
AAPL,2026-09-02T18:42:00Z,325.53,325.78,325.53,325.58,59754,325.646,1540
AAPL,2026-09-02T18:43:00Z,325.58,325.58,325.29,325.3,45804,325.363,1122
AAPL,2026-09-02T18:44:00Z,325.305,325.36,325.18,325.34,42272,325.289,1089
AAPL,2026-09-02T18:45:00Z,325.35,325.395,325.23,325.245,39980,325.31,1099
AAPL,2026-09-02T18:46:00Z,325.245,325.28,325.12,325.125,33997,325.224,1065
AAPL,2026-09-02T18:47:00Z,325.125,325.24,325.05,325.22,36824,325.144,1102
AAPL,2026-09-02T18:48:00Z,325.225,325.285,325.155,325.245,36294,325.215,1139
AAPL,2026-09-02T18:49:00Z,325.245,325.33,325.2,325.3,29288,325.291,976
AAPL,2026-09-02T18:50:00Z,325.3,325.4,325.3,325.34,46389,325.359,1132
AAPL,2026-09-02T18:51:00Z,325.35,325.35,325.24,325.25,48719,325.276,983
AAPL,2026-09-02T18:52:00Z,325.255,325.26,324.99,325,44523,325.124,1260
AAPL,2026-09-02T18:53:00Z,324.998,325.2,324.963,325.17,44366,325.044,1210
AAPL,2026-09-02T18:54:00Z,325.17,325.18,325.11,325.175,23161,325.156,811
AAPL,2026-09-02T18:55:00Z,325.18,325.23,325.09,325.15,56157,325.175,1302
AAPL,2026-09-02T18:56:00Z,325.153,325.175,325.11,325.14,25919,325.135,858
AAPL,2026-09-02T18:57:00Z,325.14,325.18,324.95,324.95,32494,325.062,1038
AAPL,2026-09-02T18:58:00Z,324.955,324.97,324.853,324.955,50033,324.905,1116
AAPL,2026-09-02T18:59:00Z,324.95,325.02,324.91,325,55675,324.959,1257
AAPL,2026-09-02T19:00:00Z,324.985,325,324.65,324.65,93363,324.811,1727
AAPL,2026-09-02T19:01:00Z,324.65,324.79,324.6,324.746,35206,324.715,1032
AAPL,2026-09-02T19:02:00Z,324.745,324.86,324.68,324.82,48178,324.737,1234
AAPL,2026-09-02T19:03:00Z,324.81,324.91,324.73,324.91,38484,324.822,1095
AAPL,2026-09-02T19:04:00Z,324.9,325.01,324.86,324.98,45004,324.946,1156
AAPL,2026-09-02T19:05:00Z,324.98,325.149,324.98,325.13,55612,325.074,1389
AAPL,2026-09-02T19:06:00Z,325.14,325.34,325.13,325.262,61533,325.264,1408
AAPL,2026-09-02T19:07:00Z,325.265,325.265,325.11,325.17,67830,325.209,1502
AAPL,2026-09-02T19:08:00Z,325.16,325.33,325.16,325.27,39056,325.257,1173
AAPL,2026-09-02T19:09:00Z,325.275,325.5,325.27,325.475,67000,325.415,1467
AAPL,2026-09-02T19:10:00Z,325.48,325.485,325.355,325.421,39231,325.407,1208
AAPL,2026-09-02T19:11:00Z,325.42,325.645,325.41,325.63,61248,325.544,1386
AAPL,2026-09-02T19:12:00Z,325.63,325.735,325.63,325.69,58352,325.685,1314
AAPL,2026-09-02T19:13:00Z,325.685,325.726,325.625,325.715,37263,325.684,1256
AAPL,2026-09-02T19:14:00Z,325.72,325.82,325.529,325.53,85455,325.709,1856
AAPL,2026-09-02T19:15:00Z,325.535,325.55,325.4,325.48,51245,325.479,1344
AAPL,2026-09-02T19:16:00Z,325.48,325.68,325.48,325.655,60018,325.619,1422
AAPL,2026-09-02T19:17:00Z,325.66,325.74,325.55,325.595,54428,325.664,1327
AAPL,2026-09-02T19:18:00Z,325.59,325.65,325.49,325.49,37277,325.583,1094
AAPL,2026-09-02T19:19:00Z,325.5,325.62,325.28,325.605,71241,325.426,1477
AAPL,2026-09-02T19:20:00Z,325.6,325.608,325.48,325.495,41949,325.531,1100
AAPL,2026-09-02T19:21:00Z,325.5,325.58,325.47,325.56,28662,325.54,1109
AAPL,2026-09-02T19:22:00Z,325.57,325.675,325.49,325.52,51117,325.59,1528
AAPL,2026-09-02T19:23:00Z,325.51,325.605,325.46,325.575,23684,325.539,932
AAPL,2026-09-02T19:24:00Z,325.575,325.59,325.38,325.48,40933,325.491,1082
AAPL,2026-09-02T19:25:00Z,325.48,325.575,325.46,325.5,25412,325.519,1063
AAPL,2026-09-02T19:26:00Z,325.52,325.61,325.5,325.57,34240,325.567,1067
AAPL,2026-09-02T19:27:00Z,325.56,325.64,325.545,325.625,40970,325.606,1170
AAPL,2026-09-02T19:28:00Z,325.625,325.64,325.53,325.565,88431,325.59,1644
AAPL,2026-09-02T19:29:00Z,325.57,325.67,325.465,325.64,101474,325.549,1745
AAPL,2026-09-02T19:30:00Z,325.64,325.64,325.49,325.61,62721,325.563,1631
AAPL,2026-09-02T19:31:00Z,325.62,325.7,325.505,325.52,49879,325.61,1424
AAPL,2026-09-02T19:32:00Z,325.53,325.72,325.42,325.605,63860,325.569,1512
AAPL,2026-09-02T19:33:00Z,325.615,325.795,325.59,325.675,45783,325.716,1351
AAPL,2026-09-02T19:34:00Z,325.67,325.925,325.65,325.9,100134,325.784,1868
AAPL,2026-09-02T19:35:00Z,325.9,325.95,325.66,325.77,75399,325.808,1976
AAPL,2026-09-02T19:36:00Z,325.77,325.79,325.572,325.59,55034,325.651,1440
AAPL,2026-09-02T19:37:00Z,325.59,325.59,325.325,325.355,104617,325.442,2188
AAPL,2026-09-02T19:38:00Z,325.36,325.4,325.056,325.19,65634,325.183,1797
AAPL,2026-09-02T19:39:00Z,325.18,325.195,325.11,325.11,51584,325.143,1470
AAPL,2026-09-02T19:40:00Z,325.119,325.28,325.03,325.2,51787,325.14,1760
AAPL,2026-09-02T19:41:00Z,325.2,325.3,325,325.1,63486,325.135,1761
AAPL,2026-09-02T19:42:00Z,325.11,325.23,324.965,324.99,70409,325.082,1867
AAPL,2026-09-02T19:43:00Z,324.99,325.4,324.96,325.26,73300,325.217,1782
AAPL,2026-09-02T19:44:00Z,325.25,325.425,325.16,325.195,54380,325.251,1765
AAPL,2026-09-02T19:45:00Z,325.205,325.38,325.13,325.17,67958,325.296,2011
AAPL,2026-09-02T19:46:00Z,325.18,325.32,325.14,325.255,49503,325.223,1580
AAPL,2026-09-02T19:47:00Z,325.245,325.335,325.22,325.33,99419,325.282,1392
AAPL,2026-09-02T19:48:00Z,325.33,325.52,325.32,325.41,72760,325.451,1849
AAPL,2026-09-02T19:49:00Z,325.415,325.42,325.155,325.27,52701,325.274,1686
AAPL,2026-09-02T19:50:00Z,325.24,325.265,325.04,325.16,117090,325.125,2742
AAPL,2026-09-02T19:51:00Z,325.16,325.16,324.9,325.055,126460,325.05,2401
AAPL,2026-09-02T19:52:00Z,325.06,325.19,325.04,325.08,51132,325.116,1750
AAPL,2026-09-02T19:53:00Z,325.08,325.15,325,325.03,65838,325.071,2027
AAPL,2026-09-02T19:54:00Z,325.02,325.37,324.97,325.27,134724,325.204,3839
AAPL,2026-09-02T19:55:00Z,325.28,325.29,324.78,324.84,201717,325.015,4663
AAPL,2026-09-02T19:56:00Z,324.84,325,324.83,324.98,128722,324.908,3701
AAPL,2026-09-02T19:57:00Z,324.98,325.04,324.86,324.87,160917,324.965,3952
AAPL,2026-09-02T19:58:00Z,324.87,324.91,324.76,324.87,223369,324.846,4717
AAPL,2026-09-02T19:59:00Z,324.88,325.04,324.67,325,531171,324.848,10823
AAPL,2026-09-02T20:00:00Z,325.03,325.12,324.84,325,5.31923e+06,324.96,253
AAPL,2026-09-02T20:01:00Z,325,325.04,324.8,325.008,15161,324.884,164
AAPL,2026-09-02T20:02:00Z,325.03,325.05,325.03,325.05,640,325.043,54
AAPL,2026-09-02T20:03:00Z,324.95,325.05,324.95,325.039,1994,325.001,60
AAPL,2026-09-02T20:04:00Z,324.96,324.96,324.96,324.96,397,324.96,54
AAPL,2026-09-02T20:05:00Z,324.996,324.996,324.9,324.921,5259,324.954,80
AAPL,2026-09-02T20:06:00Z,325,325.03,325,325.03,65419,325.014,25
AAPL,2026-09-02T20:07:00Z,324.95,324.99,324.95,324.99,12453,324.958,15
AAPL,2026-09-02T20:08:00Z,324.91,324.931,324.91,324.931,2656,324.917,14
AAPL,2026-09-02T20:09:00Z,324.94,325,324.94,324.99,2757,324.966,28
AAPL,2026-09-02T20:10:00Z,324.948,325,324.948,325,436,324.978,32
AAPL,2026-09-02T20:11:00Z,325,325.028,325,325.028,500,325.01,13
AAPL,2026-09-02T20:12:00Z,324.954,324.954,324.95,324.95,3552,324.953,26
AAPL,2026-09-02T20:13:00Z,324.919,325,324.88,324.91,2412,324.922,66
AAPL,2026-09-02T20:14:00Z,324.991,324.991,324.913,324.923,639,324.941,16
AAPL,2026-09-02T20:15:00Z,324.92,324.92,324.7,324.82,12260,324.783,224
AAPL,2026-09-02T20:16:00Z,324.75,324.97,324.74,324.97,2659,324.892,88
AAPL,2026-09-02T20:17:00Z,324.831,324.98,324.831,324.863,971,324.871,17
AAPL,2026-09-02T20:18:00Z,324.97,325.04,324.97,325.04,2044,325.031,71
AAPL,2026-09-02T20:19:00Z,325.04,325.04,325.026,325.026,895,325.033,30
AAPL,2026-09-02T20:20:00Z,325.04,325.04,324.98,324.98,11238,325.033,43
AAPL,2026-09-02T20:21:00Z,325,325,324.9,324.9,209,324.963,12
AAPL,2026-09-02T20:22:00Z,324.9,325.03,324.9,325.03,1367,324.997,30
AAPL,2026-09-02T20:23:00Z,325.04,325.04,325.02,325.02,144,325.03,12
AAPL,2026-09-02T20:24:00Z,325.01,325.01,325,325,1732,325.001,23
AAPL,2026-09-02T20:25:00Z,324.95,324.95,324.95,324.95,139,324.95,14
AAPL,2026-09-02T20:26:00Z,325.02,325.02,325.02,325.02,165,325.02,11
AAPL,2026-09-02T20:29:00Z,325,325,325,325,180,325,23
AAPL,2026-09-02T20:30:00Z,325,325.04,325,325.03,461,325.024,24
AAPL,2026-09-02T20:31:00Z,325.03,325.03,325.03,325.03,127,325.03,15
AAPL,2026-09-02T20:32:00Z,325.04,325.04,325.04,325.04,622,325.04,20
AAPL,2026-09-02T20:33:00Z,324.96,325.04,324.95,325.04,18229,324.962,19
AAPL,2026-09-02T20:34:00Z,324.95,325.05,324.95,325.03,651,325.012,24
AAPL,2026-09-02T20:35:00Z,325,325.04,325,325.04,703,325.023,15
AAPL,2026-09-02T20:36:00Z,325.035,325.04,324.99,324.99,754,325.021,30
AAPL,2026-09-02T20:37:00Z,325.02,325.05,325.02,325.02,982,325.035,28
AAPL,2026-09-02T20:38:00Z,325.01,325.01,324.97,324.99,526,324.991,19
AAPL,2026-09-02T20:39:00Z,324.97,325.03,324.97,325.03,371,324.977,5
AAPL,2026-09-02T20:40:00Z,325.04,325.04,325.04,325.04,240,325.04,14
AAPL,2026-09-02T20:41:00Z,325,325,324.98,324.98,495,324.991,35
AAPL,2026-09-02T20:42:00Z,325.05,325.07,324.96,324.96,5520,324.967,14
AAPL,2026-09-02T20:43:00Z,325.04,325.04,324.98,324.98,456,325,25
AAPL,2026-09-02T20:44:00Z,325,325,325,325,137,325,13
AAPL,2026-09-02T20:46:00Z,325.02,325.02,324.96,324.98,3085,324.961,9
AAPL,2026-09-02T20:47:00Z,324.98,325.04,324.98,325,1345,325.015,28
AAPL,2026-09-02T20:49:00Z,324.97,324.97,324.97,324.97,291,324.97,19
AAPL,2026-09-02T20:50:00Z,324.97,325,324.97,325,39681,324.982,19
AAPL,2026-09-02T20:51:00Z,324.96,324.96,324.93,324.96,1495,324.958,77
AAPL,2026-09-02T20:53:00Z,324.96,324.96,324.96,324.96,84,324.96,12
AAPL,2026-09-02T20:56:00Z,324.99,324.99,324.9,324.914,2698,324.953,91
AAPL,2026-09-02T20:57:00Z,324.914,324.914,324.914,324.914,334,324.914,11
AAPL,2026-09-02T20:58:00Z,324.98,324.98,324.98,324.98,67,324.98,10
AAPL,2026-09-02T21:03:00Z,324.97,324.97,324.96,324.96,249,324.965,15
AAPL,2026-09-02T21:05:00Z,324.995,324.995,324.995,324.995,105,324.995,5
AAPL,2026-09-02T21:08:00Z,325,325,325,325,106,325,8
AAPL,2026-09-02T21:09:00Z,324.98,324.98,324.966,324.97,402,324.97,18
AAPL,2026-09-02T21:10:00Z,324.991,324.991,324.991,324.991,2040,324.991,12
AAPL,2026-09-02T21:11:00Z,324.999,324.999,324.992,324.992,209,324.997,15
AAPL,2026-09-02T21:12:00Z,324.97,324.97,324.96,324.96,1144,324.965,11
AAPL,2026-09-02T21:13:00Z,324.96,324.96,324.96,324.96,182,324.96,36
AAPL,2026-09-02T21:14:00Z,324.964,324.964,324.964,324.964,86,324.964,2
AAPL,2026-09-02T21:15:00Z,324.96,324.96,324.927,324.927,522,324.947,36
AAPL,2026-09-02T21:16:00Z,324.963,325,324.963,325,1149,324.976,30
AAPL,2026-09-02T21:17:00Z,324.96,324.96,324.9,324.906,1659,324.941,56
AAPL,2026-09-02T21:19:00Z,324.79,324.79,324.742,324.77,291,324.761,27
AAPL,2026-09-02T21:20:00Z,324.763,324.763,324.763,324.763,150,324.763,11
AAPL,2026-09-02T21:21:00Z,324.77,324.77,324.7,324.7,652,324.717,42
AAPL,2026-09-02T21:22:00Z,324.61,324.61,324.57,324.6,932,324.594,72
AAPL,2026-09-02T21:23:00Z,324.6,324.6,324.36,324.5,1749,324.452,96
AAPL,2026-09-02T21:24:00Z,324.4,324.4,324,324.13,5229,324.113,224
AAPL,2026-09-02T21:25:00Z,324,324.477,323.99,324.28,1961,324.182,52
AAPL,2026-09-02T21:26:00Z,324.31,324.51,324.3,324.51,3720,324.501,32
AAPL,2026-09-02T21:27:00Z,324.45,324.45,324.28,324.28,638,324.433,14
AAPL,2026-09-02T21:28:00Z,324.25,324.25,324.2,324.2,548,324.214,35
AAPL,2026-09-02T21:29:00Z,324.06,324.348,324.06,324.348,791,324.266,24
AAPL,2026-09-02T21:30:00Z,324.32,324.32,324.32,324.32,89,324.32,10
AAPL,2026-09-02T21:31:00Z,324.45,324.48,324.31,324.48,437,324.424,26
AAPL,2026-09-02T21:32:00Z,324.5,324.56,324.5,324.56,608,324.547,19
AAPL,2026-09-02T21:33:00Z,324.603,324.65,324.45,324.46,456,324.546,16
AAPL,2026-09-02T21:34:00Z,324.51,324.575,324.5,324.575,1144,324.508,17
AAPL,2026-09-02T21:35:00Z,324.65,324.65,324.45,324.45,498,324.611,40
AAPL,2026-09-02T21:37:00Z,324.61,324.65,324.61,324.64,1568,324.641,8
AAPL,2026-09-02T21:38:00Z,324.62,324.65,324.506,324.506,2122,324.641,23
AAPL,2026-09-02T21:39:00Z,324.65,324.65,324.48,324.48,1288,324.542,10
AAPL,2026-09-02T21:40:00Z,324.66,324.66,324.66,324.66,20376,324.66,17
AAPL,2026-09-02T21:41:00Z,324.64,324.64,324.64,324.64,86,324.64,16
AAPL,2026-09-02T21:42:00Z,324.66,324.82,324.66,324.75,17544,324.775,27
AAPL,2026-09-02T21:43:00Z,324.65,324.78,324.65,324.7,930,324.75,14
AAPL,2026-09-02T21:44:00Z,324.83,324.83,324.83,324.83,86,324.83,6
AAPL,2026-09-02T21:45:00Z,324.753,324.753,324.753,324.753,464,324.753,9
AAPL,2026-09-02T21:46:00Z,324.75,324.79,324.75,324.79,481,324.776,17
AAPL,2026-09-02T21:47:00Z,324.77,324.77,324.77,324.77,141,324.77,15
AAPL,2026-09-02T21:48:00Z,324.75,324.77,324.75,324.77,1159,324.752,13
AAPL,2026-09-02T21:49:00Z,324.77,324.77,324.75,324.75,396,324.76,21
AAPL,2026-09-02T21:50:00Z,324.75,324.75,324.73,324.73,870,324.735,6
AAPL,2026-09-02T21:51:00Z,324.64,324.64,324.6,324.6,325,324.612,18
AAPL,2026-09-02T21:52:00Z,324.575,324.575,324.575,324.575,257,324.575,11
AAPL,2026-09-02T21:53:00Z,324.809,324.96,324.809,324.96,865,324.951,7
AAPL,2026-09-02T21:54:00Z,324.74,324.74,324.654,324.654,166,324.693,6
AAPL,2026-09-02T21:55:00Z,324.75,324.75,324.75,324.75,241,324.75,11
AAPL,2026-09-02T21:56:00Z,324.652,324.652,324.6,324.6,1190,324.605,10
AAPL,2026-09-02T21:58:00Z,324.602,324.602,324.602,324.602,96,324.602,10
AAPL,2026-09-02T22:00:00Z,324.61,324.61,324.17,324.178,3033,324.342,98
AAPL,2026-09-02T22:01:00Z,324.57,324.66,324.17,324.17,782,324.407,32
AAPL,2026-09-02T22:02:00Z,324.3,324.3,324.3,324.3,830,324.3,18
AAPL,2026-09-02T22:03:00Z,324.67,324.67,324.19,324.19,242,324.434,13
AAPL,2026-09-02T22:04:00Z,324.18,324.18,324.18,324.18,150,324.18,7
AAPL,2026-09-02T22:07:00Z,324.3,324.3,324.3,324.3,442,324.3,19
AAPL,2026-09-02T22:08:00Z,324.35,324.51,324.3,324.51,455,324.42,16
AAPL,2026-09-02T22:09:00Z,324.598,324.598,324.598,324.598,243,324.598,7
AAPL,2026-09-02T22:12:00Z,324.5,324.5,324.5,324.5,507,324.5,3
AAPL,2026-09-02T22:13:00Z,324.317,324.317,324.317,324.317,141,324.317,7
AAPL,2026-09-02T22:14:00Z,324.49,324.49,324.49,324.49,416,324.49,19
AAPL,2026-09-02T22:18:00Z,324.4,324.4,324.4,324.4,176,324.4,10
AAPL,2026-09-02T22:19:00Z,324.5,324.59,324.5,324.59,667,324.512,17
AAPL,2026-09-02T22:20:00Z,324.56,324.56,324.56,324.56,111,324.56,5
AAPL,2026-09-02T22:21:00Z,324.61,324.66,324.61,324.648,534,324.647,25
AAPL,2026-09-02T22:22:00Z,324.65,324.65,324.65,324.65,298,324.65,19
AAPL,2026-09-02T22:23:00Z,324.67,324.76,324.66,324.76,768,324.678,33
AAPL,2026-09-02T22:24:00Z,324.76,324.76,324.76,324.76,139,324.76,10
AAPL,2026-09-02T22:25:00Z,324.75,324.75,324.75,324.75,139,324.75,10
AAPL,2026-09-02T22:26:00Z,324.67,324.69,324.58,324.69,2214,324.59,30
AAPL,2026-09-02T22:27:00Z,324.52,324.684,324.26,324.684,1865,324.452,47
AAPL,2026-09-02T22:28:00Z,324.414,324.414,324.414,324.414,136,324.414,8
AAPL,2026-09-02T22:29:00Z,324.45,324.45,324.45,324.45,70,324.45,7
AAPL,2026-09-02T22:30:00Z,324.46,324.46,324.46,324.46,118,324.46,5
AAPL,2026-09-02T22:31:00Z,324.59,324.59,324.59,324.59,67,324.59,9
AAPL,2026-09-02T22:32:00Z,324.5,324.5,324.5,324.5,142,324.5,5
AAPL,2026-09-02T22:33:00Z,324.595,324.595,324.595,324.595,259,324.595,6
AAPL,2026-09-02T22:34:00Z,324.6,324.6,324.6,324.6,97,324.6,3
AAPL,2026-09-02T22:36:00Z,324.63,324.63,324.63,324.63,102,324.63,7
AAPL,2026-09-02T22:37:00Z,324.62,324.62,324.575,324.608,424,324.612,8
AAPL,2026-09-02T22:38:00Z,324.68,324.74,324.68,324.74,262,324.723,13
AAPL,2026-09-02T22:39:00Z,324.7,324.7,324.7,324.7,174,324.7,14
AAPL,2026-09-02T22:40:00Z,324.75,324.75,324.75,324.75,563,324.75,8
AAPL,2026-09-02T22:41:00Z,324.714,324.714,324.714,324.714,79,324.714,6
AAPL,2026-09-02T22:42:00Z,324.7,324.7,324.7,324.7,971,324.7,23
AAPL,2026-09-02T22:43:00Z,324.74,324.74,324.74,324.74,1006,324.74,3
AAPL,2026-09-02T22:47:00Z,324.64,324.73,324.64,324.73,579,324.662,13
AAPL,2026-09-02T22:48:00Z,324.73,324.77,324.73,324.77,443,324.753,29
AAPL,2026-09-02T22:50:00Z,324.6,324.6,324.6,324.6,51,324.6,4
AAPL,2026-09-02T22:52:00Z,324.58,324.58,324.58,324.58,86,324.58,8
AAPL,2026-09-02T22:54:00Z,324.79,324.79,324.746,324.746,169,324.76,5
AAPL,2026-09-02T22:56:00Z,324.69,324.69,324.69,324.69,223,324.69,10
AAPL,2026-09-02T22:58:00Z,324.69,324.69,324.69,324.69,88,324.69,7
AAPL,2026-09-02T22:59:00Z,324.69,324.69,324.6,324.6,509,324.608,5
AAPL,2026-09-02T23:00:00Z,324.68,324.68,324.68,324.68,123,324.68,7
AAPL,2026-09-02T23:02:00Z,324.66,324.7,324.6,324.6,1036,324.653,18
AAPL,2026-09-02T23:05:00Z,324.77,324.77,324.77,324.77,259,324.77,15
AAPL,2026-09-02T23:06:00Z,324.75,324.79,324.75,324.79,164,324.762,10
AAPL,2026-09-02T23:07:00Z,324.78,324.78,324.7,324.7,298,324.766,6
AAPL,2026-09-02T23:08:00Z,324.718,324.718,324.718,324.718,65,324.718,5
AAPL,2026-09-02T23:10:00Z,324.77,324.79,324.7,324.7,1114,324.777,9
AAPL,2026-09-02T23:13:00Z,324.68,324.68,324.68,324.68,275,324.68,12
AAPL,2026-09-02T23:14:00Z,324.68,324.68,324.68,324.68,889,324.68,12
AAPL,2026-09-02T23:15:00Z,324.55,324.594,324.55,324.594,224,324.572,6
AAPL,2026-09-02T23:16:00Z,324.584,324.63,324.56,324.56,573,324.603,24
AAPL,2026-09-02T23:23:00Z,324.643,324.643,324.643,324.643,326,324.643,7
AAPL,2026-09-02T23:24:00Z,324.71,324.71,324.64,324.64,170,324.687,6
AAPL,2026-09-02T23:27:00Z,324.71,324.71,324.71,324.71,130,324.71,13
AAPL,2026-09-02T23:29:00Z,324.72,324.72,324.71,324.71,216,324.716,6
AAPL,2026-09-02T23:31:00Z,324.72,324.72,324.72,324.72,102,324.72,10
AAPL,2026-09-02T23:32:00Z,324.72,324.72,324.72,324.72,73,324.72,8
AAPL,2026-09-02T23:33:00Z,324.74,324.78,324.74,324.78,361,324.757,23
AAPL,2026-09-02T23:34:00Z,324.65,324.65,324.64,324.65,277,324.646,13
AAPL,2026-09-02T23:36:00Z,324.69,324.69,324.68,324.68,248,324.686,9
AAPL,2026-09-02T23:37:00Z,324.65,324.65,324.65,324.65,232,324.65,15
AAPL,2026-09-02T23:38:00Z,324.65,324.65,324.65,324.65,102,324.65,10
AAPL,2026-09-02T23:39:00Z,324.613,324.69,324.613,324.69,171,324.66,11
AAPL,2026-09-02T23:43:00Z,324.749,324.749,324.749,324.749,137,324.749,6
AAPL,2026-09-02T23:44:00Z,324.719,324.719,324.719,324.719,100,324.719,10
AAPL,2026-09-02T23:45:00Z,324.748,324.94,324.748,324.94,2594,324.853,60
AAPL,2026-09-02T23:46:00Z,324.95,324.95,324.95,324.95,1016,324.95,7
AAPL,2026-09-02T23:48:00Z,324.92,324.92,324.92,324.92,361,324.92,8
AAPL,2026-09-02T23:49:00Z,324.948,324.948,324.948,324.948,380,324.948,9
AAPL,2026-09-02T23:51:00Z,324.916,324.916,324.916,324.916,95,324.916,9
AAPL,2026-09-02T23:52:00Z,324.91,324.91,324.91,324.91,189,324.91,16
AAPL,2026-09-02T23:54:00Z,324.834,324.834,324.834,324.834,499,324.834,13
AAPL,2026-09-02T23:55:00Z,324.91,324.91,324.91,324.91,101,324.91,7
AAPL,2026-09-02T23:56:00Z,324.91,324.91,324.91,324.91,70,324.91,11
AAPL,2026-09-02T23:57:00Z,324.82,324.82,324.75,324.75,513,324.8,13
AAPL,2026-09-02T23:58:00Z,324.83,324.83,324.83,324.83,84,324.83,6
AAPL,2026-09-02T23:59:00Z,324.88,324.88,324.74,324.74,420,324.793,36
AAPL,2026-09-03T08:00:00Z,325.4,325.48,324,325.35,44021,324.943,1800
AAPL,2026-09-03T08:01:00Z,325.28,325.45,324.01,325.25,9318,324.864,390
AAPL,2026-09-03T08:02:00Z,325.25,325.3,325.25,325.3,731,325.294,18
AAPL,2026-09-03T08:03:00Z,325.3,325.65,325.28,325.3,5286,325.436,96
AAPL,2026-09-03T08:04:00Z,325.42,325.63,325.3,325.3,938,325.481,25
AAPL,2026-09-03T08:05:00Z,325.38,325.61,325.35,325.411,2179,325.43,41
AAPL,2026-09-03T08:06:00Z,325.09,325.58,325.03,325.3,1094,325.318,61
AAPL,2026-09-03T08:07:00Z,325.58,325.59,325.5,325.5,1538,325.554,60
AAPL,2026-09-03T08:08:00Z,325.45,325.56,325.34,325.34,4498,325.465,74
AAPL,2026-09-03T08:09:00Z,325.45,325.45,325.3,325.3,4780,325.413,42
AAPL,2026-09-03T08:10:00Z,325.37,325.37,325.32,325.36,3754,325.356,39
AAPL,2026-09-03T08:11:00Z,325.42,325.46,325.42,325.46,578,325.44,34
AAPL,2026-09-03T08:12:00Z,325.52,325.52,325.45,325.466,3468,325.496,9
AAPL,2026-09-03T08:13:00Z,325.254,325.254,325.254,325.254,245,325.254,10
AAPL,2026-09-03T08:14:00Z,325.216,325.216,325.216,325.216,598,325.216,8
AAPL,2026-09-03T08:16:00Z,325.4,325.4,325.4,325.4,235,325.4,26
AAPL,2026-09-03T08:17:00Z,325.38,325.38,325.36,325.36,260,325.369,17
AAPL,2026-09-03T08:19:00Z,325.31,325.33,325.31,325.33,517,325.326,28
AAPL,2026-09-03T08:20:00Z,325.29,325.34,325.29,325.34,468,325.319,56
AAPL,2026-09-03T08:21:00Z,325.33,325.33,325.28,325.28,187,325.313,12
AAPL,2026-09-03T08:22:00Z,325.31,325.31,325.26,325.26,339,325.298,10
AAPL,2026-09-03T08:24:00Z,325.22,325.22,325.22,325.22,155,325.22,13
AAPL,2026-09-03T08:25:00Z,325.24,325.24,325.24,325.24,235,325.24,6
AAPL,2026-09-03T08:26:00Z,325.28,325.38,325.28,325.28,560,325.308,37
AAPL,2026-09-03T08:27:00Z,325.38,325.5,325.202,325.5,535,325.376,32
AAPL,2026-09-03T08:28:00Z,325.5,325.5,325.48,325.48,172,325.49,10
AAPL,2026-09-03T08:29:00Z,325.48,325.48,325.48,325.48,92,325.48,4
AAPL,2026-09-03T08:30:00Z,325.5,325.5,325.5,325.5,173,325.5,9
AAPL,2026-09-03T08:32:00Z,325.28,325.28,325.28,325.28,122,325.28,5
AAPL,2026-09-03T08:37:00Z,325.39,325.47,325.39,325.47,272,325.444,16
AAPL,2026-09-03T08:38:00Z,325.4,325.4,325.204,325.204,827,325.378,12
AAPL,2026-09-03T08:41:00Z,325.41,325.41,325.41,325.41,53,325.41,4
AAPL,2026-09-03T08:42:00Z,325.38,325.38,325.38,325.38,110,325.38,4
AAPL,2026-09-03T08:44:00Z,325.23,325.24,325.12,325.12,1256,325.163,51
AAPL,2026-09-03T08:45:00Z,325.19,325.2,325.19,325.2,366,325.195,15
AAPL,2026-09-03T08:46:00Z,325.19,325.19,325.19,325.19,282,325.19,18
AAPL,2026-09-03T08:48:00Z,325.25,325.25,325.25,325.25,194,325.25,16
AAPL,2026-09-03T08:49:00Z,325.25,325.25,325.25,325.25,386,325.25,20
AAPL,2026-09-03T08:52:00Z,325.26,325.26,325.26,325.26,115,325.26,8
AAPL,2026-09-03T08:58:00Z,325.16,325.19,325.16,325.19,295,325.171,19
AAPL,2026-09-03T08:59:00Z,325.1,325.1,325.1,325.1,188,325.1,17
AAPL,2026-09-03T09:00:00Z,325.13,325.14,325.13,325.14,595,325.138,28
AAPL,2026-09-03T09:06:00Z,325.21,325.22,325,325,3530,325.029,82
AAPL,2026-09-03T09:08:00Z,325.07,325.07,325.07,325.07,224,325.07,25
AAPL,2026-09-03T09:11:00Z,325.06,325.06,325.03,325.03,795,325.049,49
AAPL,2026-09-03T09:14:00Z,325.01,325.08,325.01,325.08,635,325.022,16
AAPL,2026-09-03T09:15:00Z,325,325,324.88,324.89,1980,324.91,85
AAPL,2026-09-03T09:16:00Z,324.9,324.9,324.89,324.89,348,324.895,8
AAPL,2026-09-03T09:17:00Z,324.9,324.9,324.87,324.87,1062,324.895,15
AAPL,2026-09-03T09:18:00Z,324.96,324.96,324.96,324.96,116,324.96,6
AAPL,2026-09-03T09:21:00Z,324.94,324.94,324.92,324.93,376,324.933,17
AAPL,2026-09-03T09:22:00Z,324.96,324.97,324.93,324.93,745,324.959,18
AAPL,2026-09-03T09:27:00Z,324.96,324.98,324.96,324.98,440,324.962,13
AAPL,2026-09-03T09:29:00Z,324.97,324.97,324.97,324.97,469,324.97,86
AAPL,2026-09-03T09:31:00Z,325.05,325.05,325.05,325.05,333,325.05,23
AAPL,2026-09-03T09:32:00Z,325.01,325.01,325.01,325.01,155,325.01,9
AAPL,2026-09-03T09:33:00Z,325.02,325.06,324.97,325.01,1320,325.006,58
AAPL,2026-09-03T09:36:00Z,325.08,325.08,325.08,325.08,379,325.08,9
AAPL,2026-09-03T09:40:00Z,325.07,325.07,325.07,325.07,227,325.07,22
AAPL,2026-09-03T09:41:00Z,324.9,324.9,324.9,324.9,207,324.9,5
AAPL,2026-09-03T09:43:00Z,325.1,325.1,325.1,325.1,239,325.1,9
AAPL,2026-09-03T09:45:00Z,324.95,324.95,324.95,324.95,284,324.95,18
AAPL,2026-09-03T09:47:00Z,324.87,324.99,324.87,324.99,554,324.966,41
AAPL,2026-09-03T09:49:00Z,324.81,324.81,324.691,324.691,3252,324.805,24
AAPL,2026-09-03T09:53:00Z,324.8,324.8,324.8,324.8,207,324.8,21
AAPL,2026-09-03T09:54:00Z,324.71,324.71,324.71,324.71,214,324.71,18
AAPL,2026-09-03T09:55:00Z,324.69,324.7,324.69,324.7,296,324.694,16
AAPL,2026-09-03T09:58:00Z,324.73,324.75,324.62,324.62,405,324.724,18
AAPL,2026-09-03T09:59:00Z,324.78,324.78,324.705,324.705,195,324.742,11
AAPL,2026-09-03T10:00:00Z,324.71,324.71,324.71,324.71,224,324.71,9
AAPL,2026-09-03T10:02:00Z,324.7,324.7,324.7,324.7,157,324.7,6
AAPL,2026-09-03T10:04:00Z,324.71,324.79,324.71,324.79,479,324.728,13
AAPL,2026-09-03T10:09:00Z,324.87,324.87,324.87,324.87,63,324.87,6
AAPL,2026-09-03T10:11:00Z,324.75,324.75,324.72,324.72,279,324.731,17
AAPL,2026-09-03T10:12:00Z,324.72,324.87,324.6,324.84,1775,324.771,81
AAPL,2026-09-03T10:13:00Z,324.66,324.66,324.6,324.6,415,324.63,22
AAPL,2026-09-03T10:15:00Z,324.71,324.71,324.71,324.71,69,324.71,4
AAPL,2026-09-03T10:16:00Z,324.72,324.72,324.72,324.72,232,324.72,20
AAPL,2026-09-03T10:17:00Z,324.6,324.64,324.6,324.64,417,324.627,25
AAPL,2026-09-03T10:18:00Z,324.7,324.7,324.7,324.7,243,324.7,32
AAPL,2026-09-03T10:19:00Z,324.73,324.73,324.7,324.7,337,324.712,25
AAPL,2026-09-03T10:20:00Z,324.75,324.75,324.75,324.75,103,324.75,3
AAPL,2026-09-03T10:23:00Z,324.7,324.7,324.7,324.7,334,324.7,15
AAPL,2026-09-03T10:24:00Z,324.89,324.89,324.89,324.89,141,324.89,10
AAPL,2026-09-03T10:28:00Z,324.7,324.7,324.7,324.7,741,324.7,11
AAPL,2026-09-03T10:32:00Z,324.65,324.65,324.65,324.65,349,324.65,21
AAPL,2026-09-03T10:33:00Z,324.62,324.62,324.62,324.62,238,324.62,11
AAPL,2026-09-03T10:34:00Z,324.6,324.6,324.6,324.6,445,324.6,16
AAPL,2026-09-03T10:35:00Z,324.61,324.61,324.61,324.61,82,324.61,4
AAPL,2026-09-03T10:36:00Z,324.51,324.51,324.51,324.51,287,324.51,9
AAPL,2026-09-03T10:37:00Z,324.72,324.72,324.51,324.51,286,324.615,22
AAPL,2026-09-03T10:38:00Z,324.51,324.51,324.51,324.51,485,324.51,46
AAPL,2026-09-03T10:39:00Z,324.53,324.7,324.53,324.7,1504,324.653,40
AAPL,2026-09-03T10:41:00Z,324.53,324.6,324.5,324.54,667,324.571,17
AAPL,2026-09-03T10:42:00Z,324.51,324.54,324.51,324.53,389,324.517,15
AAPL,2026-09-03T10:43:00Z,324.54,324.55,324.4,324.4,747,324.471,21
AAPL,2026-09-03T10:44:00Z,324.5,324.52,324.4,324.48,855,324.485,28
AAPL,2026-09-03T10:45:00Z,324.45,324.54,324.36,324.36,1052,324.426,80
AAPL,2026-09-03T10:46:00Z,324.36,324.36,324.36,324.36,208,324.36,16
AAPL,2026-09-03T10:47:00Z,324.44,324.44,324.44,324.44,443,324.44,28
AAPL,2026-09-03T10:48:00Z,324.32,324.32,324.3,324.3,492,324.31,44
AAPL,2026-09-03T10:49:00Z,324.17,324.17,324.14,324.14,363,324.16,30
AAPL,2026-09-03T10:50:00Z,324.28,324.28,324.26,324.26,577,324.277,28
AAPL,2026-09-03T10:51:00Z,324.29,324.29,324.29,324.29,187,324.29,11
AAPL,2026-09-03T10:52:00Z,324.27,324.27,324.16,324.16,413,324.227,12
AAPL,2026-09-03T10:53:00Z,324.3,324.39,324.3,324.39,1856,324.328,20
AAPL,2026-09-03T10:54:00Z,324.34,324.34,324.3,324.3,480,324.319,33
AAPL,2026-09-03T10:55:00Z,324.38,324.38,324.38,324.38,194,324.38,16
AAPL,2026-09-03T10:56:00Z,324.3,324.3,324.19,324.19,701,324.28,43
AAPL,2026-09-03T10:57:00Z,324.25,324.27,324.01,324.01,2066,324.238,93
AAPL,2026-09-03T11:00:00Z,324.23,324.45,324.01,324.23,6608,324.308,126
AAPL,2026-09-03T11:01:00Z,324.05,324.05,324.01,324.01,446,324.038,28
AAPL,2026-09-03T11:02:00Z,324.11,324.11,324,324,5231,324.012,132
AAPL,2026-09-03T11:03:00Z,324.02,324.46,324.01,324.46,2934,324.05,92
AAPL,2026-09-03T11:05:00Z,324.13,324.132,324.13,324.13,690,324.131,30
AAPL,2026-09-03T11:06:00Z,324.4,324.4,324.333,324.333,345,324.353,12
AAPL,2026-09-03T11:07:00Z,324.34,324.36,324.34,324.34,320,324.345,19
AAPL,2026-09-03T11:08:00Z,324.33,324.33,324.33,324.33,315,324.33,27
AAPL,2026-09-03T11:09:00Z,324.21,324.21,324.19,324.2,1126,324.2,45
AAPL,2026-09-03T11:10:00Z,324.29,324.29,324.29,324.29,306,324.29,23
AAPL,2026-09-03T11:11:00Z,324.28,324.36,324.28,324.29,374,324.302,21
AAPL,2026-09-03T11:12:00Z,324.32,324.33,324.31,324.317,680,324.32,17
AAPL,2026-09-03T11:13:00Z,324.317,324.317,324.2,324.2,6013,324.264,52
AAPL,2026-09-03T11:15:00Z,324.23,324.24,324.22,324.24,523,324.233,21
AAPL,2026-09-03T11:16:00Z,324.31,324.31,324.27,324.27,331,324.293,12
AAPL,2026-09-03T11:17:00Z,324.29,324.29,324.29,324.29,1053,324.29,17
AAPL,2026-09-03T11:18:00Z,324.29,324.5,324.29,324.49,5804,324.309,59
AAPL,2026-09-03T11:19:00Z,324.37,324.37,324.3,324.33,822,324.335,41
AAPL,2026-09-03T11:20:00Z,324.32,324.32,324.3,324.3,540,324.317,31
AAPL,2026-09-03T11:21:00Z,324.27,324.3,324.27,324.29,794,324.288,26
AAPL,2026-09-03T11:22:00Z,324.23,324.25,324.23,324.23,574,324.235,34
AAPL,2026-09-03T11:23:00Z,324.23,324.23,324.22,324.22,359,324.226,12
AAPL,2026-09-03T11:24:00Z,324.21,324.22,324.21,324.22,709,324.214,29
AAPL,2026-09-03T11:25:00Z,324.16,324.16,324.16,324.16,195,324.16,11
AAPL,2026-09-03T11:26:00Z,324.2,324.2,324.2,324.2,230,324.2,17
AAPL,2026-09-03T11:27:00Z,324.18,324.18,324.16,324.16,685,324.171,22
AAPL,2026-09-03T11:28:00Z,324.16,324.18,324.15,324.17,1569,324.169,67
AAPL,2026-09-03T11:29:00Z,324.175,324.18,324.16,324.16,713,324.17,20
AAPL,2026-09-03T11:30:00Z,324.17,324.19,324.17,324.188,533,324.181,14
AAPL,2026-09-03T11:31:00Z,324.18,324.18,323.68,323.99,5529,323.935,209
AAPL,2026-09-03T11:32:00Z,324.08,324.09,324.08,324.09,392,324.087,30
AAPL,2026-09-03T11:34:00Z,324.11,324.11,324.07,324.07,313,324.101,21
AAPL,2026-09-03T11:35:00Z,324.116,324.14,324.03,324.03,1760,324.113,115
AAPL,2026-09-03T11:36:00Z,324.073,324.073,324.073,324.073,262,324.073,97
AAPL,2026-09-03T11:37:00Z,324.08,324.08,324.08,324.08,139,324.08,65
AAPL,2026-09-03T11:39:00Z,324.1,324.1,324.07,324.07,883,324.095,29
AAPL,2026-09-03T11:40:00Z,324.05,324.09,324.04,324.09,1377,324.082,40
AAPL,2026-09-03T11:41:00Z,324.09,324.14,324.05,324.14,995,324.103,40
AAPL,2026-09-03T11:42:00Z,324.18,324.27,324.16,324.25,2192,324.186,72
AAPL,2026-09-03T11:43:00Z,324.25,324.29,324.25,324.25,1067,324.263,16
AAPL,2026-09-03T11:45:00Z,324.129,324.16,324.11,324.15,1888,324.138,41
AAPL,2026-09-03T11:46:00Z,324.09,324.2,324.09,324.2,442,324.137,17
AAPL,2026-09-03T11:48:00Z,324.14,324.29,324.14,324.27,5151,324.213,75
AAPL,2026-09-03T11:49:00Z,324.19,324.23,324.19,324.23,511,324.216,25
AAPL,2026-09-03T11:50:00Z,324.19,324.19,324.118,324.118,509,324.159,27
AAPL,2026-09-03T11:51:00Z,324.13,324.13,324.11,324.11,787,324.115,19
AAPL,2026-09-03T11:52:00Z,324.13,324.13,324.12,324.12,205,324.126,13
AAPL,2026-09-03T11:53:00Z,324.11,324.17,324.09,324.09,1642,324.126,41
AAPL,2026-09-03T11:54:00Z,324.06,324.06,324.033,324.05,1374,324.041,27
AAPL,2026-09-03T11:55:00Z,324.04,324.07,324.01,324.07,754,324.035,18
AAPL,2026-09-03T11:57:00Z,324.04,324.04,323.9,323.9,8473,324,88
AAPL,2026-09-03T11:58:00Z,323.81,323.82,323.8,323.8,1499,323.806,59
AAPL,2026-09-03T11:59:00Z,323.752,323.752,323.65,323.65,2158,323.692,58
AAPL,2026-09-03T12:00:00Z,323.65,323.65,323.57,323.57,1728,323.622,91
AAPL,2026-09-03T12:01:00Z,323.5,323.56,323.46,323.54,3787,323.485,99
AAPL,2026-09-03T12:02:00Z,323.52,323.69,323.52,323.64,8195,323.621,114
AAPL,2026-09-03T12:03:00Z,323.58,323.58,323.4,323.44,4099,323.5,114
AAPL,2026-09-03T12:04:00Z,323.35,323.56,323.35,323.56,3365,323.436,134
AAPL,2026-09-03T12:05:00Z,323.68,323.68,323.63,323.68,569,323.664,56
AAPL,2026-09-03T12:06:00Z,323.68,323.7,323.66,323.7,5497,323.685,79
AAPL,2026-09-03T12:07:00Z,323.724,323.73,323.61,323.679,1405,323.682,33
AAPL,2026-09-03T12:08:00Z,323.78,323.8,323.779,323.8,282,323.791,18
AAPL,2026-09-03T12:09:00Z,323.78,323.84,323.754,323.754,1185,323.788,33
AAPL,2026-09-03T12:10:00Z,323.929,323.93,323.929,323.93,703,323.93,16
AAPL,2026-09-03T12:11:00Z,324,324,323.915,323.915,687,323.97,18
AAPL,2026-09-03T12:12:00Z,323.882,324.05,323.88,323.93,1754,323.975,74
AAPL,2026-09-03T12:13:00Z,324,324.066,324,324,938,324.024,23
AAPL,2026-09-03T12:14:00Z,324.027,324.027,323.995,323.995,375,324,13
AAPL,2026-09-03T12:15:00Z,323.98,323.99,323.91,323.942,839,323.951,36
AAPL,2026-09-03T12:16:00Z,323.98,323.98,323.94,323.94,325,323.951,21
AAPL,2026-09-03T12:17:00Z,323.96,323.98,323.83,323.83,1880,323.878,46
AAPL,2026-09-03T12:18:00Z,323.83,323.83,323.62,323.7,1396,323.766,61
AAPL,2026-09-03T12:19:00Z,323.83,323.96,323.83,323.96,846,323.901,20
AAPL,2026-09-03T12:20:00Z,323.93,323.93,323.9,323.9,1409,323.914,39
AAPL,2026-09-03T12:21:00Z,323.79,323.9,323.63,323.7,1722,323.73,85
AAPL,2026-09-03T12:22:00Z,323.72,323.72,323.61,323.624,3550,323.682,46
AAPL,2026-09-03T12:23:00Z,323.62,323.69,323.62,323.632,1983,323.66,40
AAPL,2026-09-03T12:24:00Z,323.62,323.65,323.6,323.65,1299,323.628,62
AAPL,2026-09-03T12:25:00Z,323.677,323.72,323.677,323.68,3077,323.7,51
AAPL,2026-09-03T12:26:00Z,324.148,324.148,323.76,323.841,482,323.909,17
AAPL,2026-09-03T12:27:00Z,323.85,323.85,323.802,323.802,1799,323.827,36
AAPL,2026-09-03T12:28:00Z,323.803,323.85,323.803,323.85,596,323.828,33
AAPL,2026-09-03T12:29:00Z,323.95,324.1,323.95,324,353,324.01,23
AAPL,2026-09-03T12:30:00Z,323.935,324.5,323.935,324.5,6852,324.382,183
AAPL,2026-09-03T12:31:00Z,324.521,324.521,324.33,324.48,2860,324.452,46
AAPL,2026-09-03T12:32:00Z,324.38,324.449,324.35,324.43,3499,324.41,57
AAPL,2026-09-03T12:33:00Z,324.3,324.49,324.11,324.49,3276,324.211,59
AAPL,2026-09-03T12:34:00Z,324.36,324.49,324.223,324.314,1210,324.375,41
AAPL,2026-09-03T12:35:00Z,324.38,324.38,324.31,324.31,277,324.34,26
AAPL,2026-09-03T12:36:00Z,324.305,324.37,324.3,324.34,1371,324.335,29
AAPL,2026-09-03T12:37:00Z,324.26,324.33,324.26,324.26,1103,324.268,38
AAPL,2026-09-03T12:38:00Z,324.25,324.25,324.25,324.25,266,324.25,28
AAPL,2026-09-03T12:39:00Z,324.2,324.218,324.2,324.2,539,324.202,19
AAPL,2026-09-03T12:40:00Z,324.2,324.21,324.14,324.21,462,324.19,27
AAPL,2026-09-03T12:41:00Z,324.13,324.15,324.13,324.13,626,324.137,32
AAPL,2026-09-03T12:42:00Z,324.05,324.07,323.89,323.96,1767,324.011,103
AAPL,2026-09-03T12:43:00Z,324.01,324.02,324.01,324.02,592,324.012,34
AAPL,2026-09-03T12:44:00Z,324.03,324.06,324,324.06,13396,324.004,101
AAPL,2026-09-03T12:45:00Z,324.08,324.08,323.96,323.98,1364,324.004,40
AAPL,2026-09-03T12:46:00Z,324.065,324.065,323.98,323.98,1674,324.045,93
AAPL,2026-09-03T12:47:00Z,323.97,324,323.87,323.93,9470,323.977,162
AAPL,2026-09-03T12:48:00Z,323.94,324,323.94,323.99,3373,323.992,57
AAPL,2026-09-03T12:49:00Z,323.96,324.09,323.95,324.09,4636,323.995,121
AAPL,2026-09-03T12:50:00Z,324.11,324.338,324.02,324.3,9147,324.145,72
AAPL,2026-09-03T12:51:00Z,324.37,324.462,324.33,324.39,1020,324.354,39
AAPL,2026-09-03T12:52:00Z,324.31,324.317,324.26,324.3,420,324.299,23
AAPL,2026-09-03T12:53:00Z,324.35,324.5,324.312,324.48,1846,324.462,86
AAPL,2026-09-03T12:54:00Z,324.5,324.541,324.44,324.54,5121,324.512,57
AAPL,2026-09-03T12:55:00Z,324.57,324.58,324.45,324.45,1985,324.513,46
AAPL,2026-09-03T12:56:00Z,324.5,324.64,324.5,324.64,4855,324.587,71
AAPL,2026-09-03T12:57:00Z,324.5,324.7,324.5,324.7,1450,324.616,73
AAPL,2026-09-03T12:58:00Z,324.74,324.74,324.63,324.7,1750,324.7,50
AAPL,2026-09-03T12:59:00Z,324.695,324.696,324.64,324.696,1396,324.66,65
AAPL,2026-09-03T13:00:00Z,324.67,324.67,324.38,324.38,3154,324.545,144
AAPL,2026-09-03T13:01:00Z,324.38,324.5,324.37,324.37,1665,324.404,89
AAPL,2026-09-03T13:02:00Z,324.37,324.41,324.23,324.23,3674,324.353,137
AAPL,2026-09-03T13:03:00Z,324.25,324.3,324.25,324.29,1257,324.273,51
AAPL,2026-09-03T13:04:00Z,324.29,324.5,324.16,324.5,3231,324.286,96
AAPL,2026-09-03T13:05:00Z,324.26,324.31,324.22,324.26,1190,324.258,53
AAPL,2026-09-03T13:06:00Z,324.3,324.31,324.21,324.3,1554,324.237,73
AAPL,2026-09-03T13:07:00Z,324.22,324.22,324.11,324.21,1852,324.192,103
AAPL,2026-09-03T13:08:00Z,324.19,324.19,324.11,324.11,1004,324.124,80
AAPL,2026-09-03T13:09:00Z,324.11,324.11,323.97,324,3392,324.011,104
AAPL,2026-09-03T13:10:00Z,324,324.03,323.83,323.86,1768,323.926,126
AAPL,2026-09-03T13:11:00Z,323.94,324,323.94,324,896,323.966,61
AAPL,2026-09-03T13:12:00Z,324.14,324.25,324.14,324.22,7917,324.16,99
AAPL,2026-09-03T13:13:00Z,324.15,324.21,324.15,324.21,3670,324.173,50
AAPL,2026-09-03T13:14:00Z,324.212,324.235,324.2,324.2,1908,324.207,57
AAPL,2026-09-03T13:15:00Z,324.18,324.24,324.15,324.167,3064,324.178,56
AAPL,2026-09-03T13:16:00Z,324.227,324.25,324.161,324.25,1001,324.212,44
AAPL,2026-09-03T13:17:00Z,324.34,324.34,324.26,324.26,1576,324.318,46
AAPL,2026-09-03T13:18:00Z,324.29,324.29,324.14,324.18,540,324.193,36
AAPL,2026-09-03T13:19:00Z,324.24,324.28,324.05,324.09,2357,324.095,57
AAPL,2026-09-03T13:20:00Z,324.05,324.07,323.95,324,3496,324.006,82
AAPL,2026-09-03T13:21:00Z,324,324.11,324,324.11,1180,324.024,58
AAPL,2026-09-03T13:22:00Z,324.06,324.09,324.045,324.045,455,324.065,23
AAPL,2026-09-03T13:23:00Z,324.05,324.05,323.951,323.973,2117,323.994,53
AAPL,2026-09-03T13:24:00Z,323.95,324.06,323.95,324.06,1175,323.999,57
AAPL,2026-09-03T13:25:00Z,323.95,323.95,323.75,323.88,1707,323.855,121
AAPL,2026-09-03T13:26:00Z,323.985,324.347,323.985,324.008,9017,324.223,113
AAPL,2026-09-03T13:27:00Z,323.981,324.92,323.98,324.92,10953,324.571,152
AAPL,2026-09-03T13:28:00Z,324.86,325,324.59,324.86,6913,324.787,105
AAPL,2026-09-03T13:29:00Z,324.79,325.04,324.75,324.85,8314,324.902,295
AAPL,2026-09-03T13:30:00Z,324.87,325.25,324.25,324.681,626759,324.786,10822
AAPL,2026-09-03T13:31:00Z,324.705,326.1,324.705,325.38,178331,325.521,3792
AAPL,2026-09-03T13:32:00Z,325.355,327.44,325.25,327.39,228198,326.681,4365
AAPL,2026-09-03T13:33:00Z,327.43,327.5,325.84,326.077,155109,326.78,4069
AAPL,2026-09-03T13:34:00Z,325.99,326.23,325.325,325.58,114180,325.841,2612
AAPL,2026-09-03T13:35:00Z,325.55,325.651,324.14,324.365,146686,325.001,3019
AAPL,2026-09-03T13:36:00Z,324.365,324.865,324.11,324.82,93563,324.384,2250
AAPL,2026-09-03T13:37:00Z,324.827,325.28,324.56,325.28,91524,324.872,2461
AAPL,2026-09-03T13:38:00Z,325.275,325.905,325.2,325.795,107676,325.556,2491
AAPL,2026-09-03T13:39:00Z,325.78,326.471,325.78,326.45,105516,326.151,2347
AAPL,2026-09-03T13:40:00Z,326.45,326.67,325.43,325.58,126581,326.3,2992
AAPL,2026-09-03T13:41:00Z,325.55,326,325.401,325.92,67504,325.662,2049
AAPL,2026-09-03T13:42:00Z,325.96,326.28,325.7,325.915,79512,325.978,2106
AAPL,2026-09-03T13:43:00Z,325.94,326.25,325.88,326.03,72561,326.075,1982
AAPL,2026-09-03T13:44:00Z,326.03,326.58,325.8,326.485,70577,326.207,2056
AAPL,2026-09-03T13:45:00Z,326.47,326.77,326.19,326.45,119796,326.514,2463
AAPL,2026-09-03T13:46:00Z,326.494,326.578,326.22,326.39,53238,326.394,1768
AAPL,2026-09-03T13:47:00Z,326.406,326.97,326.395,326.6,117347,326.748,2200
AAPL,2026-09-03T13:48:00Z,326.571,326.785,326.47,326.48,48018,326.666,1274
AAPL,2026-09-03T13:49:00Z,326.51,326.72,326.386,326.59,68979,326.567,1712
AAPL,2026-09-03T13:50:00Z,326.57,326.92,326.31,326.4,115035,326.568,2448
AAPL,2026-09-03T13:51:00Z,326.39,326.545,326.25,326.474,99035,326.403,2058
AAPL,2026-09-03T13:52:00Z,326.49,326.54,326,326.26,92377,326.288,1945
AAPL,2026-09-03T13:53:00Z,326.265,326.38,326.11,326.315,48614,326.257,1410
AAPL,2026-09-03T13:54:00Z,326.32,326.49,326.225,326.27,48660,326.355,1582
AAPL,2026-09-03T13:55:00Z,326.29,326.382,326.15,326.2,55149,326.25,1706
AAPL,2026-09-03T13:56:00Z,326.19,326.21,325.93,326.005,58648,326.05,1858
AAPL,2026-09-03T13:57:00Z,326.02,326.16,325.84,325.84,65436,325.988,1844
AAPL,2026-09-03T13:58:00Z,325.81,325.95,325.64,325.7,87270,325.76,2196
AAPL,2026-09-03T13:59:00Z,325.72,326.8,325.57,326.72,110143,326.123,2830
AAPL,2026-09-03T14:00:00Z,326.65,326.8,326.09,326.14,135291,326.405,3206
AAPL,2026-09-03T14:01:00Z,326.165,326.43,325.945,326.39,52463,326.136,1905
AAPL,2026-09-03T14:02:00Z,326.37,326.47,326.15,326.36,40777,326.288,1510
AAPL,2026-09-03T14:03:00Z,326.4,326.8,326.382,326.67,60570,326.626,1975
AAPL,2026-09-03T14:04:00Z,326.675,326.7,326.035,326.04,42825,326.362,1458
AAPL,2026-09-03T14:05:00Z,326.025,326.39,326.025,326.39,52114,326.232,1615
AAPL,2026-09-03T14:06:00Z,326.355,326.82,326.35,326.69,96206,326.723,1897
AAPL,2026-09-03T14:07:00Z,326.72,326.88,326.68,326.71,57532,326.768,1532
AAPL,2026-09-03T14:08:00Z,326.72,327.11,326.69,327.026,92310,326.948,2565
AAPL,2026-09-03T14:09:00Z,327.025,327.076,326.8,327.069,67518,326.921,1854
AAPL,2026-09-03T14:10:00Z,327.08,327.16,326.67,326.83,54555,326.92,1704
AAPL,2026-09-03T14:11:00Z,326.845,327.06,326.7,327.04,57173,326.927,1907
AAPL,2026-09-03T14:12:00Z,327.07,327.41,326.995,327.325,76628,327.213,2537
AAPL,2026-09-03T14:13:00Z,327.34,327.58,327.19,327.52,91078,327.439,2818
AAPL,2026-09-03T14:14:00Z,327.535,328.13,327.535,328.13,195536,327.908,4228
AAPL,2026-09-03T14:15:00Z,328.13,328.44,328,328.226,182088,328.283,4695
AAPL,2026-09-03T14:16:00Z,328.23,328.54,328.119,328.276,124920,328.328,3649
AAPL,2026-09-03T14:17:00Z,328.295,328.32,328.03,328.26,108967,328.208,3559
AAPL,2026-09-03T14:18:00Z,328.24,328.365,328.08,328.308,83390,328.216,2951
AAPL,2026-09-03T14:19:00Z,328.32,328.702,328.2,328.7,102757,328.418,3019
AAPL,2026-09-03T14:20:00Z,328.7,328.795,328.54,328.65,120625,328.685,3346
AAPL,2026-09-03T14:21:00Z,328.65,328.95,328.63,328.83,113877,328.838,3385
AAPL,2026-09-03T14:22:00Z,328.82,329.08,328.76,329.04,162940,328.95,4113
AAPL,2026-09-03T14:23:00Z,329.04,329.28,328.97,329.24,114917,329.097,3606
AAPL,2026-09-03T14:24:00Z,329.24,329.3,329.135,329.165,92510,329.214,3005
AAPL,2026-09-03T14:25:00Z,329.159,329.23,328.915,329.2,212857,329.049,4713
AAPL,2026-09-03T14:26:00Z,329.185,329.94,329.146,329.89,190103,329.531,4463
AAPL,2026-09-03T14:27:00Z,329.91,330.22,329.78,330.14,524933,330.036,9806
AAPL,2026-09-03T14:28:00Z,330.135,330.32,329.83,329.975,248729,330.078,5030
AAPL,2026-09-03T14:29:00Z,329.97,330.09,329.7,329.715,140559,329.925,3816
AAPL,2026-09-03T14:30:00Z,329.715,330.36,329.71,330.31,153146,330.158,4243
AAPL,2026-09-03T14:31:00Z,330.315,330.61,330.21,330.45,228926,330.41,5056
AAPL,2026-09-03T14:32:00Z,330.44,330.69,330.155,330.335,192066,330.428,4635
AAPL,2026-09-03T14:33:00Z,330.35,330.45,329.94,329.94,116555,330.233,3658
AAPL,2026-09-03T14:34:00Z,329.94,330,329.369,329.42,134725,329.72,3946
AAPL,2026-09-03T14:35:00Z,329.41,329.705,329.28,329.565,141671,329.485,4337
AAPL,2026-09-03T14:36:00Z,329.54,329.93,329.43,329.445,81959,329.669,3028
AAPL,2026-09-03T14:37:00Z,329.43,329.49,329,329.07,95112,329.242,3337
AAPL,2026-09-03T14:38:00Z,329.08,329.09,328.63,328.705,94642,328.812,3164
AAPL,2026-09-03T14:39:00Z,328.68,328.769,328.19,328.375,99510,328.461,3066
AAPL,2026-09-03T14:40:00Z,328.375,328.42,327.9,328.14,193451,328.126,3827
AAPL,2026-09-03T14:41:00Z,328.16,328.33,328.1,328.16,117750,328.177,2891
AAPL,2026-09-03T14:42:00Z,328.19,328.485,328.1,328.41,68674,328.293,2647
AAPL,2026-09-03T14:43:00Z,328.39,328.475,328.22,328.25,47943,328.353,2349
AAPL,2026-09-03T14:44:00Z,328.245,328.675,328.245,328.32,81884,328.485,2994
AAPL,2026-09-03T14:45:00Z,328.32,328.48,328.23,328.365,60178,328.325,2378
AAPL,2026-09-03T14:46:00Z,328.34,328.61,328.29,328.545,278902,328.427,2587
AAPL,2026-09-03T14:47:00Z,328.545,328.684,328.46,328.565,66861,328.57,2695
AAPL,2026-09-03T14:48:00Z,328.555,328.75,328.51,328.68,57913,328.602,2515
AAPL,2026-09-03T14:49:00Z,328.66,328.9,328.615,328.86,83754,328.741,3034
AAPL,2026-09-03T14:50:00Z,328.89,328.92,328.62,328.805,54103,328.817,2414
AAPL,2026-09-03T14:51:00Z,328.79,328.805,328.51,328.531,42384,328.618,2283
AAPL,2026-09-03T14:52:00Z,328.53,328.53,328.14,328.14,59408,328.36,2574
AAPL,2026-09-03T14:53:00Z,328.12,328.23,327.66,327.71,90221,327.887,3072
AAPL,2026-09-03T14:54:00Z,327.705,328.15,327.686,328.13,76194,327.923,2709
AAPL,2026-09-03T14:55:00Z,328.105,328.33,328.077,328.33,69870,328.21,2564
AAPL,2026-09-03T14:56:00Z,328.34,328.34,327.59,328.18,144621,328.032,5950
AAPL,2026-09-03T14:57:00Z,328.18,328.24,327.97,328.14,63360,328.129,2643
AAPL,2026-09-03T14:58:00Z,328.17,328.33,328.14,328.15,49110,328.213,2232
AAPL,2026-09-03T14:59:00Z,328.15,328.18,327.869,327.985,57333,328.005,2324
AAPL,2026-09-03T15:00:00Z,328.02,329,328.01,329,118446,328.513,3125
AAPL,2026-09-03T15:01:00Z,328.975,329.08,328.65,328.85,121670,328.902,3164
AAPL,2026-09-03T15:02:00Z,328.83,328.88,328.6,328.6,87996,328.762,2619
AAPL,2026-09-03T15:03:00Z,328.58,328.97,328.53,328.92,60419,328.771,2489
AAPL,2026-09-03T15:04:00Z,328.9,329.22,328.87,329.2,55622,328.975,2294
AAPL,2026-09-03T15:05:00Z,329.24,329.498,329.23,329.41,90295,329.38,3052
AAPL,2026-09-03T15:06:00Z,329.404,329.58,329.35,329.58,84392,329.444,2621
AAPL,2026-09-03T15:07:00Z,329.59,329.76,329.54,329.68,74686,329.639,2892
AAPL,2026-09-03T15:08:00Z,329.68,329.835,329.615,329.795,58881,329.745,2371
AAPL,2026-09-03T15:09:00Z,329.82,330.06,329.746,330.045,85859,329.921,3292
AAPL,2026-09-03T15:10:00Z,330.05,330.58,330.045,330.53,115410,330.37,3308
AAPL,2026-09-03T15:11:00Z,330.523,330.735,330.41,330.589,109754,330.6,3175
AAPL,2026-09-03T15:12:00Z,330.595,330.81,330.51,330.68,86083,330.663,2901
AAPL,2026-09-03T15:13:00Z,330.66,330.72,330.45,330.615,97201,330.582,2978
AAPL,2026-09-03T15:14:00Z,330.615,330.64,330.34,330.465,57862,330.487,2408
AAPL,2026-09-03T15:15:00Z,330.48,330.76,330.34,330.605,182371,330.556,4390
AAPL,2026-09-03T15:16:00Z,330.605,330.7,330.52,330.57,60396,330.584,2574
AAPL,2026-09-03T15:17:00Z,330.56,330.698,330.21,330.36,127101,330.464,3448
AAPL,2026-09-03T15:18:00Z,330.365,330.415,330.04,330.175,127071,330.255,3425
AAPL,2026-09-03T15:19:00Z,330.18,330.313,329.87,330.07,76477,330.103,2636
AAPL,2026-09-03T15:20:00Z,330.078,330.13,329.94,330.06,64977,330.033,2560
AAPL,2026-09-03T15:21:00Z,330.06,330.33,330.042,330.27,65375,330.197,2488
AAPL,2026-09-03T15:22:00Z,330.26,330.28,329.91,329.94,71416,330.068,2582
AAPL,2026-09-03T15:23:00Z,329.96,330.1,329.8,329.82,66296,329.957,2605
AAPL,2026-09-03T15:24:00Z,329.81,329.85,329.52,329.53,86380,329.718,2728
AAPL,2026-09-03T15:25:00Z,329.52,329.76,329.48,329.755,56083,329.595,2472
AAPL,2026-09-03T15:26:00Z,329.755,330.26,329.71,330.23,94912,329.989,2843
AAPL,2026-09-03T15:27:00Z,330.21,330.28,330.04,330.19,249869,330.218,3904
AAPL,2026-09-03T15:28:00Z,330.18,330.18,329.72,329.78,174503,329.941,3345
AAPL,2026-09-03T15:29:00Z,329.78,329.98,329.74,329.85,70714,329.859,2645
AAPL,2026-09-03T15:30:00Z,329.85,329.97,329.72,329.91,107824,329.845,2558
AAPL,2026-09-03T15:31:00Z,329.95,330.13,329.9,329.928,61326,329.976,2577
AAPL,2026-09-03T15:32:00Z,329.925,329.94,329.73,329.88,57662,329.818,2147
AAPL,2026-09-03T15:33:00Z,329.875,330.05,329.744,330.035,55205,329.909,2186
AAPL,2026-09-03T15:34:00Z,330.045,330.19,329.99,330.11,55803,330.065,2494
AAPL,2026-09-03T15:35:00Z,330.14,330.26,330.01,330.19,80041,330.167,2391
AAPL,2026-09-03T15:36:00Z,330.16,330.49,329.91,330.01,85068,330.21,2989
AAPL,2026-09-03T15:37:00Z,330.01,330.175,329.97,330.15,36205,330.097,1992
AAPL,2026-09-03T15:38:00Z,330.15,330.15,329.918,330.02,46133,329.994,2161
AAPL,2026-09-03T15:39:00Z,330.015,330.02,329.77,329.84,58128,329.886,2278
AAPL,2026-09-03T15:40:00Z,329.825,329.97,329.66,329.69,71643,329.818,2404
AAPL,2026-09-03T15:41:00Z,329.7,329.705,329.24,329.42,64001,329.476,2533
AAPL,2026-09-03T15:42:00Z,329.44,329.62,329.34,329.475,52997,329.474,2461
AAPL,2026-09-03T15:43:00Z,329.48,329.64,329.45,329.62,33847,329.573,1966
AAPL,2026-09-03T15:44:00Z,329.6,329.82,329.6,329.68,43354,329.694,2102
AAPL,2026-09-03T15:45:00Z,329.69,329.76,329.63,329.715,34085,329.683,1940
AAPL,2026-09-03T15:46:00Z,329.74,329.88,329.6,329.618,42780,329.759,2136
AAPL,2026-09-03T15:47:00Z,329.6,329.61,329.42,329.521,31354,329.498,2030
AAPL,2026-09-03T15:48:00Z,329.54,329.78,329.52,329.72,38455,329.638,1977
AAPL,2026-09-03T15:49:00Z,329.72,329.85,329.71,329.73,27884,329.784,1905
AAPL,2026-09-03T15:50:00Z,329.71,329.76,329.33,329.41,48150,329.494,2243
AAPL,2026-09-03T15:51:00Z,329.41,329.55,329.28,329.45,41186,329.408,1958
AAPL,2026-09-03T15:52:00Z,329.44,329.515,329.33,329.35,36957,329.394,1937
AAPL,2026-09-03T15:53:00Z,329.33,329.47,329.33,329.445,31927,329.417,1906
AAPL,2026-09-03T15:54:00Z,329.44,329.56,329.44,329.54,32201,329.514,2075
AAPL,2026-09-03T15:55:00Z,329.54,329.6,329.37,329.375,29659,329.474,1931
AAPL,2026-09-03T15:56:00Z,329.39,329.44,329.3,329.38,31819,329.373,1921
AAPL,2026-09-03T15:57:00Z,329.38,329.61,329.38,329.585,28796,329.516,1833
AAPL,2026-09-03T15:58:00Z,329.59,329.7,329.53,329.615,29881,329.632,1773
AAPL,2026-09-03T15:59:00Z,329.615,329.84,329.613,329.77,35423,329.712,1988
AAPL,2026-09-03T16:00:00Z,329.765,329.78,329.59,329.735,43655,329.704,2044
AAPL,2026-09-03T16:01:00Z,329.75,329.98,329.75,329.87,49171,329.889,2437
AAPL,2026-09-03T16:02:00Z,329.88,329.94,329.84,329.94,34064,329.888,2118
AAPL,2026-09-03T16:03:00Z,329.94,330.02,329.89,329.925,73215,329.965,2525
AAPL,2026-09-03T16:04:00Z,329.925,329.99,329.88,329.92,43676,329.948,2083
AAPL,2026-09-03T16:05:00Z,329.92,329.936,329.66,329.67,42210,329.797,2005
AAPL,2026-09-03T16:06:00Z,329.665,329.7,329.61,329.64,38903,329.658,1971
AAPL,2026-09-03T16:07:00Z,329.64,329.69,329.45,329.595,43655,329.602,2218
AAPL,2026-09-03T16:08:00Z,329.595,329.72,329.58,329.705,54063,329.638,2256
AAPL,2026-09-03T16:09:00Z,329.71,329.75,329.56,329.56,31433,329.672,2065
AAPL,2026-09-03T16:10:00Z,329.56,329.76,329.54,329.73,38769,329.673,2027
AAPL,2026-09-03T16:11:00Z,329.73,329.785,329.44,329.45,47024,329.605,2213
AAPL,2026-09-03T16:12:00Z,329.45,329.76,329.45,329.635,59873,329.659,2191
AAPL,2026-09-03T16:13:00Z,329.635,329.96,329.62,329.775,69629,329.726,2352
AAPL,2026-09-03T16:14:00Z,329.78,330.06,329.775,330.02,49179,329.929,1371
AAPL,2026-09-03T16:15:00Z,330.03,330.05,329.96,330.01,37338,330.005,1076
AAPL,2026-09-03T16:16:00Z,330.01,330.05,329.84,329.87,40138,329.918,1131
AAPL,2026-09-03T16:17:00Z,329.875,329.88,329.74,329.82,30255,329.826,1027
AAPL,2026-09-03T16:18:00Z,329.82,329.83,329.72,329.77,26700,329.773,993
AAPL,2026-09-03T16:19:00Z,329.775,329.82,329.56,329.64,51425,329.717,1341
AAPL,2026-09-03T16:20:00Z,329.65,329.725,329.52,329.7,62596,329.619,1428
AAPL,2026-09-03T16:21:00Z,329.7,329.87,329.68,329.84,33511,329.796,935
AAPL,2026-09-03T16:22:00Z,329.86,330.15,329.86,330.12,70362,330.047,1644
AAPL,2026-09-03T16:23:00Z,330.14,330.57,330.12,330.53,100756,330.353,1940
AAPL,2026-09-03T16:24:00Z,330.53,330.57,330.311,330.385,160557,330.443,1979
AAPL,2026-09-03T16:25:00Z,330.385,330.414,330.04,330.04,88417,330.221,1723
AAPL,2026-09-03T16:26:00Z,330.055,330.07,329.84,329.97,46873,329.959,1217
AAPL,2026-09-03T16:27:00Z,329.97,330.165,329.96,330.165,44195,330.069,1243
AAPL,2026-09-03T16:28:00Z,330.16,330.22,330.06,330.12,51251,330.125,1189
AAPL,2026-09-03T16:29:00Z,330.113,330.15,329.97,330.07,51018,330.053,1416
AAPL,2026-09-03T16:30:00Z,330.04,330.16,329.98,330.025,40658,330.066,1091
AAPL,2026-09-03T16:31:00Z,330.04,330.09,329.87,329.985,60760,329.976,1572
AAPL,2026-09-03T16:32:00Z,329.99,330.085,329.935,330.02,43554,330.026,1127
AAPL,2026-09-03T16:33:00Z,330.025,330.09,329.955,330.055,36056,330.002,1222
AAPL,2026-09-03T16:34:00Z,330.055,330.24,330.02,330.11,43497,330.082,1280
AAPL,2026-09-03T16:35:00Z,330.115,330.115,329.71,329.775,68349,329.926,1699
AAPL,2026-09-03T16:36:00Z,329.77,329.94,329.77,329.8,39620,329.873,1136
AAPL,2026-09-03T16:37:00Z,329.81,329.915,329.77,329.9,28463,329.851,930
AAPL,2026-09-03T16:38:00Z,329.905,330.01,329.86,329.965,64374,329.949,1459
AAPL,2026-09-03T16:39:00Z,329.965,330.04,329.87,329.91,31930,329.987,1043
AAPL,2026-09-03T16:40:00Z,329.91,329.96,329.775,329.855,29015,329.867,956
AAPL,2026-09-03T16:41:00Z,329.87,329.99,329.79,329.95,29878,329.899,1062
AAPL,2026-09-03T16:42:00Z,329.94,329.97,329.835,329.88,26872,329.895,1027
AAPL,2026-09-03T16:43:00Z,329.88,329.9,329.75,329.86,28213,329.834,1003
AAPL,2026-09-03T16:44:00Z,329.845,329.96,329.815,329.83,23714,329.893,1033
AAPL,2026-09-03T16:45:00Z,329.83,329.86,329.45,329.64,57525,329.639,1510
AAPL,2026-09-03T16:46:00Z,329.645,329.728,329.43,329.615,32823,329.557,1047
AAPL,2026-09-03T16:47:00Z,329.6,329.68,329.49,329.62,39621,329.604,1123
AAPL,2026-09-03T16:48:00Z,329.64,329.64,329.4,329.43,34276,329.517,1115
AAPL,2026-09-03T16:49:00Z,329.43,329.575,329.33,329.42,41268,329.473,1506
AAPL,2026-09-03T16:50:00Z,329.4,329.518,329.4,329.518,20741,329.438,837
AAPL,2026-09-03T16:51:00Z,329.51,329.53,329.315,329.365,33367,329.407,1139
AAPL,2026-09-03T16:52:00Z,329.35,329.5,329.323,329.495,33092,329.452,1089
AAPL,2026-09-03T16:53:00Z,329.49,329.49,329.23,329.25,32790,329.349,1140
AAPL,2026-09-03T16:54:00Z,329.25,329.38,329.25,329.3,32657,329.338,1007
AAPL,2026-09-03T16:55:00Z,329.295,329.295,329.12,329.155,29105,329.215,968
AAPL,2026-09-03T16:56:00Z,329.155,329.19,328.97,329.01,41194,329.062,1219
AAPL,2026-09-03T16:57:00Z,329.01,329.17,328.987,329.14,30760,329.078,954
AAPL,2026-09-03T16:58:00Z,329.125,329.176,329.02,329.02,22376,329.122,903
AAPL,2026-09-03T16:59:00Z,329.022,329.06,328.88,328.94,42418,328.97,1138
AAPL,2026-09-03T17:00:00Z,328.948,329.02,328.9,328.985,55937,328.951,1013
AAPL,2026-09-03T17:01:00Z,328.97,328.995,328.72,328.832,31548,328.845,953
AAPL,2026-09-03T17:02:00Z,328.845,328.86,328.47,328.48,34559,328.628,1028
AAPL,2026-09-03T17:03:00Z,328.504,328.63,328.44,328.615,33536,328.537,981
AAPL,2026-09-03T17:04:00Z,328.598,328.71,328.598,328.7,34294,328.664,902
AAPL,2026-09-03T17:05:00Z,328.71,328.78,328.68,328.71,37375,328.73,920
AAPL,2026-09-03T17:06:00Z,328.71,328.74,328.56,328.63,33251,328.654,928
AAPL,2026-09-03T17:07:00Z,328.627,328.72,328.56,328.6,37811,328.637,1033
AAPL,2026-09-03T17:08:00Z,328.593,328.63,328.55,328.605,29339,328.588,884
AAPL,2026-09-03T17:09:00Z,328.605,328.69,328.5,328.51,42435,328.624,1066
AAPL,2026-09-03T17:10:00Z,328.505,328.555,328.31,328.34,33447,328.386,1075
AAPL,2026-09-03T17:11:00Z,328.34,328.37,328.06,328.1,50717,328.216,1285
AAPL,2026-09-03T17:12:00Z,328.11,328.21,328.08,328.195,39164,328.144,1036
AAPL,2026-09-03T17:13:00Z,328.19,328.27,328.1,328.18,41563,328.184,933
AAPL,2026-09-03T17:14:00Z,328.16,328.215,328.11,328.115,32848,328.173,879
AAPL,2026-09-03T17:15:00Z,328.11,328.28,328.08,328.27,28760,328.169,832
AAPL,2026-09-03T17:16:00Z,328.28,328.33,328.11,328.13,42768,328.218,1060
AAPL,2026-09-03T17:17:00Z,328.13,328.24,328.11,328.145,27282,328.167,890
AAPL,2026-09-03T17:18:00Z,328.12,328.17,328.03,328.14,32646,328.08,902
AAPL,2026-09-03T17:19:00Z,328.15,328.19,327.915,327.97,64772,328.063,1337
AAPL,2026-09-03T17:20:00Z,327.97,328.04,327.72,327.75,99329,327.835,1189
AAPL,2026-09-03T17:21:00Z,327.76,327.77,327.57,327.6,43545,327.665,1148
AAPL,2026-09-03T17:22:00Z,327.61,327.64,327.48,327.62,49680,327.573,1232
AAPL,2026-09-03T17:23:00Z,327.62,327.85,327.53,327.723,115824,327.687,1819
AAPL,2026-09-03T17:24:00Z,327.66,327.78,327.65,327.66,59793,327.715,1135
AAPL,2026-09-03T17:25:00Z,327.67,327.74,327.6,327.73,51501,327.676,1186
AAPL,2026-09-03T17:26:00Z,327.75,327.75,327.63,327.66,36847,327.687,992
AAPL,2026-09-03T17:27:00Z,327.67,327.8,327.5,327.59,69459,327.641,1779
AAPL,2026-09-03T17:28:00Z,327.585,327.64,327.48,327.51,34664,327.55,1075
AAPL,2026-09-03T17:29:00Z,327.5,327.82,327.45,327.73,58567,327.675,1022
AAPL,2026-09-03T17:30:00Z,327.73,327.86,327.71,327.77,48428,327.806,1292
AAPL,2026-09-03T17:31:00Z,327.77,327.78,327.64,327.68,45614,327.722,1060
AAPL,2026-09-03T17:32:00Z,327.685,327.69,327.61,327.66,38902,327.65,1052
AAPL,2026-09-03T17:33:00Z,327.66,328.04,327.66,327.81,81654,327.883,1855
AAPL,2026-09-03T17:34:00Z,327.815,327.89,327.71,327.75,43850,327.801,1254
AAPL,2026-09-03T17:35:00Z,327.79,327.81,327.614,327.676,37416,327.708,1032
AAPL,2026-09-03T17:36:00Z,327.68,327.74,327.51,327.58,60053,327.611,1498
AAPL,2026-09-03T17:37:00Z,327.58,327.61,327.41,327.545,60197,327.498,1301
AAPL,2026-09-03T17:38:00Z,327.55,327.55,327.26,327.27,49193,327.424,1300
AAPL,2026-09-03T17:39:00Z,327.29,327.32,327.13,327.215,65437,327.23,1569
AAPL,2026-09-03T17:40:00Z,327.215,327.24,326.74,326.79,97044,326.993,2170
AAPL,2026-09-03T17:41:00Z,326.8,326.94,326.77,326.89,57305,326.845,1178
AAPL,2026-09-03T17:42:00Z,326.88,327.01,326.75,326.995,46476,326.863,1101
AAPL,2026-09-03T17:43:00Z,326.99,327.01,326.8,326.83,61855,326.879,1045
AAPL,2026-09-03T17:44:00Z,326.83,327.05,326.81,326.92,41397,326.947,1124
AAPL,2026-09-03T17:45:00Z,326.915,326.94,326.835,326.88,40422,326.885,1028
AAPL,2026-09-03T17:46:00Z,326.88,326.885,326.68,326.77,60753,326.762,2465
AAPL,2026-09-03T17:47:00Z,326.77,327.16,326.7,327.14,47849,326.961,1608
AAPL,2026-09-03T17:48:00Z,327.155,327.32,327.12,327.196,54178,327.213,1260
AAPL,2026-09-03T17:49:00Z,327.19,327.3,327.1,327.205,41093,327.206,1029
AAPL,2026-09-03T17:50:00Z,327.195,327.27,327.09,327.09,50771,327.191,1062
AAPL,2026-09-03T17:51:00Z,327.09,327.164,327.04,327.14,34269,327.101,1036
AAPL,2026-09-03T17:52:00Z,327.13,327.16,327.04,327.04,35008,327.088,956
AAPL,2026-09-03T17:53:00Z,327.035,327.21,327.035,327.08,31167,327.12,815
AAPL,2026-09-03T17:54:00Z,327.07,327.19,327.03,327.13,42850,327.118,988
AAPL,2026-09-03T17:55:00Z,327.13,327.165,327.02,327.115,44200,327.101,1003
AAPL,2026-09-03T17:56:00Z,327.12,327.17,327.06,327.105,50098,327.105,971
AAPL,2026-09-03T17:57:00Z,327.11,327.2,327.044,327.19,32424,327.104,984
AAPL,2026-09-03T17:58:00Z,327.19,327.224,326.99,327.01,32166,327.094,961
AAPL,2026-09-03T17:59:00Z,327.01,327.04,326.84,326.9,42082,326.943,995
AAPL,2026-09-03T18:00:00Z,326.9,327.26,326.88,327.15,82160,327.082,1664
AAPL,2026-09-03T18:01:00Z,327.15,327.2,326.99,327.16,42672,327.102,1041
AAPL,2026-09-03T18:02:00Z,327.17,327.26,327.03,327.235,56778,327.134,1084
AAPL,2026-09-03T18:03:00Z,327.235,327.38,327.19,327.22,81548,327.277,1486
AAPL,2026-09-03T18:04:00Z,327.24,327.29,327.11,327.24,53198,327.191,1157
AAPL,2026-09-03T18:05:00Z,327.24,327.3,327.12,327.265,63484,327.245,1144
AAPL,2026-09-03T18:06:00Z,327.28,327.35,327.155,327.175,49651,327.263,1249
AAPL,2026-09-03T18:07:00Z,327.175,327.2,327.03,327.109,38028,327.14,1014
AAPL,2026-09-03T18:08:00Z,327.11,327.155,327.05,327.11,35534,327.106,985
AAPL,2026-09-03T18:09:00Z,327.11,327.34,327.09,327.29,59817,327.217,1417
AAPL,2026-09-03T18:10:00Z,327.288,327.29,327.17,327.195,41839,327.214,980
AAPL,2026-09-03T18:11:00Z,327.19,327.35,327.19,327.346,33538,327.283,916
AAPL,2026-09-03T18:12:00Z,327.35,327.47,327.27,327.365,56167,327.353,1207
AAPL,2026-09-03T18:13:00Z,327.365,327.47,327.3,327.36,54612,327.391,1033
AAPL,2026-09-03T18:14:00Z,327.35,327.44,327.29,327.33,46550,327.342,1084
AAPL,2026-09-03T18:15:00Z,327.325,327.56,327.325,327.52,49442,327.517,1189
AAPL,2026-09-03T18:16:00Z,327.52,327.55,327.34,327.35,43315,327.461,973
AAPL,2026-09-03T18:17:00Z,327.35,327.44,327.28,327.44,51282,327.337,1003
AAPL,2026-09-03T18:18:00Z,327.44,327.45,327.3,327.38,34063,327.372,993
AAPL,2026-09-03T18:19:00Z,327.39,327.425,327.208,327.217,33900,327.319,1061
AAPL,2026-09-03T18:20:00Z,327.22,327.24,327.12,327.155,48794,327.168,1015
AAPL,2026-09-03T18:21:00Z,327.14,327.25,327.13,327.23,33274,327.193,919
AAPL,2026-09-03T18:22:00Z,327.22,327.25,327.11,327.18,41318,327.165,1010
AAPL,2026-09-03T18:23:00Z,327.176,327.22,326.94,326.96,46380,327.065,1202
AAPL,2026-09-03T18:24:00Z,326.96,327.01,326.92,326.95,44034,326.966,946
AAPL,2026-09-03T18:25:00Z,326.978,327.18,326.975,327.14,39920,327.101,1131
AAPL,2026-09-03T18:26:00Z,327.14,327.17,327.02,327.03,30810,327.116,975
AAPL,2026-09-03T18:27:00Z,327.03,327.07,326.92,327.03,39906,327.013,1097
AAPL,2026-09-03T18:28:00Z,327.02,327.069,326.99,327.055,41257,327.029,981
AAPL,2026-09-03T18:29:00Z,327.05,327.155,327,327.12,60007,327.05,1293
AAPL,2026-09-03T18:30:00Z,327.145,327.17,327.01,327.01,37914,327.086,972
AAPL,2026-09-03T18:31:00Z,327.02,327.13,326.99,327.105,41668,327.066,1099
AAPL,2026-09-03T18:32:00Z,327.11,327.17,327.095,327.14,40266,327.136,1044
AAPL,2026-09-03T18:33:00Z,327.135,327.2,327.135,327.2,27922,327.182,826
AAPL,2026-09-03T18:34:00Z,327.195,327.25,327.18,327.24,35631,327.212,1011
AAPL,2026-09-03T18:35:00Z,327.24,327.29,327.12,327.15,43770,327.21,1096
AAPL,2026-09-03T18:36:00Z,327.15,327.2,327.125,327.159,26900,327.158,888
AAPL,2026-09-03T18:37:00Z,327.15,327.16,327.03,327.03,31909,327.113,1018
AAPL,2026-09-03T18:38:00Z,327.03,327.18,327.03,327.055,82830,327.097,1366
AAPL,2026-09-03T18:39:00Z,327.06,327.24,327.055,327.16,70804,327.165,1270
AAPL,2026-09-03T18:40:00Z,327.18,327.18,327,327.02,37411,327.077,1002
AAPL,2026-09-03T18:41:00Z,327.035,327.06,326.95,327,25477,327,914
AAPL,2026-09-03T18:42:00Z,327.02,327.05,326.92,326.95,70691,326.972,1416
AAPL,2026-09-03T18:43:00Z,326.95,327.16,326.95,327.12,252991,327.082,1086
AAPL,2026-09-03T18:44:00Z,327.125,327.18,326.865,326.895,53982,327.011,1136
AAPL,2026-09-03T18:45:00Z,326.87,326.9,326.72,326.88,158770,326.796,1177
AAPL,2026-09-03T18:46:00Z,326.88,326.96,326.61,326.7,86695,326.744,1654
AAPL,2026-09-03T18:47:00Z,326.705,326.797,326.51,326.782,89580,326.663,1553
AAPL,2026-09-03T18:48:00Z,326.78,326.95,326.76,326.87,52047,326.874,1134
AAPL,2026-09-03T18:49:00Z,326.87,326.87,326.73,326.79,42659,326.774,920
AAPL,2026-09-03T18:50:00Z,326.78,326.94,326.685,326.695,55290,326.815,1130
AAPL,2026-09-03T18:51:00Z,326.72,326.74,326.58,326.595,37874,326.672,919
AAPL,2026-09-03T18:52:00Z,326.61,326.76,326.57,326.73,39619,326.665,993
AAPL,2026-09-03T18:53:00Z,326.755,327,326.71,326.985,53732,326.855,1058
AAPL,2026-09-03T18:54:00Z,326.985,327.02,326.895,326.945,54477,326.955,984
AAPL,2026-09-03T18:55:00Z,326.946,326.98,326.73,326.76,49387,326.843,1060
AAPL,2026-09-03T18:56:00Z,326.77,326.97,326.75,326.89,42432,326.864,834
AAPL,2026-09-03T18:57:00Z,326.89,326.91,326.83,326.88,32776,326.864,744
AAPL,2026-09-03T18:58:00Z,326.89,326.96,326.85,326.95,37398,326.91,773
AAPL,2026-09-03T18:59:00Z,326.935,327.26,326.935,327.19,67004,327.1,1133
AAPL,2026-09-03T19:00:00Z,327.2,327.235,327.05,327.16,42586,327.149,1052
AAPL,2026-09-03T19:01:00Z,327.14,327.28,327.12,327.25,18690,327.239,626
AAPL,2026-09-03T19:02:00Z,327.272,327.35,327.21,327.245,29762,327.276,793
AAPL,2026-09-03T19:03:00Z,327.245,327.4,327.22,327.32,66634,327.338,981
AAPL,2026-09-03T19:04:00Z,327.32,327.32,327.1,327.27,34479,327.213,940
AAPL,2026-09-03T19:05:00Z,327.29,327.31,327.2,327.24,37660,327.259,1110
AAPL,2026-09-03T19:06:00Z,327.25,327.42,327.25,327.41,37827,327.307,984
AAPL,2026-09-03T19:07:00Z,327.405,327.47,327.38,327.47,50035,327.415,1083
AAPL,2026-09-03T19:08:00Z,327.46,327.55,327.43,327.521,48242,327.491,1269
AAPL,2026-09-03T19:09:00Z,327.535,327.64,327.43,327.48,72789,327.532,1305
AAPL,2026-09-03T19:10:00Z,327.48,327.51,327.39,327.42,41180,327.437,990
AAPL,2026-09-03T19:11:00Z,327.415,327.515,327.4,327.515,32714,327.452,922
AAPL,2026-09-03T19:12:00Z,327.5,327.58,327.44,327.565,49576,327.521,1192
AAPL,2026-09-03T19:13:00Z,327.56,327.59,327.41,327.447,59189,327.507,1215
AAPL,2026-09-03T19:14:00Z,327.45,327.51,327.34,327.35,32403,327.438,1023
AAPL,2026-09-03T19:15:00Z,327.34,327.37,327.25,327.34,44671,327.32,1155
AAPL,2026-09-03T19:16:00Z,327.34,327.55,327.34,327.526,37420,327.44,1038
AAPL,2026-09-03T19:17:00Z,327.525,327.54,327.49,327.49,39296,327.51,1102
AAPL,2026-09-03T19:18:00Z,327.485,327.56,327.46,327.52,51039,327.494,1280
AAPL,2026-09-03T19:19:00Z,327.51,327.59,327.445,327.53,51855,327.519,1498
AAPL,2026-09-03T19:20:00Z,327.53,327.56,327.453,327.505,47558,327.499,1224
AAPL,2026-09-03T19:21:00Z,327.5,327.56,327.41,327.555,50279,327.497,1411
AAPL,2026-09-03T19:22:00Z,327.55,327.57,327.44,327.558,44850,327.503,1213
AAPL,2026-09-03T19:23:00Z,327.55,327.555,327.438,327.55,33580,327.523,1058
AAPL,2026-09-03T19:24:00Z,327.56,327.61,327.42,327.51,49813,327.503,1261
AAPL,2026-09-03T19:25:00Z,327.52,327.63,327.5,327.575,54870,327.556,1383
AAPL,2026-09-03T19:26:00Z,327.575,327.73,327.575,327.73,59472,327.655,1404
AAPL,2026-09-03T19:27:00Z,327.73,327.79,327.71,327.77,48313,327.745,1176
AAPL,2026-09-03T19:28:00Z,327.775,327.84,327.68,327.775,69249,327.753,1610
AAPL,2026-09-03T19:29:00Z,327.775,327.83,327.72,327.795,62183,327.772,1370
AAPL,2026-09-03T19:30:00Z,327.79,327.79,327.56,327.575,81638,327.699,1622
AAPL,2026-09-03T19:31:00Z,327.59,327.66,327.59,327.6,40076,327.627,1185
AAPL,2026-09-03T19:32:00Z,327.605,327.62,327.51,327.56,47535,327.558,1295
AAPL,2026-09-03T19:33:00Z,327.565,327.59,327.43,327.445,60303,327.493,1455
AAPL,2026-09-03T19:34:00Z,327.445,327.587,327.41,327.568,40820,327.475,1282
AAPL,2026-09-03T19:35:00Z,327.57,327.71,327.539,327.658,45992,327.633,1291
AAPL,2026-09-03T19:36:00Z,327.64,327.66,327.52,327.575,38520,327.601,1239
AAPL,2026-09-03T19:37:00Z,327.576,327.7,327.555,327.7,58342,327.618,1361
AAPL,2026-09-03T19:38:00Z,327.695,327.72,327.635,327.635,43676,327.68,1323
AAPL,2026-09-03T19:39:00Z,327.635,327.65,327.47,327.51,53871,327.546,1498
AAPL,2026-09-03T19:40:00Z,327.52,327.65,327.45,327.49,80928,327.534,1763
AAPL,2026-09-03T19:41:00Z,327.49,327.64,327.49,327.535,45171,327.568,1384
AAPL,2026-09-03T19:42:00Z,327.52,327.67,327.49,327.67,80462,327.596,1981
AAPL,2026-09-03T19:43:00Z,327.67,327.81,327.64,327.785,78152,327.751,2013
AAPL,2026-09-03T19:44:00Z,327.78,327.85,327.72,327.784,61747,327.774,1668
AAPL,2026-09-03T19:45:00Z,327.8,328.03,327.78,327.86,113552,327.919,2356
AAPL,2026-09-03T19:46:00Z,327.86,328.15,327.86,328.15,101022,328.055,2185
AAPL,2026-09-03T19:47:00Z,328.158,328.21,327.95,328.05,55066,328.087,1725
AAPL,2026-09-03T19:48:00Z,328.06,328.15,328.031,328.145,62924,328.098,1832
AAPL,2026-09-03T19:49:00Z,328.145,328.2,328.01,328.014,60775,328.118,1743
AAPL,2026-09-03T19:50:00Z,328.03,328.84,327.76,327.785,113037,327.959,3004
AAPL,2026-09-03T19:51:00Z,327.77,327.92,327.72,327.888,63449,327.794,2086
AAPL,2026-09-03T19:52:00Z,327.88,328.19,327.87,328.155,67299,328.059,2074
AAPL,2026-09-03T19:53:00Z,328.15,328.32,328.13,328.185,111648,328.204,2942
AAPL,2026-09-03T19:54:00Z,328.185,328.84,328.185,328.62,306823,328.56,6515
AAPL,2026-09-03T19:55:00Z,328.63,328.78,328.38,328.47,225694,328.541,5589
AAPL,2026-09-03T19:56:00Z,328.475,328.48,328.01,328.03,184911,328.238,4244
AAPL,2026-09-03T19:57:00Z,328.03,328.17,327.995,328.11,257689,328.08,5748
AAPL,2026-09-03T19:58:00Z,328.11,328.21,327.98,328.08,384000,328.104,7585
AAPL,2026-09-03T19:59:00Z,328.07,328.24,327.95,328.21,571542,328.055,10745
AAPL,2026-09-03T20:00:00Z,328.226,328.226,327.844,328.03,7.37898e+06,328.21,297
AAPL,2026-09-03T20:01:00Z,328.04,328.11,328.03,328.07,967,328.052,38
AAPL,2026-09-03T20:02:00Z,328.09,328.13,328.03,328.13,1941,328.09,99
AAPL,2026-09-03T20:03:00Z,328.11,328.21,328.11,328.21,266913,328.158,71
AAPL,2026-09-03T20:04:00Z,328.115,328.14,328.115,328.14,7951,328.125,36
AAPL,2026-09-03T20:05:00Z,328.13,328.16,328.1,328.1,538,328.115,39
AAPL,2026-09-03T20:06:00Z,328.11,328.12,328.1,328.12,1551,328.104,34
AAPL,2026-09-03T20:07:00Z,328.05,328.21,328.05,328.05,36123,328.209,21
AAPL,2026-09-03T20:08:00Z,328.05,328.061,328.05,328.05,562,328.055,33
AAPL,2026-09-03T20:09:00Z,328,328.03,327.94,327.94,1486,328,41
AAPL,2026-09-03T20:10:00Z,327.903,327.95,327.903,327.95,43729,327.938,38
AAPL,2026-09-03T20:11:00Z,327.96,328,327.9,328,90232,327.988,27
AAPL,2026-09-03T20:12:00Z,327.89,327.94,327.89,327.912,1313,327.932,25
AAPL,2026-09-03T20:13:00Z,327.9,327.9,327.89,327.89,2139,327.891,9
AAPL,2026-09-03T20:14:00Z,327.904,327.98,327.904,327.98,9105,327.979,15
AAPL,2026-09-03T20:15:00Z,327.89,327.98,327.89,327.98,2140,327.892,26
AAPL,2026-09-03T20:16:00Z,327.9,327.99,327.9,327.99,702,327.959,17
AAPL,2026-09-03T20:17:00Z,327.9,327.97,327.9,327.9,591,327.929,13
AAPL,2026-09-03T20:18:00Z,327.93,327.93,327.93,327.93,192,327.93,13
AAPL,2026-09-03T20:19:00Z,327.89,327.954,327.72,327.954,2828,327.856,101
AAPL,2026-09-03T20:20:00Z,327.9,327.9,327.9,327.9,26324,327.9,13
AAPL,2026-09-03T20:21:00Z,327.85,327.9,327.85,327.9,413,327.881,20
AAPL,2026-09-03T20:22:00Z,327.87,327.87,327.87,327.87,187,327.87,14
AAPL,2026-09-03T20:23:00Z,327.87,327.87,327.87,327.87,239,327.87,14
AAPL,2026-09-03T20:25:00Z,328.21,328.21,327.87,327.92,214108,328.209,34
AAPL,2026-09-03T20:26:00Z,327.92,328.01,327.92,328,2161,327.974,64
AAPL,2026-09-03T20:28:00Z,327.948,327.948,327.948,327.948,117,327.948,10
AAPL,2026-09-03T20:29:00Z,327.95,327.95,327.95,327.95,153,327.95,17
AAPL,2026-09-03T20:30:00Z,327.93,328.09,327.93,328.04,1529,328.042,44
AAPL,2026-09-03T20:31:00Z,328.02,328.02,328,328,1307,328.003,18
AAPL,2026-09-03T20:32:00Z,328.08,328.08,328.08,328.08,109,328.08,4
AAPL,2026-09-03T20:33:00Z,327.972,327.972,327.972,327.972,342,327.972,7
AAPL,2026-09-03T20:34:00Z,327.98,327.98,327.98,327.98,266,327.98,9
AAPL,2026-09-03T20:35:00Z,328.21,328.21,328.06,328.13,47951,328.208,55
AAPL,2026-09-03T20:36:00Z,328.07,328.07,328.039,328.039,232,328.057,14
AAPL,2026-09-03T20:37:00Z,328.03,328.04,328,328,35656,328.023,24
AAPL,2026-09-03T20:38:00Z,328.12,328.21,328.112,328.112,5446,328.203,12
AAPL,2026-09-03T20:39:00Z,328.04,328.04,327.87,327.89,1826,327.941,80
AAPL,2026-09-03T20:40:00Z,327.891,327.891,327.891,327.891,607,327.891,10
AAPL,2026-09-03T20:41:00Z,327.919,327.919,327.919,327.919,215,327.919,15
AAPL,2026-09-03T20:42:00Z,328.05,328.1,328.05,328.1,1399,328.071,30
AAPL,2026-09-03T20:43:00Z,328.03,328.13,327.93,328.13,1813,327.959,25
AAPL,2026-09-03T20:44:00Z,328.21,328.21,328,328,20192,328.209,10
AAPL,2026-09-03T20:45:00Z,327.95,328.09,327.95,327.98,575,328.021,14
AAPL,2026-09-03T20:46:00Z,328,328,328,328,124,328,7
AAPL,2026-09-03T20:47:00Z,328.02,328.02,328.02,328.02,69,328.02,7
AAPL,2026-09-03T20:49:00Z,328.015,328.015,328.015,328.015,86,328.015,15
AAPL,2026-09-03T20:50:00Z,327.93,327.93,327.93,327.93,300,327.93,14
AAPL,2026-09-03T20:52:00Z,327.997,327.999,327.997,327.999,50656,327.998,9
AAPL,2026-09-03T20:53:00Z,327.96,327.979,327.96,327.979,267,327.972,25
AAPL,2026-09-03T20:55:00Z,327.95,327.95,327.95,327.95,88,327.95,4
AAPL,2026-09-03T20:56:00Z,327.95,327.95,327.95,327.95,149,327.95,11
AAPL,2026-09-03T20:57:00Z,327.992,327.992,327.992,327.992,193,327.992,12
AAPL,2026-09-03T20:58:00Z,327.956,327.956,327.956,327.956,180,327.956,13
AAPL,2026-09-03T20:59:00Z,327.988,327.988,327.988,327.988,87,327.988,18
AAPL,2026-09-03T21:00:00Z,327.951,328,327.951,328,720,327.982,33
AAPL,2026-09-03T21:01:00Z,327.995,327.995,327.995,327.995,114,327.995,5
AAPL,2026-09-03T21:02:00Z,327.995,328,327.97,328,1173,327.976,6
AAPL,2026-09-03T21:03:00Z,328,328,328,328,101,328,10
AAPL,2026-09-03T21:04:00Z,327.98,327.98,327.98,327.98,168,327.98,15
AAPL,2026-09-03T21:05:00Z,327.97,327.97,327.93,327.93,306,327.956,23
AAPL,2026-09-03T21:07:00Z,327.93,327.94,327.93,327.93,115906,327.933,20
AAPL,2026-09-03T21:08:00Z,327.93,327.935,327.93,327.935,1277,327.93,17
AAPL,2026-09-03T21:11:00Z,327.93,327.93,327.93,327.93,208,327.93,15
AAPL,2026-09-03T21:12:00Z,327.93,327.93,327.93,327.93,335,327.93,8
AAPL,2026-09-03T21:14:00Z,327.93,327.937,327.93,327.937,1105,327.93,8
AAPL,2026-09-03T21:16:00Z,327.95,327.95,327.95,327.95,103,327.95,12
AAPL,2026-09-03T21:17:00Z,327.98,327.98,327.937,327.98,3151,327.975,14
AAPL,2026-09-03T21:19:00Z,327.98,327.98,327.98,327.98,345,327.98,10
AAPL,2026-09-03T21:23:00Z,327.94,327.94,327.94,327.94,211,327.94,10
AAPL,2026-09-03T21:27:00Z,327.93,327.95,327.93,327.95,247,327.936,14
AAPL,2026-09-03T21:29:00Z,327.93,327.93,327.93,327.93,293,327.93,24
AAPL,2026-09-03T21:30:00Z,327.95,327.95,327.95,327.95,100,327.95,8
AAPL,2026-09-03T21:31:00Z,327.95,327.95,327.931,327.95,1170,327.949,12
AAPL,2026-09-03T21:32:00Z,327.98,327.98,327.98,327.98,132,327.98,11
AAPL,2026-09-03T21:35:00Z,327.94,327.94,327.94,327.94,216,327.94,7
AAPL,2026-09-03T21:36:00Z,327.95,328,327.95,328,17386,327.977,12
AAPL,2026-09-03T21:39:00Z,327.955,327.955,327.93,327.93,1841,327.931,19
AAPL,2026-09-03T21:40:00Z,327.981,327.981,327.981,327.981,117,327.981,6
AAPL,2026-09-03T21:41:00Z,327.942,327.942,327.942,327.942,324,327.942,13
AAPL,2026-09-03T21:45:00Z,327.98,327.98,327.98,327.98,117,327.98,7
AAPL,2026-09-03T21:46:00Z,327.99,328,327.99,327.99,758,327.991,23
AAPL,2026-09-03T21:48:00Z,327.993,327.993,327.993,327.993,68,327.993,8
AAPL,2026-09-03T21:49:00Z,327.98,327.98,327.98,327.98,72,327.98,9
AAPL,2026-09-03T21:52:00Z,327.98,327.98,327.98,327.98,616,327.98,11
AAPL,2026-09-03T21:53:00Z,327.99,327.99,327.93,327.93,320,327.95,6
AAPL,2026-09-03T21:54:00Z,327.99,327.99,327.96,327.96,189,327.968,11
AAPL,2026-09-03T21:55:00Z,327.97,327.97,327.97,327.97,109,327.97,11
AAPL,2026-09-03T21:57:00Z,327.99,327.99,327.99,327.99,78,327.99,5
AAPL,2026-09-03T21:59:00Z,328,328,328,328,384,328,27
AAPL,2026-09-03T22:00:00Z,327.97,327.97,327.97,327.97,362,327.97,5
AAPL,2026-09-03T22:01:00Z,327.97,327.97,327.85,327.85,1438,327.924,66
AAPL,2026-09-03T22:02:00Z,327.8,327.8,327.8,327.8,232,327.8,5
AAPL,2026-09-03T22:04:00Z,327.99,327.99,327.99,327.99,163,327.99,12
AAPL,2026-09-03T22:06:00Z,327.89,327.89,327.89,327.89,221,327.89,14
AAPL,2026-09-03T22:07:00Z,327.97,327.99,327.831,327.831,488,327.898,22
AAPL,2026-09-03T22:09:00Z,327.88,327.88,327.88,327.88,671,327.88,24
AAPL,2026-09-03T22:11:00Z,327.89,327.9,327.89,327.9,492,327.892,21
AAPL,2026-09-03T22:13:00Z,327.93,327.932,327.93,327.932,242,327.931,13
AAPL,2026-09-03T22:14:00Z,327.95,327.95,327.9,327.9,479,327.914,37
AAPL,2026-09-03T22:19:00Z,327.91,327.91,327.91,327.91,70,327.91,5
AAPL,2026-09-03T22:20:00Z,328,328,328,328,84,328,9
AAPL,2026-09-03T22:21:00Z,327.97,327.97,327.97,327.97,101,327.97,13
AAPL,2026-09-03T22:25:00Z,327.91,327.91,327.9,327.9,2708,327.9,19
AAPL,2026-09-03T22:27:00Z,327.951,327.97,327.951,327.97,220,327.961,15
AAPL,2026-09-03T22:28:00Z,327.97,327.97,327.97,327.97,140,327.97,8
AAPL,2026-09-03T22:30:00Z,327.96,327.97,327.96,327.97,529,327.968,10
AAPL,2026-09-03T22:32:00Z,327.969,327.969,327.969,327.969,515,327.969,7
AAPL,2026-09-03T22:35:00Z,327.977,327.977,327.977,327.977,74,327.977,10
AAPL,2026-09-03T22:37:00Z,327.94,327.99,327.91,327.99,264,327.941,11
AAPL,2026-09-03T22:38:00Z,327.977,327.977,327.977,327.977,131,327.977,15
AAPL,2026-09-03T22:41:00Z,327.962,327.962,327.962,327.962,91,327.962,4
AAPL,2026-09-03T22:42:00Z,327.86,327.88,327.8,327.8,1726,327.833,53
AAPL,2026-09-03T22:43:00Z,327.8,327.8,327.8,327.8,158,327.8,13
AAPL,2026-09-03T22:44:00Z,327.99,327.99,327.99,327.99,206,327.99,4
AAPL,2026-09-03T22:45:00Z,327.935,327.935,327.935,327.935,161,327.935,7
AAPL,2026-09-03T22:53:00Z,327.98,327.98,327.98,327.98,602,327.98,3
AAPL,2026-09-03T22:58:00Z,327.846,327.846,327.838,327.838,310,327.844,13
AAPL,2026-09-03T23:00:00Z,327.99,327.99,327.9,327.9,190,327.964,7
AAPL,2026-09-03T23:02:00Z,327.9,327.9,327.9,327.9,99,327.9,7
AAPL,2026-09-03T23:05:00Z,327.94,327.99,327.94,327.99,428,327.975,14
AAPL,2026-09-03T23:06:00Z,327.86,327.9,327.81,327.9,1171,327.823,23
AAPL,2026-09-03T23:08:00Z,327.98,327.98,327.98,327.98,139,327.98,8
AAPL,2026-09-03T23:11:00Z,327.97,327.99,327.97,327.99,184,327.979,10
AAPL,2026-09-03T23:13:00Z,327.79,327.79,327.79,327.79,108,327.79,9
AAPL,2026-09-03T23:16:00Z,327.95,327.95,327.95,327.95,104,327.95,7
AAPL,2026-09-03T23:17:00Z,327.94,327.94,327.94,327.94,147,327.94,15
AAPL,2026-09-03T23:18:00Z,327.93,327.97,327.92,327.97,242,327.935,5
AAPL,2026-09-03T23:19:00Z,327.92,327.92,327.92,327.92,155,327.92,7
AAPL,2026-09-03T23:26:00Z,327.96,327.96,327.96,327.96,56,327.96,6
AAPL,2026-09-03T23:27:00Z,327.819,327.819,327.819,327.819,98,327.819,4
AAPL,2026-09-03T23:30:00Z,327.94,327.94,327.94,327.94,162,327.94,36
AAPL,2026-09-03T23:32:00Z,327.91,327.91,327.82,327.82,351,327.884,19
AAPL,2026-09-03T23:35:00Z,327.92,327.92,327.92,327.92,131,327.92,9
AAPL,2026-09-03T23:41:00Z,327.83,327.83,327.83,327.83,64,327.83,7
AAPL,2026-09-03T23:42:00Z,327.9,327.93,327.9,327.93,668,327.925,24
AAPL,2026-09-03T23:44:00Z,327.86,327.86,327.86,327.86,265,327.86,32
AAPL,2026-09-03T23:45:00Z,327.821,327.96,327.821,327.96,493,327.836,11
AAPL,2026-09-03T23:46:00Z,327.962,327.962,327.962,327.962,117,327.962,5
AAPL,2026-09-03T23:47:00Z,327.9,327.9,327.87,327.87,230,327.885,10
AAPL,2026-09-03T23:48:00Z,327.93,327.93,327.93,327.93,81,327.93,6
AAPL,2026-09-03T23:49:00Z,327.94,327.94,327.94,327.94,188,327.94,10
AAPL,2026-09-03T23:50:00Z,327.89,327.89,327.89,327.89,75,327.89,10
AAPL,2026-09-03T23:51:00Z,327.802,327.84,327.8,327.84,996,327.827,25
AAPL,2026-09-03T23:52:00Z,327.823,327.823,327.823,327.823,108,327.823,8
AAPL,2026-09-03T23:53:00Z,327.91,327.91,327.79,327.79,3632,327.835,37
AAPL,2026-09-03T23:56:00Z,327.785,327.785,327.785,327.785,124,327.785,10
AAPL,2026-09-03T23:57:00Z,327.89,327.89,327.86,327.86,474,327.882,24
AAPL,2026-09-03T23:59:00Z,327.78,327.818,327.7,327.7,586,327.769,41
AAPL,2026-09-04T08:00:00Z,326.5,328.36,326.35,326.7,25033,327.453,1796
AAPL,2026-09-04T08:01:00Z,327.18,328.25,326.87,327.19,18108,327.098,952
AAPL,2026-09-04T08:02:00Z,327.02,327.275,327.01,327.2,1392,327.129,54
AAPL,2026-09-04T08:03:00Z,327.2,327.275,327.2,327.2,363,327.219,21
AAPL,2026-09-04T08:04:00Z,327.1,327.1,327.068,327.068,325,327.077,10
AAPL,2026-09-04T08:05:00Z,327.02,327.1,327,327,451,327.035,21
AAPL,2026-09-04T08:06:00Z,327.18,328.21,326.92,327.87,10814,327.664,807
AAPL,2026-09-04T08:07:00Z,327.241,327.3,327.241,327.25,595,327.255,34
AAPL,2026-09-04T08:08:00Z,327.1,327.1,326.94,326.95,1280,327.024,71
AAPL,2026-09-04T08:09:00Z,327.01,327.06,326.95,326.95,746,327.004,19
AAPL,2026-09-04T08:10:00Z,326.99,327.06,326.99,327,633,327.026,23
AAPL,2026-09-04T08:11:00Z,327,327,327,327,103,327,8
AAPL,2026-09-04T08:12:00Z,327.06,327.06,327.04,327.04,509,327.053,20
AAPL,2026-09-04T08:13:00Z,327.05,327.33,327.02,327.14,341,327.107,12
AAPL,2026-09-04T08:14:00Z,327,327,326.97,326.97,533,326.983,21
AAPL,2026-09-04T08:15:00Z,327.02,327.1,327,327,1413,327.007,28
AAPL,2026-09-04T08:16:00Z,326.96,326.96,326.9,326.9,2049,326.946,74
AAPL,2026-09-04T08:17:00Z,326.98,326.98,326.98,326.98,155,326.98,17
AAPL,2026-09-04T08:18:00Z,326.99,326.99,326.99,326.99,787,326.99,29
AAPL,2026-09-04T08:20:00Z,327.25,327.25,327.25,327.25,516,327.25,38
AAPL,2026-09-04T08:21:00Z,327.3,327.3,327.16,327.16,311,327.183,10
AAPL,2026-09-04T08:22:00Z,327.14,327.14,327.14,327.14,145,327.14,12
AAPL,2026-09-04T08:25:00Z,327.28,327.28,327.26,327.28,1270,327.266,60
AAPL,2026-09-04T08:31:00Z,327.18,327.18,327.18,327.18,126,327.18,10
AAPL,2026-09-04T08:32:00Z,327.14,327.14,327.13,327.13,448,327.137,23
AAPL,2026-09-04T08:34:00Z,327.14,327.14,327.12,327.12,533,327.134,26
AAPL,2026-09-04T08:35:00Z,327.122,327.18,327.122,327.122,430,327.154,21
AAPL,2026-09-04T08:37:00Z,327.18,327.18,327.18,327.18,109,327.18,18
AAPL,2026-09-04T08:38:00Z,327.22,327.3,327.22,327.3,853,327.253,24
AAPL,2026-09-04T08:39:00Z,327.32,327.32,327.32,327.32,285,327.32,20
AAPL,2026-09-04T08:40:00Z,327.4,327.45,327.4,327.45,187,327.425,11
AAPL,2026-09-04T08:41:00Z,327.39,327.39,327.39,327.39,59,327.39,8
AAPL,2026-09-04T08:44:00Z,327.36,327.39,327.36,327.39,319,327.365,7
AAPL,2026-09-04T08:45:00Z,327.38,327.38,327.325,327.36,149,327.353,5
AAPL,2026-09-04T08:46:00Z,327.32,327.346,327.32,327.346,250,327.342,3
AAPL,2026-09-04T08:47:00Z,327.302,327.302,327.302,327.302,516,327.302,6
AAPL,2026-09-04T08:48:00Z,327.33,327.33,327.33,327.33,355,327.33,15
AAPL,2026-09-04T08:49:00Z,327.29,327.29,327.29,327.29,171,327.29,12
AAPL,2026-09-04T08:50:00Z,327.31,327.31,327.31,327.31,256,327.31,14
AAPL,2026-09-04T08:51:00Z,327.37,327.4,327.37,327.4,1050,327.39,22
AAPL,2026-09-04T08:52:00Z,327.375,327.4,327.375,327.4,161,327.388,8
AAPL,2026-09-04T08:53:00Z,327.38,327.44,327.36,327.44,1107,327.374,23
AAPL,2026-09-04T08:54:00Z,327.39,327.39,327.39,327.39,271,327.39,10
AAPL,2026-09-04T08:56:00Z,327.34,327.34,327,327.14,6169,327.158,180
AAPL,2026-09-04T08:58:00Z,327.04,327.11,327.04,327.11,915,327.084,31
AAPL,2026-09-04T09:00:00Z,327.22,327.22,327.16,327.16,323,327.179,12
AAPL,2026-09-04T09:01:00Z,327.27,327.39,327.27,327.39,294,327.33,13
AAPL,2026-09-04T09:03:00Z,327.32,327.32,327.3,327.3,568,327.314,28
AAPL,2026-09-04T09:06:00Z,327.31,327.32,327.3,327.32,622,327.314,40
AAPL,2026-09-04T09:07:00Z,327.32,327.34,327.305,327.305,652,327.319,46
AAPL,2026-09-04T09:08:00Z,327.19,327.2,326.82,327,5875,327.08,172
AAPL,2026-09-04T09:09:00Z,327.11,327.15,327.11,327.15,688,327.14,29
AAPL,2026-09-04T09:10:00Z,327.2,327.2,327.08,327.08,187,327.133,11
AAPL,2026-09-04T09:11:00Z,327.2,327.2,327.18,327.18,143,327.192,10
AAPL,2026-09-04T09:12:00Z,327.084,327.175,327.084,327.09,306,327.118,12
AAPL,2026-09-04T09:13:00Z,327.06,327.25,327.06,327.25,433,327.122,9
AAPL,2026-09-04T09:14:00Z,327.25,327.25,327.25,327.25,276,327.25,10
AAPL,2026-09-04T09:17:00Z,327.4,327.4,327.4,327.4,1379,327.4,34
AAPL,2026-09-04T09:20:00Z,327.34,327.34,327.25,327.25,1099,327.277,56
AAPL,2026-09-04T09:21:00Z,327.11,327.11,327.06,327.06,237,327.085,14
AAPL,2026-09-04T09:22:00Z,327.1,327.1,327.06,327.07,236,327.072,12
AAPL,2026-09-04T09:23:00Z,327.06,327.42,327.02,327.21,288,327.189,18
AAPL,2026-09-04T09:25:00Z,326.91,326.91,326.91,326.91,189,326.91,18
AAPL,2026-09-04T09:26:00Z,326.971,326.971,326.971,326.971,159,326.971,7
AAPL,2026-09-04T09:27:00Z,326.85,326.85,326.81,326.81,892,326.812,20
AAPL,2026-09-04T09:29:00Z,326.92,326.92,326.92,326.92,66,326.92,6
AAPL,2026-09-04T09:30:00Z,326.97,327.12,326.92,326.92,839,326.988,19
AAPL,2026-09-04T09:31:00Z,326.86,326.87,326.85,326.85,388,326.86,21
AAPL,2026-09-04T09:32:00Z,327,327,327,327,52,327,3
AAPL,2026-09-04T09:33:00Z,326.97,327.05,326.9,326.97,357,327.011,12
AAPL,2026-09-04T09:34:00Z,327.04,327.04,326.93,327.04,172,326.995,10
AAPL,2026-09-04T09:36:00Z,326.94,326.94,326.94,326.94,113,326.94,8
AAPL,2026-09-04T09:38:00Z,327.12,327.12,327.03,327.03,138,327.075,11
AAPL,2026-09-04T09:39:00Z,326.96,326.96,326.94,326.94,272,326.949,18
AAPL,2026-09-04T09:41:00Z,326.97,326.97,326.97,326.97,176,326.97,14
AAPL,2026-09-04T09:44:00Z,326.99,326.99,326.99,326.99,178,326.99,25
AAPL,2026-09-04T09:47:00Z,326.97,326.97,326.97,326.97,301,326.97,15
AAPL,2026-09-04T09:48:00Z,326.92,326.92,326.88,326.92,1472,326.915,40
AAPL,2026-09-04T09:49:00Z,326.9,326.9,326.59,326.59,3574,326.757,213
AAPL,2026-09-04T09:50:00Z,326.5,326.6,326.3,326.3,6168,326.391,117
AAPL,2026-09-04T09:51:00Z,326.2,326.43,325.8,325.92,15006,326.118,266
AAPL,2026-09-04T09:52:00Z,326.01,326.01,326.01,326.01,785,326.01,72
AAPL,2026-09-04T09:53:00Z,325.95,325.96,325.95,325.96,532,325.956,41
AAPL,2026-09-04T09:54:00Z,325.95,325.97,325.95,325.95,405,325.957,32
AAPL,2026-09-04T09:56:00Z,325.95,325.95,325.91,325.91,526,325.926,28
AAPL,2026-09-04T09:58:00Z,325.96,326.01,325.96,326.01,868,325.985,41
AAPL,2026-09-04T09:59:00Z,326.15,326.15,326.12,326.12,323,326.14,9
AAPL,2026-09-04T10:00:00Z,326.15,326.15,326,326,1541,326.028,105
AAPL,2026-09-04T10:01:00Z,326,326,326,326,333,326,34
AAPL,2026-09-04T10:03:00Z,326.04,326.12,326.04,326.12,876,326.089,67
AAPL,2026-09-04T10:04:00Z,326.14,326.14,326.14,326.14,714,326.14,64
AAPL,2026-09-04T10:06:00Z,326.308,326.31,326.27,326.31,826,326.299,25
AAPL,2026-09-04T10:07:00Z,326.31,326.35,326.27,326.27,536,326.311,37
AAPL,2026-09-04T10:08:00Z,326.42,326.42,326.4,326.4,145,326.41,8
AAPL,2026-09-04T10:10:00Z,326.38,326.38,326.38,326.38,276,326.38,21
AAPL,2026-09-04T10:11:00Z,326.4,326.4,326.4,326.4,126,326.4,12
AAPL,2026-09-04T10:12:00Z,326.38,326.38,326.36,326.36,507,326.37,31
AAPL,2026-09-04T10:13:00Z,326.3,326.3,326.3,326.3,199,326.3,22
AAPL,2026-09-04T10:16:00Z,326.29,326.29,326.29,326.29,96,326.29,9
AAPL,2026-09-04T10:18:00Z,326.24,326.3,325.655,325.69,6452,325.996,258
AAPL,2026-09-04T10:19:00Z,325.84,326.1,325.75,326.1,1392,325.824,70
AAPL,2026-09-04T10:20:00Z,325.94,326.1,325.86,326.08,2140,326.062,60
AAPL,2026-09-04T10:21:00Z,325.97,325.99,325.97,325.99,604,325.975,34
AAPL,2026-09-04T10:22:00Z,326,326.01,325.9,325.92,2042,325.96,45
AAPL,2026-09-04T10:23:00Z,325.896,325.9,325.896,325.9,882,325.899,12
AAPL,2026-09-04T10:24:00Z,325.93,326.35,325.93,326.34,2149,326.113,61
AAPL,2026-09-04T10:25:00Z,326.3,326.3,326.3,326.3,402,326.3,27
AAPL,2026-09-04T10:26:00Z,326.34,326.5,326.34,326.4,2464,326.405,93
AAPL,2026-09-04T10:27:00Z,326.39,326.45,326.39,326.431,564,326.427,33
AAPL,2026-09-04T10:28:00Z,326.5,326.6,326.46,326.46,5456,326.509,150
AAPL,2026-09-04T10:29:00Z,326.44,326.44,326.44,326.44,847,326.44,51
AAPL,2026-09-04T10:30:00Z,326.5,326.52,326.5,326.52,591,326.517,40
AAPL,2026-09-04T10:31:00Z,326.5,326.52,326.41,326.52,676,326.486,43
AAPL,2026-09-04T10:32:00Z,326.4,326.4,326.21,326.21,1259,326.268,51
AAPL,2026-09-04T10:34:00Z,326.35,326.35,326.35,326.35,120,326.35,15
AAPL,2026-09-04T10:36:00Z,326.55,326.55,326.55,326.55,117,326.55,6
AAPL,2026-09-04T10:37:00Z,326.7,326.7,326.6,326.6,394,326.65,35
AAPL,2026-09-04T10:38:00Z,326.6,326.6,326.51,326.51,293,326.567,15
AAPL,2026-09-04T10:39:00Z,326.59,326.59,326.59,326.59,116,326.59,10
AAPL,2026-09-04T10:40:00Z,326.51,326.57,326.51,326.57,338,326.534,15
AAPL,2026-09-04T10:42:00Z,326.51,326.51,326.51,326.51,69,326.51,5
AAPL,2026-09-04T10:44:00Z,326.5,326.5,326.5,326.5,160,326.5,15
AAPL,2026-09-04T10:45:00Z,326.58,326.58,326.56,326.56,725,326.576,24
AAPL,2026-09-04T10:47:00Z,326.57,326.57,326.55,326.55,263,326.558,14
AAPL,2026-09-04T10:49:00Z,326.65,326.75,326.63,326.75,1416,326.661,60
AAPL,2026-09-04T10:50:00Z,326.8,326.8,326.8,326.8,131,326.8,6
AAPL,2026-09-04T10:51:00Z,326.71,326.71,326.71,326.71,156,326.71,13
AAPL,2026-09-04T10:52:00Z,326.75,326.75,326.75,326.75,122,326.75,13
AAPL,2026-09-04T10:53:00Z,326.76,326.76,326.75,326.75,458,326.756,23
AAPL,2026-09-04T10:54:00Z,326.77,326.77,326.77,326.77,133,326.77,11
AAPL,2026-09-04T10:55:00Z,326.75,326.75,326.71,326.71,760,326.73,32
AAPL,2026-09-04T10:57:00Z,326.65,326.72,326.65,326.72,243,326.686,14
AAPL,2026-09-04T10:58:00Z,326.69,326.7,326.69,326.7,180,326.695,26
AAPL,2026-09-04T10:59:00Z,326.65,326.652,326.57,326.57,804,326.619,27
AAPL,2026-09-04T11:00:00Z,326.6,326.78,326.54,326.686,5344,326.712,134
AAPL,2026-09-04T11:01:00Z,326.7,326.73,326.7,326.73,978,326.712,58
AAPL,2026-09-04T11:02:00Z,326.778,326.778,326.562,326.584,1835,326.629,23
AAPL,2026-09-04T11:03:00Z,326.7,326.79,326.65,326.67,1288,326.775,24
AAPL,2026-09-04T11:04:00Z,326.67,326.67,326.46,326.58,7976,326.513,104
AAPL,2026-09-04T11:05:00Z,326.6,326.6,326.6,326.6,509,326.6,24
AAPL,2026-09-04T11:06:00Z,326.67,326.74,326.65,326.7,1246,326.711,33
AAPL,2026-09-04T11:07:00Z,326.73,326.73,326.6,326.63,575,326.647,27
AAPL,2026-09-04T11:09:00Z,326.71,326.775,326.62,326.71,595,326.692,33
AAPL,2026-09-04T11:10:00Z,326.73,326.8,326.73,326.8,1035,326.765,19
AAPL,2026-09-04T11:11:00Z,326.63,326.63,326.63,326.63,296,326.63,29
AAPL,2026-09-04T11:12:00Z,326.73,326.73,326.69,326.691,390,326.705,22
AAPL,2026-09-04T11:13:00Z,326.63,326.63,326.5,326.56,1591,326.582,42
AAPL,2026-09-04T11:14:00Z,326.58,326.58,326.55,326.55,219,326.559,11
AAPL,2026-09-04T11:15:00Z,326.55,326.58,326.48,326.486,1154,326.534,39
AAPL,2026-09-04T11:16:00Z,326.49,326.498,326.49,326.498,549,326.492,10
AAPL,2026-09-04T11:17:00Z,326.36,326.5,326.312,326.312,3268,326.411,54
AAPL,2026-09-04T11:18:00Z,326.42,326.44,326.42,326.433,530,326.434,28
AAPL,2026-09-04T11:19:00Z,326.36,326.41,326.36,326.41,2661,326.368,39
AAPL,2026-09-04T11:20:00Z,326.5,326.6,326.444,326.59,1782,326.507,40
AAPL,2026-09-04T11:21:00Z,326.6,326.63,326.52,326.521,2711,326.606,25
AAPL,2026-09-04T11:22:00Z,326.63,326.8,326.531,326.72,853,326.694,54
AAPL,2026-09-04T11:23:00Z,326.79,326.8,326.79,326.8,728,326.798,13
AAPL,2026-09-04T11:24:00Z,326.77,326.77,326.77,326.77,198,326.77,17
AAPL,2026-09-04T11:25:00Z,326.82,326.85,326.76,326.76,848,326.794,43
AAPL,2026-09-04T11:26:00Z,326.87,326.87,326.87,326.87,831,326.87,36
AAPL,2026-09-04T11:27:00Z,326.843,326.96,326.843,326.96,1209,326.887,36
AAPL,2026-09-04T11:28:00Z,326.99,326.99,326.99,326.99,212,326.99,9
AAPL,2026-09-04T11:29:00Z,326.93,326.95,326.93,326.945,1158,326.938,31
AAPL,2026-09-04T11:30:00Z,326.95,326.99,326.95,326.98,661,326.977,25
AAPL,2026-09-04T11:31:00Z,326.99,327.08,326.99,327,1823,327.033,108
AAPL,2026-09-04T11:32:00Z,327.039,327.182,327.022,327.18,813,327.127,35
AAPL,2026-09-04T11:33:00Z,327.14,327.18,327.14,327.147,1097,327.172,43
AAPL,2026-09-04T11:34:00Z,327.171,327.187,327.03,327.03,632,327.16,30
AAPL,2026-09-04T11:35:00Z,327.03,327.03,326.9,326.91,3679,326.982,101
AAPL,2026-09-04T11:36:00Z,326.928,326.928,326.91,326.91,728,326.923,54
AAPL,2026-09-04T11:37:00Z,326.85,326.85,326.85,326.85,627,326.85,54
AAPL,2026-09-04T11:38:00Z,327,327,327,327,487,327,100
AAPL,2026-09-04T11:39:00Z,327.13,327.171,326.95,327,12180,327.004,69
AAPL,2026-09-04T11:40:00Z,327.04,327.11,327.04,327.04,587,327.061,37
AAPL,2026-09-04T11:41:00Z,327.11,327.11,327.04,327.04,642,327.073,16
AAPL,2026-09-04T11:42:00Z,327.07,327.1,327.04,327.1,605,327.059,16
AAPL,2026-09-04T11:43:00Z,327.068,327.11,327.068,327.1,3738,327.107,21
AAPL,2026-09-04T11:44:00Z,327.09,327.11,327.07,327.08,1579,327.098,48
AAPL,2026-09-04T11:45:00Z,327.07,327.172,327.06,327.172,500,327.1,23
AAPL,2026-09-04T11:46:00Z,327.06,327.12,327.04,327.06,2017,327.077,31
AAPL,2026-09-04T11:47:00Z,327.12,327.12,327.02,327.06,924,327.073,25
AAPL,2026-09-04T11:48:00Z,327.08,327.09,327.08,327.09,693,327.089,20
AAPL,2026-09-04T11:49:00Z,327.17,327.17,327.11,327.16,456,327.149,18
AAPL,2026-09-04T11:50:00Z,327.129,327.18,327.129,327.18,251,327.154,19
AAPL,2026-09-04T11:51:00Z,327.17,327.17,327.17,327.17,101,327.17,9
AAPL,2026-09-04T11:52:00Z,327.17,327.428,327.17,327.428,1901,327.304,43
AAPL,2026-09-04T11:53:00Z,327.42,327.42,327.234,327.234,536,327.341,21
AAPL,2026-09-04T11:54:00Z,327.25,327.31,327.19,327.25,572,327.263,29
AAPL,2026-09-04T11:55:00Z,327.307,327.307,327.307,327.307,426,327.307,35
AAPL,2026-09-04T11:57:00Z,327.187,327.27,327.187,327.27,348,327.224,28
AAPL,2026-09-04T11:58:00Z,327.2,327.31,327.2,327.278,1701,327.21,15
AAPL,2026-09-04T11:59:00Z,327.29,327.86,327.29,327.5,9540,327.624,404
AAPL,2026-09-04T12:00:00Z,327.75,327.75,327.35,327.35,11742,327.492,80
AAPL,2026-09-04T12:01:00Z,327.28,327.28,327.19,327.27,709,327.258,33
AAPL,2026-09-04T12:02:00Z,327.187,327.247,327.09,327.1,4669,327.173,86
AAPL,2026-09-04T12:03:00Z,327.1,327.11,326.86,326.86,2343,327.053,113
AAPL,2026-09-04T12:04:00Z,326.87,326.87,326.65,326.84,9081,326.767,70
AAPL,2026-09-04T12:05:00Z,326.71,326.79,326.709,326.71,1037,326.734,72
AAPL,2026-09-04T12:06:00Z,326.76,326.76,326.425,326.425,6748,326.539,111
AAPL,2026-09-04T12:07:00Z,326.4,326.55,326.31,326.48,3604,326.409,74
AAPL,2026-09-04T12:08:00Z,326.5,326.5,326.41,326.45,716,326.45,38
AAPL,2026-09-04T12:09:00Z,326.469,326.6,326.469,326.6,1061,326.545,40
AAPL,2026-09-04T12:10:00Z,326.5,326.63,326.5,326.5,2304,326.537,41
AAPL,2026-09-04T12:11:00Z,326.6,326.6,326.5,326.5,540,326.512,20
AAPL,2026-09-04T12:12:00Z,326.515,326.515,326.43,326.51,929,326.487,45
AAPL,2026-09-04T12:13:00Z,326.44,326.46,326.41,326.41,616,326.431,44
AAPL,2026-09-04T12:14:00Z,326.41,326.49,326.302,326.32,3158,326.401,55
AAPL,2026-09-04T12:15:00Z,326.44,326.44,326.44,326.44,110,326.44,9
AAPL,2026-09-04T12:16:00Z,326.42,326.42,326.27,326.27,1118,326.319,54
AAPL,2026-09-04T12:17:00Z,326.27,326.37,326.15,326.34,2296,326.283,87
AAPL,2026-09-04T12:18:00Z,326.24,326.24,326.24,326.24,254,326.24,21
AAPL,2026-09-04T12:19:00Z,326.2,326.32,326.2,326.22,1290,326.228,35
AAPL,2026-09-04T12:20:00Z,326.35,326.51,326.25,326.25,579,326.407,14
AAPL,2026-09-04T12:21:00Z,326.48,326.48,326.4,326.4,1806,326.404,31
AAPL,2026-09-04T12:22:00Z,326.4,326.544,326.4,326.5,2110,326.427,28
AAPL,2026-09-04T12:23:00Z,326.52,326.528,326.52,326.528,1546,326.521,39
AAPL,2026-09-04T12:24:00Z,326.55,326.6,326.55,326.6,1860,326.587,34
AAPL,2026-09-04T12:25:00Z,326.58,326.6,326.56,326.6,1270,326.595,20
AAPL,2026-09-04T12:26:00Z,326.6,326.7,326.58,326.7,1338,326.633,60
AAPL,2026-09-04T12:27:00Z,326.69,326.87,326.69,326.87,2143,326.748,51
AAPL,2026-09-04T12:28:00Z,326.88,326.88,326.77,326.852,4610,326.824,43
AAPL,2026-09-04T12:29:00Z,326.85,326.87,326.76,326.76,817,326.813,32
AAPL,2026-09-04T12:30:00Z,326.88,326.88,325.88,326.7,9201,326.28,395
AAPL,2026-09-04T12:31:00Z,326.87,327,326.7,327,3175,326.928,108
AAPL,2026-09-04T12:32:00Z,326.97,327.34,326.845,327.04,7907,327.04,253
AAPL,2026-09-04T12:33:00Z,327.07,327.38,327.07,327.34,6610,327.253,163
AAPL,2026-09-04T12:34:00Z,327.34,327.34,326.7,326.72,4522,327.039,178
AAPL,2026-09-04T12:35:00Z,326.76,327.09,326.71,326.95,5373,326.933,148
AAPL,2026-09-04T12:36:00Z,326.877,326.909,326.66,326.909,1888,326.779,84
AAPL,2026-09-04T12:37:00Z,326.98,327.15,326.96,327.02,4885,327.054,105
AAPL,2026-09-04T12:38:00Z,327.1,327.69,327.026,327.22,12583,327.251,160
AAPL,2026-09-04T12:39:00Z,327.28,327.45,327.14,327.28,3662,327.299,106
AAPL,2026-09-04T12:40:00Z,327.2,327.2,327.16,327.16,967,327.173,53
AAPL,2026-09-04T12:41:00Z,327.26,327.367,327.2,327.335,1123,327.285,34
AAPL,2026-09-04T12:42:00Z,327.27,327.38,327.27,327.38,2851,327.342,53
AAPL,2026-09-04T12:43:00Z,327.32,327.38,327.31,327.38,1567,327.354,65
AAPL,2026-09-04T12:44:00Z,327.44,327.44,327.26,327.26,2463,327.355,45
AAPL,2026-09-04T12:45:00Z,327.264,327.4,327.264,327.4,1170,327.318,44
AAPL,2026-09-04T12:46:00Z,327.44,327.49,327.24,327.24,2918,327.437,72
AAPL,2026-09-04T12:47:00Z,327.36,327.72,327.36,327.72,3287,327.519,88
AAPL,2026-09-04T12:48:00Z,327.73,327.791,327.65,327.66,12901,327.772,109
AAPL,2026-09-04T12:49:00Z,327.62,327.8,327.57,327.68,1962,327.67,58
AAPL,2026-09-04T12:50:00Z,327.641,327.72,327.633,327.64,3258,327.692,61
AAPL,2026-09-04T12:51:00Z,327.67,327.69,327.581,327.581,1945,327.648,66
AAPL,2026-09-04T12:52:00Z,327.65,327.65,327.58,327.61,1139,327.615,53
AAPL,2026-09-04T12:53:00Z,327.538,328.3,327.538,328,20660,327.979,290
AAPL,2026-09-04T12:54:00Z,327.98,328.28,327.76,327.76,2510,328.062,101
AAPL,2026-09-04T12:55:00Z,328,328.168,327.83,327.85,2001,327.974,103
AAPL,2026-09-04T12:56:00Z,327.92,327.92,327.71,327.75,1757,327.78,61
AAPL,2026-09-04T12:57:00Z,327.71,327.74,327.65,327.65,1319,327.697,44
AAPL,2026-09-04T12:58:00Z,327.64,327.67,327.615,327.615,771,327.64,50
AAPL,2026-09-04T12:59:00Z,327.56,327.7,327.51,327.565,1642,327.586,43
AAPL,2026-09-04T13:00:00Z,327.6,327.75,327.539,327.75,2117,327.698,50
AAPL,2026-09-04T13:01:00Z,327.78,327.84,327.63,327.66,7078,327.639,63
AAPL,2026-09-04T13:02:00Z,327.75,327.75,327.66,327.68,1893,327.687,36
AAPL,2026-09-04T13:03:00Z,327.746,327.8,327.613,327.613,1650,327.715,72
AAPL,2026-09-04T13:04:00Z,327.6,327.7,327.6,327.7,440,327.626,25
AAPL,2026-09-04T13:05:00Z,327.73,327.73,327.61,327.65,2276,327.694,44
AAPL,2026-09-04T13:06:00Z,327.54,327.54,327.51,327.51,1083,327.532,53
AAPL,2026-09-04T13:07:00Z,327.5,327.575,327.43,327.46,1602,327.504,76
AAPL,2026-09-04T13:08:00Z,327.38,327.508,327.29,327.435,3334,327.443,79
AAPL,2026-09-04T13:09:00Z,327.37,327.39,327.312,327.39,644,327.35,34
AAPL,2026-09-04T13:10:00Z,327.4,327.4,327.4,327.4,295,327.4,33
AAPL,2026-09-04T13:11:00Z,327.41,327.51,327.41,327.41,2696,327.429,18
AAPL,2026-09-04T13:12:00Z,327.44,327.69,327.44,327.69,918,327.507,42
AAPL,2026-09-04T13:13:00Z,327.7,327.7,327.7,327.7,950,327.7,51
AAPL,2026-09-04T13:14:00Z,327.7,327.701,327.7,327.701,423,327.701,33
AAPL,2026-09-04T13:15:00Z,327.66,327.68,327.6,327.68,542,327.658,37
AAPL,2026-09-04T13:16:00Z,327.55,327.663,327.55,327.58,1094,327.59,42
AAPL,2026-09-04T13:17:00Z,327.5,327.663,327.5,327.663,669,327.56,30
AAPL,2026-09-04T13:18:00Z,327.5,327.636,327.5,327.59,1961,327.568,42
AAPL,2026-09-04T13:19:00Z,327.59,327.73,327.59,327.73,548,327.672,23
AAPL,2026-09-04T13:20:00Z,327.705,327.9,327.705,327.78,4047,327.766,70
AAPL,2026-09-04T13:21:00Z,327.85,327.865,327.812,327.865,4265,327.848,42
AAPL,2026-09-04T13:22:00Z,327.95,327.95,327.72,327.88,1133,327.805,49
AAPL,2026-09-04T13:23:00Z,327.9,327.9,327.7,327.7,1001,327.73,40
AAPL,2026-09-04T13:24:00Z,327.84,327.928,327.79,327.8,1733,327.91,40
AAPL,2026-09-04T13:25:00Z,327.71,327.8,327.582,327.8,2277,327.649,44
AAPL,2026-09-04T13:26:00Z,327.73,327.847,327.639,327.739,5780,327.775,73
AAPL,2026-09-04T13:27:00Z,327.712,327.85,327.4,327.775,5574,327.656,141
AAPL,2026-09-04T13:28:00Z,327.7,328.43,327.7,328.32,6608,328.143,168
AAPL,2026-09-04T13:29:00Z,328.18,328.4,327.93,328.3,10905,328.209,156
AAPL,2026-09-04T13:30:00Z,328.29,328.9,327.463,328.01,566737,328.247,11088
AAPL,2026-09-04T13:31:00Z,328.06,328.434,327.07,327.135,112623,327.673,2973
AAPL,2026-09-04T13:32:00Z,327.13,328.93,327.105,328.34,299147,328.171,5392
AAPL,2026-09-04T13:33:00Z,328.38,328.47,327.26,327.32,107498,327.957,2915
AAPL,2026-09-04T13:34:00Z,327.31,327.85,327.02,327.18,117136,327.409,2619
AAPL,2026-09-04T13:35:00Z,327.15,327.15,326.21,326.545,189912,326.724,3630
AAPL,2026-09-04T13:36:00Z,326.57,326.75,325.54,325.77,201114,326.128,4274
AAPL,2026-09-04T13:37:00Z,325.74,326.28,325.345,325.71,168710,325.673,3881
AAPL,2026-09-04T13:38:00Z,325.69,326.87,325.68,326.85,112406,326.218,2594
AAPL,2026-09-04T13:39:00Z,326.84,326.87,326.16,326.3,103805,326.576,2174
AAPL,2026-09-04T13:40:00Z,326.275,326.275,325.58,325.79,99013,325.83,2664
AAPL,2026-09-04T13:41:00Z,325.79,325.86,325.38,325.74,102713,325.668,2519
AAPL,2026-09-04T13:42:00Z,325.67,325.67,324.42,324.54,253228,324.999,5148
AAPL,2026-09-04T13:43:00Z,324.51,324.88,324.28,324.76,101491,324.595,2736
AAPL,2026-09-04T13:44:00Z,324.745,325.04,324.52,324.85,105763,324.777,3159
AAPL,2026-09-04T13:45:00Z,324.87,324.89,324.13,324.22,124492,324.502,3069
AAPL,2026-09-04T13:46:00Z,324.265,324.41,323.92,324.28,139575,324.125,3415
AAPL,2026-09-04T13:47:00Z,324.295,324.57,323.57,323.635,157045,324.112,3206
AAPL,2026-09-04T13:48:00Z,323.62,324.21,323.47,324.035,112889,323.776,3051
AAPL,2026-09-04T13:49:00Z,324.035,324.16,323.877,323.91,91450,324.025,2339
AAPL,2026-09-04T13:50:00Z,323.93,324.23,323.53,323.84,225470,323.84,4066
AAPL,2026-09-04T13:51:00Z,323.84,323.9,323.12,323.42,221086,323.436,4180
AAPL,2026-09-04T13:52:00Z,323.42,323.76,323.06,323.635,133990,323.396,3150
AAPL,2026-09-04T13:53:00Z,323.635,323.99,323.52,323.57,141357,323.71,3223
AAPL,2026-09-04T13:54:00Z,323.57,324.3,323.57,324.21,128988,324.062,3245
AAPL,2026-09-04T13:55:00Z,324.185,324.185,323.38,323.42,98381,323.669,2644
AAPL,2026-09-04T13:56:00Z,323.415,323.845,323.14,323.62,120389,323.434,3245
AAPL,2026-09-04T13:57:00Z,323.6,323.9,323.45,323.78,62112,323.746,1862
AAPL,2026-09-04T13:58:00Z,323.8,323.9,323.52,323.57,63977,323.717,1942
AAPL,2026-09-04T13:59:00Z,323.56,323.83,323.43,323.695,155016,323.623,3738
AAPL,2026-09-04T14:00:00Z,323.62,323.66,322.93,322.98,235826,323.27,5797
AAPL,2026-09-04T14:01:00Z,322.98,323.04,322.68,322.71,117564,322.841,3302
AAPL,2026-09-04T14:02:00Z,322.733,323.13,322.68,322.96,110041,322.916,2870
AAPL,2026-09-04T14:03:00Z,322.937,323.16,322.84,322.925,133143,322.986,2998
AAPL,2026-09-04T14:04:00Z,322.91,323.14,322.88,323.075,74658,323.063,2169
AAPL,2026-09-04T14:05:00Z,323.09,323.2,322.6,322.73,88378,322.822,3011
AAPL,2026-09-04T14:06:00Z,322.73,322.935,322.68,322.885,63103,322.805,2198
AAPL,2026-09-04T14:07:00Z,322.86,322.93,322.63,322.7,67318,322.777,2132
AAPL,2026-09-04T14:08:00Z,322.663,322.848,322.44,322.805,88886,322.6,2545
AAPL,2026-09-04T14:09:00Z,322.79,322.823,322.65,322.701,45645,322.74,1909
AAPL,2026-09-04T14:10:00Z,322.715,322.715,321.66,321.695,271097,322.177,6252
AAPL,2026-09-04T14:11:00Z,321.72,321.86,321.57,321.58,174244,321.739,3964
AAPL,2026-09-04T14:12:00Z,321.59,321.86,321.46,321.842,172316,321.645,4427
AAPL,2026-09-04T14:13:00Z,321.84,321.9,321.405,321.445,118931,321.662,3920
AAPL,2026-09-04T14:14:00Z,321.467,321.575,321.21,321.23,165545,321.366,4232
AAPL,2026-09-04T14:15:00Z,321.216,321.89,321.1,321.76,161221,321.478,4309
AAPL,2026-09-04T14:16:00Z,321.75,321.865,321.54,321.71,114455,321.695,4135
AAPL,2026-09-04T14:17:00Z,321.68,321.71,321.53,321.54,101732,321.618,3660
AAPL,2026-09-04T14:18:00Z,321.545,321.72,321.49,321.59,112595,321.597,3988
AAPL,2026-09-04T14:19:00Z,321.6,321.64,321.47,321.59,103707,321.564,3567
AAPL,2026-09-04T14:20:00Z,321.6,321.66,321.321,321.36,121017,321.483,4148
AAPL,2026-09-04T14:21:00Z,321.398,321.525,321.35,321.41,123433,321.424,3714
AAPL,2026-09-04T14:22:00Z,321.42,321.6,321.35,321.45,172703,321.457,5626
AAPL,2026-09-04T14:23:00Z,321.45,321.603,321.37,321.48,188409,321.454,4866
AAPL,2026-09-04T14:24:00Z,321.47,321.515,321.19,321.25,143390,321.345,3848
AAPL,2026-09-04T14:25:00Z,321.25,321.33,321.1,321.18,117093,321.212,3682
AAPL,2026-09-04T14:26:00Z,321.185,321.2,320.85,320.935,173380,321.023,4997
AAPL,2026-09-04T14:27:00Z,320.93,321,320.63,320.66,164265,320.817,4499
AAPL,2026-09-04T14:28:00Z,320.66,320.78,320.44,320.705,212521,320.594,5666
AAPL,2026-09-04T14:29:00Z,320.71,320.915,320.645,320.71,124535,320.756,3820
AAPL,2026-09-04T14:30:00Z,320.71,321.08,320.67,320.98,153936,320.882,4715
AAPL,2026-09-04T14:31:00Z,320.97,321.03,320.76,320.98,180518,320.924,4890
AAPL,2026-09-04T14:32:00Z,320.99,320.99,320.77,320.79,75631,320.865,3472
AAPL,2026-09-04T14:33:00Z,320.79,320.93,320.76,320.89,101820,320.847,3487
AAPL,2026-09-04T14:34:00Z,320.9,320.9,320.72,320.88,84443,320.817,3043
AAPL,2026-09-04T14:35:00Z,320.88,321.03,320.81,321.022,91752,320.911,3142
AAPL,2026-09-04T14:36:00Z,321.02,321.16,320.87,320.901,120826,321.025,3757
AAPL,2026-09-04T14:37:00Z,320.91,321.025,320.795,321.025,62760,320.91,2932
AAPL,2026-09-04T14:38:00Z,321.01,321.01,320.84,320.88,81679,320.907,2994
AAPL,2026-09-04T14:39:00Z,320.88,320.9,320.66,320.68,88328,320.801,3079
AAPL,2026-09-04T14:40:00Z,320.67,320.67,320.1,320.49,126208,320.461,4237
AAPL,2026-09-04T14:41:00Z,320.48,320.63,320.44,320.51,111286,320.538,3456
AAPL,2026-09-04T14:42:00Z,320.51,320.63,320.22,320.265,74016,320.41,3133
AAPL,2026-09-04T14:43:00Z,320.28,320.399,320.038,320.09,89975,320.225,3360
AAPL,2026-09-04T14:44:00Z,320.1,320.16,319.88,320.03,238008,320.006,6326
AAPL,2026-09-04T14:45:00Z,320.04,320.11,319.92,320.1,77050,320.029,3233
AAPL,2026-09-04T14:46:00Z,320.095,320.23,319.975,320.07,81316,320.107,3207
AAPL,2026-09-04T14:47:00Z,320.08,320.12,319.95,320.05,80912,320.018,3492
AAPL,2026-09-04T14:48:00Z,320.05,320.12,319.94,320.11,119095,320.023,3246
AAPL,2026-09-04T14:49:00Z,320.13,320.16,319.88,320.095,104561,320.011,3419
AAPL,2026-09-04T14:50:00Z,320.095,320.1,319.73,319.87,114395,319.905,3698
AAPL,2026-09-04T14:51:00Z,319.89,319.99,319.47,319.5,108234,319.717,3503
AAPL,2026-09-04T14:52:00Z,319.51,319.726,319.5,319.64,83268,319.609,2948
AAPL,2026-09-04T14:53:00Z,319.63,319.64,319.36,319.38,79844,319.504,3213
AAPL,2026-09-04T14:54:00Z,319.37,319.38,318.97,318.98,178461,319.17,4898
AAPL,2026-09-04T14:55:00Z,318.98,319.07,318.89,318.925,102699,318.975,3682
AAPL,2026-09-04T14:56:00Z,318.91,318.97,318.61,318.74,160398,318.752,4380
AAPL,2026-09-04T14:57:00Z,318.745,318.94,318.69,318.805,128226,318.809,4098
AAPL,2026-09-04T14:58:00Z,318.77,318.86,318.59,318.66,94263,318.712,3335
AAPL,2026-09-04T14:59:00Z,318.67,318.67,318.3,318.445,137832,318.508,4057
AAPL,2026-09-04T15:00:00Z,318.44,318.59,318.25,318.27,128206,318.435,4018
AAPL,2026-09-04T15:01:00Z,318.275,318.42,318.21,318.27,128179,318.295,3840
AAPL,2026-09-04T15:02:00Z,318.26,318.26,317.86,317.94,177075,318.013,5236
AAPL,2026-09-04T15:03:00Z,317.94,318.26,317.88,318.155,110004,318.076,3503
AAPL,2026-09-04T15:04:00Z,318.155,318.65,318.155,318.59,231373,318.476,4962
AAPL,2026-09-04T15:05:00Z,318.57,318.91,318.44,318.88,137315,318.663,3682
AAPL,2026-09-04T15:06:00Z,318.86,318.89,318.63,318.825,130572,318.743,3939
AAPL,2026-09-04T15:07:00Z,318.84,318.92,318.621,318.681,147279,318.795,3844
AAPL,2026-09-04T15:08:00Z,318.695,318.855,318.645,318.8,56618,318.751,2713
AAPL,2026-09-04T15:09:00Z,318.795,318.973,318.795,318.94,103176,318.902,3218
AAPL,2026-09-04T15:10:00Z,318.94,318.96,318.76,318.835,92485,318.861,3306
AAPL,2026-09-04T15:11:00Z,318.835,319.04,318.78,318.91,115975,318.941,3749
AAPL,2026-09-04T15:12:00Z,318.911,319.18,318.83,319.17,90567,319.017,2851
AAPL,2026-09-04T15:13:00Z,319.17,319.4,319.15,319.34,114993,319.302,3390
AAPL,2026-09-04T15:14:00Z,319.35,319.4,319.17,319.28,94134,319.312,3338
AAPL,2026-09-04T15:15:00Z,319.285,319.41,319.161,319.175,98741,319.316,3173
AAPL,2026-09-04T15:16:00Z,319.175,319.3,319.07,319.21,71189,319.183,2859
AAPL,2026-09-04T15:17:00Z,319.21,319.24,318.97,319.005,87422,319.054,3074
AAPL,2026-09-04T15:18:00Z,319,319.14,318.83,318.915,87590,318.964,3209
AAPL,2026-09-04T15:19:00Z,318.899,318.899,318.68,318.8,89081,318.783,2883
AAPL,2026-09-04T15:20:00Z,318.806,318.81,318.57,318.73,71229,318.644,2855
AAPL,2026-09-04T15:21:00Z,318.715,318.91,318.71,318.802,66742,318.803,2770
AAPL,2026-09-04T15:22:00Z,318.83,319.04,318.81,319,39769,318.927,2508
AAPL,2026-09-04T15:23:00Z,319,319.02,318.76,319,88868,318.904,2893
AAPL,2026-09-04T15:24:00Z,318.97,319.14,318.965,319.14,54470,319.052,2542
AAPL,2026-09-04T15:25:00Z,319.14,319.14,318.945,319.02,60497,319.026,2526
AAPL,2026-09-04T15:26:00Z,319.02,319.11,318.97,319.02,33688,319.043,2277
AAPL,2026-09-04T15:27:00Z,319.015,319.2,318.931,319.145,85780,319.091,2984
AAPL,2026-09-04T15:28:00Z,319.145,319.32,319.135,319.252,64333,319.236,2774
AAPL,2026-09-04T15:29:00Z,319.26,319.51,319.2,319.47,103566,319.356,2860
AAPL,2026-09-04T15:30:00Z,319.47,319.5,319.275,319.29,80064,319.395,3058
AAPL,2026-09-04T15:31:00Z,319.27,319.37,319.227,319.26,48427,319.294,2636
AAPL,2026-09-04T15:32:00Z,319.255,319.49,319.11,319.47,82006,319.319,3077
AAPL,2026-09-04T15:33:00Z,319.47,319.64,319.39,319.62,88725,319.509,3156
AAPL,2026-09-04T15:34:00Z,319.631,319.67,319.49,319.63,116473,319.593,3094
AAPL,2026-09-04T15:35:00Z,319.61,319.87,319.608,319.7,96134,319.737,2953
AAPL,2026-09-04T15:36:00Z,319.71,319.94,319.7,319.88,63638,319.802,2570
AAPL,2026-09-04T15:37:00Z,319.88,320.07,319.85,319.99,96637,319.985,2903
AAPL,2026-09-04T15:38:00Z,319.99,320.13,319.99,320.08,93862,320.056,2898
AAPL,2026-09-04T15:39:00Z,320.08,320.08,319.85,319.92,75826,319.947,2703
AAPL,2026-09-04T15:40:00Z,319.92,320.1,319.91,320.06,71161,320.014,2485
AAPL,2026-09-04T15:41:00Z,320.04,320.23,319.96,320.21,97454,320.113,2956
AAPL,2026-09-04T15:42:00Z,320.21,320.435,320.16,320.425,60809,320.275,2596
AAPL,2026-09-04T15:43:00Z,320.42,320.58,320.32,320.566,96836,320.474,2743
AAPL,2026-09-04T15:44:00Z,320.55,320.59,320.31,320.34,102262,320.507,3049
AAPL,2026-09-04T15:45:00Z,320.33,320.375,320.16,320.375,63304,320.276,2447
AAPL,2026-09-04T15:46:00Z,320.37,320.46,320.31,320.42,38454,320.381,2195
AAPL,2026-09-04T15:47:00Z,320.41,320.425,320.19,320.385,62778,320.323,2616
AAPL,2026-09-04T15:48:00Z,320.4,320.48,320.35,320.415,43901,320.406,2075
AAPL,2026-09-04T15:49:00Z,320.415,320.45,320.35,320.435,49332,320.402,2111
AAPL,2026-09-04T15:50:00Z,320.44,320.78,320.42,320.72,88723,320.642,2711
AAPL,2026-09-04T15:51:00Z,320.735,320.98,320.72,320.895,95810,320.874,2771
AAPL,2026-09-04T15:52:00Z,320.9,321.05,320.73,321.02,94991,320.886,2843
AAPL,2026-09-04T15:53:00Z,321.01,321.24,320.98,321.19,115947,321.129,3017
AAPL,2026-09-04T15:54:00Z,321.18,321.23,320.98,321,85047,321.129,2526
AAPL,2026-09-04T15:55:00Z,321.01,321.19,320.98,321.09,53727,321.112,2282
AAPL,2026-09-04T15:56:00Z,321.08,321.085,320.82,320.98,83480,320.936,2643
AAPL,2026-09-04T15:57:00Z,320.97,321.21,320.9,321.145,65328,321.037,2272
AAPL,2026-09-04T15:58:00Z,321.15,321.18,320.89,321.07,69859,321.062,2570
AAPL,2026-09-04T15:59:00Z,321.07,321.28,320.938,321.02,106591,321.142,3330
AAPL,2026-09-04T16:00:00Z,321.025,321.05,320.71,320.931,83855,320.834,2832
AAPL,2026-09-04T16:01:00Z,320.931,320.96,320.71,320.86,54320,320.792,2303
AAPL,2026-09-04T16:02:00Z,320.88,320.99,320.81,320.98,50815,320.888,2302
AAPL,2026-09-04T16:03:00Z,320.98,321.05,320.86,320.99,42754,320.972,2301
AAPL,2026-09-04T16:04:00Z,320.99,321.125,320.929,321,60989,321.023,2481
AAPL,2026-09-04T16:05:00Z,321,321.12,320.91,320.93,50121,321.036,2423
AAPL,2026-09-04T16:06:00Z,320.94,320.97,320.66,320.715,88330,320.799,3135
AAPL,2026-09-04T16:07:00Z,320.725,320.93,320.66,320.91,40797,320.775,2210
AAPL,2026-09-04T16:08:00Z,320.905,321.13,320.89,321.06,52823,321.053,2302
AAPL,2026-09-04T16:09:00Z,321.06,321.095,320.97,321.03,43033,321.029,2153
AAPL,2026-09-04T16:10:00Z,321.03,321.1,320.955,321.065,24767,321.018,1890
AAPL,2026-09-04T16:11:00Z,321.075,321.12,321.02,321.12,100766,321.068,3070
AAPL,2026-09-04T16:12:00Z,321.115,321.19,321.07,321.107,53824,321.139,2239
AAPL,2026-09-04T16:13:00Z,321.12,321.269,321.115,321.2,74460,321.199,2487
AAPL,2026-09-04T16:14:00Z,321.2,321.21,320.94,321.05,52821,321.045,1332
AAPL,2026-09-04T16:15:00Z,321.04,321.07,320.98,321.055,36705,321.037,1142
AAPL,2026-09-04T16:16:00Z,321.06,321.065,320.63,320.9,70142,320.812,1780
AAPL,2026-09-04T16:17:00Z,320.885,321.15,320.87,321.1,36637,321.053,1218
AAPL,2026-09-04T16:18:00Z,321.12,321.27,321.05,321.185,65824,321.184,1456
AAPL,2026-09-04T16:19:00Z,321.18,321.33,321.153,321.27,67997,321.261,1399
AAPL,2026-09-04T16:20:00Z,321.251,321.329,320.94,320.96,76377,321.107,1504
AAPL,2026-09-04T16:21:00Z,320.955,320.955,320.75,320.87,48236,320.85,1470
AAPL,2026-09-04T16:22:00Z,320.87,321.02,320.85,321.02,39152,320.935,1188
AAPL,2026-09-04T16:23:00Z,321.015,321.25,320.97,321.21,44642,321.092,1402
AAPL,2026-09-04T16:24:00Z,321.21,321.25,320.93,320.96,43201,321.112,1126
AAPL,2026-09-04T16:25:00Z,320.965,320.97,320.75,320.84,39754,320.865,1239
AAPL,2026-09-04T16:26:00Z,320.845,320.97,320.8,320.97,48157,320.878,1246
AAPL,2026-09-04T16:27:00Z,320.98,320.99,320.79,320.865,48066,320.857,1211
AAPL,2026-09-04T16:28:00Z,320.87,320.87,320.54,320.62,60684,320.643,1582
AAPL,2026-09-04T16:29:00Z,320.62,320.71,320.42,320.5,72083,320.553,1624
AAPL,2026-09-04T16:30:00Z,320.517,320.71,320.41,320.71,51727,320.523,1546
AAPL,2026-09-04T16:31:00Z,320.71,320.8,320.61,320.8,46337,320.676,1394
AAPL,2026-09-04T16:32:00Z,320.805,321.025,320.79,321,40423,320.94,1358
AAPL,2026-09-04T16:33:00Z,321,321.13,320.97,321.05,41150,321.032,1329
AAPL,2026-09-04T16:34:00Z,321.055,321.13,321.03,321.1,34966,321.091,1260
AAPL,2026-09-04T16:35:00Z,321.1,321.14,320.958,321.09,50945,321.039,1567
AAPL,2026-09-04T16:36:00Z,321.09,321.1,320.9,320.92,31052,321.007,1181
AAPL,2026-09-04T16:37:00Z,320.93,321.01,320.83,320.905,33158,320.905,1198
AAPL,2026-09-04T16:38:00Z,320.905,320.905,320.73,320.8,33819,320.808,1310
AAPL,2026-09-04T16:39:00Z,320.8,320.91,320.8,320.895,36070,320.835,1102
AAPL,2026-09-04T16:40:00Z,320.89,321.055,320.861,321.04,30958,320.992,1153
AAPL,2026-09-04T16:41:00Z,321.055,321.06,320.75,320.77,38933,320.895,1293
AAPL,2026-09-04T16:42:00Z,320.78,320.83,320.73,320.785,40917,320.779,1302
AAPL,2026-09-04T16:43:00Z,320.8,320.88,320.7,320.78,37585,320.797,1241
AAPL,2026-09-04T16:44:00Z,320.79,320.94,320.75,320.84,42803,320.87,1174
AAPL,2026-09-04T16:45:00Z,320.85,321.02,320.85,320.87,42497,320.959,1274
AAPL,2026-09-04T16:46:00Z,320.88,320.95,320.77,320.845,34914,320.853,1130
AAPL,2026-09-04T16:47:00Z,320.84,321.05,320.84,321.045,40390,320.962,1132
AAPL,2026-09-04T16:48:00Z,321.03,321.05,320.98,321,34187,321.017,1237
AAPL,2026-09-04T16:49:00Z,321.01,321.02,320.916,320.98,44782,320.971,1386
AAPL,2026-09-04T16:50:00Z,320.99,321.07,320.82,320.925,36171,320.97,1242
AAPL,2026-09-04T16:51:00Z,320.93,321.035,320.914,321.01,50902,320.998,1471
AAPL,2026-09-04T16:52:00Z,321,321.11,320.96,321.055,45280,321.041,1257
AAPL,2026-09-04T16:53:00Z,321.08,321.2,321.04,321.105,44569,321.122,1194
AAPL,2026-09-04T16:54:00Z,321.11,321.24,321.06,321.075,35276,321.181,1253
AAPL,2026-09-04T16:55:00Z,321.075,321.18,320.96,321.18,41547,321.068,1394
AAPL,2026-09-04T16:56:00Z,321.19,321.2,321.092,321.107,43090,321.141,1445
AAPL,2026-09-04T16:57:00Z,321.12,321.21,321.04,321.09,34666,321.137,1257
AAPL,2026-09-04T16:58:00Z,321.075,321.19,321.067,321.15,36146,321.126,1216
AAPL,2026-09-04T16:59:00Z,321.16,321.175,321,321.04,25503,321.076,1129
AAPL,2026-09-04T17:00:00Z,321.045,321.22,321.045,321.16,35233,321.159,1253
AAPL,2026-09-04T17:01:00Z,321.16,321.2,321.08,321.18,29532,321.149,971
AAPL,2026-09-04T17:02:00Z,321.175,321.18,320.98,321.05,32515,321.049,1201
AAPL,2026-09-04T17:03:00Z,321.05,321.07,320.97,321.055,26502,321.014,920
AAPL,2026-09-04T17:04:00Z,321.05,321.06,320.96,320.99,27603,320.998,1030
AAPL,2026-09-04T17:05:00Z,320.995,321.08,320.93,320.985,37102,320.985,1026
AAPL,2026-09-04T17:06:00Z,320.99,321.02,320.93,321.005,18477,320.978,819
AAPL,2026-09-04T17:07:00Z,321.004,321.34,321.004,321.279,66365,321.189,1546
AAPL,2026-09-04T17:08:00Z,321.28,321.43,321.28,321.36,58754,321.356,1388
AAPL,2026-09-04T17:09:00Z,321.38,321.59,321.226,321.38,87871,321.452,1938
AAPL,2026-09-04T17:10:00Z,321.36,321.515,321.315,321.42,112317,321.432,1516
AAPL,2026-09-04T17:11:00Z,321.425,321.51,321.36,321.36,45599,321.422,1141
AAPL,2026-09-04T17:12:00Z,321.36,321.55,321.35,321.55,41814,321.468,1148
AAPL,2026-09-04T17:13:00Z,321.55,321.575,321.43,321.485,53429,321.528,1387
AAPL,2026-09-04T17:14:00Z,321.485,321.5,321.175,321.209,69276,321.313,1418
AAPL,2026-09-04T17:15:00Z,321.22,321.37,321.19,321.29,26541,321.269,896
AAPL,2026-09-04T17:16:00Z,321.28,321.46,321.2,321.445,42873,321.341,1378
AAPL,2026-09-04T17:17:00Z,321.44,321.61,321.37,321.6,50767,321.507,1139
AAPL,2026-09-04T17:18:00Z,321.595,321.64,321.565,321.61,33413,321.605,893
AAPL,2026-09-04T17:19:00Z,321.6,321.65,321.48,321.568,39296,321.584,1028
AAPL,2026-09-04T17:20:00Z,321.56,321.9,321.52,321.88,114615,321.723,2344
AAPL,2026-09-04T17:21:00Z,321.88,321.884,321.62,321.73,62513,321.74,1535
AAPL,2026-09-04T17:22:00Z,321.72,321.86,321.68,321.84,73038,321.768,1478
AAPL,2026-09-04T17:23:00Z,321.84,321.9,321.78,321.89,52349,321.835,1319
AAPL,2026-09-04T17:24:00Z,321.89,321.9,321.76,321.77,36495,321.835,1107
AAPL,2026-09-04T17:25:00Z,321.79,321.79,321.55,321.65,77643,321.623,1653
AAPL,2026-09-04T17:26:00Z,321.64,321.69,321.581,321.67,37164,321.641,1079
AAPL,2026-09-04T17:27:00Z,321.66,321.79,321.615,321.72,30265,321.712,1005
AAPL,2026-09-04T17:28:00Z,321.73,321.81,321.68,321.74,35437,321.754,1049
AAPL,2026-09-04T17:29:00Z,321.74,321.76,321.56,321.685,31905,321.659,1096
AAPL,2026-09-04T17:30:00Z,321.68,321.68,321.35,321.449,63923,321.467,1713
AAPL,2026-09-04T17:31:00Z,321.44,321.46,321.34,321.35,43060,321.389,1237
AAPL,2026-09-04T17:32:00Z,321.35,321.405,321.29,321.341,39638,321.349,1315
AAPL,2026-09-04T17:33:00Z,321.345,321.43,321.19,321.2,38524,321.338,1263
AAPL,2026-09-04T17:34:00Z,321.19,321.2,321.055,321.15,40524,321.123,1281
AAPL,2026-09-04T17:35:00Z,321.17,321.28,321.02,321.24,43519,321.157,1390
AAPL,2026-09-04T17:36:00Z,321.24,321.27,321.15,321.17,30286,321.2,1127
AAPL,2026-09-04T17:37:00Z,321.17,321.22,321.1,321.1,22700,321.158,1113
AAPL,2026-09-04T17:38:00Z,321.095,321.16,320.9,320.925,42932,321.022,1443
AAPL,2026-09-04T17:39:00Z,320.925,321.01,320.88,320.99,34319,320.936,1119
AAPL,2026-09-04T17:40:00Z,320.99,320.99,320.82,320.95,29508,320.901,1218
AAPL,2026-09-04T17:41:00Z,320.95,320.959,320.78,320.835,46423,320.879,1369
AAPL,2026-09-04T17:42:00Z,320.85,320.87,320.72,320.83,26832,320.805,1010
AAPL,2026-09-04T17:43:00Z,320.84,320.92,320.825,320.905,23104,320.879,902
AAPL,2026-09-04T17:44:00Z,320.905,321.05,320.875,320.965,41466,320.967,1065
AAPL,2026-09-04T17:45:00Z,320.96,321.12,320.93,321.105,35157,321.046,1056
AAPL,2026-09-04T17:46:00Z,321.115,321.252,321.1,321.24,50745,321.167,1285
AAPL,2026-09-04T17:47:00Z,321.23,321.44,321.12,321.125,71531,321.263,1469
AAPL,2026-09-04T17:48:00Z,321.125,321.28,321.031,321.09,62058,321.166,1626
AAPL,2026-09-04T17:49:00Z,321.09,321.17,321.04,321.07,24963,321.103,3066
AAPL,2026-09-04T17:50:00Z,321.06,321.16,321.04,321.07,30049,321.101,961
AAPL,2026-09-04T17:51:00Z,321.065,321.08,320.9,320.98,24629,321.008,1027
AAPL,2026-09-04T17:52:00Z,320.98,321.11,320.97,321.045,22873,321.042,1021
AAPL,2026-09-04T17:53:00Z,321.04,321.08,320.99,321.035,21998,321.031,884
AAPL,2026-09-04T17:54:00Z,321.04,321.06,320.93,320.965,27033,320.991,918
AAPL,2026-09-04T17:55:00Z,320.965,321.05,320.91,321.03,27478,320.948,966
AAPL,2026-09-04T17:56:00Z,321.05,321.05,320.978,320.978,15375,321,717
AAPL,2026-09-04T17:57:00Z,320.985,320.99,320.88,320.95,23303,320.938,912
AAPL,2026-09-04T17:58:00Z,320.952,321.1,320.94,321.04,35376,321.02,1045
AAPL,2026-09-04T17:59:00Z,321.025,321.06,320.95,321.015,25552,321.014,1059
AAPL,2026-09-04T18:00:00Z,321.02,321.17,320.975,321.17,27258,321.076,966
AAPL,2026-09-04T18:01:00Z,321.165,321.165,320.93,321.03,48844,321.028,1356
AAPL,2026-09-04T18:02:00Z,321.03,321.125,321,321.09,28861,321.071,953
AAPL,2026-09-04T18:03:00Z,321.08,321.175,321.005,321.175,22884,321.077,1083
AAPL,2026-09-04T18:04:00Z,321.175,321.18,321.055,321.155,28319,321.12,1053
AAPL,2026-09-04T18:05:00Z,321.155,321.16,321.05,321.077,35120,321.101,1135
AAPL,2026-09-04T18:06:00Z,321.075,321.16,321.02,321.1,29537,321.076,1079
AAPL,2026-09-04T18:07:00Z,321.107,321.16,321.09,321.14,18175,321.127,851
AAPL,2026-09-04T18:08:00Z,321.135,321.2,321.082,321.19,39524,321.133,1193
AAPL,2026-09-04T18:09:00Z,321.19,321.23,321.13,321.142,30967,321.186,1033
AAPL,2026-09-04T18:10:00Z,321.15,321.24,321.13,321.22,20592,321.194,890
AAPL,2026-09-04T18:11:00Z,321.22,321.24,321.16,321.215,42749,321.191,981
AAPL,2026-09-04T18:12:00Z,321.21,321.285,321.155,321.25,31071,321.242,1073
AAPL,2026-09-04T18:13:00Z,321.24,321.265,321.21,321.26,25491,321.25,857
AAPL,2026-09-04T18:14:00Z,321.25,321.315,321.22,321.285,26298,321.275,1019
AAPL,2026-09-04T18:15:00Z,321.27,321.31,321.08,321.1,41673,321.188,1344
AAPL,2026-09-04T18:16:00Z,321.105,321.156,321,321,26678,321.071,991
AAPL,2026-09-04T18:17:00Z,321.01,321.13,320.96,321.03,26908,321.046,1082
AAPL,2026-09-04T18:18:00Z,321.035,321.06,320.91,320.979,27719,320.985,1022
AAPL,2026-09-04T18:19:00Z,320.96,321.02,320.94,320.97,24047,320.982,978
AAPL,2026-09-04T18:20:00Z,320.96,321.03,320.88,321.03,34263,320.955,1094
AAPL,2026-09-04T18:21:00Z,321.02,321.07,321,321.045,19173,321.044,910
AAPL,2026-09-04T18:22:00Z,321.045,321.23,321.015,321.175,37282,321.106,1147
AAPL,2026-09-04T18:23:00Z,321.175,321.25,321.16,321.19,47324,321.207,1446
AAPL,2026-09-04T18:24:00Z,321.195,321.26,321.18,321.205,24904,321.217,968
AAPL,2026-09-04T18:25:00Z,321.2,321.3,321.175,321.195,29957,321.243,1082
AAPL,2026-09-04T18:26:00Z,321.2,321.22,321.08,321.13,27759,321.144,913
AAPL,2026-09-04T18:27:00Z,321.125,321.13,320.97,321.01,37153,321.034,1249
AAPL,2026-09-04T18:28:00Z,321.02,321.05,320.97,320.97,21891,321.004,876
AAPL,2026-09-04T18:29:00Z,320.96,320.97,320.87,320.87,25470,320.913,986
AAPL,2026-09-04T18:30:00Z,320.88,321.03,320.86,320.99,24975,320.961,969
AAPL,2026-09-04T18:31:00Z,320.99,321.07,320.985,321.06,24421,321.015,969
AAPL,2026-09-04T18:32:00Z,321.06,321.1,320.98,321.085,28651,321.047,942
AAPL,2026-09-04T18:33:00Z,321.09,321.2,321.09,321.15,48220,321.151,1358
AAPL,2026-09-04T18:34:00Z,321.15,321.177,320.97,321.065,37857,321.089,1275
AAPL,2026-09-04T18:35:00Z,321.06,321.085,321,321.03,24433,321.039,901
AAPL,2026-09-04T18:36:00Z,321.02,321.08,321,321.06,17107,321.048,902
AAPL,2026-09-04T18:37:00Z,321.06,321.1,320.975,321.1,27455,321.033,938
AAPL,2026-09-04T18:38:00Z,321.095,321.15,321.03,321.115,20672,321.091,916
AAPL,2026-09-04T18:39:00Z,321.12,321.23,321.05,321.225,26976,321.137,893
AAPL,2026-09-04T18:40:00Z,321.225,321.3,321.19,321.285,47607,321.252,1386
AAPL,2026-09-04T18:41:00Z,321.28,321.33,321.08,321.205,42297,321.228,1270
AAPL,2026-09-04T18:42:00Z,321.21,321.33,321.21,321.315,32740,321.277,1007
AAPL,2026-09-04T18:43:00Z,321.31,321.35,321.26,321.31,17622,321.301,816
AAPL,2026-09-04T18:44:00Z,321.315,321.361,321.24,321.35,50922,321.305,1264
AAPL,2026-09-04T18:45:00Z,321.355,321.51,321.33,321.435,36927,321.41,1133
AAPL,2026-09-04T18:46:00Z,321.44,321.51,321.41,321.455,50108,321.455,1151
AAPL,2026-09-04T18:47:00Z,321.455,321.58,321.448,321.55,45299,321.531,1085
AAPL,2026-09-04T18:48:00Z,321.57,321.71,321.55,321.68,79744,321.623,1730
AAPL,2026-09-04T18:49:00Z,321.68,321.7,321.62,321.658,48111,321.669,1117
AAPL,2026-09-04T18:50:00Z,321.669,321.669,321.38,321.475,50208,321.552,1477
AAPL,2026-09-04T18:51:00Z,321.49,321.565,321.47,321.535,26707,321.526,994
AAPL,2026-09-04T18:52:00Z,321.535,321.565,321.47,321.565,28744,321.519,952
AAPL,2026-09-04T18:53:00Z,321.565,321.64,321.54,321.615,24007,321.593,821
AAPL,2026-09-04T18:54:00Z,321.615,321.7,321.57,321.645,32762,321.639,1132
AAPL,2026-09-04T18:55:00Z,321.645,321.83,321.64,321.785,105588,321.751,2034
AAPL,2026-09-04T18:56:00Z,321.79,321.82,321.66,321.675,68908,321.757,1457
AAPL,2026-09-04T18:57:00Z,321.675,321.71,321.64,321.66,41034,321.675,1245
AAPL,2026-09-04T18:58:00Z,321.67,321.705,321.58,321.615,25569,321.656,909
AAPL,2026-09-04T18:59:00Z,321.62,321.67,321.55,321.665,20593,321.614,909
AAPL,2026-09-04T19:00:00Z,321.665,321.83,321.625,321.67,45378,321.744,1264
AAPL,2026-09-04T19:01:00Z,321.66,321.71,321.61,321.665,30948,321.671,1009
AAPL,2026-09-04T19:02:00Z,321.665,321.67,321.58,321.605,28717,321.613,1080
AAPL,2026-09-04T19:03:00Z,321.605,321.62,321.38,321.41,43299,321.466,1150
AAPL,2026-09-04T19:04:00Z,321.4,321.57,321.39,321.5,29141,321.479,1060
AAPL,2026-09-04T19:05:00Z,321.51,321.69,321.51,321.69,26750,321.571,1020
AAPL,2026-09-04T19:06:00Z,321.69,321.69,321.58,321.64,26049,321.627,967
AAPL,2026-09-04T19:07:00Z,321.635,321.695,321.57,321.62,28763,321.635,995
AAPL,2026-09-04T19:08:00Z,321.64,321.85,321.62,321.84,72018,321.735,1192
AAPL,2026-09-04T19:09:00Z,321.83,321.9,321.77,321.88,60262,321.853,1431
AAPL,2026-09-04T19:10:00Z,321.875,321.89,321.67,321.84,73150,321.763,1481
AAPL,2026-09-04T19:11:00Z,321.845,321.89,321.7,321.8,79258,321.774,1810
AAPL,2026-09-04T19:12:00Z,321.805,322.1,321.79,322.045,97915,321.964,1868
AAPL,2026-09-04T19:13:00Z,322.04,322.07,321.88,322.04,61126,321.977,1435
AAPL,2026-09-04T19:14:00Z,322.05,322.08,321.805,321.99,42250,321.965,1283
AAPL,2026-09-04T19:15:00Z,322,322.02,321.88,321.9,41076,321.943,1248
AAPL,2026-09-04T19:16:00Z,321.9,321.93,321.81,321.81,25081,321.869,933
AAPL,2026-09-04T19:17:00Z,321.81,321.85,321.77,321.81,27357,321.812,982
AAPL,2026-09-04T19:18:00Z,321.815,321.87,321.71,321.768,58868,321.769,1533
AAPL,2026-09-04T19:19:00Z,321.76,321.8,321.64,321.755,87900,321.738,1926
AAPL,2026-09-04T19:20:00Z,321.752,321.93,321.752,321.91,86723,321.855,1904
AAPL,2026-09-04T19:21:00Z,321.915,321.93,321.84,321.87,82588,321.886,1636
AAPL,2026-09-04T19:22:00Z,321.87,321.96,321.81,321.92,78522,321.871,1746
AAPL,2026-09-04T19:23:00Z,321.92,322.04,321.905,321.94,66177,321.988,1397
AAPL,2026-09-04T19:24:00Z,321.945,321.98,321.83,321.87,37207,321.913,1178
AAPL,2026-09-04T19:25:00Z,321.87,321.93,321.85,321.92,33835,321.891,1104
AAPL,2026-09-04T19:26:00Z,321.92,321.96,321.85,321.865,46580,321.907,1261
AAPL,2026-09-04T19:27:00Z,321.865,321.92,321.77,321.83,52114,321.86,1286
AAPL,2026-09-04T19:28:00Z,321.82,321.905,321.79,321.81,29775,321.854,1136
AAPL,2026-09-04T19:29:00Z,321.811,321.88,321.77,321.79,40182,321.831,1430
AAPL,2026-09-04T19:30:00Z,321.77,321.77,321.51,321.555,70491,321.619,1797
AAPL,2026-09-04T19:31:00Z,321.55,321.71,321.51,321.685,59785,321.642,1616
AAPL,2026-09-04T19:32:00Z,321.68,321.68,321.58,321.64,54137,321.625,1446
AAPL,2026-09-04T19:33:00Z,321.65,321.73,321.65,321.705,41140,321.7,1284
AAPL,2026-09-04T19:34:00Z,321.7,321.71,321.6,321.64,31305,321.675,1147
AAPL,2026-09-04T19:35:00Z,321.64,321.73,321.58,321.64,61186,321.645,1713
AAPL,2026-09-04T19:36:00Z,321.645,321.809,321.64,321.68,57238,321.721,1627
AAPL,2026-09-04T19:37:00Z,321.68,321.687,321.36,321.39,76543,321.464,1760
AAPL,2026-09-04T19:38:00Z,321.38,321.43,321.22,321.25,50635,321.336,1699
AAPL,2026-09-04T19:39:00Z,321.235,321.26,320.98,321.01,89891,321.133,1992
AAPL,2026-09-04T19:40:00Z,321,321.03,320.895,321,58507,320.955,1789
AAPL,2026-09-04T19:41:00Z,320.99,321.04,320.88,320.99,65746,320.952,1685
AAPL,2026-09-04T19:42:00Z,320.99,321.03,320.84,320.845,52529,320.961,1611
AAPL,2026-09-04T19:43:00Z,320.845,320.86,320.675,320.677,66573,320.765,1799
AAPL,2026-09-04T19:44:00Z,320.68,320.765,320.64,320.67,53360,320.688,1929
AAPL,2026-09-04T19:45:00Z,320.66,320.72,320.52,320.62,72039,320.598,2433
AAPL,2026-09-04T19:46:00Z,320.606,320.65,320.53,320.62,51954,320.589,1580
AAPL,2026-09-04T19:47:00Z,320.63,320.72,320.6,320.69,49471,320.67,1609
AAPL,2026-09-04T19:48:00Z,320.683,320.69,320.47,320.495,145353,320.614,3134
AAPL,2026-09-04T19:49:00Z,320.495,320.639,320.48,320.5,82449,320.562,2071
AAPL,2026-09-04T19:50:00Z,320.49,321.3,320.34,320.35,175826,320.496,4262
AAPL,2026-09-04T19:51:00Z,320.36,320.41,320.22,320.4,134228,320.32,3014
AAPL,2026-09-04T19:52:00Z,320.41,320.64,320.36,320.57,142873,320.523,3163
AAPL,2026-09-04T19:53:00Z,320.56,320.63,320.42,320.551,152749,320.518,3130
AAPL,2026-09-04T19:54:00Z,320.56,320.83,320.54,320.7,191679,320.656,4490
AAPL,2026-09-04T19:55:00Z,320.69,320.75,320.3,320.6,215065,320.571,6169
AAPL,2026-09-04T19:56:00Z,320.6,320.62,320.33,320.33,186668,320.462,4174
AAPL,2026-09-04T19:57:00Z,320.35,320.41,320.2,320.27,213188,320.301,5744
AAPL,2026-09-04T19:58:00Z,320.26,320.31,319.82,319.83,562399,320.018,11024
AAPL,2026-09-04T19:59:00Z,319.82,319.99,319.65,319.99,1.03451e+06,319.779,17057
AAPL,2026-09-04T20:00:00Z,319.97,320.05,319.6,319.8,6.88811e+06,319.969,484
AAPL,2026-09-04T20:01:00Z,319.78,319.97,319.78,319.9,23252,319.86,190
AAPL,2026-09-04T20:02:00Z,319.908,320.048,319.908,319.987,7525,319.983,144
AAPL,2026-09-04T20:03:00Z,320,320,319.92,319.967,4188,319.949,59
AAPL,2026-09-04T20:04:00Z,319.97,320,319.88,319.92,5491,319.933,121
AAPL,2026-09-04T20:05:00Z,319.91,319.97,319.904,319.941,21100,319.934,106
AAPL,2026-09-04T20:06:00Z,319.93,320,319.93,319.97,2303,319.967,75
AAPL,2026-09-04T20:07:00Z,319.95,319.97,319.94,319.97,8054,319.946,109
AAPL,2026-09-04T20:08:00Z,319.945,319.996,319.94,319.94,2481,319.971,89
AAPL,2026-09-04T20:09:00Z,319.97,319.97,319.94,319.941,2074,319.959,53
AAPL,2026-09-04T20:10:00Z,319.97,320,319.94,319.97,1720,319.957,90
AAPL,2026-09-04T20:11:00Z,319.97,319.97,319.94,319.966,615,319.965,32
AAPL,2026-09-04T20:12:00Z,319.97,320.021,319.97,320.02,1112,319.995,35
AAPL,2026-09-04T20:13:00Z,320.028,320.03,320.008,320.03,7112,320.027,53
AAPL,2026-09-04T20:14:00Z,320.03,320.03,319.97,319.97,3103,319.987,59
AAPL,2026-09-04T20:15:00Z,319.991,320,319.97,320,36502,319.97,33
AAPL,2026-09-04T20:16:00Z,319.964,319.989,319.95,319.989,7705,319.952,29
AAPL,2026-09-04T20:17:00Z,320,320.05,320,320.05,983,320.017,49
AAPL,2026-09-04T20:18:00Z,320.02,320.05,320,320.05,2516,320.039,43
AAPL,2026-09-04T20:19:00Z,320.042,320.042,320,320,396,320.021,29
AAPL,2026-09-04T20:20:00Z,320.01,320.025,320,320.001,2022,320.007,76
AAPL,2026-09-04T20:21:00Z,320,320.016,320,320.01,1239,320.003,104
AAPL,2026-09-04T20:22:00Z,320.009,320.009,320.009,320.009,324,320.009,47
AAPL,2026-09-04T20:23:00Z,320.01,320.019,319.95,319.95,1825,320.001,75
AAPL,2026-09-04T20:24:00Z,319.943,319.96,319.94,319.95,1268,319.948,18
AAPL,2026-09-04T20:25:00Z,319.94,319.957,319.94,319.957,641,319.948,33
AAPL,2026-09-04T20:26:00Z,319.94,320.02,319.94,320,2393,319.961,69
AAPL,2026-09-04T20:27:00Z,320,320.01,320,320.01,1536,320.003,42
AAPL,2026-09-04T20:28:00Z,320.02,320.02,320.01,320.012,725,320.013,37
AAPL,2026-09-04T20:29:00Z,320.02,320.05,320.01,320.01,2219,320.027,43
AAPL,2026-09-04T20:30:00Z,320.046,320.046,319.88,319.9,18606,319.985,173
AAPL,2026-09-04T20:31:00Z,319.9,319.91,319.81,319.83,2729,319.856,71
AAPL,2026-09-04T20:32:00Z,319.84,319.87,319.68,319.77,6842,319.806,141
AAPL,2026-09-04T20:33:00Z,319.78,319.78,319.72,319.72,1439,319.736,52
AAPL,2026-09-04T20:34:00Z,319.72,319.97,319.72,319.86,6741,319.873,146
AAPL,2026-09-04T20:35:00Z,319.8,319.8,319.8,319.8,946,319.8,21
AAPL,2026-09-04T20:36:00Z,319.79,319.937,319.79,319.925,893,319.879,29
AAPL,2026-09-04T20:37:00Z,319.89,320.03,319.6,319.82,4525,319.794,138
AAPL,2026-09-04T20:38:00Z,319.75,319.881,319.75,319.881,642,319.821,38
AAPL,2026-09-04T20:39:00Z,319.8,319.8,319.8,319.8,456,319.8,28
AAPL,2026-09-04T20:41:00Z,319.97,320.1,319.69,319.82,52595,319.964,147
AAPL,2026-09-04T20:42:00Z,319.914,320.03,319.8,319.911,5317,319.965,62
AAPL,2026-09-04T20:43:00Z,319.949,319.949,319.9,319.9,341,319.924,17
AAPL,2026-09-04T20:44:00Z,319.85,319.9,319.85,319.87,864,319.868,30
AAPL,2026-09-04T20:45:00Z,319.97,319.99,319.85,319.86,2291,319.873,53
AAPL,2026-09-04T20:46:00Z,319.86,319.86,319.86,319.86,148,319.86,14
AAPL,2026-09-04T20:47:00Z,319.86,319.87,319.83,319.83,659,319.857,55
AAPL,2026-09-04T20:48:00Z,319.83,319.83,319.73,319.73,780,319.786,32
AAPL,2026-09-04T20:49:00Z,319.76,319.91,319.7,319.7,1402,319.778,36
AAPL,2026-09-04T20:50:00Z,319.8,319.89,319.8,319.89,68437,319.841,28
AAPL,2026-09-04T20:51:00Z,319.895,319.895,319.89,319.89,3763,319.894,15
AAPL,2026-09-04T20:52:00Z,319.9,319.9,319.898,319.898,902,319.899,20
AAPL,2026-09-04T20:53:00Z,319.9,319.92,319.8,319.8,1300,319.854,65
AAPL,2026-09-04T20:54:00Z,319.776,319.776,319.776,319.776,289,319.776,29
AAPL,2026-09-04T20:55:00Z,319.79,319.8,319.79,319.795,1769,319.799,50
AAPL,2026-09-04T20:56:00Z,319.771,319.771,319.771,319.771,271,319.771,32
AAPL,2026-09-04T20:57:00Z,319.795,319.799,319.795,319.799,392,319.799,20
AAPL,2026-09-04T20:58:00Z,319.77,319.78,319.6,319.642,10818,319.68,143
AAPL,2026-09-04T20:59:00Z,319.76,319.76,319.76,319.76,7134,319.76,24
AAPL,2026-09-04T21:00:00Z,319.79,319.868,319.75,319.868,571,319.767,14
AAPL,2026-09-04T21:01:00Z,319.87,319.95,319.85,319.85,1775,319.881,117
AAPL,2026-09-04T21:02:00Z,319.87,319.87,319.86,319.86,7263,319.868,18
AAPL,2026-09-04T21:03:00Z,319.825,319.87,319.76,319.87,761,319.797,31
AAPL,2026-09-04T21:04:00Z,319.845,319.85,319.82,319.85,349,319.828,15
AAPL,2026-09-04T21:05:00Z,319.835,319.85,319.821,319.845,635,319.84,26
AAPL,2026-09-04T21:06:00Z,319.82,319.84,319.82,319.84,511,319.823,36
AAPL,2026-09-04T21:07:00Z,319.82,319.85,319.81,319.81,338,319.833,22
AAPL,2026-09-04T21:08:00Z,319.85,319.87,319.83,319.87,962,319.848,33
AAPL,2026-09-04T21:09:00Z,319.85,319.86,319.85,319.853,249,319.853,23
AAPL,2026-09-04T21:10:00Z,319.87,319.87,319.85,319.851,487,319.863,20
AAPL,2026-09-04T21:11:00Z,319.86,319.87,319.86,319.87,265,319.863,15
AAPL,2026-09-04T21:13:00Z,319.869,319.869,319.85,319.85,390,319.865,26
AAPL,2026-09-04T21:14:00Z,319.865,319.87,319.865,319.87,785,319.869,60
AAPL,2026-09-04T21:15:00Z,319.86,319.87,319.85,319.868,695,319.866,31
AAPL,2026-09-04T21:16:00Z,319.86,319.87,319.86,319.87,1322,319.862,14
AAPL,2026-09-04T21:17:00Z,319.865,319.97,319.865,319.97,770797,319.892,46
AAPL,2026-09-04T21:18:00Z,319.96,319.96,319.96,319.96,214,319.96,14
AAPL,2026-09-04T21:19:00Z,319.95,319.99,319.95,319.99,873,319.962,32
AAPL,2026-09-04T21:20:00Z,319.99,319.99,319.99,319.99,22884,319.99,24
AAPL,2026-09-04T21:21:00Z,319.994,320.02,319.994,320.02,437427,320.001,21
AAPL,2026-09-04T21:22:00Z,320.017,320.017,319.95,319.95,524,319.976,46
AAPL,2026-09-04T21:23:00Z,319.988,319.988,319.988,319.988,441,319.988,23
AAPL,2026-09-04T21:24:00Z,319.92,319.92,319.92,319.92,174,319.92,10
AAPL,2026-09-04T21:25:00Z,319.98,319.98,319.98,319.98,227,319.98,25
AAPL,2026-09-04T21:26:00Z,319.954,319.954,319.92,319.92,182,319.937,19
AAPL,2026-09-04T21:27:00Z,319.926,319.96,319.926,319.96,3246,319.958,15
AAPL,2026-09-04T21:28:00Z,319.96,319.96,319.92,319.95,934,319.943,58
AAPL,2026-09-04T21:29:00Z,319.946,319.946,319.946,319.946,243,319.946,14
AAPL,2026-09-04T21:30:00Z,319.93,319.95,319.93,319.945,976,319.947,30
AAPL,2026-09-04T21:31:00Z,319.97,319.97,319.97,319.97,713,319.97,29
AAPL,2026-09-04T21:32:00Z,319.943,319.943,319.943,319.943,1114,319.943,18
AAPL,2026-09-04T21:33:00Z,319.94,319.94,319.91,319.91,1738,319.93,51
AAPL,2026-09-04T21:35:00Z,319.91,319.978,319.91,319.978,230,319.947,13
AAPL,2026-09-04T21:37:00Z,319.95,319.95,319.95,319.95,236,319.95,21
AAPL,2026-09-04T21:38:00Z,319.95,319.95,319.95,319.95,131,319.95,10
AAPL,2026-09-04T21:40:00Z,319.96,319.96,319.96,319.96,98,319.96,7
AAPL,2026-09-04T21:41:00Z,319.97,319.97,319.96,319.96,503,319.969,24
AAPL,2026-09-04T21:42:00Z,319.95,319.95,319.95,319.95,241,319.95,10
AAPL,2026-09-04T21:43:00Z,319.98,319.98,319.973,319.973,950,319.979,14
AAPL,2026-09-04T21:44:00Z,319.86,319.86,319.86,319.86,216,319.86,31
AAPL,2026-09-04T21:45:00Z,319.96,319.96,319.96,319.96,102,319.96,8
AAPL,2026-09-04T21:46:00Z,319.96,319.96,319.95,319.95,416,319.953,16
AAPL,2026-09-04T21:47:00Z,319.98,319.98,319.98,319.98,197,319.98,19
AAPL,2026-09-04T21:48:00Z,319.96,319.96,319.96,319.96,69,319.96,10
AAPL,2026-09-04T21:49:00Z,319.951,319.951,319.951,319.951,258,319.951,13
AAPL,2026-09-04T21:51:00Z,319.94,319.94,319.94,319.94,145,319.94,12
AAPL,2026-09-04T21:52:00Z,319.951,319.97,319.95,319.97,475,319.953,15
AAPL,2026-09-04T21:53:00Z,319.96,319.96,319.911,319.95,691,319.954,19
AAPL,2026-09-04T21:54:00Z,319.96,319.96,319.96,319.96,119,319.96,25
AAPL,2026-09-04T21:56:00Z,319.942,319.942,319.91,319.92,1628,319.925,32
AAPL,2026-09-04T21:57:00Z,319.96,319.97,319.954,319.97,1183,319.961,24
AAPL,2026-09-04T21:58:00Z,319.91,319.969,319.91,319.969,217,319.952,18
AAPL,2026-09-04T22:00:00Z,319.97,319.99,319.952,319.99,318,319.972,21
AAPL,2026-09-04T22:01:00Z,319.99,319.99,319.97,319.97,959,319.986,29
AAPL,2026-09-04T22:02:00Z,319.99,319.99,319.958,319.958,150,319.974,14
AAPL,2026-09-04T22:04:00Z,319.99,320.075,319.99,320.07,5012,320.004,43
AAPL,2026-09-04T22:05:00Z,320.06,320.1,320.007,320.007,484,320.051,37
AAPL,2026-09-04T22:07:00Z,320.06,320.069,320.06,320.069,493,320.068,12
AAPL,2026-09-04T22:08:00Z,320.01,320.01,320,320,295,320.005,11
AAPL,2026-09-04T22:09:00Z,320.04,320.04,320.04,320.04,356,320.04,39
AAPL,2026-09-04T22:10:00Z,320.05,320.05,320.05,320.05,248,320.05,16
AAPL,2026-09-04T22:11:00Z,320.1,320.1,320.05,320.1,1616,320.068,37
AAPL,2026-09-04T22:13:00Z,320.1,320.1,320.092,320.1,782,320.095,18
AAPL,2026-09-04T22:14:00Z,320.051,320.051,320.051,320.051,670,320.051,20
AAPL,2026-09-04T22:15:00Z,320.1,320.125,320.075,320.1,1478,320.097,29
AAPL,2026-09-04T22:16:00Z,320.053,320.079,320.01,320.01,2435,320.019,27
AAPL,2026-09-04T22:17:00Z,320.028,320.19,320.028,320.19,977,320.107,17
AAPL,2026-09-04T22:18:00Z,320.19,320.23,320.19,320.224,344,320.213,20
AAPL,2026-09-04T22:19:00Z,320.16,320.237,320.12,320.237,910,320.138,17
AAPL,2026-09-04T22:20:00Z,320.172,320.172,320.172,320.172,162,320.172,12
AAPL,2026-09-04T22:21:00Z,320.195,320.195,320.19,320.192,669,320.192,13
AAPL,2026-09-04T22:23:00Z,320.197,320.197,320.18,320.18,1321,320.189,18
AAPL,2026-09-04T22:24:00Z,320.234,320.234,320.234,320.234,131,320.234,16
AAPL,2026-09-04T22:25:00Z,320.15,320.2,320.15,320.2,338,320.175,15
AAPL,2026-09-04T22:26:00Z,320.2,320.2,320.2,320.2,121,320.2,14
AAPL,2026-09-04T22:27:00Z,320.17,320.17,320.17,320.17,97,320.17,13
AAPL,2026-09-04T22:28:00Z,320.182,320.182,320.073,320.073,653,320.167,8
AAPL,2026-09-04T22:29:00Z,320.1,320.1,320.1,320.1,71,320.1,7
AAPL,2026-09-04T22:31:00Z,320.1,320.155,320.1,320.155,385,320.108,14
AAPL,2026-09-04T22:32:00Z,320.185,320.185,320.111,320.13,931,320.158,33
AAPL,2026-09-04T22:33:00Z,320.12,320.12,320.12,320.12,314,320.12,21
AAPL,2026-09-04T22:34:00Z,320.12,320.12,320.12,320.12,550,320.12,18
AAPL,2026-09-04T22:35:00Z,320.12,320.12,320.12,320.12,1024,320.12,11
AAPL,2026-09-04T22:36:00Z,320.16,320.16,320.12,320.14,412,320.129,22
AAPL,2026-09-04T22:37:00Z,320.16,320.2,320.12,320.2,225,320.162,22
AAPL,2026-09-04T22:38:00Z,320.161,320.161,320.12,320.16,963,320.127,14
AAPL,2026-09-04T22:39:00Z,320.2,320.2,320.16,320.16,122,320.18,8
AAPL,2026-09-04T22:40:00Z,320.16,320.18,320.16,320.18,163,320.169,12
AAPL,2026-09-04T22:41:00Z,320.194,320.194,320.194,320.194,139,320.194,10
AAPL,2026-09-04T22:42:00Z,320.17,320.18,320.17,320.18,241,320.173,9
AAPL,2026-09-04T22:43:00Z,320.16,320.16,320.16,320.16,168,320.16,19
AAPL,2026-09-04T22:45:00Z,320.1,320.16,320.1,320.16,221,320.13,9
AAPL,2026-09-04T22:46:00Z,320.159,320.16,320.157,320.157,224,320.159,18
AAPL,2026-09-04T22:47:00Z,320.16,320.16,320.14,320.14,221,320.15,12
AAPL,2026-09-04T22:48:00Z,320.15,320.16,320.15,320.16,420,320.156,18
AAPL,2026-09-04T22:49:00Z,320.16,320.16,320.14,320.14,823,320.152,15
AAPL,2026-09-04T22:51:00Z,320.17,320.17,320.14,320.14,719,320.144,17
AAPL,2026-09-04T22:53:00Z,320.16,320.16,320.16,320.16,198,320.16,9
AAPL,2026-09-04T22:54:00Z,320.2,320.2,320.16,320.17,391,320.188,21
AAPL,2026-09-04T22:55:00Z,320.18,320.18,320.14,320.14,1104,320.176,5
AAPL,2026-09-04T22:56:00Z,320.17,320.17,320.17,320.17,670,320.17,13
AAPL,2026-09-04T22:57:00Z,320.17,320.17,320.16,320.17,819,320.165,24
AAPL,2026-09-04T22:58:00Z,320.165,320.17,320.165,320.17,722,320.169,11
AAPL,2026-09-04T22:59:00Z,320.18,320.19,320.18,320.19,1513,320.187,17
AAPL,2026-09-04T23:01:00Z,320.2,320.2,320.2,320.2,98,320.2,10
AAPL,2026-09-04T23:02:00Z,320.18,320.18,320.18,320.18,69,320.18,14
AAPL,2026-09-04T23:03:00Z,320.187,320.187,320.187,320.187,123,320.187,5
AAPL,2026-09-04T23:04:00Z,320.19,320.19,320.19,320.19,67,320.19,10
AAPL,2026-09-04T23:05:00Z,320.17,320.171,320.17,320.171,178,320.17,11
AAPL,2026-09-04T23:06:00Z,320.197,320.197,320.197,320.197,221,320.197,18
AAPL,2026-09-04T23:07:00Z,320.18,320.192,320.18,320.192,185,320.184,5
AAPL,2026-09-04T23:08:00Z,320.19,320.2,320.18,320.2,1456,320.192,22
AAPL,2026-09-04T23:09:00Z,320.183,320.196,320.17,320.18,1130,320.185,28
AAPL,2026-09-04T23:10:00Z,320.18,320.2,320.18,320.19,702,320.183,21
AAPL,2026-09-04T23:12:00Z,320.181,320.2,320.181,320.2,198,320.192,16
AAPL,2026-09-04T23:13:00Z,320.182,320.182,320.182,320.182,123,320.182,18
AAPL,2026-09-04T23:14:00Z,320.197,320.197,320.197,320.197,117,320.197,7
AAPL,2026-09-04T23:15:00Z,320.19,320.2,320.19,320.2,499,320.197,14
AAPL,2026-09-04T23:16:00Z,320.2,320.2,320.2,320.2,171,320.2,15
AAPL,2026-09-04T23:17:00Z,320.198,320.198,320.18,320.18,2052,320.191,31
AAPL,2026-09-04T23:18:00Z,320.18,320.18,320.1,320.1,1798,320.15,32
AAPL,2026-09-04T23:19:00Z,320.152,320.152,320.152,320.152,113,320.152,9
AAPL,2026-09-04T23:20:00Z,320.14,320.149,320.14,320.149,317,320.147,12
AAPL,2026-09-04T23:21:00Z,320.1,320.15,320.1,320.13,2030,320.103,20
AAPL,2026-09-04T23:22:00Z,320.1,320.1,320.1,320.1,156,320.1,14
AAPL,2026-09-04T23:23:00Z,320.11,320.11,320.11,320.11,102,320.11,11
AAPL,2026-09-04T23:25:00Z,320.11,320.11,320.11,320.11,113,320.11,12
AAPL,2026-09-04T23:26:00Z,320.11,320.12,320.11,320.12,228,320.115,16
AAPL,2026-09-04T23:27:00Z,320.12,320.12,320.111,320.111,473,320.112,10
AAPL,2026-09-04T23:28:00Z,320.14,320.14,320.14,320.14,92,320.14,11
AAPL,2026-09-04T23:29:00Z,320.14,320.158,320.14,320.158,216,320.146,10
AAPL,2026-09-04T23:30:00Z,320.16,320.16,320.16,320.16,203,320.16,18
AAPL,2026-09-04T23:32:00Z,320.16,320.16,320.154,320.154,171,320.158,8
AAPL,2026-09-04T23:33:00Z,320.148,320.148,320.148,320.148,95,320.148,7
AAPL,2026-09-04T23:35:00Z,320.15,320.15,320.14,320.14,227,320.144,27
AAPL,2026-09-04T23:36:00Z,320.13,320.135,320.12,320.12,427,320.126,21
AAPL,2026-09-04T23:38:00Z,320.125,320.13,320.11,320.11,1768,320.119,53
AAPL,2026-09-04T23:39:00Z,320.1,320.11,320,320,2251,320.086,71
AAPL,2026-09-04T23:40:00Z,320.095,320.144,320.095,320.144,260,320.124,15
AAPL,2026-09-04T23:41:00Z,320.1,320.1,320.1,320.1,242,320.1,11
AAPL,2026-09-04T23:45:00Z,320.099,320.13,320.099,320.1,385,320.111,18
AAPL,2026-09-04T23:47:00Z,320.093,320.093,320.093,320.093,602,320.093,36
AAPL,2026-09-04T23:48:00Z,320.1,320.1,320.1,320.1,501,320.1,60
AAPL,2026-09-04T23:49:00Z,320.09,320.09,320.09,320.09,219,320.09,16
AAPL,2026-09-04T23:50:00Z,320.036,320.122,320.032,320.032,1904,320.065,15
AAPL,2026-09-04T23:51:00Z,320.128,320.139,320.128,320.139,349,320.136,12
AAPL,2026-09-04T23:52:00Z,320.1,320.127,320.1,320.12,870,320.11,18
AAPL,2026-09-04T23:53:00Z,320.1,320.1,320.1,320.1,556,320.1,24
AAPL,2026-09-04T23:54:00Z,320.032,320.15,320.01,320.01,730,320.044,10
AAPL,2026-09-04T23:55:00Z,320.036,320.12,320.036,320.1,747,320.078,12
AAPL,2026-09-04T23:57:00Z,320.1,320.101,320.1,320.101,324,320.101,16
AAPL,2026-09-04T23:58:00Z,320.08,320.09,320.01,320.01,1660,320.05,71
AAPL,2026-09-04T23:59:00Z,320.05,320.069,320.01,320.01,1352,320.049,28
